ISO-10303-21;
HEADER;
FILE_DESCRIPTION((''),'2;1');
FILE_NAME('332000196','2026-08-18T14:11:25',('EDY'),(''),
'CREO PARAMETRIC BY PTC INC, 2021284','CREO PARAMETRIC BY PTC INC, 2021284','');
FILE_SCHEMA(('CONFIG_CONTROL_DESIGN'));
ENDSEC;
DATA;
#1=CARTESIAN_POINT('',(4.850000000004E0,-1.5E1,7.500000000001E0));
#2=DIRECTION('',(0.E0,-1.E0,0.E0));
#3=DIRECTION('',(1.E0,0.E0,0.E0));
#4=AXIS2_PLACEMENT_3D('',#1,#2,#3);
#6=CARTESIAN_POINT('',(4.850000000004E0,-1.5E1,7.500000000001E0));
#7=DIRECTION('',(0.E0,-1.E0,0.E0));
#8=DIRECTION('',(-1.E0,0.E0,0.E0));
#9=AXIS2_PLACEMENT_3D('',#6,#7,#8);
#11=CARTESIAN_POINT('',(-5.149999999996E0,-1.5E1,7.500000000001E0));
#12=DIRECTION('',(0.E0,-1.E0,0.E0));
#13=DIRECTION('',(1.E0,0.E0,0.E0));
#14=AXIS2_PLACEMENT_3D('',#11,#12,#13);
#16=CARTESIAN_POINT('',(-5.149999999996E0,-1.5E1,7.500000000001E0));
#17=DIRECTION('',(0.E0,-1.E0,0.E0));
#18=DIRECTION('',(-1.E0,0.E0,0.E0));
#19=AXIS2_PLACEMENT_3D('',#16,#17,#18);
#21=CARTESIAN_POINT('',(-5.149999999996E0,-1.5E1,-7.499999999999E0));
#22=DIRECTION('',(0.E0,-1.E0,0.E0));
#23=DIRECTION('',(1.E0,0.E0,0.E0));
#24=AXIS2_PLACEMENT_3D('',#21,#22,#23);
#26=CARTESIAN_POINT('',(-5.149999999996E0,-1.5E1,-7.499999999999E0));
#27=DIRECTION('',(0.E0,-1.E0,0.E0));
#28=DIRECTION('',(-1.E0,0.E0,0.E0));
#29=AXIS2_PLACEMENT_3D('',#26,#27,#28);
#31=CARTESIAN_POINT('',(4.850000000004E0,-1.5E1,-7.499999999999E0));
#32=DIRECTION('',(0.E0,-1.E0,0.E0));
#33=DIRECTION('',(1.E0,0.E0,0.E0));
#34=AXIS2_PLACEMENT_3D('',#31,#32,#33);
#36=CARTESIAN_POINT('',(4.850000000004E0,-1.5E1,-7.499999999999E0));
#37=DIRECTION('',(0.E0,-1.E0,0.E0));
#38=DIRECTION('',(-1.E0,0.E0,0.E0));
#39=AXIS2_PLACEMENT_3D('',#36,#37,#38);
#41=CARTESIAN_POINT('',(-8.016564813253E0,2.404167857560E1,1.675E1));
#42=DIRECTION('',(0.E0,0.E0,-1.E0));
#43=DIRECTION('',(-9.396926207831E-1,3.420201433333E-1,0.E0));
#44=AXIS2_PLACEMENT_3D('',#41,#42,#43);
#46=DIRECTION('',(9.299228771216E-1,-3.677545956284E-1,0.E0));
#47=VECTOR('',#46,1.813915855852E0);
#48=CARTESIAN_POINT('',(-6.913301026388E0,2.683144720697E1,1.675E1));
#49=LINE('',#48,#47);
#50=CARTESIAN_POINT('',(-5.962008366109E0,2.430452556065E1,1.675E1));
#51=DIRECTION('',(0.E0,0.E0,-1.E0));
#52=DIRECTION('',(3.677545956230E-1,9.299228771238E-1,0.E0));
#53=AXIS2_PLACEMENT_3D('',#50,#51,#52);
#55=CARTESIAN_POINT('',(6.037991633891E0,1.692480008532E1,1.675E1));
#56=DIRECTION('',(0.E0,0.E0,1.E0));
#57=DIRECTION('',(-1.E0,0.E0,0.E0));
#58=AXIS2_PLACEMENT_3D('',#55,#56,#57);
#60=DIRECTION('',(8.523349648919E-1,-5.229962787848E-1,0.E0));
#61=VECTOR('',#60,1.438514257344E1);
#62=CARTESIAN_POINT('',(8.080288460507E-1,8.401450436395E0,1.675E1));
#63=LINE('',#62,#61);
#64=CARTESIAN_POINT('',(1.15E1,-1.678930493984E0,1.675E1));
#65=DIRECTION('',(0.E0,0.E0,-1.E0));
#66=DIRECTION('',(5.229962787816E-1,8.523349648938E-1,0.E0));
#67=AXIS2_PLACEMENT_3D('',#64,#65,#66);
#69=DIRECTION('',(0.E0,-1.E0,0.E0));
#70=VECTOR('',#69,1.332106950602E1);
#71=CARTESIAN_POINT('',(1.45E1,-1.678930493984E0,1.675E1));
#72=LINE('',#71,#70);
#73=DIRECTION('',(-1.E0,0.E0,0.E0));
#74=VECTOR('',#73,2.9E1);
#75=CARTESIAN_POINT('',(1.45E1,-1.5E1,1.675E1));
#76=LINE('',#75,#74);
#77=CARTESIAN_POINT('',(4.55E1,4.420381157492E0,1.675E1));
#78=DIRECTION('',(0.E0,0.E0,-1.E0));
#79=DIRECTION('',(-1.E0,0.E0,0.E0));
#80=AXIS2_PLACEMENT_3D('',#77,#78,#79);
#82=DIRECTION('',(3.420201433221E-1,9.396926207872E-1,-7.939307286772E-14));
#83=VECTOR('',#82,1.342452263330E-1);
#84=CARTESIAN_POINT('',(-1.088155724716E1,2.494158975702E1,1.675E1));
#85=LINE('',#84,#83);
#86=DIRECTION('',(-7.660444431190E-1,6.427876096865E-1,0.E0));
#87=VECTOR('',#86,1.384514391443E0);
#88=CARTESIAN_POINT('',(-8.072282508976E0,-4.236026668854E0,1.675E1));
#89=LINE('',#88,#87);
#90=DIRECTION('',(-7.660444431190E-1,-6.427876096865E-1,0.E0));
#91=VECTOR('',#90,1.384514391442E0);
#92=CARTESIAN_POINT('',(-9.132882064959E0,-3.346077972602E0,1.675E1));
#93=LINE('',#92,#91);
#94=CARTESIAN_POINT('',(-9.132882064959E0,-5.5E0,1.675E1));
#95=DIRECTION('',(0.E0,0.E0,1.E0));
#96=DIRECTION('',(-6.427876096870E-1,7.660444431186E-1,0.E0));
#97=AXIS2_PLACEMENT_3D('',#94,#95,#96);
#99=CARTESIAN_POINT('',(-9.132882064959E0,-5.5E0,1.675E1));
#100=DIRECTION('',(0.E0,0.E0,1.E0));
#101=DIRECTION('',(-1.E0,0.E0,0.E0));
#102=AXIS2_PLACEMENT_3D('',#99,#100,#101);
#104=CARTESIAN_POINT('',(-9.132882064959E0,-5.5E0,1.675E1));
#105=DIRECTION('',(0.E0,0.E0,1.E0));
#106=DIRECTION('',(1.E0,0.E0,0.E0));
#107=AXIS2_PLACEMENT_3D('',#104,#105,#106);
#109=DIRECTION('',(-7.660444431190E-1,6.427876096865E-1,0.E0));
#110=VECTOR('',#109,1.384514391447E0);
#111=CARTESIAN_POINT('',(1.192771749103E1,-4.236026668858E0,1.675E1));
#112=LINE('',#111,#110);
#113=DIRECTION('',(-7.660444431191E-1,-6.427876096864E-1,0.E0));
#114=VECTOR('',#113,1.384514391441E0);
#115=CARTESIAN_POINT('',(1.086711793504E1,-3.346077972603E0,1.675E1));
#116=LINE('',#115,#114);
#117=CARTESIAN_POINT('',(1.086711793504E1,-5.5E0,1.675E1));
#118=DIRECTION('',(0.E0,0.E0,1.E0));
#119=DIRECTION('',(-6.427876096874E-1,7.660444431183E-1,0.E0));
#120=AXIS2_PLACEMENT_3D('',#117,#118,#119);
#122=CARTESIAN_POINT('',(1.086711793504E1,-5.5E0,1.675E1));
#123=DIRECTION('',(0.E0,0.E0,1.E0));
#124=DIRECTION('',(-1.E0,0.E0,0.E0));
#125=AXIS2_PLACEMENT_3D('',#122,#123,#124);
#127=CARTESIAN_POINT('',(1.086711793504E1,-5.5E0,1.675E1));
#128=DIRECTION('',(0.E0,0.E0,1.E0));
#129=DIRECTION('',(1.E0,0.E0,0.E0));
#130=AXIS2_PLACEMENT_3D('',#127,#128,#129);
#132=DIRECTION('',(-7.660444431188E-1,6.427876096868E-1,0.E0));
#133=VECTOR('',#132,1.384514391444E0);
#134=CARTESIAN_POINT('',(-8.072282508976E0,9.763973331146E0,1.675E1));
#135=LINE('',#134,#133);
#136=DIRECTION('',(-7.660444431188E-1,-6.427876096867E-1,0.E0));
#137=VECTOR('',#136,1.384514391438E0);
#138=CARTESIAN_POINT('',(-9.132882064960E0,1.065392202740E1,1.675E1));
#139=LINE('',#138,#137);
#140=CARTESIAN_POINT('',(-9.132882064959E0,8.5E0,1.675E1));
#141=DIRECTION('',(0.E0,0.E0,1.E0));
#142=DIRECTION('',(-6.427876096805E-1,7.660444431240E-1,0.E0));
#143=AXIS2_PLACEMENT_3D('',#140,#141,#142);
#145=CARTESIAN_POINT('',(-9.132882064959E0,8.5E0,1.675E1));
#146=DIRECTION('',(0.E0,0.E0,1.E0));
#147=DIRECTION('',(-1.E0,0.E0,0.E0));
#148=AXIS2_PLACEMENT_3D('',#145,#146,#147);
#150=CARTESIAN_POINT('',(-9.132882064959E0,8.5E0,1.675E1));
#151=DIRECTION('',(0.E0,0.E0,1.E0));
#152=DIRECTION('',(1.E0,0.E0,0.E0));
#153=AXIS2_PLACEMENT_3D('',#150,#151,#152);
#155=CARTESIAN_POINT('',(-9.185380591458E0,2.680462440870E1,1.106948641964E1));
#156=CARTESIAN_POINT('',(-8.808542125250E0,2.696403931284E1,1.105536508357E1));
#157=CARTESIAN_POINT('',(-8.052810149062E0,2.710995340442E1,1.104243968030E1));
#158=CARTESIAN_POINT('',(-7.293822534621E0,2.698193122756E1,1.105378017693E1));
#159=CARTESIAN_POINT('',(-6.913301026369E0,2.683144720697E1,1.106711039494E1));
#161=DIRECTION('',(-3.257551015126E-12,1.267198754049E-12,1.E0));
#162=VECTOR('',#161,5.682889605059E0);
#163=CARTESIAN_POINT('',(-6.913301026370E0,2.683144720696E1,1.106711039494E1));
#164=LINE('',#163,#162);
#165=DIRECTION('',(2.189956342305E-14,6.013100465313E-14,-1.E0));
#166=VECTOR('',#165,3.35E1);
#167=CARTESIAN_POINT('',(-1.083564267561E1,2.506773900558E1,1.675E1));
#168=LINE('',#167,#166);
#169=DIRECTION('',(3.125173444248E-12,-1.214685337502E-12,1.E0));
#170=VECTOR('',#169,5.682889605059E0);
#171=CARTESIAN_POINT('',(-6.913301026387E0,2.683144720697E1,-1.675E1));
#172=LINE('',#171,#170);
#173=CARTESIAN_POINT('',(-6.913301026369E0,2.683144720697E1,-1.106711039494E1));
#174=CARTESIAN_POINT('',(-7.293822534621E0,2.698193122756E1,-1.105378017693E1));
#175=CARTESIAN_POINT('',(-8.052810149062E0,2.710995340442E1,-1.104243968030E1));
#176=CARTESIAN_POINT('',(-8.808542125250E0,2.696403931284E1,-1.105536508357E1));
#177=CARTESIAN_POINT('',(-9.185380591458E0,2.680462440870E1,-1.106948641964E1));
#179=DIRECTION('',(0.E0,0.E0,-1.E0));
#180=VECTOR('',#179,2.213897283928E1);
#181=CARTESIAN_POINT('',(-9.185380591457E0,2.680462440869E1,1.106948641964E1));
#182=LINE('',#181,#180);
#183=CARTESIAN_POINT('',(-9.185380591456E0,2.680462440869E1,-1.106948641964E1));
#184=CARTESIAN_POINT('',(-9.103817879118E0,2.683912808370E1,-1.106643000535E1));
#185=CARTESIAN_POINT('',(-8.979205503287E0,2.685818713689E1,-1.106474171092E1));
#186=CARTESIAN_POINT('',(-8.773541922248E0,2.683980994243E1,-1.106636960475E1));
#187=CARTESIAN_POINT('',(-8.574997662895E0,2.674092302643E1,-1.107512923347E1));
#188=CARTESIAN_POINT('',(-8.428763570558E0,2.657419407175E1,-1.108989846483E1));
#189=CARTESIAN_POINT('',(-8.358523396170E0,2.638018371616E1,-1.110708434494E1));
#190=CARTESIAN_POINT('',(-8.345165570504E0,2.625495465241E1,-1.111817742124E1));
#191=CARTESIAN_POINT('',(-8.357594001943E0,2.616755944666E1,-1.112591908804E1));
#193=DIRECTION('',(0.E0,0.E0,1.E0));
#194=VECTOR('',#193,2.225183817607E1);
#195=CARTESIAN_POINT('',(-8.357594001943E0,2.616755944666E1,-1.112591908804E1));
#196=LINE('',#195,#194);
#197=CARTESIAN_POINT('',(-8.357594001943E0,2.616755944666E1,1.112591908804E1));
#198=CARTESIAN_POINT('',(-8.345165570504E0,2.625495465241E1,1.111817742124E1));
#199=CARTESIAN_POINT('',(-8.358523396170E0,2.638018371616E1,1.110708434494E1));
#200=CARTESIAN_POINT('',(-8.428763570558E0,2.657419407175E1,1.108989846483E1));
#201=CARTESIAN_POINT('',(-8.574997662895E0,2.674092302643E1,1.107512923347E1));
#202=CARTESIAN_POINT('',(-8.773541922248E0,2.683980994243E1,1.106636960475E1));
#203=CARTESIAN_POINT('',(-8.979205503287E0,2.685818713689E1,1.106474171092E1));
#204=CARTESIAN_POINT('',(-9.103817879118E0,2.683912808370E1,1.106643000535E1));
#205=CARTESIAN_POINT('',(-9.185380591456E0,2.680462440869E1,1.106948641964E1));
#207=CARTESIAN_POINT('',(-5.226207946482E0,2.616425614344E1,-1.112620857698E1));
#208=CARTESIAN_POINT('',(-5.075035272347E0,2.610447221188E1,-1.113150437409E1));
#209=CARTESIAN_POINT('',(-4.796025304557E0,2.595222476440E1,-1.114499537613E1));
#210=CARTESIAN_POINT('',(-4.438058546015E0,2.562888539815E1,-1.117363567597E1));
#211=CARTESIAN_POINT('',(-4.168644007236E0,2.523254776074E1,-1.120874466195E1));
#212=CARTESIAN_POINT('',(-4.000064635404E0,2.478126338107E1,-1.124872032778E1));
#213=CARTESIAN_POINT('',(-3.962008366109E0,2.446713957703E1,-1.127654616117E1));
#214=CARTESIAN_POINT('',(-3.962008366109E0,2.430423894177E1,-1.129097627125E1));
#216=CARTESIAN_POINT('',(-3.961959756578E0,1.692480005040E1,-1.194466381145E1));
#217=CARTESIAN_POINT('',(-3.961959756578E0,1.643603634802E1,-1.198795961578E1));
#218=CARTESIAN_POINT('',(-3.891808191712E0,1.547022606807E1,-1.207351330060E1));
#219=CARTESIAN_POINT('',(-3.575429849236E0,1.404259909308E1,-1.219997573021E1));
#220=CARTESIAN_POINT('',(-3.055012518957E0,1.267825030649E1,-1.232083295631E1));
#221=CARTESIAN_POINT('',(-2.341246735755E0,1.140271111390E1,-1.243382276949E1));
#222=CARTESIAN_POINT('',(-1.450011645896E0,1.024422013349E1,-1.253644588758E1));
#223=CARTESIAN_POINT('',(-3.973120342569E-1,9.225508107388E0,
-1.262668071242E1));
#224=CARTESIAN_POINT('',(3.902256838937E-1,8.657750044991E0,-1.267698648644E1));
#225=CARTESIAN_POINT('',(8.079991442160E-1,8.401402512479E0,-1.269969433597E1));
#227=DIRECTION('',(-1.E0,1.768613051719E-14,-3.007304589815E-14));
#228=VECTOR('',#227,2.681690467334E1);
#229=CARTESIAN_POINT('',(1.45E1,-9.1E0,-1.425E1));
#230=LINE('',#229,#228);
#231=CARTESIAN_POINT('',(-1.165356836860E1,7.464738893505E0,-1.278265762075E1));
#232=CARTESIAN_POINT('',(-1.169865959788E1,7.574528436796E0,-1.277293221242E1));
#233=CARTESIAN_POINT('',(-1.177376679946E1,7.797711065124E0,-1.275316218580E1));
#234=CARTESIAN_POINT('',(-1.184262283721E1,8.146483345007E0,-1.272226714119E1));
#235=CARTESIAN_POINT('',(-1.185789819247E1,8.381378196318E0,-1.270145961913E1));
#236=CARTESIAN_POINT('',(-1.185789819240E1,8.500000001589E0,-1.269095182887E1));
#238=CARTESIAN_POINT('',(-1.185789819240E1,8.500000001589E0,-1.269095182887E1));
#239=CARTESIAN_POINT('',(-1.185789819228E1,8.698813552415E0,-1.267334047076E1));
#240=CARTESIAN_POINT('',(-1.181572027370E1,9.085846606577E0,-1.263905619944E1));
#241=CARTESIAN_POINT('',(-1.162654061503E1,9.649654970275E0,-1.258911276772E1));
#242=CARTESIAN_POINT('',(-1.142681333076E1,9.984298954378E0,-1.255946923980E1));
#243=CARTESIAN_POINT('',(-1.130676212912E1,1.014312825630E1,-1.254539977772E1));
#245=DIRECTION('',(-1.402546568625E-1,-9.862535473154E-1,-8.736459028803E-2));
#246=VECTOR('',#245,1.132321346479E1);
#247=CARTESIAN_POINT('',(-8.357594001943E0,2.616755944666E1,-1.112591908804E1));
#248=LINE('',#247,#246);
#249=DIRECTION('',(0.E0,0.E0,-1.E0));
#250=VECTOR('',#249,2.423033398626E1);
#251=CARTESIAN_POINT('',(-9.945727421027E0,1.5E1,1.211516699313E1));
#252=LINE('',#251,#250);
#253=CARTESIAN_POINT('',(-9.945727421054E0,1.500000000001E1,-1.211516699313E1));
#254=CARTESIAN_POINT('',(-1.008667635507E1,1.414020167402E1,-1.219132989129E1));
#255=CARTESIAN_POINT('',(-1.022164391532E1,1.327947273336E1,-1.226757522542E1));
#256=CARTESIAN_POINT('',(-1.035063039894E1,1.241781322427E1,-1.234390299142E1));
#258=DIRECTION('',(-1.402546568625E-1,-9.862535473154E-1,8.736459028803E-2));
#259=VECTOR('',#258,1.132321346479E1);
#260=CARTESIAN_POINT('',(-8.357594001943E0,2.616755944666E1,1.112591908804E1));
#261=LINE('',#260,#259);
#262=CARTESIAN_POINT('',(-9.945727421054E0,1.500000000001E1,1.211516699313E1));
#263=CARTESIAN_POINT('',(-1.008667635507E1,1.414020167402E1,1.219132989129E1));
#264=CARTESIAN_POINT('',(-1.022164391532E1,1.327947273336E1,1.226757522542E1));
#265=CARTESIAN_POINT('',(-1.035063039894E1,1.241781322427E1,1.234390299142E1));
#267=CARTESIAN_POINT('',(-1.035063039890E1,1.241781322426E1,1.234390299142E1));
#268=CARTESIAN_POINT('',(-1.047619783426E1,1.157899374745E1,1.241820753524E1));
#269=CARTESIAN_POINT('',(-1.079465095793E1,1.082065799960E1,1.248538264664E1));
#270=CARTESIAN_POINT('',(-1.130676212912E1,1.014312825630E1,1.254539977772E1));
#272=CARTESIAN_POINT('',(-1.165356836860E1,7.464738893505E0,1.278265762075E1));
#273=CARTESIAN_POINT('',(-1.133104184987E1,6.679441181439E0,1.285222108448E1));
#274=CARTESIAN_POINT('',(-1.121606679138E1,5.865029007919E0,1.292436357366E1));
#275=CARTESIAN_POINT('',(-1.130832204928E1,5.021547421679E0,1.299908109777E1));
#277=CARTESIAN_POINT('',(-1.130832204932E1,5.021547421684E0,1.299908109777E1));
#278=CARTESIAN_POINT('',(-1.182179305183E1,3.269278894153E-1,1.341494121113E1));
#279=CARTESIAN_POINT('',(-1.215797988314E1,-4.380255107238E0,1.383191422485E1));
#280=CARTESIAN_POINT('',(-1.231690467337E1,-9.099999999999E0,1.425E1));
#282=CARTESIAN_POINT('',(1.45E1,-1.678930493984E0,1.359262472499E1));
#283=CARTESIAN_POINT('',(1.45E1,-1.120079473038E0,1.354312042601E1));
#284=CARTESIAN_POINT('',(1.421344202086E1,-1.617955864590E-1,1.345823345211E1));
#285=CARTESIAN_POINT('',(1.354666993183E1,5.849672941361E-1,1.339208349170E1));
#286=CARTESIAN_POINT('',(1.306898883633E1,8.780744007067E-1,1.336611939520E1));
#288=DIRECTION('',(-8.514238329003E-1,5.224326109134E-1,-4.627768170079E-2));
#289=VECTOR('',#288,1.440057139379E1);
#290=CARTESIAN_POINT('',(1.306898883634E1,8.780744006983E-1,1.336611939521E1));
#291=LINE('',#290,#289);
#292=CARTESIAN_POINT('',(8.079991442903E-1,8.401402512599E0,1.269969433594E1));
#293=CARTESIAN_POINT('',(3.902256840010E-1,8.657750045091E0,1.267698648641E1));
#294=CARTESIAN_POINT('',(-3.973120335316E-1,9.225508108341E0,1.262668071235E1));
#295=CARTESIAN_POINT('',(-1.450011645308E0,1.024422013401E1,1.253644588753E1));
#296=CARTESIAN_POINT('',(-2.341246735057E0,1.140271111441E1,1.243382276944E1));
#297=CARTESIAN_POINT('',(-3.055012518226E0,1.267825030686E1,1.232083295628E1));
#298=CARTESIAN_POINT('',(-3.575429848590E0,1.404259909332E1,1.219997573018E1));
#299=CARTESIAN_POINT('',(-3.891808190802E0,1.547022606819E1,1.207351330059E1));
#300=CARTESIAN_POINT('',(-3.961959756480E0,1.643603634806E1,1.198795961577E1));
#301=CARTESIAN_POINT('',(-3.961959756480E0,1.692480005040E1,1.194466381145E1));
#303=CARTESIAN_POINT('',(-3.962008360445E0,2.430423891364E1,1.129097627375E1));
#304=CARTESIAN_POINT('',(-3.962008360445E0,2.446715404490E1,1.127654487957E1));
#305=CARTESIAN_POINT('',(-4.000071439567E0,2.478129984483E1,1.124871709773E1));
#306=CARTESIAN_POINT('',(-4.168668426964E0,2.523259646E1,1.120874034806E1));
#307=CARTESIAN_POINT('',(-4.438094875661E0,2.562892606044E1,1.117363207401E1));
#308=CARTESIAN_POINT('',(-4.796056766216E0,2.595224460809E1,1.114499361832E1));
#309=CARTESIAN_POINT('',(-5.075048767757E0,2.610447754888E1,1.113150390134E1));
#310=CARTESIAN_POINT('',(-5.226207926906E0,2.616425613570E1,1.112620857768E1));
#312=DIRECTION('',(-9.294298900903E-1,3.675596351099E-1,-3.255754973174E-2));
#313=VECTOR('',#312,1.815191352733E0);
#314=CARTESIAN_POINT('',(-5.226207926906E0,2.616425613570E1,1.112620857768E1));
#315=LINE('',#314,#313);
#316=DIRECTION('',(7.648056515593E-1,6.417481401456E-1,-5.684751500738E-2));
#317=VECTOR('',#316,1.386756954289E0);
#318=CARTESIAN_POINT('',(-1.019348162094E1,-4.236026668851E0,1.381913814059E1));
#319=LINE('',#318,#317);
#320=DIRECTION('',(7.648056515593E-1,-6.417481401457E-1,5.684751500717E-2));
#321=VECTOR('',#320,1.386756954294E0);
#322=CARTESIAN_POINT('',(-9.132882064959E0,-3.346077972602E0,1.374030445382E1));
#323=LINE('',#322,#321);
#324=CARTESIAN_POINT('',(-8.072282508976E0,-4.236026668854E0,1.381913814059E1));
#325=CARTESIAN_POINT('',(-7.978816298825E0,-4.314454131320E0,1.382608542422E1));
#326=CARTESIAN_POINT('',(-7.813981289314E0,-4.487480755494E0,1.384141251751E1));
#327=CARTESIAN_POINT('',(-7.625221216733E0,-4.797511822785E0,1.386887577708E1));
#328=CARTESIAN_POINT('',(-7.509094123088E0,-5.141193731805E0,1.389931990502E1));
#329=CARTESIAN_POINT('',(-7.482882040088E0,-5.378267573264E0,1.392032044700E1));
#330=CARTESIAN_POINT('',(-7.482882040088E0,-5.499999999999E0,1.393110378321E1));
#332=CARTESIAN_POINT('',(-7.482882040088E0,-5.499999999999E0,1.393110378321E1));
#333=CARTESIAN_POINT('',(-7.482882040088E0,-5.646733226607E0,1.394410174733E1));
#334=CARTESIAN_POINT('',(-7.520832797465E0,-5.929674526835E0,1.396916533350E1));
#335=CARTESIAN_POINT('',(-7.687019972576E0,-6.334128122152E0,1.400499275612E1));
#336=CARTESIAN_POINT('',(-7.956299062029E0,-6.683809404783E0,1.403596832226E1));
#337=CARTESIAN_POINT('',(-8.313693688378E0,-6.958978743726E0,1.406034345036E1));
#338=CARTESIAN_POINT('',(-8.779877937216E0,-7.135737538139E0,1.407600114781E1));
#339=CARTESIAN_POINT('',(-9.226357522643E0,-7.164374867264E0,1.407853790779E1));
#340=CARTESIAN_POINT('',(-9.624061608044E0,-7.093650472788E0,1.407227297950E1));
#341=CARTESIAN_POINT('',(-1.001615444237E1,-6.914208079231E0,1.405637756271E1));
#342=CARTESIAN_POINT('',(-1.032815216727E1,-6.661433220097E0,1.403398618875E1));
#343=CARTESIAN_POINT('',(-1.058541530212E1,-6.321513397816E0,1.400387531504E1));
#344=CARTESIAN_POINT('',(-1.074716850076E1,-5.919209781684E0,1.396823834249E1));
#345=CARTESIAN_POINT('',(-1.078288208983E1,-5.642943424309E0,1.394376603799E1));
#346=CARTESIAN_POINT('',(-1.078288208983E1,-5.500000000002E0,1.393110378321E1));
#348=CARTESIAN_POINT('',(-1.078288208983E1,-5.500000000002E0,1.393110378321E1));
#349=CARTESIAN_POINT('',(-1.078288208983E1,-5.378267573266E0,1.392032044700E1));
#350=CARTESIAN_POINT('',(-1.075667000683E1,-5.141193731803E0,1.389931990502E1));
#351=CARTESIAN_POINT('',(-1.064054291319E1,-4.797511822784E0,1.386887577708E1));
#352=CARTESIAN_POINT('',(-1.045178284060E1,-4.487480755492E0,1.384141251751E1));
#353=CARTESIAN_POINT('',(-1.028694783109E1,-4.314454131320E0,1.382608542422E1));
#354=CARTESIAN_POINT('',(-1.019348162094E1,-4.236026668851E0,1.381913814059E1));
#356=DIRECTION('',(7.648056515593E-1,-6.417481401457E-1,5.684751500721E-2));
#357=VECTOR('',#356,1.386756954291E0);
#358=CARTESIAN_POINT('',(1.086711793504E1,-3.346077972603E0,1.374030445382E1));
#359=LINE('',#358,#357);
#360=CARTESIAN_POINT('',(1.192771749102E1,-4.236026668854E0,1.381913814059E1));
#361=CARTESIAN_POINT('',(1.202118370117E1,-4.314454131319E0,1.382608542422E1));
#362=CARTESIAN_POINT('',(1.218601871068E1,-4.487480755493E0,1.384141251751E1));
#363=CARTESIAN_POINT('',(1.237477878327E1,-4.797511822784E0,1.386887577708E1));
#364=CARTESIAN_POINT('',(1.249090587691E1,-5.141193731805E0,1.389931990502E1));
#365=CARTESIAN_POINT('',(1.251711795991E1,-5.378267573263E0,1.392032044700E1));
#366=CARTESIAN_POINT('',(1.251711795991E1,-5.499999999999E0,1.393110378321E1));
#368=CARTESIAN_POINT('',(1.251711795991E1,-5.499999999999E0,1.393110378321E1));
#369=CARTESIAN_POINT('',(1.251711795991E1,-5.646733226610E0,1.394410174733E1));
#370=CARTESIAN_POINT('',(1.247916720253E1,-5.929674526843E0,1.396916533350E1));
#371=CARTESIAN_POINT('',(1.231298002742E1,-6.334128122162E0,1.400499275612E1));
#372=CARTESIAN_POINT('',(1.204370093796E1,-6.683809404792E0,1.403596832226E1));
#373=CARTESIAN_POINT('',(1.168630631160E1,-6.958978743737E0,1.406034345036E1));
#374=CARTESIAN_POINT('',(1.122012206276E1,-7.135737538146E0,1.407600114781E1));
#375=CARTESIAN_POINT('',(1.077364247733E1,-7.164374867262E0,1.407853790779E1));
#376=CARTESIAN_POINT('',(1.037593839194E1,-7.093650472781E0,1.407227297950E1));
#377=CARTESIAN_POINT('',(9.983845557612E0,-6.914208079222E0,1.405637756271E1));
#378=CARTESIAN_POINT('',(9.671847832726E0,-6.661433220085E0,1.403398618875E1));
#379=CARTESIAN_POINT('',(9.414584697878E0,-6.321513397804E0,1.400387531504E1));
#380=CARTESIAN_POINT('',(9.252831499237E0,-5.919209781677E0,1.396823834249E1));
#381=CARTESIAN_POINT('',(9.217117910169E0,-5.642943424302E0,1.394376603799E1));
#382=CARTESIAN_POINT('',(9.217117910169E0,-5.499999999999E0,1.393110378321E1));
#384=CARTESIAN_POINT('',(9.217117910169E0,-5.499999999999E0,1.393110378321E1));
#385=CARTESIAN_POINT('',(9.217117910169E0,-5.378267573263E0,1.392032044700E1));
#386=CARTESIAN_POINT('',(9.243329993171E0,-5.141193731805E0,1.389931990502E1));
#387=CARTESIAN_POINT('',(9.359457086815E0,-4.797511822785E0,1.386887577708E1));
#388=CARTESIAN_POINT('',(9.548217159397E0,-4.487480755494E0,1.384141251751E1));
#389=CARTESIAN_POINT('',(9.713052168905E0,-4.314454131320E0,1.382608542422E1));
#390=CARTESIAN_POINT('',(9.806518379059E0,-4.236026668853E0,1.381913814059E1));
#392=DIRECTION('',(7.648056515594E-1,6.417481401456E-1,-5.684751500736E-2));
#393=VECTOR('',#392,1.386756954290E0);
#394=CARTESIAN_POINT('',(9.806518379059E0,-4.236026668853E0,1.381913814059E1));
#395=LINE('',#394,#393);
#396=DIRECTION('',(7.648056515591E-1,-6.417481401459E-1,5.684751500716E-2));
#397=VECTOR('',#396,1.386756954295E0);
#398=CARTESIAN_POINT('',(-9.132882064960E0,1.065392202740E1,1.250015249962E1));
#399=LINE('',#398,#397);
#400=CARTESIAN_POINT('',(-8.072282508976E0,9.763973331146E0,1.257898618639E1));
#401=CARTESIAN_POINT('',(-7.978816298825E0,9.685545868680E0,1.258593347002E1));
#402=CARTESIAN_POINT('',(-7.813981289314E0,9.512519244507E0,1.260126056332E1));
#403=CARTESIAN_POINT('',(-7.625221216733E0,9.202488177216E0,1.262872382288E1));
#404=CARTESIAN_POINT('',(-7.509094123088E0,8.858806268195E0,1.265916795082E1));
#405=CARTESIAN_POINT('',(-7.482882040088E0,8.621732426736E0,1.268016849280E1));
#406=CARTESIAN_POINT('',(-7.482882040088E0,8.500000000001E0,1.269095182901E1));
#408=CARTESIAN_POINT('',(-7.482882040088E0,8.500000000001E0,1.269095182901E1));
#409=CARTESIAN_POINT('',(-7.482882040088E0,8.353266773393E0,1.270394979313E1));
#410=CARTESIAN_POINT('',(-7.520832797465E0,8.070325473165E0,1.272901337931E1));
#411=CARTESIAN_POINT('',(-7.687019972578E0,7.665871877844E0,1.276484080192E1));
#412=CARTESIAN_POINT('',(-7.956299062035E0,7.316190595211E0,1.279581636806E1));
#413=CARTESIAN_POINT('',(-8.313693688387E0,7.041021256269E0,1.282019149617E1));
#414=CARTESIAN_POINT('',(-8.779877937222E0,6.864262461860E0,1.283584919362E1));
#415=CARTESIAN_POINT('',(-9.226357522641E0,6.835625132737E0,1.283838595359E1));
#416=CARTESIAN_POINT('',(-9.624061608038E0,6.906349527211E0,1.283212102531E1));
#417=CARTESIAN_POINT('',(-1.001615444237E1,7.085791920765E0,1.281622560852E1));
#418=CARTESIAN_POINT('',(-1.032815216726E1,7.338566779897E0,1.279383423455E1));
#419=CARTESIAN_POINT('',(-1.058541530212E1,7.678486602180E0,1.276372336085E1));
#420=CARTESIAN_POINT('',(-1.074716850076E1,8.080790218313E0,1.272808638830E1));
#421=CARTESIAN_POINT('',(-1.078288208983E1,8.357056575694E0,1.270361408379E1));
#422=CARTESIAN_POINT('',(-1.078288208983E1,8.500000000001E0,1.269095182901E1));
#424=CARTESIAN_POINT('',(-1.078288208983E1,8.500000000001E0,1.269095182901E1));
#425=CARTESIAN_POINT('',(-1.078288208983E1,8.621732426737E0,1.268016849280E1));
#426=CARTESIAN_POINT('',(-1.075667000683E1,8.858806268195E0,1.265916795082E1));
#427=CARTESIAN_POINT('',(-1.064054291319E1,9.202488177217E0,1.262872382288E1));
#428=CARTESIAN_POINT('',(-1.045178284060E1,9.512519244508E0,1.260126056332E1));
#429=CARTESIAN_POINT('',(-1.028694783110E1,9.685545868679E0,1.258593347002E1));
#430=CARTESIAN_POINT('',(-1.019348162094E1,9.763973331153E0,1.257898618639E1));
#432=DIRECTION('',(7.648056515591E-1,6.417481401459E-1,-5.684751500740E-2));
#433=VECTOR('',#432,1.386756954284E0);
#434=CARTESIAN_POINT('',(-1.019348162094E1,9.763973331153E0,1.257898618639E1));
#435=LINE('',#434,#433);
#436=CARTESIAN_POINT('',(-1.035063039890E1,1.241781322426E1,-1.234390299142E1));
#437=CARTESIAN_POINT('',(-1.047619783426E1,1.157899374745E1,-1.241820753524E1));
#438=CARTESIAN_POINT('',(-1.079465095793E1,1.082065799960E1,-1.248538264664E1));
#439=CARTESIAN_POINT('',(-1.130676212912E1,1.014312825630E1,-1.254539977772E1));
#441=DIRECTION('',(0.E0,0.E0,-1.E0));
#442=VECTOR('',#441,2.468780598284E1);
#443=CARTESIAN_POINT('',(-1.035063039892E1,1.241781322426E1,1.234390299142E1));
#444=LINE('',#443,#442);
#445=CARTESIAN_POINT('',(-1.165356836860E1,7.464738893505E0,1.278265762075E1));
#446=CARTESIAN_POINT('',(-1.169863533114E1,7.574469351361E0,1.277293744634E1));
#447=CARTESIAN_POINT('',(-1.177371703327E1,7.797571510731E0,1.275317454784E1));
#448=CARTESIAN_POINT('',(-1.184254766282E1,8.146317503503E0,1.272228183181E1));
#449=CARTESIAN_POINT('',(-1.185789819247E1,8.381306940901E0,1.270146593110E1));
#450=CARTESIAN_POINT('',(-1.185789819240E1,8.500000001589E0,1.269095182887E1));
#452=CARTESIAN_POINT('',(-1.185789819240E1,8.500000001589E0,1.269095182887E1));
#453=CARTESIAN_POINT('',(-1.185789819228E1,8.699120677333E0,1.267331326493E1));
#454=CARTESIAN_POINT('',(-1.181559711642E1,9.086553528448E0,1.263899357869E1));
#455=CARTESIAN_POINT('',(-1.162642276831E1,9.650303994382E0,1.258905527569E1));
#456=CARTESIAN_POINT('',(-1.142665996803E1,9.984501855265E0,1.255945126638E1));
#457=CARTESIAN_POINT('',(-1.130676212912E1,1.014312825630E1,1.254539977772E1));
#459=DIRECTION('',(0.E0,0.E0,-1.E0));
#460=VECTOR('',#459,2.509079955544E1);
#461=CARTESIAN_POINT('',(-1.130676212912E1,1.014312825630E1,1.254539977772E1));
#462=LINE('',#461,#460);
#463=CARTESIAN_POINT('',(-1.165356836860E1,7.464738893505E0,-1.278265762075E1));
#464=CARTESIAN_POINT('',(-1.133104184987E1,6.679441181439E0,-1.285222108448E1));
#465=CARTESIAN_POINT('',(-1.121606679138E1,5.865029007919E0,-1.292436357366E1));
#466=CARTESIAN_POINT('',(-1.130832204928E1,5.021547421679E0,-1.299908109777E1));
#468=DIRECTION('',(0.E0,0.E0,-1.E0));
#469=VECTOR('',#468,2.556531524150E1);
#470=CARTESIAN_POINT('',(-1.165356836860E1,7.464738893505E0,1.278265762075E1));
#471=LINE('',#470,#469);
#472=CARTESIAN_POINT('',(-1.130832204932E1,5.021547421684E0,-1.299908109777E1));
#473=CARTESIAN_POINT('',(-1.182179305183E1,3.269278894153E-1,
-1.341494121113E1));
#474=CARTESIAN_POINT('',(-1.215797988314E1,-4.380255107238E0,
-1.383191422485E1));
#475=CARTESIAN_POINT('',(-1.231690467337E1,-9.099999999999E0,-1.425E1));
#477=DIRECTION('',(0.E0,0.E0,1.E0));
#478=VECTOR('',#477,2.85E1);
#479=CARTESIAN_POINT('',(-1.231690467334E1,-9.1E0,-1.425E1));
#480=LINE('',#479,#478);
#481=DIRECTION('',(0.E0,0.E0,-1.E0));
#482=VECTOR('',#481,2.599816219554E1);
#483=CARTESIAN_POINT('',(-1.130832204929E1,5.021547421681E0,1.299908109777E1));
#484=LINE('',#483,#482);
#485=DIRECTION('',(0.E0,0.E0,1.E0));
#486=VECTOR('',#485,2.85E1);
#487=CARTESIAN_POINT('',(1.45E1,-9.1E0,-1.425E1));
#488=LINE('',#487,#486);
#489=DIRECTION('',(-1.E0,1.768613051719E-14,3.007304589815E-14));
#490=VECTOR('',#489,2.681690467334E1);
#491=CARTESIAN_POINT('',(1.45E1,-9.1E0,1.425E1));
#492=LINE('',#491,#490);
#493=CARTESIAN_POINT('',(-5.149999999996E0,-9.1E0,7.500000000001E0));
#494=DIRECTION('',(0.E0,1.E0,0.E0));
#495=DIRECTION('',(-1.E0,0.E0,0.E0));
#496=AXIS2_PLACEMENT_3D('',#493,#494,#495);
#498=CARTESIAN_POINT('',(-5.149999999996E0,-9.1E0,7.500000000001E0));
#499=DIRECTION('',(0.E0,1.E0,0.E0));
#500=DIRECTION('',(1.E0,0.E0,0.E0));
#501=AXIS2_PLACEMENT_3D('',#498,#499,#500);
#503=CARTESIAN_POINT('',(4.850000000004E0,-9.1E0,-7.499999999999E0));
#504=DIRECTION('',(0.E0,1.E0,0.E0));
#505=DIRECTION('',(-1.E0,0.E0,0.E0));
#506=AXIS2_PLACEMENT_3D('',#503,#504,#505);
#508=CARTESIAN_POINT('',(4.850000000004E0,-9.1E0,-7.499999999999E0));
#509=DIRECTION('',(0.E0,1.E0,0.E0));
#510=DIRECTION('',(1.E0,0.E0,0.E0));
#511=AXIS2_PLACEMENT_3D('',#508,#509,#510);
#513=CARTESIAN_POINT('',(-5.149999999996E0,-9.1E0,-7.499999999999E0));
#514=DIRECTION('',(0.E0,1.E0,0.E0));
#515=DIRECTION('',(-1.E0,0.E0,0.E0));
#516=AXIS2_PLACEMENT_3D('',#513,#514,#515);
#518=CARTESIAN_POINT('',(-5.149999999996E0,-9.1E0,-7.499999999999E0));
#519=DIRECTION('',(0.E0,1.E0,0.E0));
#520=DIRECTION('',(1.E0,0.E0,0.E0));
#521=AXIS2_PLACEMENT_3D('',#518,#519,#520);
#523=CARTESIAN_POINT('',(4.850000000004E0,-9.1E0,7.500000000001E0));
#524=DIRECTION('',(0.E0,1.E0,0.E0));
#525=DIRECTION('',(-1.E0,0.E0,0.E0));
#526=AXIS2_PLACEMENT_3D('',#523,#524,#525);
#528=CARTESIAN_POINT('',(4.850000000004E0,-9.1E0,7.500000000001E0));
#529=DIRECTION('',(0.E0,1.E0,0.E0));
#530=DIRECTION('',(1.E0,0.E0,0.E0));
#531=AXIS2_PLACEMENT_3D('',#528,#529,#530);
#533=DIRECTION('',(0.E0,9.960995293874E-1,8.823676985318E-2));
#534=VECTOR('',#533,7.450128513342E0);
#535=CARTESIAN_POINT('',(1.45E1,-9.1E0,-1.425E1));
#536=LINE('',#535,#534);
#537=DIRECTION('',(0.E0,-1.E0,0.E0));
#538=VECTOR('',#537,1.332106950602E1);
#539=CARTESIAN_POINT('',(1.45E1,-1.678930493984E0,-1.675E1));
#540=LINE('',#539,#538);
#541=DIRECTION('',(0.E0,0.E0,1.E0));
#542=VECTOR('',#541,3.35E1);
#543=CARTESIAN_POINT('',(1.45E1,-1.5E1,-1.675E1));
#544=LINE('',#543,#542);
#545=DIRECTION('',(0.E0,-9.960995293874E-1,8.823676985318E-2));
#546=VECTOR('',#545,7.450128513342E0);
#547=CARTESIAN_POINT('',(1.45E1,-1.678930493984E0,1.359262472499E1));
#548=LINE('',#547,#546);
#549=DIRECTION('',(0.E0,2.236357043936E-14,1.E0));
#550=VECTOR('',#549,3.157375275009E0);
#551=CARTESIAN_POINT('',(1.45E1,-1.678930493984E0,-1.675E1));
#552=LINE('',#551,#550);
#553=CARTESIAN_POINT('',(1.45E1,-1.678930493984E0,-1.359262472499E1));
#554=CARTESIAN_POINT('',(1.45E1,-1.120079473038E0,-1.354312042601E1));
#555=CARTESIAN_POINT('',(1.421344202086E1,-1.617955864586E-1,
-1.345823345211E1));
#556=CARTESIAN_POINT('',(1.354666993183E1,5.849672941365E-1,-1.339208349170E1));
#557=CARTESIAN_POINT('',(1.306898883633E1,8.780744007071E-1,-1.336611939520E1));
#559=DIRECTION('',(1.899257035206E-12,-1.102748898050E-12,-1.E0));
#560=VECTOR('',#559,3.383880604793E0);
#561=CARTESIAN_POINT('',(1.306898883634E1,8.780744006984E-1,-1.336611939521E1));
#562=LINE('',#561,#560);
#563=DIRECTION('',(-8.514238329055E-1,5.224326109050E-1,4.627768169856E-2));
#564=VECTOR('',#563,1.440057139379E1);
#565=CARTESIAN_POINT('',(1.306898883634E1,8.780744006984E-1,-1.336611939521E1));
#566=LINE('',#565,#564);
#567=DIRECTION('',(-7.333232923562E-6,-1.183217254892E-5,9.999999999031E-1));
#568=VECTOR('',#567,4.050305664425E0);
#569=CARTESIAN_POINT('',(8.080288460508E-1,8.401450436395E0,-1.675E1));
#570=LINE('',#569,#568);
#571=DIRECTION('',(-1.011573984995E-5,7.266981067378E-9,-9.999999999488E-1));
#572=VECTOR('',#571,4.805336188799E0);
#573=CARTESIAN_POINT('',(-3.961959756578E0,1.692480005040E1,-1.194466381145E1));
#574=LINE('',#573,#572);
#575=DIRECTION('',(-6.561465098033E-6,9.960995293654E-1,8.823676985799E-2));
#576=VECTOR('',#575,7.408334884033E0);
#577=CARTESIAN_POINT('',(-3.961959756578E0,1.692480005040E1,-1.194466381145E1));
#578=LINE('',#577,#576);
#579=DIRECTION('',(-5.178505965192E-5,2.047932589915E-5,-9.999999984495E-1));
#580=VECTOR('',#579,5.623791431737E0);
#581=CARTESIAN_POINT('',(-5.226207946482E0,2.616425614344E1,-1.112620857698E1));
#582=LINE('',#581,#580);
#583=DIRECTION('',(0.E0,-5.250368880708E-5,9.999999986217E-1));
#584=VECTOR('',#583,5.459023736271E0);
#585=CARTESIAN_POINT('',(-3.962008366109E0,2.430452556065E1,-1.675E1));
#586=LINE('',#585,#584);
#587=DIRECTION('',(-9.294298900905E-1,3.675596351100E-1,3.255754972515E-2));
#588=VECTOR('',#587,1.815191331670E0);
#589=CARTESIAN_POINT('',(-5.226207946482E0,2.616425614344E1,-1.112620857698E1));
#590=LINE('',#589,#588);
#591=CARTESIAN_POINT('',(-8.016564813253E0,2.404167857560E1,-1.675E1));
#592=DIRECTION('',(0.E0,0.E0,1.E0));
#593=DIRECTION('',(3.677545956103E-1,9.299228771288E-1,0.E0));
#594=AXIS2_PLACEMENT_3D('',#591,#592,#593);
#596=DIRECTION('',(-3.420201433221E-1,-9.396926207872E-1,-7.939307286594E-14));
#597=VECTOR('',#596,1.342452263360E-1);
#598=CARTESIAN_POINT('',(-1.083564267561E1,2.506773900558E1,-1.675E1));
#599=LINE('',#598,#597);
#600=CARTESIAN_POINT('',(4.55E1,4.420381157492E0,-1.675E1));
#601=DIRECTION('',(0.E0,0.E0,1.E0));
#602=DIRECTION('',(-9.396926207861E-1,3.420201433251E-1,0.E0));
#603=AXIS2_PLACEMENT_3D('',#600,#601,#602);
#605=DIRECTION('',(0.E0,-1.E0,0.E0));
#606=VECTOR('',#605,1.942038115749E1);
#607=CARTESIAN_POINT('',(-1.45E1,4.420381157492E0,-1.675E1));
#608=LINE('',#607,#606);
#609=DIRECTION('',(1.E0,0.E0,0.E0));
#610=VECTOR('',#609,2.9E1);
#611=CARTESIAN_POINT('',(-1.45E1,-1.5E1,-1.675E1));
#612=LINE('',#611,#610);
#613=CARTESIAN_POINT('',(1.15E1,-1.678930493984E0,-1.675E1));
#614=DIRECTION('',(0.E0,0.E0,1.E0));
#615=DIRECTION('',(1.E0,0.E0,0.E0));
#616=AXIS2_PLACEMENT_3D('',#613,#614,#615);
#618=DIRECTION('',(-8.523349648919E-1,5.229962787848E-1,0.E0));
#619=VECTOR('',#618,1.438514257344E1);
#620=CARTESIAN_POINT('',(1.306898883635E1,8.780744006947E-1,-1.675E1));
#621=LINE('',#620,#619);
#622=CARTESIAN_POINT('',(6.037991633891E0,1.692480008532E1,-1.675E1));
#623=DIRECTION('',(0.E0,0.E0,-1.E0));
#624=DIRECTION('',(-5.229962787823E-1,-8.523349648934E-1,0.E0));
#625=AXIS2_PLACEMENT_3D('',#622,#623,#624);
#627=DIRECTION('',(0.E0,1.E0,0.E0));
#628=VECTOR('',#627,7.379725475330E0);
#629=CARTESIAN_POINT('',(-3.962008366109E0,1.692480008532E1,-1.675E1));
#630=LINE('',#629,#628);
#631=CARTESIAN_POINT('',(-5.962008366109E0,2.430452556065E1,-1.675E1));
#632=DIRECTION('',(0.E0,0.E0,1.E0));
#633=DIRECTION('',(1.E0,0.E0,0.E0));
#634=AXIS2_PLACEMENT_3D('',#631,#632,#633);
#636=DIRECTION('',(-9.299228771216E-1,3.677545956284E-1,0.E0));
#637=VECTOR('',#636,1.813915855852E0);
#638=CARTESIAN_POINT('',(-5.226499174857E0,2.616437131490E1,-1.675E1));
#639=LINE('',#638,#637);
#640=DIRECTION('',(7.660444431190E-1,-6.427876096865E-1,0.E0));
#641=VECTOR('',#640,1.384514391443E0);
#642=CARTESIAN_POINT('',(-9.132882064959E0,-3.346077972602E0,-1.675E1));
#643=LINE('',#642,#641);
#644=CARTESIAN_POINT('',(-9.132882064959E0,-5.5E0,-1.675E1));
#645=DIRECTION('',(0.E0,0.E0,-1.E0));
#646=DIRECTION('',(6.427876096872E-1,7.660444431185E-1,0.E0));
#647=AXIS2_PLACEMENT_3D('',#644,#645,#646);
#649=CARTESIAN_POINT('',(-9.132882064959E0,-5.5E0,-1.675E1));
#650=DIRECTION('',(0.E0,0.E0,-1.E0));
#651=DIRECTION('',(1.E0,0.E0,0.E0));
#652=AXIS2_PLACEMENT_3D('',#649,#650,#651);
#654=CARTESIAN_POINT('',(-9.132882064959E0,-5.5E0,-1.675E1));
#655=DIRECTION('',(0.E0,0.E0,-1.E0));
#656=DIRECTION('',(-1.E0,0.E0,0.E0));
#657=AXIS2_PLACEMENT_3D('',#654,#655,#656);
#659=DIRECTION('',(7.660444431190E-1,6.427876096865E-1,0.E0));
#660=VECTOR('',#659,1.384514391442E0);
#661=CARTESIAN_POINT('',(-1.019348162094E1,-4.236026668854E0,-1.675E1));
#662=LINE('',#661,#660);
#663=DIRECTION('',(7.660444431190E-1,-6.427876096865E-1,0.E0));
#664=VECTOR('',#663,1.384514391447E0);
#665=CARTESIAN_POINT('',(1.086711793504E1,-3.346077972603E0,-1.675E1));
#666=LINE('',#665,#664);
#667=CARTESIAN_POINT('',(1.086711793504E1,-5.5E0,-1.675E1));
#668=DIRECTION('',(0.E0,0.E0,-1.E0));
#669=DIRECTION('',(6.427876096943E-1,7.660444431125E-1,0.E0));
#670=AXIS2_PLACEMENT_3D('',#667,#668,#669);
#672=CARTESIAN_POINT('',(1.086711793504E1,-5.5E0,-1.675E1));
#673=DIRECTION('',(0.E0,0.E0,-1.E0));
#674=DIRECTION('',(1.E0,0.E0,0.E0));
#675=AXIS2_PLACEMENT_3D('',#672,#673,#674);
#677=CARTESIAN_POINT('',(1.086711793504E1,-5.5E0,-1.675E1));
#678=DIRECTION('',(0.E0,0.E0,-1.E0));
#679=DIRECTION('',(-1.E0,0.E0,0.E0));
#680=AXIS2_PLACEMENT_3D('',#677,#678,#679);
#682=DIRECTION('',(7.660444431191E-1,6.427876096864E-1,0.E0));
#683=VECTOR('',#682,1.384514391442E0);
#684=CARTESIAN_POINT('',(9.806518379057E0,-4.236026668854E0,-1.675E1));
#685=LINE('',#684,#683);
#686=DIRECTION('',(7.660444431188E-1,-6.427876096868E-1,0.E0));
#687=VECTOR('',#686,1.384514391444E0);
#688=CARTESIAN_POINT('',(-9.132882064960E0,1.065392202740E1,-1.675E1));
#689=LINE('',#688,#687);
#690=CARTESIAN_POINT('',(-9.132882064959E0,8.5E0,-1.675E1));
#691=DIRECTION('',(0.E0,0.E0,-1.E0));
#692=DIRECTION('',(6.427876096872E-1,7.660444431184E-1,0.E0));
#693=AXIS2_PLACEMENT_3D('',#690,#691,#692);
#695=CARTESIAN_POINT('',(-9.132882064959E0,8.5E0,-1.675E1));
#696=DIRECTION('',(0.E0,0.E0,-1.E0));
#697=DIRECTION('',(1.E0,0.E0,0.E0));
#698=AXIS2_PLACEMENT_3D('',#695,#696,#697);
#700=CARTESIAN_POINT('',(-9.132882064959E0,8.5E0,-1.675E1));
#701=DIRECTION('',(0.E0,0.E0,-1.E0));
#702=DIRECTION('',(-1.E0,0.E0,0.E0));
#703=AXIS2_PLACEMENT_3D('',#700,#701,#702);
#705=DIRECTION('',(7.660444431188E-1,6.427876096867E-1,0.E0));
#706=VECTOR('',#705,1.384514391438E0);
#707=CARTESIAN_POINT('',(-1.019348162094E1,9.763973331150E0,-1.675E1));
#708=LINE('',#707,#706);
#709=DIRECTION('',(0.E0,2.428571440135E-14,1.E0));
#710=VECTOR('',#709,3.35E1);
#711=CARTESIAN_POINT('',(-1.088155724716E1,2.494158975702E1,-1.675E1));
#712=LINE('',#711,#710);
#713=DIRECTION('',(0.E0,0.E0,-1.E0));
#714=VECTOR('',#713,3.35E1);
#715=CARTESIAN_POINT('',(-1.45E1,4.420381157492E0,1.675E1));
#716=LINE('',#715,#714);
#717=DIRECTION('',(0.E0,-1.E0,0.E0));
#718=VECTOR('',#717,1.942038115749E1);
#719=CARTESIAN_POINT('',(-1.45E1,4.420381157492E0,1.675E1));
#720=LINE('',#719,#718);
#721=DIRECTION('',(0.E0,0.E0,-1.E0));
#722=VECTOR('',#721,3.35E1);
#723=CARTESIAN_POINT('',(-1.45E1,-1.5E1,1.675E1));
#724=LINE('',#723,#722);
#725=DIRECTION('',(7.648056515593E-1,-6.417481401457E-1,-5.684751500718E-2));
#726=VECTOR('',#725,1.386756954294E0);
#727=CARTESIAN_POINT('',(-9.132882064959E0,-3.346077972602E0,
-1.374030445382E1));
#728=LINE('',#727,#726);
#729=DIRECTION('',(7.648056515593E-1,6.417481401456E-1,5.684751500738E-2));
#730=VECTOR('',#729,1.386756954289E0);
#731=CARTESIAN_POINT('',(-1.019348162094E1,-4.236026668851E0,
-1.381913814059E1));
#732=LINE('',#731,#730);
#733=DIRECTION('',(0.E0,3.201897237072E-14,-1.E0));
#734=VECTOR('',#733,3.009695546181E0);
#735=CARTESIAN_POINT('',(-9.132882064959E0,-3.346077972602E0,
-1.374030445382E1));
#736=LINE('',#735,#734);
#737=DIRECTION('',(-7.939737767382E-14,4.060781911562E-14,1.E0));
#738=VECTOR('',#737,2.930861859411E0);
#739=CARTESIAN_POINT('',(-8.072282508976E0,-4.236026668854E0,-1.675E1));
#740=LINE('',#739,#738);
#741=CARTESIAN_POINT('',(-8.072282508976E0,-4.236026668854E0,
-1.381913814059E1));
#742=CARTESIAN_POINT('',(-7.979021250149E0,-4.314282156739E0,
-1.382607019032E1));
#743=CARTESIAN_POINT('',(-7.814290476362E0,-4.486815642983E0,
-1.384135360033E1));
#744=CARTESIAN_POINT('',(-7.625578642813E0,-4.796640593684E0,
-1.386879860162E1));
#745=CARTESIAN_POINT('',(-7.509293558998E0,-5.140444118746E0,
-1.389925350258E1));
#746=CARTESIAN_POINT('',(-7.482882040088E0,-5.377964726568E0,
-1.392029362015E1));
#747=CARTESIAN_POINT('',(-7.482882040088E0,-5.499999999999E0,
-1.393110378321E1));
#749=CARTESIAN_POINT('',(-7.482882040088E0,-5.499999999999E0,
-1.393110378321E1));
#750=CARTESIAN_POINT('',(-7.482882040088E0,-5.652570007038E0,
-1.394461878266E1));
#751=CARTESIAN_POINT('',(-7.523761638973E0,-5.944387174099E0,
-1.397046861338E1));
#752=CARTESIAN_POINT('',(-7.697748231423E0,-6.353812277041E0,
-1.400673642348E1));
#753=CARTESIAN_POINT('',(-7.973181131628E0,-6.700085899154E0,
-1.403741013128E1));
#754=CARTESIAN_POINT('',(-8.327802670234E0,-6.965470345591E0,
-1.406091849127E1));
#755=CARTESIAN_POINT('',(-8.785005891207E0,-7.136139135730E0,
-1.407603672224E1));
#756=CARTESIAN_POINT('',(-9.226593544064E0,-7.164057923082E0,
-1.407850983215E1));
#757=CARTESIAN_POINT('',(-9.618924325981E0,-7.094329367983E0,
-1.407233311759E1));
#758=CARTESIAN_POINT('',(-1.000216434498E1,-6.922156417660E0,
-1.405708164467E1));
#759=CARTESIAN_POINT('',(-1.031389270340E1,-6.675612977955E0,
-1.403524226406E1));
#760=CARTESIAN_POINT('',(-1.057508347825E1,-6.340399352087E0,
-1.400554827598E1));
#761=CARTESIAN_POINT('',(-1.074414085858E1,-5.934502488567E0,
-1.396959300537E1));
#762=CARTESIAN_POINT('',(-1.078288208983E1,-5.649101010801E0,
-1.394431149106E1));
#763=CARTESIAN_POINT('',(-1.078288208983E1,-5.499999999999E0,
-1.393110378321E1));
#765=CARTESIAN_POINT('',(-1.078288208983E1,-5.499999999999E0,
-1.393110378321E1));
#766=CARTESIAN_POINT('',(-1.078288208983E1,-5.377964726549E0,
-1.392029362015E1));
#767=CARTESIAN_POINT('',(-1.075647057091E1,-5.140444118702E0,
-1.389925350258E1));
#768=CARTESIAN_POINT('',(-1.064018548708E1,-4.796640593631E0,
-1.386879860161E1));
#769=CARTESIAN_POINT('',(-1.045147365353E1,-4.486815642948E0,
-1.384135360032E1));
#770=CARTESIAN_POINT('',(-1.028674287976E1,-4.314282156727E0,
-1.382607019032E1));
#771=CARTESIAN_POINT('',(-1.019348162094E1,-4.236026668851E0,
-1.381913814059E1));
#773=DIRECTION('',(-1.195203273075E-12,-9.782241798896E-13,-1.E0));
#774=VECTOR('',#773,2.930861859411E0);
#775=CARTESIAN_POINT('',(-1.019348162094E1,-4.236026668851E0,
-1.381913814059E1));
#776=LINE('',#775,#774);
#777=DIRECTION('',(0.E0,-3.157631376652E-14,1.E0));
#778=VECTOR('',#777,3.009695546181E0);
#779=CARTESIAN_POINT('',(1.086711793504E1,-3.346077972603E0,-1.675E1));
#780=LINE('',#779,#778);
#781=DIRECTION('',(7.648056515593E-1,-6.417481401457E-1,-5.684751500721E-2));
#782=VECTOR('',#781,1.386756954291E0);
#783=CARTESIAN_POINT('',(1.086711793504E1,-3.346077972603E0,-1.374030445382E1));
#784=LINE('',#783,#782);
#785=DIRECTION('',(7.648056515594E-1,6.417481401456E-1,5.684751500737E-2));
#786=VECTOR('',#785,1.386756954290E0);
#787=CARTESIAN_POINT('',(9.806518379059E0,-4.236026668853E0,-1.381913814059E1));
#788=LINE('',#787,#786);
#789=DIRECTION('',(-1.609766680165E-12,1.325511946356E-12,1.E0));
#790=VECTOR('',#789,2.930861859411E0);
#791=CARTESIAN_POINT('',(1.192771749103E1,-4.236026668857E0,-1.675E1));
#792=LINE('',#791,#790);
#793=CARTESIAN_POINT('',(1.192771749102E1,-4.236026668853E0,-1.381913814059E1));
#794=CARTESIAN_POINT('',(1.212567522638E1,-4.402132931580E0,-1.383385221247E1));
#795=CARTESIAN_POINT('',(1.242079476599E1,-4.773701826204E0,-1.386676663324E1));
#796=CARTESIAN_POINT('',(1.254984769272E1,-5.498366771519E0,-1.393095910810E1));
#797=CARTESIAN_POINT('',(1.245022854844E1,-6.076155770861E0,-1.398214097643E1));
#798=CARTESIAN_POINT('',(1.215490266955E1,-6.583009563959E0,-1.402703924229E1));
#799=CARTESIAN_POINT('',(1.173242762411E1,-6.936622704314E0,-1.405836310136E1));
#800=CARTESIAN_POINT('',(1.135329082563E1,-7.089282008175E0,-1.407188601094E1));
#801=CARTESIAN_POINT('',(1.106560730641E1,-7.142409638302E0,-1.407659217767E1));
#802=CARTESIAN_POINT('',(1.086711793504E1,-7.153795180849E0,-1.407760073502E1));
#803=CARTESIAN_POINT('',(1.066862856367E1,-7.142409638301E0,-1.407659217767E1));
#804=CARTESIAN_POINT('',(1.038094504444E1,-7.089282008174E0,-1.407188601094E1));
#805=CARTESIAN_POINT('',(1.000180824597E1,-6.936622704313E0,-1.405836310136E1));
#806=CARTESIAN_POINT('',(9.579333200531E0,-6.583009563957E0,-1.402703924229E1));
#807=CARTESIAN_POINT('',(9.284007321642E0,-6.076155770859E0,-1.398214097643E1));
#808=CARTESIAN_POINT('',(9.184388177356E0,-5.498366771516E0,-1.393095910810E1));
#809=CARTESIAN_POINT('',(9.313441104094E0,-4.773701826202E0,-1.386676663324E1));
#810=CARTESIAN_POINT('',(9.608560643702E0,-4.402132931578E0,-1.383385221247E1));
#811=CARTESIAN_POINT('',(9.806518379060E0,-4.236026668851E0,-1.381913814059E1));
#813=DIRECTION('',(-5.563877305692E-13,-4.406251417471E-13,-1.E0));
#814=VECTOR('',#813,2.930861859411E0);
#815=CARTESIAN_POINT('',(9.806518379059E0,-4.236026668853E0,-1.381913814059E1));
#816=LINE('',#815,#814);
#817=DIRECTION('',(0.E0,0.E0,1.E0));
#818=VECTOR('',#817,4.249847500380E0);
#819=CARTESIAN_POINT('',(-9.132882064960E0,1.065392202740E1,-1.675E1));
#820=LINE('',#819,#818);
#821=DIRECTION('',(7.648056515591E-1,-6.417481401459E-1,-5.684751500716E-2));
#822=VECTOR('',#821,1.386756954295E0);
#823=CARTESIAN_POINT('',(-9.132882064960E0,1.065392202740E1,-1.250015249962E1));
#824=LINE('',#823,#822);
#825=DIRECTION('',(7.648056515591E-1,6.417481401459E-1,5.684751500740E-2));
#826=VECTOR('',#825,1.386756954284E0);
#827=CARTESIAN_POINT('',(-1.019348162094E1,9.763973331153E0,-1.257898618639E1));
#828=LINE('',#827,#826);
#829=DIRECTION('',(-5.749397725238E-14,6.217867169517E-14,1.E0));
#830=VECTOR('',#829,4.171013813609E0);
#831=CARTESIAN_POINT('',(-8.072282508976E0,9.763973331146E0,-1.675E1));
#832=LINE('',#831,#830);
#833=CARTESIAN_POINT('',(-8.072282508976E0,9.763973331146E0,-1.257898618639E1));
#834=CARTESIAN_POINT('',(-7.979021250149E0,9.685717843261E0,-1.258591823612E1));
#835=CARTESIAN_POINT('',(-7.814290476362E0,9.513184357017E0,-1.260120164613E1));
#836=CARTESIAN_POINT('',(-7.625578642813E0,9.203359406316E0,-1.262864664742E1));
#837=CARTESIAN_POINT('',(-7.509293558998E0,8.859555881254E0,-1.265910154839E1));
#838=CARTESIAN_POINT('',(-7.482882040088E0,8.622035273432E0,-1.268014166595E1));
#839=CARTESIAN_POINT('',(-7.482882040088E0,8.500000000001E0,-1.269095182901E1));
#841=CARTESIAN_POINT('',(-7.482882040088E0,8.500000000001E0,-1.269095182901E1));
#842=CARTESIAN_POINT('',(-7.482882040088E0,8.347429992962E0,-1.270446682847E1));
#843=CARTESIAN_POINT('',(-7.523761638972E0,8.055612825901E0,-1.273031665918E1));
#844=CARTESIAN_POINT('',(-7.697748231425E0,7.646187722954E0,-1.276658446929E1));
#845=CARTESIAN_POINT('',(-7.973181131635E0,7.299914100839E0,-1.279725817709E1));
#846=CARTESIAN_POINT('',(-8.327802670245E0,7.034529654403E0,-1.282076653708E1));
#847=CARTESIAN_POINT('',(-8.785005891213E0,6.863860864269E0,-1.283588476805E1));
#848=CARTESIAN_POINT('',(-9.226593544063E0,6.835942076919E0,-1.283835787795E1));
#849=CARTESIAN_POINT('',(-9.618924325974E0,6.905670632015E0,-1.283218116339E1));
#850=CARTESIAN_POINT('',(-1.000216434498E1,7.077843582335E0,-1.281692969048E1));
#851=CARTESIAN_POINT('',(-1.031389270340E1,7.324387022039E0,-1.279509030987E1));
#852=CARTESIAN_POINT('',(-1.057508347825E1,7.659600647908E0,-1.276539632178E1));
#853=CARTESIAN_POINT('',(-1.074414085858E1,8.065497511432E0,-1.272944105118E1));
#854=CARTESIAN_POINT('',(-1.078288208983E1,8.350898989198E0,-1.270415953686E1));
#855=CARTESIAN_POINT('',(-1.078288208983E1,8.500000000001E0,-1.269095182901E1));
#857=CARTESIAN_POINT('',(-1.078288208983E1,8.500000000001E0,-1.269095182901E1));
#858=CARTESIAN_POINT('',(-1.078288208983E1,8.622035273451E0,-1.268014166595E1));
#859=CARTESIAN_POINT('',(-1.075647057091E1,8.859555881298E0,-1.265910154838E1));
#860=CARTESIAN_POINT('',(-1.064018548708E1,9.203359406369E0,-1.262864664742E1));
#861=CARTESIAN_POINT('',(-1.045147365353E1,9.513184357053E0,-1.260120164613E1));
#862=CARTESIAN_POINT('',(-1.028674287976E1,9.685717843272E0,-1.258591823612E1));
#863=CARTESIAN_POINT('',(-1.019348162094E1,9.763973331153E0,-1.257898618639E1));
#865=DIRECTION('',(-8.347273734420E-13,-7.133511992425E-13,-1.E0));
#866=VECTOR('',#865,4.171013813610E0);
#867=CARTESIAN_POINT('',(-1.019348162094E1,9.763973331153E0,-1.257898618639E1));
#868=LINE('',#867,#866);
#869=DIRECTION('',(-1.520770489495E-12,8.649480586500E-13,-1.E0));
#870=VECTOR('',#869,3.383880604793E0);
#871=CARTESIAN_POINT('',(1.306898883635E1,8.780744006954E-1,1.675E1));
#872=LINE('',#871,#870);
#873=DIRECTION('',(0.E0,-2.236357043936E-14,1.E0));
#874=VECTOR('',#873,3.157375275009E0);
#875=CARTESIAN_POINT('',(1.45E1,-1.678930493984E0,1.359262472499E1));
#876=LINE('',#875,#874);
#877=DIRECTION('',(7.333214535569E-6,1.183214292713E-5,9.999999999031E-1));
#878=VECTOR('',#877,4.050305664457E0);
#879=CARTESIAN_POINT('',(8.079991442903E-1,8.401402512599E0,1.269969433594E1));
#880=LINE('',#879,#878);
#881=DIRECTION('',(1.011576021157E-5,-7.267028384291E-9,-9.999999999488E-1));
#882=VECTOR('',#881,4.805336188799E0);
#883=CARTESIAN_POINT('',(-3.962008366109E0,1.692480008532E1,1.675E1));
#884=LINE('',#883,#882);
#885=DIRECTION('',(0.E0,1.E0,0.E0));
#886=VECTOR('',#885,7.379725475330E0);
#887=CARTESIAN_POINT('',(-3.962008366109E0,1.692480008532E1,1.675E1));
#888=LINE('',#887,#886);
#889=DIRECTION('',(6.560713737624E-6,-9.960995293654E-1,8.823676985794E-2));
#890=VECTOR('',#889,7.408334855793E0);
#891=CARTESIAN_POINT('',(-3.962008360445E0,2.430423891364E1,1.129097627375E1));
#892=LINE('',#891,#890);
#893=DIRECTION('',(5.178854079524E-5,-2.048070257939E-5,-9.999999984492E-1));
#894=VECTOR('',#893,5.623791431041E0);
#895=CARTESIAN_POINT('',(-5.226499174858E0,2.616437131490E1,1.675E1));
#896=LINE('',#895,#894);
#897=DIRECTION('',(-1.037614035811E-9,5.250884189064E-5,9.999999986214E-1));
#898=VECTOR('',#897,5.459023733780E0);
#899=CARTESIAN_POINT('',(-3.962008360445E0,2.430423891364E1,1.129097627375E1));
#900=LINE('',#899,#898);
#901=DIRECTION('',(2.503552920536E-12,1.E0,-3.401208203977E-9));
#902=VECTOR('',#901,1.999999999995E-1);
#903=CARTESIAN_POINT('',(-1.899999999997E0,-9.3E0,7.500000001226E0));
#904=LINE('',#903,#902);
#905=CARTESIAN_POINT('',(-5.149999999996E0,-1.08E1,7.500000000001E0));
#906=DIRECTION('',(0.E0,1.E0,0.E0));
#907=DIRECTION('',(-1.E0,0.E0,-2.512991719480E-10));
#908=AXIS2_PLACEMENT_3D('',#905,#906,#907);
#910=CARTESIAN_POINT('',(-5.149999999996E0,-1.08E1,7.500000000001E0));
#911=DIRECTION('',(0.E0,1.E0,0.E0));
#912=DIRECTION('',(0.E0,0.E0,1.E0));
#913=AXIS2_PLACEMENT_3D('',#910,#911,#912);
#915=CARTESIAN_POINT('',(-5.149999999996E0,-9.299999999999E0,7.500000000001E0));
#916=DIRECTION('',(0.E0,-1.E0,0.E0));
#917=DIRECTION('',(1.E0,0.E0,2.512995623560E-10));
#918=AXIS2_PLACEMENT_3D('',#915,#916,#917);
#920=CARTESIAN_POINT('',(-5.149999999996E0,-9.299999999999E0,7.500000000001E0));
#921=DIRECTION('',(0.E0,-1.E0,0.E0));
#922=DIRECTION('',(0.E0,0.E0,1.E0));
#923=AXIS2_PLACEMENT_3D('',#920,#921,#922);
#925=DIRECTION('',(7.071067811865E-1,-7.071067811865E-1,7.410417713665E-11));
#926=VECTOR('',#925,2.121320343560E0);
#927=CARTESIAN_POINT('',(-8.399999999995E0,-9.299999999999E0,7.499999999184E0));
#928=LINE('',#927,#926);
#929=DIRECTION('',(-1.186352603456E-13,-1.E0,8.729503892232E-11));
#930=VECTOR('',#929,4.2E0);
#931=CARTESIAN_POINT('',(-6.899999999996E0,-1.08E1,7.499999999341E0));
#932=LINE('',#931,#930);
#933=DIRECTION('',(1.192696735026E-13,-1.E0,-1.046623105643E-10));
#934=VECTOR('',#933,4.2E0);
#935=CARTESIAN_POINT('',(-3.399999999997E0,-1.08E1,7.500000000441E0));
#936=LINE('',#935,#934);
#937=CARTESIAN_POINT('',(-5.149999999996E0,-1.08E1,7.500000000001E0));
#938=DIRECTION('',(0.E0,1.E0,0.E0));
#939=DIRECTION('',(1.E0,0.E0,0.E0));
#940=AXIS2_PLACEMENT_3D('',#937,#938,#939);
#942=CARTESIAN_POINT('',(-5.149999999996E0,-1.08E1,7.500000000001E0));
#943=DIRECTION('',(0.E0,1.E0,0.E0));
#944=DIRECTION('',(0.E0,0.E0,-1.E0));
#945=AXIS2_PLACEMENT_3D('',#942,#943,#944);
#947=CARTESIAN_POINT('',(-5.149999999996E0,-9.299999999999E0,7.500000000001E0));
#948=DIRECTION('',(0.E0,-1.E0,0.E0));
#949=DIRECTION('',(-1.E0,0.E0,0.E0));
#950=AXIS2_PLACEMENT_3D('',#947,#948,#949);
#952=CARTESIAN_POINT('',(-5.149999999996E0,-9.299999999999E0,7.500000000001E0));
#953=DIRECTION('',(0.E0,-1.E0,0.E0));
#954=DIRECTION('',(0.E0,0.E0,-1.E0));
#955=AXIS2_PLACEMENT_3D('',#952,#953,#954);
#957=DIRECTION('',(-7.071067811865E-1,-7.071067811865E-1,-3.701201980878E-10));
#958=VECTOR('',#957,2.121320343560E0);
#959=CARTESIAN_POINT('',(-1.899999999997E0,-9.299999999999E0,7.500000001226E0));
#960=LINE('',#959,#958);
#961=DIRECTION('',(-2.486899575167E-12,1.E0,4.085096705363E-9));
#962=VECTOR('',#961,1.999999999995E-1);
#963=CARTESIAN_POINT('',(-8.399999999996E0,-9.3E0,7.499999999184E0));
#964=LINE('',#963,#962);
#965=DIRECTION('',(2.504663143561E-12,1.E0,-3.401212644869E-9));
#966=VECTOR('',#965,1.999999999995E-1);
#967=CARTESIAN_POINT('',(8.100000000003E0,-9.3E0,-7.499999998774E0));
#968=LINE('',#967,#966);
#969=CARTESIAN_POINT('',(4.850000000004E0,-1.08E1,-7.499999999999E0));
#970=DIRECTION('',(0.E0,1.E0,0.E0));
#971=DIRECTION('',(-1.E0,0.E0,-2.512986644175E-10));
#972=AXIS2_PLACEMENT_3D('',#969,#970,#971);
#974=CARTESIAN_POINT('',(4.850000000004E0,-1.08E1,-7.499999999999E0));
#975=DIRECTION('',(0.E0,1.E0,0.E0));
#976=DIRECTION('',(0.E0,0.E0,1.E0));
#977=AXIS2_PLACEMENT_3D('',#974,#975,#976);
#979=CARTESIAN_POINT('',(4.850000000004E0,-9.299999999999E0,-7.499999999999E0));
#980=DIRECTION('',(0.E0,-1.E0,0.E0));
#981=DIRECTION('',(1.E0,0.E0,2.512995623560E-10));
#982=AXIS2_PLACEMENT_3D('',#979,#980,#981);
#984=CARTESIAN_POINT('',(4.850000000004E0,-9.299999999999E0,-7.499999999999E0));
#985=DIRECTION('',(0.E0,-1.E0,0.E0));
#986=DIRECTION('',(0.E0,0.E0,1.E0));
#987=AXIS2_PLACEMENT_3D('',#984,#985,#986);
#989=DIRECTION('',(7.071067811865E-1,-7.071067811865E-1,7.410459582797E-11));
#990=VECTOR('',#989,2.121320343560E0);
#991=CARTESIAN_POINT('',(1.600000000005E0,-9.299999999999E0,-7.500000000816E0));
#992=LINE('',#991,#990);
#993=DIRECTION('',(-1.190582024503E-13,-1.E0,8.729503892232E-11));
#994=VECTOR('',#993,4.2E0);
#995=CARTESIAN_POINT('',(3.100000000005E0,-1.08E1,-7.500000000659E0));
#996=LINE('',#995,#994);
#997=DIRECTION('',(1.190582024503E-13,-1.E0,-1.046620990932E-10));
#998=VECTOR('',#997,4.2E0);
#999=CARTESIAN_POINT('',(6.600000000003E0,-1.08E1,-7.499999999559E0));
#1000=LINE('',#999,#998);
#1001=CARTESIAN_POINT('',(4.850000000004E0,-1.08E1,-7.499999999999E0));
#1002=DIRECTION('',(0.E0,1.E0,0.E0));
#1003=DIRECTION('',(1.E0,0.E0,0.E0));
#1004=AXIS2_PLACEMENT_3D('',#1001,#1002,#1003);
#1006=CARTESIAN_POINT('',(4.850000000004E0,-1.08E1,-7.499999999999E0));
#1007=DIRECTION('',(0.E0,1.E0,0.E0));
#1008=DIRECTION('',(0.E0,0.E0,-1.E0));
#1009=AXIS2_PLACEMENT_3D('',#1006,#1007,#1008);
#1011=CARTESIAN_POINT('',(4.850000000004E0,-9.299999999999E0,
-7.499999999999E0));
#1012=DIRECTION('',(0.E0,-1.E0,0.E0));
#1013=DIRECTION('',(-1.E0,0.E0,0.E0));
#1014=AXIS2_PLACEMENT_3D('',#1011,#1012,#1013);
#1016=CARTESIAN_POINT('',(4.850000000004E0,-9.299999999999E0,
-7.499999999999E0));
#1017=DIRECTION('',(0.E0,-1.E0,0.E0));
#1018=DIRECTION('',(0.E0,0.E0,-1.E0));
#1019=AXIS2_PLACEMENT_3D('',#1016,#1017,#1018);
#1021=DIRECTION('',(-7.071067811865E-1,-7.071067811865E-1,-3.701201980878E-10));
#1022=VECTOR('',#1021,2.121320343560E0);
#1023=CARTESIAN_POINT('',(8.100000000004E0,-9.299999999999E0,
-7.499999998774E0));
#1024=LINE('',#1023,#1022);
#1025=DIRECTION('',(-2.501332474487E-12,1.E0,4.085105587147E-9));
#1026=VECTOR('',#1025,1.999999999995E-1);
#1027=CARTESIAN_POINT('',(1.600000000005E0,-9.3E0,-7.500000000816E0));
#1028=LINE('',#1027,#1026);
#1029=DIRECTION('',(2.504663143561E-12,1.E0,-3.401199322192E-9));
#1030=VECTOR('',#1029,1.999999999995E-1);
#1031=CARTESIAN_POINT('',(-1.899999999997E0,-9.3E0,-7.499999998774E0));
#1032=LINE('',#1031,#1030);
#1033=CARTESIAN_POINT('',(-5.149999999996E0,-1.08E1,-7.499999999999E0));
#1034=DIRECTION('',(0.E0,1.E0,0.E0));
#1035=DIRECTION('',(-1.E0,0.E0,-2.512991719480E-10));
#1036=AXIS2_PLACEMENT_3D('',#1033,#1034,#1035);
#1038=CARTESIAN_POINT('',(-5.149999999996E0,-1.08E1,-7.499999999999E0));
#1039=DIRECTION('',(0.E0,1.E0,0.E0));
#1040=DIRECTION('',(0.E0,0.E0,1.E0));
#1041=AXIS2_PLACEMENT_3D('',#1038,#1039,#1040);
#1043=CARTESIAN_POINT('',(-5.149999999996E0,-9.299999999999E0,
-7.499999999999E0));
#1044=DIRECTION('',(0.E0,-1.E0,0.E0));
#1045=DIRECTION('',(1.E0,0.E0,2.512995623560E-10));
#1046=AXIS2_PLACEMENT_3D('',#1043,#1044,#1045);
#1048=CARTESIAN_POINT('',(-5.149999999996E0,-9.299999999999E0,
-7.499999999999E0));
#1049=DIRECTION('',(0.E0,-1.E0,0.E0));
#1050=DIRECTION('',(0.E0,0.E0,1.E0));
#1051=AXIS2_PLACEMENT_3D('',#1048,#1049,#1050);
#1053=DIRECTION('',(7.071067811865E-1,-7.071067811865E-1,7.410417713665E-11));
#1054=VECTOR('',#1053,2.121320343560E0);
#1055=CARTESIAN_POINT('',(-8.399999999995E0,-9.299999999999E0,
-7.500000000816E0));
#1056=LINE('',#1055,#1054);
#1057=DIRECTION('',(-1.186352603456E-13,-1.E0,8.729482745127E-11));
#1058=VECTOR('',#1057,4.2E0);
#1059=CARTESIAN_POINT('',(-6.899999999996E0,-1.08E1,-7.500000000659E0));
#1060=LINE('',#1059,#1058);
#1061=DIRECTION('',(1.192696735026E-13,-1.E0,-1.046620990932E-10));
#1062=VECTOR('',#1061,4.2E0);
#1063=CARTESIAN_POINT('',(-3.399999999997E0,-1.08E1,-7.499999999559E0));
#1064=LINE('',#1063,#1062);
#1065=CARTESIAN_POINT('',(-5.149999999996E0,-1.08E1,-7.499999999999E0));
#1066=DIRECTION('',(0.E0,1.E0,0.E0));
#1067=DIRECTION('',(1.E0,0.E0,0.E0));
#1068=AXIS2_PLACEMENT_3D('',#1065,#1066,#1067);
#1070=CARTESIAN_POINT('',(-5.149999999996E0,-1.08E1,-7.499999999999E0));
#1071=DIRECTION('',(0.E0,1.E0,0.E0));
#1072=DIRECTION('',(0.E0,0.E0,-1.E0));
#1073=AXIS2_PLACEMENT_3D('',#1070,#1071,#1072);
#1075=CARTESIAN_POINT('',(-5.149999999996E0,-9.299999999999E0,
-7.499999999999E0));
#1076=DIRECTION('',(0.E0,-1.E0,0.E0));
#1077=DIRECTION('',(-1.E0,0.E0,0.E0));
#1078=AXIS2_PLACEMENT_3D('',#1075,#1076,#1077);
#1080=CARTESIAN_POINT('',(-5.149999999996E0,-9.299999999999E0,
-7.499999999999E0));
#1081=DIRECTION('',(0.E0,-1.E0,0.E0));
#1082=DIRECTION('',(0.E0,0.E0,-1.E0));
#1083=AXIS2_PLACEMENT_3D('',#1080,#1081,#1082);
#1085=DIRECTION('',(-7.071067811865E-1,-7.071067811865E-1,-3.701201980878E-10));
#1086=VECTOR('',#1085,2.121320343560E0);
#1087=CARTESIAN_POINT('',(-1.899999999997E0,-9.299999999999E0,
-7.499999998774E0));
#1088=LINE('',#1087,#1086);
#1089=DIRECTION('',(-2.486899575167E-12,1.E0,4.085101146255E-9));
#1090=VECTOR('',#1089,1.999999999995E-1);
#1091=CARTESIAN_POINT('',(-8.399999999996E0,-9.3E0,-7.500000000816E0));
#1092=LINE('',#1091,#1090);
#1093=DIRECTION('',(2.504663143561E-12,1.E0,-3.401221526653E-9));
#1094=VECTOR('',#1093,1.999999999995E-1);
#1095=CARTESIAN_POINT('',(8.100000000003E0,-9.3E0,7.500000001226E0));
#1096=LINE('',#1095,#1094);
#1097=CARTESIAN_POINT('',(4.850000000004E0,-1.08E1,7.500000000001E0));
#1098=DIRECTION('',(0.E0,1.E0,0.E0));
#1099=DIRECTION('',(-1.E0,0.E0,-2.512991719480E-10));
#1100=AXIS2_PLACEMENT_3D('',#1097,#1098,#1099);
#1102=CARTESIAN_POINT('',(4.850000000004E0,-1.08E1,7.500000000001E0));
#1103=DIRECTION('',(0.E0,1.E0,0.E0));
#1104=DIRECTION('',(0.E0,0.E0,1.E0));
#1105=AXIS2_PLACEMENT_3D('',#1102,#1103,#1104);
#1107=CARTESIAN_POINT('',(4.850000000004E0,-9.299999999999E0,7.500000000001E0));
#1108=DIRECTION('',(0.E0,-1.E0,0.E0));
#1109=DIRECTION('',(1.E0,0.E0,2.512995623560E-10));
#1110=AXIS2_PLACEMENT_3D('',#1107,#1108,#1109);
#1112=CARTESIAN_POINT('',(4.850000000004E0,-9.299999999999E0,7.500000000001E0));
#1113=DIRECTION('',(0.E0,-1.E0,0.E0));
#1114=DIRECTION('',(0.E0,0.E0,1.E0));
#1115=AXIS2_PLACEMENT_3D('',#1112,#1113,#1114);
#1117=DIRECTION('',(7.071067811865E-1,-7.071067811865E-1,7.410417713665E-11));
#1118=VECTOR('',#1117,2.121320343560E0);
#1119=CARTESIAN_POINT('',(1.600000000005E0,-9.299999999999E0,7.499999999184E0));
#1120=LINE('',#1119,#1118);
#1121=DIRECTION('',(-1.190582024503E-13,-1.E0,8.729503892232E-11));
#1122=VECTOR('',#1121,4.2E0);
#1123=CARTESIAN_POINT('',(3.100000000005E0,-1.08E1,7.499999999341E0));
#1124=LINE('',#1123,#1122);
#1125=DIRECTION('',(1.190582024503E-13,-1.E0,-1.046623105643E-10));
#1126=VECTOR('',#1125,4.2E0);
#1127=CARTESIAN_POINT('',(6.600000000003E0,-1.08E1,7.500000000441E0));
#1128=LINE('',#1127,#1126);
#1129=CARTESIAN_POINT('',(4.850000000004E0,-1.08E1,7.500000000001E0));
#1130=DIRECTION('',(0.E0,1.E0,0.E0));
#1131=DIRECTION('',(1.E0,0.E0,0.E0));
#1132=AXIS2_PLACEMENT_3D('',#1129,#1130,#1131);
#1134=CARTESIAN_POINT('',(4.850000000004E0,-1.08E1,7.500000000001E0));
#1135=DIRECTION('',(0.E0,1.E0,0.E0));
#1136=DIRECTION('',(0.E0,0.E0,-1.E0));
#1137=AXIS2_PLACEMENT_3D('',#1134,#1135,#1136);
#1139=CARTESIAN_POINT('',(4.850000000004E0,-9.299999999999E0,7.500000000001E0));
#1140=DIRECTION('',(0.E0,-1.E0,0.E0));
#1141=DIRECTION('',(-1.E0,0.E0,0.E0));
#1142=AXIS2_PLACEMENT_3D('',#1139,#1140,#1141);
#1144=CARTESIAN_POINT('',(4.850000000004E0,-9.299999999999E0,7.500000000001E0));
#1145=DIRECTION('',(0.E0,-1.E0,0.E0));
#1146=DIRECTION('',(0.E0,0.E0,-1.E0));
#1147=AXIS2_PLACEMENT_3D('',#1144,#1145,#1146);
#1149=DIRECTION('',(-7.071067811865E-1,-7.071067811865E-1,-3.701201980878E-10));
#1150=VECTOR('',#1149,2.121320343560E0);
#1151=CARTESIAN_POINT('',(8.100000000004E0,-9.299999999999E0,7.500000001226E0));
#1152=LINE('',#1151,#1150);
#1153=DIRECTION('',(-2.501332474487E-12,1.E0,4.085096705363E-9));
#1154=VECTOR('',#1153,1.999999999995E-1);
#1155=CARTESIAN_POINT('',(1.600000000005E0,-9.3E0,7.499999999184E0));
#1156=LINE('',#1155,#1154);
#1157=DIRECTION('',(0.E0,-3.201897237072E-14,-1.E0));
#1158=VECTOR('',#1157,3.009695546181E0);
#1159=CARTESIAN_POINT('',(-9.132882064959E0,-3.346077972602E0,1.675E1));
#1160=LINE('',#1159,#1158);
#1161=DIRECTION('',(1.097017202974E-12,8.951902811010E-13,-1.E0));
#1162=VECTOR('',#1161,2.930861859411E0);
#1163=CARTESIAN_POINT('',(-1.019348162094E1,-4.236026668854E0,1.675E1));
#1164=LINE('',#1163,#1162);
#1165=DIRECTION('',(3.818347170573E-14,0.E0,1.E0));
#1166=VECTOR('',#1165,2.930861859411E0);
#1167=CARTESIAN_POINT('',(-8.072282508976E0,-4.236026668854E0,
1.381913814059E1));
#1168=LINE('',#1167,#1166);
#1169=DIRECTION('',(0.E0,3.216652523879E-14,1.E0));
#1170=VECTOR('',#1169,3.009695546181E0);
#1171=CARTESIAN_POINT('',(1.086711793504E1,-3.346077972603E0,1.374030445382E1));
#1172=LINE('',#1171,#1170);
#1173=DIRECTION('',(5.842677257829E-13,4.648686158460E-13,-1.E0));
#1174=VECTOR('',#1173,2.930861859411E0);
#1175=CARTESIAN_POINT('',(9.806518379057E0,-4.236026668854E0,1.675E1));
#1176=LINE('',#1175,#1174);
#1177=DIRECTION('',(1.772804043480E-12,-1.463093661867E-12,1.E0));
#1178=VECTOR('',#1177,2.930861859411E0);
#1179=CARTESIAN_POINT('',(1.192771749102E1,-4.236026668854E0,1.381913814059E1));
#1180=LINE('',#1179,#1178);
#1181=DIRECTION('',(0.E0,0.E0,1.E0));
#1182=VECTOR('',#1181,4.249847500380E0);
#1183=CARTESIAN_POINT('',(-9.132882064960E0,1.065392202740E1,1.250015249962E1));
#1184=LINE('',#1183,#1182);
#1185=DIRECTION('',(7.597722623574E-13,6.507466462343E-13,-1.E0));
#1186=VECTOR('',#1185,4.171013813610E0);
#1187=CARTESIAN_POINT('',(-1.019348162094E1,9.763973331150E0,1.675E1));
#1188=LINE('',#1187,#1186);
#1189=DIRECTION('',(2.895992928268E-14,-3.790343685528E-14,1.E0));
#1190=VECTOR('',#1189,4.171013813609E0);
#1191=CARTESIAN_POINT('',(-8.072282508976E0,9.763973331146E0,1.257898618639E1));
#1192=LINE('',#1191,#1190);
#1193=CARTESIAN_POINT('',(1.45E1,-1.5E1,1.675E1));
#1194=CARTESIAN_POINT('',(-1.45E1,-1.5E1,1.675E1));
#1195=VERTEX_POINT('',#1193);
#1196=VERTEX_POINT('',#1194);
#1197=CARTESIAN_POINT('',(1.45E1,-1.5E1,-1.675E1));
#1198=VERTEX_POINT('',#1197);
#1199=CARTESIAN_POINT('',(-1.45E1,-1.5E1,-1.675E1));
#1200=VERTEX_POINT('',#1199);
#1201=CARTESIAN_POINT('',(6.600000000004E0,-1.5E1,7.500000000001E0));
#1202=CARTESIAN_POINT('',(3.100000000004E0,-1.5E1,7.500000000001E0));
#1203=VERTEX_POINT('',#1201);
#1204=VERTEX_POINT('',#1202);
#1205=CARTESIAN_POINT('',(-3.399999999996E0,-1.5E1,7.500000000001E0));
#1206=CARTESIAN_POINT('',(-6.899999999996E0,-1.5E1,7.500000000001E0));
#1207=VERTEX_POINT('',#1205);
#1208=VERTEX_POINT('',#1206);
#1209=CARTESIAN_POINT('',(-3.399999999996E0,-1.5E1,-7.499999999999E0));
#1210=CARTESIAN_POINT('',(-6.899999999996E0,-1.5E1,-7.499999999999E0));
#1211=VERTEX_POINT('',#1209);
#1212=VERTEX_POINT('',#1210);
#1213=CARTESIAN_POINT('',(6.600000000004E0,-1.5E1,-7.499999999999E0));
#1214=CARTESIAN_POINT('',(3.100000000004E0,-1.5E1,-7.499999999999E0));
#1215=VERTEX_POINT('',#1213);
#1216=VERTEX_POINT('',#1214);
#1217=CARTESIAN_POINT('',(-1.083564267560E1,2.506773900560E1,1.675E1));
#1218=CARTESIAN_POINT('',(-6.913301026424E0,2.683144720699E1,1.675E1));
#1219=VERTEX_POINT('',#1217);
#1220=VERTEX_POINT('',#1218);
#1221=CARTESIAN_POINT('',(-5.226499174858E0,2.616437131490E1,1.675E1));
#1222=VERTEX_POINT('',#1221);
#1223=CARTESIAN_POINT('',(-3.962008366109E0,2.430452556065E1,1.675E1));
#1224=VERTEX_POINT('',#1223);
#1225=CARTESIAN_POINT('',(-3.962008366109E0,1.692480008532E1,1.675E1));
#1226=VERTEX_POINT('',#1225);
#1227=CARTESIAN_POINT('',(8.080288460675E-1,8.401450436386E0,1.675E1));
#1228=VERTEX_POINT('',#1227);
#1229=CARTESIAN_POINT('',(1.306898883635E1,8.780744006954E-1,1.675E1));
#1230=VERTEX_POINT('',#1229);
#1231=CARTESIAN_POINT('',(1.45E1,-1.678930493984E0,1.675E1));
#1232=VERTEX_POINT('',#1231);
#1233=CARTESIAN_POINT('',(-1.45E1,4.420381157492E0,1.675E1));
#1234=VERTEX_POINT('',#1233);
#1235=CARTESIAN_POINT('',(-1.088155724717E1,2.494158975700E1,1.675E1));
#1236=VERTEX_POINT('',#1235);
#1237=CARTESIAN_POINT('',(-8.072282508976E0,-4.236026668854E0,1.675E1));
#1238=CARTESIAN_POINT('',(-9.132882064959E0,-3.346077972602E0,1.675E1));
#1239=VERTEX_POINT('',#1237);
#1240=VERTEX_POINT('',#1238);
#1241=CARTESIAN_POINT('',(-1.019348162094E1,-4.236026668854E0,1.675E1));
#1242=VERTEX_POINT('',#1241);
#1243=CARTESIAN_POINT('',(-7.482882064959E0,-5.5E0,1.675E1));
#1244=VERTEX_POINT('',#1243);
#1245=CARTESIAN_POINT('',(-1.078288206496E1,-5.5E0,1.675E1));
#1246=VERTEX_POINT('',#1245);
#1247=CARTESIAN_POINT('',(1.192771749103E1,-4.236026668858E0,1.675E1));
#1248=CARTESIAN_POINT('',(1.086711793504E1,-3.346077972603E0,1.675E1));
#1249=VERTEX_POINT('',#1247);
#1250=VERTEX_POINT('',#1248);
#1251=CARTESIAN_POINT('',(9.806518379057E0,-4.236026668854E0,1.675E1));
#1252=VERTEX_POINT('',#1251);
#1253=CARTESIAN_POINT('',(1.251711793504E1,-5.5E0,1.675E1));
#1254=VERTEX_POINT('',#1253);
#1255=CARTESIAN_POINT('',(9.217117935040E0,-5.5E0,1.675E1));
#1256=VERTEX_POINT('',#1255);
#1257=CARTESIAN_POINT('',(-8.072282508976E0,9.763973331146E0,1.675E1));
#1258=CARTESIAN_POINT('',(-9.132882064960E0,1.065392202740E1,1.675E1));
#1259=VERTEX_POINT('',#1257);
#1260=VERTEX_POINT('',#1258);
#1261=CARTESIAN_POINT('',(-1.019348162094E1,9.763973331150E0,1.675E1));
#1262=VERTEX_POINT('',#1261);
#1263=CARTESIAN_POINT('',(-7.482882064959E0,8.5E0,1.675E1));
#1264=VERTEX_POINT('',#1263);
#1265=CARTESIAN_POINT('',(-1.078288206496E1,8.5E0,1.675E1));
#1266=VERTEX_POINT('',#1265);
#1267=CARTESIAN_POINT('',(-8.072282508976E0,9.763973331146E0,1.257898618639E1));
#1268=VERTEX_POINT('',#1267);
#1269=CARTESIAN_POINT('',(-9.132882064960E0,1.065392202740E1,1.250015249962E1));
#1270=VERTEX_POINT('',#1269);
#1271=CARTESIAN_POINT('',(-9.132882064960E0,1.065392202740E1,-1.675E1));
#1272=CARTESIAN_POINT('',(-9.132882064960E0,1.065392202740E1,
-1.250015249962E1));
#1273=VERTEX_POINT('',#1271);
#1274=VERTEX_POINT('',#1272);
#1275=CARTESIAN_POINT('',(-8.072282508976E0,9.763973331146E0,
-1.257898618639E1));
#1276=VERTEX_POINT('',#1275);
#1277=CARTESIAN_POINT('',(-8.072282508976E0,9.763973331146E0,-1.675E1));
#1278=VERTEX_POINT('',#1277);
#1279=CARTESIAN_POINT('',(-1.019348162094E1,9.763973331153E0,1.257898618639E1));
#1280=VERTEX_POINT('',#1279);
#1281=VERTEX_POINT('',#424);
#1282=VERTEX_POINT('',#408);
#1283=VERTEX_POINT('',#857);
#1284=VERTEX_POINT('',#863);
#1285=VERTEX_POINT('',#841);
#1286=CARTESIAN_POINT('',(-1.019348162094E1,9.763973331150E0,-1.675E1));
#1287=VERTEX_POINT('',#1286);
#1288=CARTESIAN_POINT('',(-1.078288206496E1,8.5E0,-1.675E1));
#1289=VERTEX_POINT('',#1288);
#1290=CARTESIAN_POINT('',(-7.482882064959E0,8.5E0,-1.675E1));
#1291=VERTEX_POINT('',#1290);
#1292=VERTEX_POINT('',#155);
#1293=VERTEX_POINT('',#159);
#1294=VERTEX_POINT('',#197);
#1295=CARTESIAN_POINT('',(-9.945727421027E0,1.5E1,1.211516699313E1));
#1296=VERTEX_POINT('',#1295);
#1297=VERTEX_POINT('',#265);
#1298=VERTEX_POINT('',#270);
#1299=VERTEX_POINT('',#452);
#1300=VERTEX_POINT('',#445);
#1301=VERTEX_POINT('',#275);
#1302=VERTEX_POINT('',#280);
#1303=CARTESIAN_POINT('',(1.45E1,-9.1E0,1.425E1));
#1304=VERTEX_POINT('',#1303);
#1305=CARTESIAN_POINT('',(1.45E1,-1.678930493984E0,1.359262472499E1));
#1306=VERTEX_POINT('',#1305);
#1307=VERTEX_POINT('',#286);
#1308=CARTESIAN_POINT('',(8.079991442903E-1,8.401402512599E0,1.269969433594E1));
#1309=VERTEX_POINT('',#1308);
#1310=VERTEX_POINT('',#301);
#1311=CARTESIAN_POINT('',(-3.962008360445E0,2.430423891364E1,1.129097627375E1));
#1312=VERTEX_POINT('',#1311);
#1313=VERTEX_POINT('',#310);
#1314=CARTESIAN_POINT('',(-1.019348162094E1,-4.236026668851E0,
1.381913814059E1));
#1315=CARTESIAN_POINT('',(-9.132882064959E0,-3.346077972602E0,
1.374030445382E1));
#1316=VERTEX_POINT('',#1314);
#1317=VERTEX_POINT('',#1315);
#1318=CARTESIAN_POINT('',(-8.072282508976E0,-4.236026668854E0,
1.381913814059E1));
#1319=VERTEX_POINT('',#1318);
#1320=VERTEX_POINT('',#348);
#1321=VERTEX_POINT('',#332);
#1322=CARTESIAN_POINT('',(1.086711793504E1,-3.346077972603E0,1.374030445382E1));
#1323=CARTESIAN_POINT('',(1.192771749102E1,-4.236026668854E0,1.381913814059E1));
#1324=VERTEX_POINT('',#1322);
#1325=VERTEX_POINT('',#1323);
#1326=VERTEX_POINT('',#384);
#1327=VERTEX_POINT('',#390);
#1328=VERTEX_POINT('',#368);
#1329=CARTESIAN_POINT('',(-1.019348162094E1,-4.236026668851E0,
-1.381913814059E1));
#1330=CARTESIAN_POINT('',(-1.019348162094E1,-4.236026668854E0,-1.675E1));
#1331=VERTEX_POINT('',#1329);
#1332=VERTEX_POINT('',#1330);
#1333=CARTESIAN_POINT('',(-9.132882064959E0,-3.346077972602E0,
-1.374030445382E1));
#1334=VERTEX_POINT('',#1333);
#1335=CARTESIAN_POINT('',(-9.132882064959E0,-3.346077972602E0,-1.675E1));
#1336=VERTEX_POINT('',#1335);
#1337=CARTESIAN_POINT('',(-8.072282508976E0,-4.236026668854E0,
-1.381913814059E1));
#1338=VERTEX_POINT('',#1337);
#1339=CARTESIAN_POINT('',(-8.072282508976E0,-4.236026668854E0,-1.675E1));
#1340=VERTEX_POINT('',#1339);
#1341=VERTEX_POINT('',#765);
#1342=VERTEX_POINT('',#749);
#1343=CARTESIAN_POINT('',(-1.078288206496E1,-5.5E0,-1.675E1));
#1344=VERTEX_POINT('',#1343);
#1345=CARTESIAN_POINT('',(-7.482882064959E0,-5.5E0,-1.675E1));
#1346=VERTEX_POINT('',#1345);
#1347=CARTESIAN_POINT('',(-8.357594001943E0,2.616755944666E1,
-1.112591908804E1));
#1348=CARTESIAN_POINT('',(-9.945727421027E0,1.5E1,-1.211516699313E1));
#1349=VERTEX_POINT('',#1347);
#1350=VERTEX_POINT('',#1348);
#1351=VERTEX_POINT('',#183);
#1352=VERTEX_POINT('',#173);
#1353=CARTESIAN_POINT('',(-5.226207946482E0,2.616425614344E1,
-1.112620857698E1));
#1354=VERTEX_POINT('',#1353);
#1355=VERTEX_POINT('',#214);
#1356=CARTESIAN_POINT('',(-3.961959756578E0,1.692480005040E1,
-1.194466381145E1));
#1357=VERTEX_POINT('',#1356);
#1358=VERTEX_POINT('',#225);
#1359=CARTESIAN_POINT('',(1.306898883634E1,8.780744006984E-1,
-1.336611939521E1));
#1360=VERTEX_POINT('',#1359);
#1361=VERTEX_POINT('',#553);
#1362=CARTESIAN_POINT('',(1.45E1,-9.1E0,-1.425E1));
#1363=VERTEX_POINT('',#1362);
#1364=CARTESIAN_POINT('',(-1.231690467334E1,-9.1E0,-1.425E1));
#1365=VERTEX_POINT('',#1364);
#1366=VERTEX_POINT('',#472);
#1367=VERTEX_POINT('',#463);
#1368=VERTEX_POINT('',#238);
#1369=VERTEX_POINT('',#243);
#1370=VERTEX_POINT('',#436);
#1371=CARTESIAN_POINT('',(1.086711793504E1,-3.346077972603E0,
-1.374030445382E1));
#1372=CARTESIAN_POINT('',(1.192771749102E1,-4.236026668854E0,
-1.381913814059E1));
#1373=VERTEX_POINT('',#1371);
#1374=VERTEX_POINT('',#1372);
#1375=CARTESIAN_POINT('',(9.806518379059E0,-4.236026668853E0,
-1.381913814059E1));
#1376=VERTEX_POINT('',#1375);
#1377=CARTESIAN_POINT('',(1.086711793504E1,-3.346077972603E0,-1.675E1));
#1378=VERTEX_POINT('',#1377);
#1379=CARTESIAN_POINT('',(1.192771749103E1,-4.236026668857E0,-1.675E1));
#1380=VERTEX_POINT('',#1379);
#1381=CARTESIAN_POINT('',(9.806518379057E0,-4.236026668854E0,-1.675E1));
#1382=VERTEX_POINT('',#1381);
#1383=CARTESIAN_POINT('',(9.217117935040E0,-5.5E0,-1.675E1));
#1384=VERTEX_POINT('',#1383);
#1385=CARTESIAN_POINT('',(1.251711793504E1,-5.5E0,-1.675E1));
#1386=VERTEX_POINT('',#1385);
#1387=CARTESIAN_POINT('',(-6.913301026422E0,2.683144720699E1,-1.675E1));
#1388=CARTESIAN_POINT('',(-1.083564267560E1,2.506773900561E1,-1.675E1));
#1389=VERTEX_POINT('',#1387);
#1390=VERTEX_POINT('',#1388);
#1391=CARTESIAN_POINT('',(-1.088155724716E1,2.494158975702E1,-1.675E1));
#1392=VERTEX_POINT('',#1391);
#1393=CARTESIAN_POINT('',(-1.45E1,4.420381157492E0,-1.675E1));
#1394=VERTEX_POINT('',#1393);
#1395=CARTESIAN_POINT('',(1.45E1,-1.678930493984E0,-1.675E1));
#1396=VERTEX_POINT('',#1395);
#1397=CARTESIAN_POINT('',(1.306898883635E1,8.780744006954E-1,-1.675E1));
#1398=VERTEX_POINT('',#1397);
#1399=CARTESIAN_POINT('',(8.080288460508E-1,8.401450436395E0,-1.675E1));
#1400=VERTEX_POINT('',#1399);
#1401=CARTESIAN_POINT('',(-3.962008366109E0,1.692480008532E1,-1.675E1));
#1402=VERTEX_POINT('',#1401);
#1403=CARTESIAN_POINT('',(-3.962008366109E0,2.430452556065E1,-1.675E1));
#1404=VERTEX_POINT('',#1403);
#1405=CARTESIAN_POINT('',(-5.226499174861E0,2.616437131490E1,-1.675E1));
#1406=VERTEX_POINT('',#1405);
#1407=CARTESIAN_POINT('',(-8.399999999996E0,-9.1E0,7.500000000001E0));
#1408=CARTESIAN_POINT('',(-1.899999999996E0,-9.1E0,7.500000000001E0));
#1409=VERTEX_POINT('',#1407);
#1410=VERTEX_POINT('',#1408);
#1411=CARTESIAN_POINT('',(1.600000000004E0,-9.1E0,-7.499999999999E0));
#1412=CARTESIAN_POINT('',(8.100000000004E0,-9.1E0,-7.499999999999E0));
#1413=VERTEX_POINT('',#1411);
#1414=VERTEX_POINT('',#1412);
#1415=CARTESIAN_POINT('',(-8.399999999996E0,-9.1E0,-7.499999999999E0));
#1416=CARTESIAN_POINT('',(-1.899999999996E0,-9.1E0,-7.499999999999E0));
#1417=VERTEX_POINT('',#1415);
#1418=VERTEX_POINT('',#1416);
#1419=CARTESIAN_POINT('',(1.600000000004E0,-9.1E0,7.500000000001E0));
#1420=CARTESIAN_POINT('',(8.100000000004E0,-9.1E0,7.500000000001E0));
#1421=VERTEX_POINT('',#1419);
#1422=VERTEX_POINT('',#1420);
#1423=CARTESIAN_POINT('',(4.850000000004E0,-9.299999999999E0,1.075E1));
#1424=CARTESIAN_POINT('',(1.600000000005E0,-9.299999999999E0,7.500000000001E0));
#1425=VERTEX_POINT('',#1423);
#1426=VERTEX_POINT('',#1424);
#1427=CARTESIAN_POINT('',(8.100000000003E0,-9.299999999999E0,7.500000000818E0));
#1428=VERTEX_POINT('',#1427);
#1429=CARTESIAN_POINT('',(3.100000000005E0,-1.08E1,7.499999999561E0));
#1430=CARTESIAN_POINT('',(4.850000000004E0,-1.08E1,9.25E0));
#1431=VERTEX_POINT('',#1429);
#1432=VERTEX_POINT('',#1430);
#1433=CARTESIAN_POINT('',(6.600000000003E0,-1.08E1,7.500000000001E0));
#1434=VERTEX_POINT('',#1433);
#1435=CARTESIAN_POINT('',(4.850000000004E0,-1.08E1,5.750000000002E0));
#1436=VERTEX_POINT('',#1435);
#1437=CARTESIAN_POINT('',(4.850000000004E0,-9.299999999999E0,4.250000000002E0));
#1438=VERTEX_POINT('',#1437);
#1439=CARTESIAN_POINT('',(-5.149999999996E0,-9.299999999999E0,1.075E1));
#1440=CARTESIAN_POINT('',(-8.399999999995E0,-9.299999999999E0,
7.500000000001E0));
#1441=VERTEX_POINT('',#1439);
#1442=VERTEX_POINT('',#1440);
#1443=CARTESIAN_POINT('',(-1.899999999997E0,-9.299999999999E0,
7.500000000818E0));
#1444=VERTEX_POINT('',#1443);
#1445=CARTESIAN_POINT('',(-6.899999999995E0,-1.08E1,7.499999999561E0));
#1446=CARTESIAN_POINT('',(-5.149999999996E0,-1.08E1,9.25E0));
#1447=VERTEX_POINT('',#1445);
#1448=VERTEX_POINT('',#1446);
#1449=CARTESIAN_POINT('',(-3.399999999997E0,-1.08E1,7.500000000001E0));
#1450=VERTEX_POINT('',#1449);
#1451=CARTESIAN_POINT('',(-5.149999999996E0,-1.08E1,5.750000000002E0));
#1452=VERTEX_POINT('',#1451);
#1453=CARTESIAN_POINT('',(-5.149999999996E0,-9.299999999999E0,
4.250000000002E0));
#1454=VERTEX_POINT('',#1453);
#1455=CARTESIAN_POINT('',(4.850000000004E0,-9.299999999999E0,-4.25E0));
#1456=CARTESIAN_POINT('',(1.600000000005E0,-9.299999999999E0,
-7.499999999999E0));
#1457=VERTEX_POINT('',#1455);
#1458=VERTEX_POINT('',#1456);
#1459=CARTESIAN_POINT('',(8.100000000003E0,-9.299999999999E0,
-7.499999999182E0));
#1460=VERTEX_POINT('',#1459);
#1461=CARTESIAN_POINT('',(3.100000000005E0,-1.08E1,-7.500000000439E0));
#1462=CARTESIAN_POINT('',(4.850000000004E0,-1.08E1,-5.75E0));
#1463=VERTEX_POINT('',#1461);
#1464=VERTEX_POINT('',#1462);
#1465=CARTESIAN_POINT('',(6.600000000003E0,-1.08E1,-7.499999999999E0));
#1466=VERTEX_POINT('',#1465);
#1467=CARTESIAN_POINT('',(4.850000000004E0,-1.08E1,-9.249999999998E0));
#1468=VERTEX_POINT('',#1467);
#1469=CARTESIAN_POINT('',(4.850000000004E0,-9.299999999999E0,-1.075E1));
#1470=VERTEX_POINT('',#1469);
#1471=CARTESIAN_POINT('',(-5.149999999996E0,-9.299999999999E0,-4.25E0));
#1472=CARTESIAN_POINT('',(-8.399999999995E0,-9.299999999999E0,
-7.499999999999E0));
#1473=VERTEX_POINT('',#1471);
#1474=VERTEX_POINT('',#1472);
#1475=CARTESIAN_POINT('',(-1.899999999997E0,-9.299999999999E0,
-7.499999999182E0));
#1476=VERTEX_POINT('',#1475);
#1477=CARTESIAN_POINT('',(-6.899999999995E0,-1.08E1,-7.500000000439E0));
#1478=CARTESIAN_POINT('',(-5.149999999996E0,-1.08E1,-5.75E0));
#1479=VERTEX_POINT('',#1477);
#1480=VERTEX_POINT('',#1478);
#1481=CARTESIAN_POINT('',(-3.399999999997E0,-1.08E1,-7.499999999999E0));
#1482=VERTEX_POINT('',#1481);
#1483=CARTESIAN_POINT('',(-5.149999999996E0,-1.08E1,-9.249999999998E0));
#1484=VERTEX_POINT('',#1483);
#1485=CARTESIAN_POINT('',(-5.149999999996E0,-9.299999999999E0,-1.075E1));
#1486=VERTEX_POINT('',#1485);
#1487=CARTESIAN_POINT('',(0.E0,-1.5E1,0.E0));
#1488=DIRECTION('',(0.E0,1.E0,0.E0));
#1489=DIRECTION('',(1.E0,0.E0,0.E0));
#1490=AXIS2_PLACEMENT_3D('',#1487,#1488,#1489);
#1491=PLANE('',#1490);
#1493=ORIENTED_EDGE('',*,*,#1492,.F.);
#1495=ORIENTED_EDGE('',*,*,#1494,.F.);
#1497=ORIENTED_EDGE('',*,*,#1496,.F.);
#1499=ORIENTED_EDGE('',*,*,#1498,.F.);
#1500=EDGE_LOOP('',(#1493,#1495,#1497,#1499));
#1501=FACE_OUTER_BOUND('',#1500,.F.);
#1503=ORIENTED_EDGE('',*,*,#1502,.T.);
#1505=ORIENTED_EDGE('',*,*,#1504,.T.);
#1506=EDGE_LOOP('',(#1503,#1505));
#1507=FACE_BOUND('',#1506,.F.);
#1509=ORIENTED_EDGE('',*,*,#1508,.T.);
#1511=ORIENTED_EDGE('',*,*,#1510,.T.);
#1512=EDGE_LOOP('',(#1509,#1511));
#1513=FACE_BOUND('',#1512,.F.);
#1515=ORIENTED_EDGE('',*,*,#1514,.T.);
#1517=ORIENTED_EDGE('',*,*,#1516,.T.);
#1518=EDGE_LOOP('',(#1515,#1517));
#1519=FACE_BOUND('',#1518,.F.);
#1521=ORIENTED_EDGE('',*,*,#1520,.T.);
#1523=ORIENTED_EDGE('',*,*,#1522,.T.);
#1524=EDGE_LOOP('',(#1521,#1523));
#1525=FACE_BOUND('',#1524,.F.);
#1526=ADVANCED_FACE('',(#1501,#1507,#1513,#1519,#1525),#1491,.F.);
#1527=CARTESIAN_POINT('',(-1.45E1,-1.5E1,1.675E1));
#1528=DIRECTION('',(0.E0,0.E0,1.E0));
#1529=DIRECTION('',(1.E0,0.E0,0.E0));
#1530=AXIS2_PLACEMENT_3D('',#1527,#1528,#1529);
#1531=PLANE('',#1530);
#1533=ORIENTED_EDGE('',*,*,#1532,.T.);
#1535=ORIENTED_EDGE('',*,*,#1534,.T.);
#1537=ORIENTED_EDGE('',*,*,#1536,.T.);
#1539=ORIENTED_EDGE('',*,*,#1538,.F.);
#1541=ORIENTED_EDGE('',*,*,#1540,.T.);
#1543=ORIENTED_EDGE('',*,*,#1542,.T.);
#1545=ORIENTED_EDGE('',*,*,#1544,.T.);
#1547=ORIENTED_EDGE('',*,*,#1546,.T.);
#1548=ORIENTED_EDGE('',*,*,#1492,.T.);
#1550=ORIENTED_EDGE('',*,*,#1549,.F.);
#1552=ORIENTED_EDGE('',*,*,#1551,.T.);
#1554=ORIENTED_EDGE('',*,*,#1553,.T.);
#1555=EDGE_LOOP('',(#1533,#1535,#1537,#1539,#1541,#1543,#1545,#1547,#1548,#1550,
#1552,#1554));
#1556=FACE_OUTER_BOUND('',#1555,.F.);
#1558=ORIENTED_EDGE('',*,*,#1557,.T.);
#1560=ORIENTED_EDGE('',*,*,#1559,.T.);
#1562=ORIENTED_EDGE('',*,*,#1561,.T.);
#1564=ORIENTED_EDGE('',*,*,#1563,.T.);
#1566=ORIENTED_EDGE('',*,*,#1565,.T.);
#1567=EDGE_LOOP('',(#1558,#1560,#1562,#1564,#1566));
#1568=FACE_BOUND('',#1567,.F.);
#1570=ORIENTED_EDGE('',*,*,#1569,.T.);
#1572=ORIENTED_EDGE('',*,*,#1571,.T.);
#1574=ORIENTED_EDGE('',*,*,#1573,.T.);
#1576=ORIENTED_EDGE('',*,*,#1575,.T.);
#1578=ORIENTED_EDGE('',*,*,#1577,.T.);
#1579=EDGE_LOOP('',(#1570,#1572,#1574,#1576,#1578));
#1580=FACE_BOUND('',#1579,.F.);
#1582=ORIENTED_EDGE('',*,*,#1581,.T.);
#1584=ORIENTED_EDGE('',*,*,#1583,.T.);
#1586=ORIENTED_EDGE('',*,*,#1585,.T.);
#1588=ORIENTED_EDGE('',*,*,#1587,.T.);
#1590=ORIENTED_EDGE('',*,*,#1589,.T.);
#1591=EDGE_LOOP('',(#1582,#1584,#1586,#1588,#1590));
#1592=FACE_BOUND('',#1591,.F.);
#1593=ADVANCED_FACE('',(#1556,#1568,#1580,#1592),#1531,.T.);
#1594=CARTESIAN_POINT('',(-8.016564813253E0,2.404167857560E1,6.04206E1));
#1595=DIRECTION('',(0.E0,0.E0,-1.E0));
#1596=DIRECTION('',(-9.396926207859E-1,3.420201433257E-1,0.E0));
#1597=AXIS2_PLACEMENT_3D('',#1594,#1595,#1596);
#1598=CYLINDRICAL_SURFACE('',#1597,3.E0);
#1600=ORIENTED_EDGE('',*,*,#1599,.F.);
#1602=ORIENTED_EDGE('',*,*,#1601,.T.);
#1604=ORIENTED_EDGE('',*,*,#1603,.T.);
#1605=ORIENTED_EDGE('',*,*,#1532,.F.);
#1607=ORIENTED_EDGE('',*,*,#1606,.T.);
#1609=ORIENTED_EDGE('',*,*,#1608,.F.);
#1611=ORIENTED_EDGE('',*,*,#1610,.T.);
#1613=ORIENTED_EDGE('',*,*,#1612,.T.);
#1614=EDGE_LOOP('',(#1600,#1602,#1604,#1605,#1607,#1609,#1611,#1613));
#1615=FACE_OUTER_BOUND('',#1614,.F.);
#1616=ADVANCED_FACE('',(#1615),#1598,.T.);
#1617=CARTESIAN_POINT('',(-8.951617435815E0,2.625203524207E1,-6.04206E1));
#1618=DIRECTION('',(0.E0,0.E0,1.E0));
#1619=DIRECTION('',(9.900390564544E-1,-1.407929923499E-1,0.E0));
#1620=AXIS2_PLACEMENT_3D('',#1617,#1618,#1619);
#1621=CYLINDRICAL_SURFACE('',#1620,6.E-1);
#1622=ORIENTED_EDGE('',*,*,#1599,.T.);
#1624=ORIENTED_EDGE('',*,*,#1623,.T.);
#1626=ORIENTED_EDGE('',*,*,#1625,.T.);
#1628=ORIENTED_EDGE('',*,*,#1627,.T.);
#1629=EDGE_LOOP('',(#1622,#1624,#1626,#1628));
#1630=FACE_OUTER_BOUND('',#1629,.F.);
#1631=ADVANCED_FACE('',(#1630),#1621,.T.);
#1632=CARTESIAN_POINT('',(1.446711793504E1,-9.1E0,-1.425E1));
#1633=DIRECTION('',(0.E0,8.823676985307E-2,-9.960995293874E-1));
#1634=DIRECTION('',(0.E0,9.960995293874E-1,8.823676985307E-2));
#1635=AXIS2_PLACEMENT_3D('',#1632,#1633,#1634);
#1636=PLANE('',#1635);
#1638=ORIENTED_EDGE('',*,*,#1637,.F.);
#1639=ORIENTED_EDGE('',*,*,#1623,.F.);
#1640=ORIENTED_EDGE('',*,*,#1612,.F.);
#1642=ORIENTED_EDGE('',*,*,#1641,.F.);
#1644=ORIENTED_EDGE('',*,*,#1643,.T.);
#1646=ORIENTED_EDGE('',*,*,#1645,.F.);
#1648=ORIENTED_EDGE('',*,*,#1647,.T.);
#1650=ORIENTED_EDGE('',*,*,#1649,.F.);
#1652=ORIENTED_EDGE('',*,*,#1651,.F.);
#1654=ORIENTED_EDGE('',*,*,#1653,.F.);
#1656=ORIENTED_EDGE('',*,*,#1655,.T.);
#1658=ORIENTED_EDGE('',*,*,#1657,.F.);
#1660=ORIENTED_EDGE('',*,*,#1659,.F.);
#1662=ORIENTED_EDGE('',*,*,#1661,.T.);
#1664=ORIENTED_EDGE('',*,*,#1663,.T.);
#1666=ORIENTED_EDGE('',*,*,#1665,.F.);
#1668=ORIENTED_EDGE('',*,*,#1667,.F.);
#1669=EDGE_LOOP('',(#1638,#1639,#1640,#1642,#1644,#1646,#1648,#1650,#1652,#1654,
#1656,#1658,#1660,#1662,#1664,#1666,#1668));
#1670=FACE_OUTER_BOUND('',#1669,.F.);
#1672=ORIENTED_EDGE('',*,*,#1671,.F.);
#1674=ORIENTED_EDGE('',*,*,#1673,.F.);
#1676=ORIENTED_EDGE('',*,*,#1675,.F.);
#1678=ORIENTED_EDGE('',*,*,#1677,.F.);
#1680=ORIENTED_EDGE('',*,*,#1679,.F.);
#1681=EDGE_LOOP('',(#1672,#1674,#1676,#1678,#1680));
#1682=FACE_BOUND('',#1681,.F.);
#1684=ORIENTED_EDGE('',*,*,#1683,.F.);
#1686=ORIENTED_EDGE('',*,*,#1685,.F.);
#1688=ORIENTED_EDGE('',*,*,#1687,.F.);
#1689=EDGE_LOOP('',(#1684,#1686,#1688));
#1690=FACE_BOUND('',#1689,.F.);
#1692=ORIENTED_EDGE('',*,*,#1691,.F.);
#1694=ORIENTED_EDGE('',*,*,#1693,.F.);
#1696=ORIENTED_EDGE('',*,*,#1695,.F.);
#1698=ORIENTED_EDGE('',*,*,#1697,.F.);
#1700=ORIENTED_EDGE('',*,*,#1699,.F.);
#1701=EDGE_LOOP('',(#1692,#1694,#1696,#1698,#1700));
#1702=FACE_BOUND('',#1701,.F.);
#1703=ADVANCED_FACE('',(#1670,#1682,#1690,#1702),#1636,.F.);
#1704=CARTESIAN_POINT('',(-9.945727421014E0,1.5E1,1.675E1));
#1705=DIRECTION('',(9.900390564544E-1,-1.407929923499E-1,0.E0));
#1706=DIRECTION('',(1.407929923499E-1,9.900390564544E-1,0.E0));
#1707=AXIS2_PLACEMENT_3D('',#1704,#1705,#1706);
#1708=PLANE('',#1707);
#1709=ORIENTED_EDGE('',*,*,#1625,.F.);
#1710=ORIENTED_EDGE('',*,*,#1637,.T.);
#1712=ORIENTED_EDGE('',*,*,#1711,.F.);
#1714=ORIENTED_EDGE('',*,*,#1713,.F.);
#1715=EDGE_LOOP('',(#1709,#1710,#1712,#1714));
#1716=FACE_OUTER_BOUND('',#1715,.F.);
#1717=ADVANCED_FACE('',(#1716),#1708,.T.);
#1718=CARTESIAN_POINT('',(1.756814882525E2,-1.543034323640E1,1.425E1));
#1719=DIRECTION('',(0.E0,0.E0,-1.E0));
#1720=DIRECTION('',(1.E0,0.E0,0.E0));
#1721=AXIS2_PLACEMENT_3D('',#1718,#1719,#1720);
#1722=CYLINDRICAL_SURFACE('',#1721,1.881049414242E2);
#1724=ORIENTED_EDGE('',*,*,#1723,.F.);
#1725=ORIENTED_EDGE('',*,*,#1711,.T.);
#1726=ORIENTED_EDGE('',*,*,#1667,.T.);
#1728=ORIENTED_EDGE('',*,*,#1727,.F.);
#1729=EDGE_LOOP('',(#1724,#1725,#1726,#1728));
#1730=FACE_OUTER_BOUND('',#1729,.F.);
#1731=ADVANCED_FACE('',(#1730),#1722,.F.);
#1732=CARTESIAN_POINT('',(1.446711793504E1,-9.1E0,1.425E1));
#1733=DIRECTION('',(0.E0,-8.823676985307E-2,-9.960995293874E-1));
#1734=DIRECTION('',(0.E0,9.960995293874E-1,-8.823676985307E-2));
#1735=AXIS2_PLACEMENT_3D('',#1732,#1733,#1734);
#1736=PLANE('',#1735);
#1737=ORIENTED_EDGE('',*,*,#1601,.F.);
#1738=ORIENTED_EDGE('',*,*,#1627,.F.);
#1739=ORIENTED_EDGE('',*,*,#1713,.T.);
#1740=ORIENTED_EDGE('',*,*,#1723,.T.);
#1742=ORIENTED_EDGE('',*,*,#1741,.T.);
#1744=ORIENTED_EDGE('',*,*,#1743,.F.);
#1746=ORIENTED_EDGE('',*,*,#1745,.F.);
#1748=ORIENTED_EDGE('',*,*,#1747,.T.);
#1750=ORIENTED_EDGE('',*,*,#1749,.T.);
#1752=ORIENTED_EDGE('',*,*,#1751,.F.);
#1754=ORIENTED_EDGE('',*,*,#1753,.F.);
#1756=ORIENTED_EDGE('',*,*,#1755,.T.);
#1758=ORIENTED_EDGE('',*,*,#1757,.T.);
#1760=ORIENTED_EDGE('',*,*,#1759,.T.);
#1762=ORIENTED_EDGE('',*,*,#1761,.F.);
#1764=ORIENTED_EDGE('',*,*,#1763,.T.);
#1766=ORIENTED_EDGE('',*,*,#1765,.T.);
#1767=EDGE_LOOP('',(#1737,#1738,#1739,#1740,#1742,#1744,#1746,#1748,#1750,#1752,
#1754,#1756,#1758,#1760,#1762,#1764,#1766));
#1768=FACE_OUTER_BOUND('',#1767,.F.);
#1770=ORIENTED_EDGE('',*,*,#1769,.T.);
#1772=ORIENTED_EDGE('',*,*,#1771,.T.);
#1774=ORIENTED_EDGE('',*,*,#1773,.T.);
#1776=ORIENTED_EDGE('',*,*,#1775,.T.);
#1778=ORIENTED_EDGE('',*,*,#1777,.T.);
#1779=EDGE_LOOP('',(#1770,#1772,#1774,#1776,#1778));
#1780=FACE_BOUND('',#1779,.F.);
#1782=ORIENTED_EDGE('',*,*,#1781,.T.);
#1784=ORIENTED_EDGE('',*,*,#1783,.T.);
#1786=ORIENTED_EDGE('',*,*,#1785,.T.);
#1788=ORIENTED_EDGE('',*,*,#1787,.T.);
#1790=ORIENTED_EDGE('',*,*,#1789,.T.);
#1791=EDGE_LOOP('',(#1782,#1784,#1786,#1788,#1790));
#1792=FACE_BOUND('',#1791,.F.);
#1794=ORIENTED_EDGE('',*,*,#1793,.T.);
#1796=ORIENTED_EDGE('',*,*,#1795,.T.);
#1798=ORIENTED_EDGE('',*,*,#1797,.T.);
#1800=ORIENTED_EDGE('',*,*,#1799,.T.);
#1802=ORIENTED_EDGE('',*,*,#1801,.T.);
#1803=EDGE_LOOP('',(#1794,#1796,#1798,#1800,#1802));
#1804=FACE_BOUND('',#1803,.F.);
#1805=ADVANCED_FACE('',(#1768,#1780,#1792,#1804),#1736,.T.);
#1806=CARTESIAN_POINT('',(-1.529553288905E1,1.315804248804E1,-6.04206E1));
#1807=DIRECTION('',(0.E0,0.E0,1.E0));
#1808=DIRECTION('',(7.977541519855E-1,-6.029828463480E-1,0.E0));
#1809=AXIS2_PLACEMENT_3D('',#1806,#1807,#1808);
#1810=CYLINDRICAL_SURFACE('',#1809,5.E0);
#1811=ORIENTED_EDGE('',*,*,#1665,.T.);
#1813=ORIENTED_EDGE('',*,*,#1812,.F.);
#1814=ORIENTED_EDGE('',*,*,#1741,.F.);
#1815=ORIENTED_EDGE('',*,*,#1727,.T.);
#1816=EDGE_LOOP('',(#1811,#1813,#1814,#1815));
#1817=FACE_OUTER_BOUND('',#1816,.F.);
#1818=ADVANCED_FACE('',(#1817),#1810,.T.);
#1819=CARTESIAN_POINT('',(-9.132882064959E0,8.5E0,-1.425E1));
#1820=DIRECTION('',(0.E0,0.E0,1.E0));
#1821=DIRECTION('',(1.E0,0.E0,0.E0));
#1822=AXIS2_PLACEMENT_3D('',#1819,#1820,#1821);
#1823=CYLINDRICAL_SURFACE('',#1822,2.725E0);
#1824=ORIENTED_EDGE('',*,*,#1663,.F.);
#1825=ORIENTED_EDGE('',*,*,#1661,.F.);
#1827=ORIENTED_EDGE('',*,*,#1826,.F.);
#1828=ORIENTED_EDGE('',*,*,#1745,.T.);
#1829=ORIENTED_EDGE('',*,*,#1743,.T.);
#1830=ORIENTED_EDGE('',*,*,#1812,.T.);
#1831=EDGE_LOOP('',(#1824,#1825,#1827,#1828,#1829,#1830));
#1832=FACE_OUTER_BOUND('',#1831,.F.);
#1833=ADVANCED_FACE('',(#1832),#1823,.F.);
#1834=CARTESIAN_POINT('',(-1.627868085235E1,5.565177230212E0,-6.04206E1));
#1835=DIRECTION('',(0.E0,0.E0,1.E0));
#1836=DIRECTION('',(9.940717606144E-1,-1.087259617064E-1,0.E0));
#1837=AXIS2_PLACEMENT_3D('',#1834,#1835,#1836);
#1838=CYLINDRICAL_SURFACE('',#1837,5.E0);
#1839=ORIENTED_EDGE('',*,*,#1659,.T.);
#1841=ORIENTED_EDGE('',*,*,#1840,.F.);
#1842=ORIENTED_EDGE('',*,*,#1747,.F.);
#1843=ORIENTED_EDGE('',*,*,#1826,.T.);
#1844=EDGE_LOOP('',(#1839,#1841,#1842,#1843));
#1845=FACE_OUTER_BOUND('',#1844,.F.);
#1846=ADVANCED_FACE('',(#1845),#1838,.T.);
#1847=CARTESIAN_POINT('',(1.756814882525E2,-1.543034323640E1,1.425E1));
#1848=DIRECTION('',(0.E0,0.E0,-1.E0));
#1849=DIRECTION('',(1.E0,0.E0,0.E0));
#1850=AXIS2_PLACEMENT_3D('',#1847,#1848,#1849);
#1851=CYLINDRICAL_SURFACE('',#1850,1.881049414242E2);
#1852=ORIENTED_EDGE('',*,*,#1657,.T.);
#1854=ORIENTED_EDGE('',*,*,#1853,.T.);
#1855=ORIENTED_EDGE('',*,*,#1749,.F.);
#1856=ORIENTED_EDGE('',*,*,#1840,.T.);
#1857=EDGE_LOOP('',(#1852,#1854,#1855,#1856));
#1858=FACE_OUTER_BOUND('',#1857,.F.);
#1859=ADVANCED_FACE('',(#1858),#1851,.F.);
#1860=CARTESIAN_POINT('',(1.45E1,-9.1E0,1.425E1));
#1861=DIRECTION('',(0.E0,-1.E0,0.E0));
#1862=DIRECTION('',(0.E0,0.E0,-1.E0));
#1863=AXIS2_PLACEMENT_3D('',#1860,#1861,#1862);
#1864=PLANE('',#1863);
#1866=ORIENTED_EDGE('',*,*,#1865,.T.);
#1867=ORIENTED_EDGE('',*,*,#1751,.T.);
#1868=ORIENTED_EDGE('',*,*,#1853,.F.);
#1869=ORIENTED_EDGE('',*,*,#1655,.F.);
#1870=EDGE_LOOP('',(#1866,#1867,#1868,#1869));
#1871=FACE_OUTER_BOUND('',#1870,.F.);
#1873=ORIENTED_EDGE('',*,*,#1872,.T.);
#1875=ORIENTED_EDGE('',*,*,#1874,.T.);
#1876=EDGE_LOOP('',(#1873,#1875));
#1877=FACE_BOUND('',#1876,.F.);
#1879=ORIENTED_EDGE('',*,*,#1878,.T.);
#1881=ORIENTED_EDGE('',*,*,#1880,.T.);
#1882=EDGE_LOOP('',(#1879,#1881));
#1883=FACE_BOUND('',#1882,.F.);
#1885=ORIENTED_EDGE('',*,*,#1884,.T.);
#1887=ORIENTED_EDGE('',*,*,#1886,.T.);
#1888=EDGE_LOOP('',(#1885,#1887));
#1889=FACE_BOUND('',#1888,.F.);
#1891=ORIENTED_EDGE('',*,*,#1890,.T.);
#1893=ORIENTED_EDGE('',*,*,#1892,.T.);
#1894=EDGE_LOOP('',(#1891,#1893));
#1895=FACE_BOUND('',#1894,.F.);
#1896=ADVANCED_FACE('',(#1871,#1877,#1883,#1889,#1895),#1864,.F.);
#1897=CARTESIAN_POINT('',(1.45E1,-1.5E1,1.675E1));
#1898=DIRECTION('',(1.E0,0.E0,0.E0));
#1899=DIRECTION('',(0.E0,0.E0,-1.E0));
#1900=AXIS2_PLACEMENT_3D('',#1897,#1898,#1899);
#1901=PLANE('',#1900);
#1902=ORIENTED_EDGE('',*,*,#1865,.F.);
#1903=ORIENTED_EDGE('',*,*,#1653,.T.);
#1905=ORIENTED_EDGE('',*,*,#1904,.F.);
#1907=ORIENTED_EDGE('',*,*,#1906,.T.);
#1908=ORIENTED_EDGE('',*,*,#1494,.T.);
#1909=ORIENTED_EDGE('',*,*,#1546,.F.);
#1911=ORIENTED_EDGE('',*,*,#1910,.F.);
#1912=ORIENTED_EDGE('',*,*,#1753,.T.);
#1913=EDGE_LOOP('',(#1902,#1903,#1905,#1907,#1908,#1909,#1911,#1912));
#1914=FACE_OUTER_BOUND('',#1913,.F.);
#1915=ADVANCED_FACE('',(#1914),#1901,.T.);
#1916=CARTESIAN_POINT('',(1.15E1,-1.678930493984E0,-6.04206E1));
#1917=DIRECTION('',(0.E0,0.E0,1.E0));
#1918=DIRECTION('',(1.E0,0.E0,0.E0));
#1919=AXIS2_PLACEMENT_3D('',#1916,#1917,#1918);
#1920=CYLINDRICAL_SURFACE('',#1919,3.E0);
#1921=ORIENTED_EDGE('',*,*,#1904,.T.);
#1922=ORIENTED_EDGE('',*,*,#1651,.T.);
#1924=ORIENTED_EDGE('',*,*,#1923,.T.);
#1926=ORIENTED_EDGE('',*,*,#1925,.F.);
#1927=EDGE_LOOP('',(#1921,#1922,#1924,#1926));
#1928=FACE_OUTER_BOUND('',#1927,.F.);
#1929=ADVANCED_FACE('',(#1928),#1920,.T.);
#1930=CARTESIAN_POINT('',(-9.945727421014E0,1.5E1,1.675E1));
#1931=DIRECTION('',(-5.229962787848E-1,-8.523349648919E-1,0.E0));
#1932=DIRECTION('',(8.523349648919E-1,-5.229962787848E-1,0.E0));
#1933=AXIS2_PLACEMENT_3D('',#1930,#1931,#1932);
#1934=PLANE('',#1933);
#1936=ORIENTED_EDGE('',*,*,#1935,.F.);
#1938=ORIENTED_EDGE('',*,*,#1937,.F.);
#1939=ORIENTED_EDGE('',*,*,#1923,.F.);
#1940=ORIENTED_EDGE('',*,*,#1649,.T.);
#1941=EDGE_LOOP('',(#1936,#1938,#1939,#1940));
#1942=FACE_OUTER_BOUND('',#1941,.F.);
#1943=ADVANCED_FACE('',(#1942),#1934,.F.);
#1944=CARTESIAN_POINT('',(6.037991633891E0,1.692480008532E1,6.04206E1));
#1945=DIRECTION('',(0.E0,0.E0,-1.E0));
#1946=DIRECTION('',(-5.229962787848E-1,-8.523349648919E-1,0.E0));
#1947=AXIS2_PLACEMENT_3D('',#1944,#1945,#1946);
#1948=CYLINDRICAL_SURFACE('',#1947,1.E1);
#1949=ORIENTED_EDGE('',*,*,#1935,.T.);
#1950=ORIENTED_EDGE('',*,*,#1647,.F.);
#1952=ORIENTED_EDGE('',*,*,#1951,.T.);
#1954=ORIENTED_EDGE('',*,*,#1953,.F.);
#1955=EDGE_LOOP('',(#1949,#1950,#1952,#1954));
#1956=FACE_OUTER_BOUND('',#1955,.F.);
#1957=ADVANCED_FACE('',(#1956),#1948,.F.);
#1958=CARTESIAN_POINT('',(-3.962008366109E0,2.566430586056E1,-1.675E1));
#1959=DIRECTION('',(1.E0,0.E0,0.E0));
#1960=DIRECTION('',(0.E0,-1.E0,0.E0));
#1961=AXIS2_PLACEMENT_3D('',#1958,#1959,#1960);
#1962=PLANE('',#1961);
#1963=ORIENTED_EDGE('',*,*,#1951,.F.);
#1964=ORIENTED_EDGE('',*,*,#1645,.T.);
#1966=ORIENTED_EDGE('',*,*,#1965,.F.);
#1968=ORIENTED_EDGE('',*,*,#1967,.F.);
#1969=EDGE_LOOP('',(#1963,#1964,#1966,#1968));
#1970=FACE_OUTER_BOUND('',#1969,.F.);
#1971=ADVANCED_FACE('',(#1970),#1962,.T.);
#1972=CARTESIAN_POINT('',(-5.962008366109E0,2.430452556065E1,-6.04206E1));
#1973=DIRECTION('',(0.E0,0.E0,1.E0));
#1974=DIRECTION('',(1.E0,0.E0,0.E0));
#1975=AXIS2_PLACEMENT_3D('',#1972,#1973,#1974);
#1976=CYLINDRICAL_SURFACE('',#1975,2.E0);
#1977=ORIENTED_EDGE('',*,*,#1643,.F.);
#1979=ORIENTED_EDGE('',*,*,#1978,.T.);
#1981=ORIENTED_EDGE('',*,*,#1980,.F.);
#1982=ORIENTED_EDGE('',*,*,#1965,.T.);
#1983=EDGE_LOOP('',(#1977,#1979,#1981,#1982));
#1984=FACE_OUTER_BOUND('',#1983,.F.);
#1985=ADVANCED_FACE('',(#1984),#1976,.T.);
#1986=CARTESIAN_POINT('',(-8.191308585731E0,2.733685810153E1,-1.675E1));
#1987=DIRECTION('',(3.677545956273E-1,9.299228771221E-1,0.E0));
#1988=DIRECTION('',(9.299228771221E-1,-3.677545956273E-1,0.E0));
#1989=AXIS2_PLACEMENT_3D('',#1986,#1987,#1988);
#1990=PLANE('',#1989);
#1991=ORIENTED_EDGE('',*,*,#1610,.F.);
#1993=ORIENTED_EDGE('',*,*,#1992,.F.);
#1994=ORIENTED_EDGE('',*,*,#1978,.F.);
#1995=ORIENTED_EDGE('',*,*,#1641,.T.);
#1996=EDGE_LOOP('',(#1991,#1993,#1994,#1995));
#1997=FACE_OUTER_BOUND('',#1996,.F.);
#1998=ADVANCED_FACE('',(#1997),#1990,.T.);
#1999=CARTESIAN_POINT('',(1.45E1,-1.5E1,-1.675E1));
#2000=DIRECTION('',(0.E0,0.E0,-1.E0));
#2001=DIRECTION('',(-1.E0,0.E0,0.E0));
#2002=AXIS2_PLACEMENT_3D('',#1999,#2000,#2001);
#2003=PLANE('',#2002);
#2004=ORIENTED_EDGE('',*,*,#1608,.T.);
#2006=ORIENTED_EDGE('',*,*,#2005,.T.);
#2008=ORIENTED_EDGE('',*,*,#2007,.T.);
#2010=ORIENTED_EDGE('',*,*,#2009,.T.);
#2011=ORIENTED_EDGE('',*,*,#1496,.T.);
#2012=ORIENTED_EDGE('',*,*,#1906,.F.);
#2013=ORIENTED_EDGE('',*,*,#1925,.T.);
#2014=ORIENTED_EDGE('',*,*,#1937,.T.);
#2015=ORIENTED_EDGE('',*,*,#1953,.T.);
#2016=ORIENTED_EDGE('',*,*,#1967,.T.);
#2017=ORIENTED_EDGE('',*,*,#1980,.T.);
#2018=ORIENTED_EDGE('',*,*,#1992,.T.);
#2019=EDGE_LOOP('',(#2004,#2006,#2008,#2010,#2011,#2012,#2013,#2014,#2015,#2016,
#2017,#2018));
#2020=FACE_OUTER_BOUND('',#2019,.F.);
#2022=ORIENTED_EDGE('',*,*,#2021,.T.);
#2024=ORIENTED_EDGE('',*,*,#2023,.T.);
#2026=ORIENTED_EDGE('',*,*,#2025,.T.);
#2028=ORIENTED_EDGE('',*,*,#2027,.T.);
#2030=ORIENTED_EDGE('',*,*,#2029,.T.);
#2031=EDGE_LOOP('',(#2022,#2024,#2026,#2028,#2030));
#2032=FACE_BOUND('',#2031,.F.);
#2034=ORIENTED_EDGE('',*,*,#2033,.T.);
#2036=ORIENTED_EDGE('',*,*,#2035,.T.);
#2038=ORIENTED_EDGE('',*,*,#2037,.T.);
#2040=ORIENTED_EDGE('',*,*,#2039,.T.);
#2042=ORIENTED_EDGE('',*,*,#2041,.T.);
#2043=EDGE_LOOP('',(#2034,#2036,#2038,#2040,#2042));
#2044=FACE_BOUND('',#2043,.F.);
#2046=ORIENTED_EDGE('',*,*,#2045,.T.);
#2048=ORIENTED_EDGE('',*,*,#2047,.T.);
#2050=ORIENTED_EDGE('',*,*,#2049,.T.);
#2052=ORIENTED_EDGE('',*,*,#2051,.T.);
#2054=ORIENTED_EDGE('',*,*,#2053,.T.);
#2055=EDGE_LOOP('',(#2046,#2048,#2050,#2052,#2054));
#2056=FACE_BOUND('',#2055,.F.);
#2057=ADVANCED_FACE('',(#2020,#2032,#2044,#2056),#2003,.T.);
#2058=CARTESIAN_POINT('',(-9.768386954539E0,2.8E1,1.675E1));
#2059=DIRECTION('',(-9.396926207859E-1,3.420201433257E-1,0.E0));
#2060=DIRECTION('',(-3.420201433257E-1,-9.396926207859E-1,0.E0));
#2061=AXIS2_PLACEMENT_3D('',#2058,#2059,#2060);
#2062=PLANE('',#2061);
#2063=ORIENTED_EDGE('',*,*,#1606,.F.);
#2064=ORIENTED_EDGE('',*,*,#1553,.F.);
#2066=ORIENTED_EDGE('',*,*,#2065,.F.);
#2067=ORIENTED_EDGE('',*,*,#2005,.F.);
#2068=EDGE_LOOP('',(#2063,#2064,#2066,#2067));
#2069=FACE_OUTER_BOUND('',#2068,.F.);
#2070=ADVANCED_FACE('',(#2069),#2062,.T.);
#2071=CARTESIAN_POINT('',(4.55E1,4.420381157492E0,9.22842E1));
#2072=DIRECTION('',(0.E0,0.E0,-1.E0));
#2073=DIRECTION('',(-1.E0,0.E0,0.E0));
#2074=AXIS2_PLACEMENT_3D('',#2071,#2072,#2073);
#2075=CYLINDRICAL_SURFACE('',#2074,6.E1);
#2076=ORIENTED_EDGE('',*,*,#2007,.F.);
#2077=ORIENTED_EDGE('',*,*,#2065,.T.);
#2078=ORIENTED_EDGE('',*,*,#1551,.F.);
#2080=ORIENTED_EDGE('',*,*,#2079,.T.);
#2081=EDGE_LOOP('',(#2076,#2077,#2078,#2080));
#2082=FACE_OUTER_BOUND('',#2081,.F.);
#2083=ADVANCED_FACE('',(#2082),#2075,.T.);
#2084=CARTESIAN_POINT('',(-1.45E1,-1.5E1,-1.675E1));
#2085=DIRECTION('',(-1.E0,0.E0,0.E0));
#2086=DIRECTION('',(0.E0,0.E0,1.E0));
#2087=AXIS2_PLACEMENT_3D('',#2084,#2085,#2086);
#2088=PLANE('',#2087);
#2089=ORIENTED_EDGE('',*,*,#2079,.F.);
#2090=ORIENTED_EDGE('',*,*,#1549,.T.);
#2091=ORIENTED_EDGE('',*,*,#1498,.T.);
#2092=ORIENTED_EDGE('',*,*,#2009,.F.);
#2093=EDGE_LOOP('',(#2089,#2090,#2091,#2092));
#2094=FACE_OUTER_BOUND('',#2093,.F.);
#2095=ADVANCED_FACE('',(#2094),#2088,.T.);
#2096=CARTESIAN_POINT('',(-8.072282508976E0,-4.236026668854E0,1.675E1));
#2097=DIRECTION('',(6.427876096865E-1,7.660444431190E-1,0.E0));
#2098=DIRECTION('',(-7.660444431190E-1,6.427876096865E-1,0.E0));
#2099=AXIS2_PLACEMENT_3D('',#2096,#2097,#2098);
#2100=PLANE('',#2099);
#2102=ORIENTED_EDGE('',*,*,#2101,.F.);
#2103=ORIENTED_EDGE('',*,*,#1679,.T.);
#2105=ORIENTED_EDGE('',*,*,#2104,.F.);
#2106=ORIENTED_EDGE('',*,*,#2021,.F.);
#2107=EDGE_LOOP('',(#2102,#2103,#2105,#2106));
#2108=FACE_OUTER_BOUND('',#2107,.F.);
#2109=ADVANCED_FACE('',(#2108),#2100,.F.);
#2110=CARTESIAN_POINT('',(-9.132882064959E0,-3.346077972602E0,1.675E1));
#2111=DIRECTION('',(-6.427876096865E-1,7.660444431190E-1,0.E0));
#2112=DIRECTION('',(-7.660444431190E-1,-6.427876096865E-1,0.E0));
#2113=AXIS2_PLACEMENT_3D('',#2110,#2111,#2112);
#2114=PLANE('',#2113);
#2116=ORIENTED_EDGE('',*,*,#2115,.F.);
#2117=ORIENTED_EDGE('',*,*,#1671,.T.);
#2118=ORIENTED_EDGE('',*,*,#2101,.T.);
#2119=ORIENTED_EDGE('',*,*,#2029,.F.);
#2120=EDGE_LOOP('',(#2116,#2117,#2118,#2119));
#2121=FACE_OUTER_BOUND('',#2120,.F.);
#2122=ADVANCED_FACE('',(#2121),#2114,.F.);
#2123=CARTESIAN_POINT('',(-9.132882064959E0,-5.5E0,1.675E1));
#2124=DIRECTION('',(0.E0,0.E0,1.E0));
#2125=DIRECTION('',(1.E0,0.E0,0.E0));
#2126=AXIS2_PLACEMENT_3D('',#2123,#2124,#2125);
#2127=CYLINDRICAL_SURFACE('',#2126,1.65E0);
#2128=ORIENTED_EDGE('',*,*,#2104,.T.);
#2129=ORIENTED_EDGE('',*,*,#1677,.T.);
#2130=ORIENTED_EDGE('',*,*,#1675,.T.);
#2131=ORIENTED_EDGE('',*,*,#1673,.T.);
#2132=ORIENTED_EDGE('',*,*,#2115,.T.);
#2133=ORIENTED_EDGE('',*,*,#2027,.F.);
#2134=ORIENTED_EDGE('',*,*,#2025,.F.);
#2135=ORIENTED_EDGE('',*,*,#2023,.F.);
#2136=EDGE_LOOP('',(#2128,#2129,#2130,#2131,#2132,#2133,#2134,#2135));
#2137=FACE_OUTER_BOUND('',#2136,.F.);
#2138=ADVANCED_FACE('',(#2137),#2127,.F.);
#2139=CARTESIAN_POINT('',(1.192771749102E1,-4.236026668854E0,1.675E1));
#2140=DIRECTION('',(6.427876096865E-1,7.660444431190E-1,0.E0));
#2141=DIRECTION('',(-7.660444431190E-1,6.427876096865E-1,0.E0));
#2142=AXIS2_PLACEMENT_3D('',#2139,#2140,#2141);
#2143=PLANE('',#2142);
#2145=ORIENTED_EDGE('',*,*,#2144,.T.);
#2146=ORIENTED_EDGE('',*,*,#1683,.T.);
#2148=ORIENTED_EDGE('',*,*,#2147,.F.);
#2149=ORIENTED_EDGE('',*,*,#2033,.F.);
#2150=EDGE_LOOP('',(#2145,#2146,#2148,#2149));
#2151=FACE_OUTER_BOUND('',#2150,.F.);
#2152=ADVANCED_FACE('',(#2151),#2143,.F.);
#2153=CARTESIAN_POINT('',(1.086711793504E1,-3.346077972602E0,1.675E1));
#2154=DIRECTION('',(-6.427876096865E-1,7.660444431190E-1,0.E0));
#2155=DIRECTION('',(-7.660444431190E-1,-6.427876096865E-1,0.E0));
#2156=AXIS2_PLACEMENT_3D('',#2153,#2154,#2155);
#2157=PLANE('',#2156);
#2159=ORIENTED_EDGE('',*,*,#2158,.F.);
#2160=ORIENTED_EDGE('',*,*,#1685,.T.);
#2161=ORIENTED_EDGE('',*,*,#2144,.F.);
#2162=ORIENTED_EDGE('',*,*,#2041,.F.);
#2163=EDGE_LOOP('',(#2159,#2160,#2161,#2162));
#2164=FACE_OUTER_BOUND('',#2163,.F.);
#2165=ADVANCED_FACE('',(#2164),#2157,.F.);
#2166=CARTESIAN_POINT('',(1.086711793504E1,-5.5E0,1.675E1));
#2167=DIRECTION('',(0.E0,0.E0,1.E0));
#2168=DIRECTION('',(1.E0,0.E0,0.E0));
#2169=AXIS2_PLACEMENT_3D('',#2166,#2167,#2168);
#2170=CYLINDRICAL_SURFACE('',#2169,1.65E0);
#2171=ORIENTED_EDGE('',*,*,#2147,.T.);
#2172=ORIENTED_EDGE('',*,*,#1687,.T.);
#2173=ORIENTED_EDGE('',*,*,#2158,.T.);
#2174=ORIENTED_EDGE('',*,*,#2039,.F.);
#2175=ORIENTED_EDGE('',*,*,#2037,.F.);
#2176=ORIENTED_EDGE('',*,*,#2035,.F.);
#2177=EDGE_LOOP('',(#2171,#2172,#2173,#2174,#2175,#2176));
#2178=FACE_OUTER_BOUND('',#2177,.F.);
#2179=ADVANCED_FACE('',(#2178),#2170,.F.);
#2180=CARTESIAN_POINT('',(-8.072282508976E0,9.763973331146E0,1.675E1));
#2181=DIRECTION('',(6.427876096865E-1,7.660444431190E-1,0.E0));
#2182=DIRECTION('',(-7.660444431190E-1,6.427876096865E-1,0.E0));
#2183=AXIS2_PLACEMENT_3D('',#2180,#2181,#2182);
#2184=PLANE('',#2183);
#2186=ORIENTED_EDGE('',*,*,#2185,.T.);
#2187=ORIENTED_EDGE('',*,*,#1691,.T.);
#2189=ORIENTED_EDGE('',*,*,#2188,.F.);
#2190=ORIENTED_EDGE('',*,*,#2045,.F.);
#2191=EDGE_LOOP('',(#2186,#2187,#2189,#2190));
#2192=FACE_OUTER_BOUND('',#2191,.F.);
#2193=ADVANCED_FACE('',(#2192),#2184,.F.);
#2194=CARTESIAN_POINT('',(-9.132882064959E0,1.065392202740E1,1.675E1));
#2195=DIRECTION('',(-6.427876096865E-1,7.660444431190E-1,0.E0));
#2196=DIRECTION('',(-7.660444431190E-1,-6.427876096865E-1,0.E0));
#2197=AXIS2_PLACEMENT_3D('',#2194,#2195,#2196);
#2198=PLANE('',#2197);
#2200=ORIENTED_EDGE('',*,*,#2199,.F.);
#2201=ORIENTED_EDGE('',*,*,#1693,.T.);
#2202=ORIENTED_EDGE('',*,*,#2185,.F.);
#2203=ORIENTED_EDGE('',*,*,#2053,.F.);
#2204=EDGE_LOOP('',(#2200,#2201,#2202,#2203));
#2205=FACE_OUTER_BOUND('',#2204,.F.);
#2206=ADVANCED_FACE('',(#2205),#2198,.F.);
#2207=CARTESIAN_POINT('',(-9.132882064959E0,8.5E0,1.675E1));
#2208=DIRECTION('',(0.E0,0.E0,1.E0));
#2209=DIRECTION('',(1.E0,0.E0,0.E0));
#2210=AXIS2_PLACEMENT_3D('',#2207,#2208,#2209);
#2211=CYLINDRICAL_SURFACE('',#2210,1.65E0);
#2212=ORIENTED_EDGE('',*,*,#2188,.T.);
#2213=ORIENTED_EDGE('',*,*,#1699,.T.);
#2214=ORIENTED_EDGE('',*,*,#1697,.T.);
#2215=ORIENTED_EDGE('',*,*,#1695,.T.);
#2216=ORIENTED_EDGE('',*,*,#2199,.T.);
#2217=ORIENTED_EDGE('',*,*,#2051,.F.);
#2218=ORIENTED_EDGE('',*,*,#2049,.F.);
#2219=ORIENTED_EDGE('',*,*,#2047,.F.);
#2220=EDGE_LOOP('',(#2212,#2213,#2214,#2215,#2216,#2217,#2218,#2219));
#2221=FACE_OUTER_BOUND('',#2220,.F.);
#2222=ADVANCED_FACE('',(#2221),#2211,.F.);
#2223=CARTESIAN_POINT('',(1.15E1,-1.678930493984E0,-6.04206E1));
#2224=DIRECTION('',(0.E0,0.E0,1.E0));
#2225=DIRECTION('',(1.E0,0.E0,0.E0));
#2226=AXIS2_PLACEMENT_3D('',#2223,#2224,#2225);
#2227=CYLINDRICAL_SURFACE('',#2226,3.E0);
#2229=ORIENTED_EDGE('',*,*,#2228,.T.);
#2230=ORIENTED_EDGE('',*,*,#1755,.F.);
#2231=ORIENTED_EDGE('',*,*,#1910,.T.);
#2232=ORIENTED_EDGE('',*,*,#1544,.F.);
#2233=EDGE_LOOP('',(#2229,#2230,#2231,#2232));
#2234=FACE_OUTER_BOUND('',#2233,.F.);
#2235=ADVANCED_FACE('',(#2234),#2227,.T.);
#2236=CARTESIAN_POINT('',(-9.945727421014E0,1.5E1,1.675E1));
#2237=DIRECTION('',(-5.229962787848E-1,-8.523349648919E-1,0.E0));
#2238=DIRECTION('',(8.523349648919E-1,-5.229962787848E-1,0.E0));
#2239=AXIS2_PLACEMENT_3D('',#2236,#2237,#2238);
#2240=PLANE('',#2239);
#2242=ORIENTED_EDGE('',*,*,#2241,.F.);
#2243=ORIENTED_EDGE('',*,*,#1757,.F.);
#2244=ORIENTED_EDGE('',*,*,#2228,.F.);
#2245=ORIENTED_EDGE('',*,*,#1542,.F.);
#2246=EDGE_LOOP('',(#2242,#2243,#2244,#2245));
#2247=FACE_OUTER_BOUND('',#2246,.F.);
#2248=ADVANCED_FACE('',(#2247),#2240,.F.);
#2249=CARTESIAN_POINT('',(6.037991633891E0,1.692480008532E1,6.04206E1));
#2250=DIRECTION('',(0.E0,0.E0,-1.E0));
#2251=DIRECTION('',(-5.229962787848E-1,-8.523349648919E-1,0.E0));
#2252=AXIS2_PLACEMENT_3D('',#2249,#2250,#2251);
#2253=CYLINDRICAL_SURFACE('',#2252,1.E1);
#2254=ORIENTED_EDGE('',*,*,#2241,.T.);
#2255=ORIENTED_EDGE('',*,*,#1540,.F.);
#2257=ORIENTED_EDGE('',*,*,#2256,.T.);
#2258=ORIENTED_EDGE('',*,*,#1759,.F.);
#2259=EDGE_LOOP('',(#2254,#2255,#2257,#2258));
#2260=FACE_OUTER_BOUND('',#2259,.F.);
#2261=ADVANCED_FACE('',(#2260),#2253,.F.);
#2262=CARTESIAN_POINT('',(-3.962008366109E0,2.566430586056E1,1.675E1));
#2263=DIRECTION('',(-1.E0,0.E0,0.E0));
#2264=DIRECTION('',(0.E0,-1.E0,0.E0));
#2265=AXIS2_PLACEMENT_3D('',#2262,#2263,#2264);
#2266=PLANE('',#2265);
#2267=ORIENTED_EDGE('',*,*,#2256,.F.);
#2268=ORIENTED_EDGE('',*,*,#1538,.T.);
#2270=ORIENTED_EDGE('',*,*,#2269,.F.);
#2271=ORIENTED_EDGE('',*,*,#1761,.T.);
#2272=EDGE_LOOP('',(#2267,#2268,#2270,#2271));
#2273=FACE_OUTER_BOUND('',#2272,.F.);
#2274=ADVANCED_FACE('',(#2273),#2266,.F.);
#2275=CARTESIAN_POINT('',(-5.962008366109E0,2.430452556065E1,-6.04206E1));
#2276=DIRECTION('',(0.E0,0.E0,1.E0));
#2277=DIRECTION('',(1.E0,0.E0,0.E0));
#2278=AXIS2_PLACEMENT_3D('',#2275,#2276,#2277);
#2279=CYLINDRICAL_SURFACE('',#2278,2.E0);
#2280=ORIENTED_EDGE('',*,*,#1536,.F.);
#2282=ORIENTED_EDGE('',*,*,#2281,.T.);
#2283=ORIENTED_EDGE('',*,*,#1763,.F.);
#2284=ORIENTED_EDGE('',*,*,#2269,.T.);
#2285=EDGE_LOOP('',(#2280,#2282,#2283,#2284));
#2286=FACE_OUTER_BOUND('',#2285,.F.);
#2287=ADVANCED_FACE('',(#2286),#2279,.T.);
#2288=CARTESIAN_POINT('',(-8.191308585731E0,2.733685810153E1,1.675E1));
#2289=DIRECTION('',(-3.677545956273E-1,-9.299228771221E-1,0.E0));
#2290=DIRECTION('',(9.299228771221E-1,-3.677545956273E-1,0.E0));
#2291=AXIS2_PLACEMENT_3D('',#2288,#2289,#2290);
#2292=PLANE('',#2291);
#2293=ORIENTED_EDGE('',*,*,#1603,.F.);
#2294=ORIENTED_EDGE('',*,*,#1765,.F.);
#2295=ORIENTED_EDGE('',*,*,#2281,.F.);
#2296=ORIENTED_EDGE('',*,*,#1534,.F.);
#2297=EDGE_LOOP('',(#2293,#2294,#2295,#2296));
#2298=FACE_OUTER_BOUND('',#2297,.F.);
#2299=ADVANCED_FACE('',(#2298),#2292,.F.);
#2300=CARTESIAN_POINT('',(-5.149999999996E0,-9.1E0,7.500000000001E0));
#2301=DIRECTION('',(0.E0,1.E0,0.E0));
#2302=DIRECTION('',(-1.E0,0.E0,0.E0));
#2303=AXIS2_PLACEMENT_3D('',#2300,#2301,#2302);
#2304=CYLINDRICAL_SURFACE('',#2303,3.25E0);
#2306=ORIENTED_EDGE('',*,*,#2305,.F.);
#2308=ORIENTED_EDGE('',*,*,#2307,.F.);
#2310=ORIENTED_EDGE('',*,*,#2309,.T.);
#2311=ORIENTED_EDGE('',*,*,#1872,.F.);
#2313=ORIENTED_EDGE('',*,*,#2312,.F.);
#2314=EDGE_LOOP('',(#2306,#2308,#2310,#2311,#2313));
#2315=FACE_OUTER_BOUND('',#2314,.F.);
#2316=ADVANCED_FACE('',(#2315),#2304,.F.);
#2317=CARTESIAN_POINT('',(-5.149999999996E0,-1.005E1,7.500000000001E0));
#2318=DIRECTION('',(0.E0,1.E0,0.E0));
#2319=DIRECTION('',(0.E0,0.E0,-1.E0));
#2320=AXIS2_PLACEMENT_3D('',#2317,#2318,#2319);
#2321=CONICAL_SURFACE('',#2320,2.499999999999E0,4.5E1);
#2323=ORIENTED_EDGE('',*,*,#2322,.T.);
#2325=ORIENTED_EDGE('',*,*,#2324,.T.);
#2327=ORIENTED_EDGE('',*,*,#2326,.F.);
#2328=ORIENTED_EDGE('',*,*,#2307,.T.);
#2329=ORIENTED_EDGE('',*,*,#2305,.T.);
#2331=ORIENTED_EDGE('',*,*,#2330,.T.);
#2332=EDGE_LOOP('',(#2323,#2325,#2327,#2328,#2329,#2331));
#2333=FACE_OUTER_BOUND('',#2332,.F.);
#2334=ADVANCED_FACE('',(#2333),#2321,.F.);
#2335=CARTESIAN_POINT('',(-5.149999999996E0,-1.5E1,7.500000000001E0));
#2336=DIRECTION('',(0.E0,-1.E0,0.E0));
#2337=DIRECTION('',(1.E0,0.E0,0.E0));
#2338=AXIS2_PLACEMENT_3D('',#2335,#2336,#2337);
#2339=CYLINDRICAL_SURFACE('',#2338,1.75E0);
#2340=ORIENTED_EDGE('',*,*,#2324,.F.);
#2341=ORIENTED_EDGE('',*,*,#2322,.F.);
#2343=ORIENTED_EDGE('',*,*,#2342,.T.);
#2344=ORIENTED_EDGE('',*,*,#1508,.F.);
#2346=ORIENTED_EDGE('',*,*,#2345,.F.);
#2347=EDGE_LOOP('',(#2340,#2341,#2343,#2344,#2346));
#2348=FACE_OUTER_BOUND('',#2347,.F.);
#2349=ADVANCED_FACE('',(#2348),#2339,.F.);
#2350=CARTESIAN_POINT('',(-5.149999999996E0,-1.5E1,7.500000000001E0));
#2351=DIRECTION('',(0.E0,-1.E0,0.E0));
#2352=DIRECTION('',(1.E0,0.E0,0.E0));
#2353=AXIS2_PLACEMENT_3D('',#2350,#2351,#2352);
#2354=CYLINDRICAL_SURFACE('',#2353,1.75E0);
#2356=ORIENTED_EDGE('',*,*,#2355,.F.);
#2358=ORIENTED_EDGE('',*,*,#2357,.F.);
#2359=ORIENTED_EDGE('',*,*,#2345,.T.);
#2360=ORIENTED_EDGE('',*,*,#1510,.F.);
#2361=ORIENTED_EDGE('',*,*,#2342,.F.);
#2362=EDGE_LOOP('',(#2356,#2358,#2359,#2360,#2361));
#2363=FACE_OUTER_BOUND('',#2362,.F.);
#2364=ADVANCED_FACE('',(#2363),#2354,.F.);
#2365=CARTESIAN_POINT('',(-5.149999999996E0,-1.005E1,7.500000000001E0));
#2366=DIRECTION('',(0.E0,1.E0,0.E0));
#2367=DIRECTION('',(0.E0,0.E0,-1.E0));
#2368=AXIS2_PLACEMENT_3D('',#2365,#2366,#2367);
#2369=CONICAL_SURFACE('',#2368,2.499999999999E0,4.5E1);
#2370=ORIENTED_EDGE('',*,*,#2357,.T.);
#2371=ORIENTED_EDGE('',*,*,#2355,.T.);
#2372=ORIENTED_EDGE('',*,*,#2330,.F.);
#2374=ORIENTED_EDGE('',*,*,#2373,.T.);
#2376=ORIENTED_EDGE('',*,*,#2375,.T.);
#2377=ORIENTED_EDGE('',*,*,#2326,.T.);
#2378=EDGE_LOOP('',(#2370,#2371,#2372,#2374,#2376,#2377));
#2379=FACE_OUTER_BOUND('',#2378,.F.);
#2380=ADVANCED_FACE('',(#2379),#2369,.F.);
#2381=CARTESIAN_POINT('',(-5.149999999996E0,-9.1E0,7.500000000001E0));
#2382=DIRECTION('',(0.E0,1.E0,0.E0));
#2383=DIRECTION('',(-1.E0,0.E0,0.E0));
#2384=AXIS2_PLACEMENT_3D('',#2381,#2382,#2383);
#2385=CYLINDRICAL_SURFACE('',#2384,3.25E0);
#2386=ORIENTED_EDGE('',*,*,#2375,.F.);
#2387=ORIENTED_EDGE('',*,*,#2373,.F.);
#2388=ORIENTED_EDGE('',*,*,#2312,.T.);
#2389=ORIENTED_EDGE('',*,*,#1874,.F.);
#2390=ORIENTED_EDGE('',*,*,#2309,.F.);
#2391=EDGE_LOOP('',(#2386,#2387,#2388,#2389,#2390));
#2392=FACE_OUTER_BOUND('',#2391,.F.);
#2393=ADVANCED_FACE('',(#2392),#2385,.F.);
#2394=CARTESIAN_POINT('',(4.850000000004E0,-9.1E0,-7.499999999999E0));
#2395=DIRECTION('',(0.E0,1.E0,0.E0));
#2396=DIRECTION('',(-1.E0,0.E0,0.E0));
#2397=AXIS2_PLACEMENT_3D('',#2394,#2395,#2396);
#2398=CYLINDRICAL_SURFACE('',#2397,3.25E0);
#2400=ORIENTED_EDGE('',*,*,#2399,.F.);
#2402=ORIENTED_EDGE('',*,*,#2401,.F.);
#2404=ORIENTED_EDGE('',*,*,#2403,.T.);
#2405=ORIENTED_EDGE('',*,*,#1878,.F.);
#2407=ORIENTED_EDGE('',*,*,#2406,.F.);
#2408=EDGE_LOOP('',(#2400,#2402,#2404,#2405,#2407));
#2409=FACE_OUTER_BOUND('',#2408,.F.);
#2410=ADVANCED_FACE('',(#2409),#2398,.F.);
#2411=CARTESIAN_POINT('',(4.850000000004E0,-1.005E1,-7.499999999999E0));
#2412=DIRECTION('',(0.E0,1.E0,0.E0));
#2413=DIRECTION('',(0.E0,0.E0,-1.E0));
#2414=AXIS2_PLACEMENT_3D('',#2411,#2412,#2413);
#2415=CONICAL_SURFACE('',#2414,2.499999999999E0,4.5E1);
#2417=ORIENTED_EDGE('',*,*,#2416,.T.);
#2419=ORIENTED_EDGE('',*,*,#2418,.T.);
#2421=ORIENTED_EDGE('',*,*,#2420,.F.);
#2422=ORIENTED_EDGE('',*,*,#2401,.T.);
#2423=ORIENTED_EDGE('',*,*,#2399,.T.);
#2425=ORIENTED_EDGE('',*,*,#2424,.T.);
#2426=EDGE_LOOP('',(#2417,#2419,#2421,#2422,#2423,#2425));
#2427=FACE_OUTER_BOUND('',#2426,.F.);
#2428=ADVANCED_FACE('',(#2427),#2415,.F.);
#2429=CARTESIAN_POINT('',(4.850000000004E0,-1.5E1,-7.499999999999E0));
#2430=DIRECTION('',(0.E0,-1.E0,0.E0));
#2431=DIRECTION('',(1.E0,0.E0,0.E0));
#2432=AXIS2_PLACEMENT_3D('',#2429,#2430,#2431);
#2433=CYLINDRICAL_SURFACE('',#2432,1.75E0);
#2434=ORIENTED_EDGE('',*,*,#2418,.F.);
#2435=ORIENTED_EDGE('',*,*,#2416,.F.);
#2437=ORIENTED_EDGE('',*,*,#2436,.T.);
#2438=ORIENTED_EDGE('',*,*,#1520,.F.);
#2440=ORIENTED_EDGE('',*,*,#2439,.F.);
#2441=EDGE_LOOP('',(#2434,#2435,#2437,#2438,#2440));
#2442=FACE_OUTER_BOUND('',#2441,.F.);
#2443=ADVANCED_FACE('',(#2442),#2433,.F.);
#2444=CARTESIAN_POINT('',(4.850000000004E0,-1.5E1,-7.499999999999E0));
#2445=DIRECTION('',(0.E0,-1.E0,0.E0));
#2446=DIRECTION('',(1.E0,0.E0,0.E0));
#2447=AXIS2_PLACEMENT_3D('',#2444,#2445,#2446);
#2448=CYLINDRICAL_SURFACE('',#2447,1.75E0);
#2450=ORIENTED_EDGE('',*,*,#2449,.F.);
#2452=ORIENTED_EDGE('',*,*,#2451,.F.);
#2453=ORIENTED_EDGE('',*,*,#2439,.T.);
#2454=ORIENTED_EDGE('',*,*,#1522,.F.);
#2455=ORIENTED_EDGE('',*,*,#2436,.F.);
#2456=EDGE_LOOP('',(#2450,#2452,#2453,#2454,#2455));
#2457=FACE_OUTER_BOUND('',#2456,.F.);
#2458=ADVANCED_FACE('',(#2457),#2448,.F.);
#2459=CARTESIAN_POINT('',(4.850000000004E0,-1.005E1,-7.499999999999E0));
#2460=DIRECTION('',(0.E0,1.E0,0.E0));
#2461=DIRECTION('',(0.E0,0.E0,-1.E0));
#2462=AXIS2_PLACEMENT_3D('',#2459,#2460,#2461);
#2463=CONICAL_SURFACE('',#2462,2.499999999999E0,4.5E1);
#2464=ORIENTED_EDGE('',*,*,#2451,.T.);
#2465=ORIENTED_EDGE('',*,*,#2449,.T.);
#2466=ORIENTED_EDGE('',*,*,#2424,.F.);
#2468=ORIENTED_EDGE('',*,*,#2467,.T.);
#2470=ORIENTED_EDGE('',*,*,#2469,.T.);
#2471=ORIENTED_EDGE('',*,*,#2420,.T.);
#2472=EDGE_LOOP('',(#2464,#2465,#2466,#2468,#2470,#2471));
#2473=FACE_OUTER_BOUND('',#2472,.F.);
#2474=ADVANCED_FACE('',(#2473),#2463,.F.);
#2475=CARTESIAN_POINT('',(4.850000000004E0,-9.1E0,-7.499999999999E0));
#2476=DIRECTION('',(0.E0,1.E0,0.E0));
#2477=DIRECTION('',(-1.E0,0.E0,0.E0));
#2478=AXIS2_PLACEMENT_3D('',#2475,#2476,#2477);
#2479=CYLINDRICAL_SURFACE('',#2478,3.25E0);
#2480=ORIENTED_EDGE('',*,*,#2469,.F.);
#2481=ORIENTED_EDGE('',*,*,#2467,.F.);
#2482=ORIENTED_EDGE('',*,*,#2406,.T.);
#2483=ORIENTED_EDGE('',*,*,#1880,.F.);
#2484=ORIENTED_EDGE('',*,*,#2403,.F.);
#2485=EDGE_LOOP('',(#2480,#2481,#2482,#2483,#2484));
#2486=FACE_OUTER_BOUND('',#2485,.F.);
#2487=ADVANCED_FACE('',(#2486),#2479,.F.);
#2488=CARTESIAN_POINT('',(-5.149999999996E0,-9.1E0,-7.499999999999E0));
#2489=DIRECTION('',(0.E0,1.E0,0.E0));
#2490=DIRECTION('',(-1.E0,0.E0,0.E0));
#2491=AXIS2_PLACEMENT_3D('',#2488,#2489,#2490);
#2492=CYLINDRICAL_SURFACE('',#2491,3.25E0);
#2494=ORIENTED_EDGE('',*,*,#2493,.F.);
#2496=ORIENTED_EDGE('',*,*,#2495,.F.);
#2498=ORIENTED_EDGE('',*,*,#2497,.T.);
#2499=ORIENTED_EDGE('',*,*,#1884,.F.);
#2501=ORIENTED_EDGE('',*,*,#2500,.F.);
#2502=EDGE_LOOP('',(#2494,#2496,#2498,#2499,#2501));
#2503=FACE_OUTER_BOUND('',#2502,.F.);
#2504=ADVANCED_FACE('',(#2503),#2492,.F.);
#2505=CARTESIAN_POINT('',(-5.149999999996E0,-1.005E1,-7.499999999999E0));
#2506=DIRECTION('',(0.E0,1.E0,0.E0));
#2507=DIRECTION('',(0.E0,0.E0,-1.E0));
#2508=AXIS2_PLACEMENT_3D('',#2505,#2506,#2507);
#2509=CONICAL_SURFACE('',#2508,2.499999999999E0,4.5E1);
#2511=ORIENTED_EDGE('',*,*,#2510,.T.);
#2513=ORIENTED_EDGE('',*,*,#2512,.T.);
#2515=ORIENTED_EDGE('',*,*,#2514,.F.);
#2516=ORIENTED_EDGE('',*,*,#2495,.T.);
#2517=ORIENTED_EDGE('',*,*,#2493,.T.);
#2519=ORIENTED_EDGE('',*,*,#2518,.T.);
#2520=EDGE_LOOP('',(#2511,#2513,#2515,#2516,#2517,#2519));
#2521=FACE_OUTER_BOUND('',#2520,.F.);
#2522=ADVANCED_FACE('',(#2521),#2509,.F.);
#2523=CARTESIAN_POINT('',(-5.149999999996E0,-1.5E1,-7.499999999999E0));
#2524=DIRECTION('',(0.E0,-1.E0,0.E0));
#2525=DIRECTION('',(1.E0,0.E0,0.E0));
#2526=AXIS2_PLACEMENT_3D('',#2523,#2524,#2525);
#2527=CYLINDRICAL_SURFACE('',#2526,1.75E0);
#2528=ORIENTED_EDGE('',*,*,#2512,.F.);
#2529=ORIENTED_EDGE('',*,*,#2510,.F.);
#2531=ORIENTED_EDGE('',*,*,#2530,.T.);
#2532=ORIENTED_EDGE('',*,*,#1514,.F.);
#2534=ORIENTED_EDGE('',*,*,#2533,.F.);
#2535=EDGE_LOOP('',(#2528,#2529,#2531,#2532,#2534));
#2536=FACE_OUTER_BOUND('',#2535,.F.);
#2537=ADVANCED_FACE('',(#2536),#2527,.F.);
#2538=CARTESIAN_POINT('',(-5.149999999996E0,-1.5E1,-7.499999999999E0));
#2539=DIRECTION('',(0.E0,-1.E0,0.E0));
#2540=DIRECTION('',(1.E0,0.E0,0.E0));
#2541=AXIS2_PLACEMENT_3D('',#2538,#2539,#2540);
#2542=CYLINDRICAL_SURFACE('',#2541,1.75E0);
#2544=ORIENTED_EDGE('',*,*,#2543,.F.);
#2546=ORIENTED_EDGE('',*,*,#2545,.F.);
#2547=ORIENTED_EDGE('',*,*,#2533,.T.);
#2548=ORIENTED_EDGE('',*,*,#1516,.F.);
#2549=ORIENTED_EDGE('',*,*,#2530,.F.);
#2550=EDGE_LOOP('',(#2544,#2546,#2547,#2548,#2549));
#2551=FACE_OUTER_BOUND('',#2550,.F.);
#2552=ADVANCED_FACE('',(#2551),#2542,.F.);
#2553=CARTESIAN_POINT('',(-5.149999999996E0,-1.005E1,-7.499999999999E0));
#2554=DIRECTION('',(0.E0,1.E0,0.E0));
#2555=DIRECTION('',(0.E0,0.E0,-1.E0));
#2556=AXIS2_PLACEMENT_3D('',#2553,#2554,#2555);
#2557=CONICAL_SURFACE('',#2556,2.499999999999E0,4.5E1);
#2558=ORIENTED_EDGE('',*,*,#2545,.T.);
#2559=ORIENTED_EDGE('',*,*,#2543,.T.);
#2560=ORIENTED_EDGE('',*,*,#2518,.F.);
#2562=ORIENTED_EDGE('',*,*,#2561,.T.);
#2564=ORIENTED_EDGE('',*,*,#2563,.T.);
#2565=ORIENTED_EDGE('',*,*,#2514,.T.);
#2566=EDGE_LOOP('',(#2558,#2559,#2560,#2562,#2564,#2565));
#2567=FACE_OUTER_BOUND('',#2566,.F.);
#2568=ADVANCED_FACE('',(#2567),#2557,.F.);
#2569=CARTESIAN_POINT('',(-5.149999999996E0,-9.1E0,-7.499999999999E0));
#2570=DIRECTION('',(0.E0,1.E0,0.E0));
#2571=DIRECTION('',(-1.E0,0.E0,0.E0));
#2572=AXIS2_PLACEMENT_3D('',#2569,#2570,#2571);
#2573=CYLINDRICAL_SURFACE('',#2572,3.25E0);
#2574=ORIENTED_EDGE('',*,*,#2563,.F.);
#2575=ORIENTED_EDGE('',*,*,#2561,.F.);
#2576=ORIENTED_EDGE('',*,*,#2500,.T.);
#2577=ORIENTED_EDGE('',*,*,#1886,.F.);
#2578=ORIENTED_EDGE('',*,*,#2497,.F.);
#2579=EDGE_LOOP('',(#2574,#2575,#2576,#2577,#2578));
#2580=FACE_OUTER_BOUND('',#2579,.F.);
#2581=ADVANCED_FACE('',(#2580),#2573,.F.);
#2582=CARTESIAN_POINT('',(4.850000000004E0,-9.1E0,7.500000000001E0));
#2583=DIRECTION('',(0.E0,1.E0,0.E0));
#2584=DIRECTION('',(-1.E0,0.E0,0.E0));
#2585=AXIS2_PLACEMENT_3D('',#2582,#2583,#2584);
#2586=CYLINDRICAL_SURFACE('',#2585,3.25E0);
#2588=ORIENTED_EDGE('',*,*,#2587,.F.);
#2590=ORIENTED_EDGE('',*,*,#2589,.F.);
#2592=ORIENTED_EDGE('',*,*,#2591,.T.);
#2593=ORIENTED_EDGE('',*,*,#1890,.F.);
#2595=ORIENTED_EDGE('',*,*,#2594,.F.);
#2596=EDGE_LOOP('',(#2588,#2590,#2592,#2593,#2595));
#2597=FACE_OUTER_BOUND('',#2596,.F.);
#2598=ADVANCED_FACE('',(#2597),#2586,.F.);
#2599=CARTESIAN_POINT('',(4.850000000004E0,-1.005E1,7.500000000001E0));
#2600=DIRECTION('',(0.E0,1.E0,0.E0));
#2601=DIRECTION('',(0.E0,0.E0,-1.E0));
#2602=AXIS2_PLACEMENT_3D('',#2599,#2600,#2601);
#2603=CONICAL_SURFACE('',#2602,2.499999999999E0,4.5E1);
#2605=ORIENTED_EDGE('',*,*,#2604,.T.);
#2607=ORIENTED_EDGE('',*,*,#2606,.T.);
#2609=ORIENTED_EDGE('',*,*,#2608,.F.);
#2610=ORIENTED_EDGE('',*,*,#2589,.T.);
#2611=ORIENTED_EDGE('',*,*,#2587,.T.);
#2613=ORIENTED_EDGE('',*,*,#2612,.T.);
#2614=EDGE_LOOP('',(#2605,#2607,#2609,#2610,#2611,#2613));
#2615=FACE_OUTER_BOUND('',#2614,.F.);
#2616=ADVANCED_FACE('',(#2615),#2603,.F.);
#2617=CARTESIAN_POINT('',(4.850000000004E0,-1.5E1,7.500000000001E0));
#2618=DIRECTION('',(0.E0,-1.E0,0.E0));
#2619=DIRECTION('',(1.E0,0.E0,0.E0));
#2620=AXIS2_PLACEMENT_3D('',#2617,#2618,#2619);
#2621=CYLINDRICAL_SURFACE('',#2620,1.75E0);
#2622=ORIENTED_EDGE('',*,*,#2606,.F.);
#2623=ORIENTED_EDGE('',*,*,#2604,.F.);
#2625=ORIENTED_EDGE('',*,*,#2624,.T.);
#2626=ORIENTED_EDGE('',*,*,#1502,.F.);
#2628=ORIENTED_EDGE('',*,*,#2627,.F.);
#2629=EDGE_LOOP('',(#2622,#2623,#2625,#2626,#2628));
#2630=FACE_OUTER_BOUND('',#2629,.F.);
#2631=ADVANCED_FACE('',(#2630),#2621,.F.);
#2632=CARTESIAN_POINT('',(4.850000000004E0,-1.5E1,7.500000000001E0));
#2633=DIRECTION('',(0.E0,-1.E0,0.E0));
#2634=DIRECTION('',(1.E0,0.E0,0.E0));
#2635=AXIS2_PLACEMENT_3D('',#2632,#2633,#2634);
#2636=CYLINDRICAL_SURFACE('',#2635,1.75E0);
#2638=ORIENTED_EDGE('',*,*,#2637,.F.);
#2640=ORIENTED_EDGE('',*,*,#2639,.F.);
#2641=ORIENTED_EDGE('',*,*,#2627,.T.);
#2642=ORIENTED_EDGE('',*,*,#1504,.F.);
#2643=ORIENTED_EDGE('',*,*,#2624,.F.);
#2644=EDGE_LOOP('',(#2638,#2640,#2641,#2642,#2643));
#2645=FACE_OUTER_BOUND('',#2644,.F.);
#2646=ADVANCED_FACE('',(#2645),#2636,.F.);
#2647=CARTESIAN_POINT('',(4.850000000004E0,-1.005E1,7.500000000001E0));
#2648=DIRECTION('',(0.E0,1.E0,0.E0));
#2649=DIRECTION('',(0.E0,0.E0,-1.E0));
#2650=AXIS2_PLACEMENT_3D('',#2647,#2648,#2649);
#2651=CONICAL_SURFACE('',#2650,2.499999999999E0,4.5E1);
#2652=ORIENTED_EDGE('',*,*,#2639,.T.);
#2653=ORIENTED_EDGE('',*,*,#2637,.T.);
#2654=ORIENTED_EDGE('',*,*,#2612,.F.);
#2656=ORIENTED_EDGE('',*,*,#2655,.T.);
#2658=ORIENTED_EDGE('',*,*,#2657,.T.);
#2659=ORIENTED_EDGE('',*,*,#2608,.T.);
#2660=EDGE_LOOP('',(#2652,#2653,#2654,#2656,#2658,#2659));
#2661=FACE_OUTER_BOUND('',#2660,.F.);
#2662=ADVANCED_FACE('',(#2661),#2651,.F.);
#2663=CARTESIAN_POINT('',(4.850000000004E0,-9.1E0,7.500000000001E0));
#2664=DIRECTION('',(0.E0,1.E0,0.E0));
#2665=DIRECTION('',(-1.E0,0.E0,0.E0));
#2666=AXIS2_PLACEMENT_3D('',#2663,#2664,#2665);
#2667=CYLINDRICAL_SURFACE('',#2666,3.25E0);
#2668=ORIENTED_EDGE('',*,*,#2657,.F.);
#2669=ORIENTED_EDGE('',*,*,#2655,.F.);
#2670=ORIENTED_EDGE('',*,*,#2594,.T.);
#2671=ORIENTED_EDGE('',*,*,#1892,.F.);
#2672=ORIENTED_EDGE('',*,*,#2591,.F.);
#2673=EDGE_LOOP('',(#2668,#2669,#2670,#2671,#2672));
#2674=FACE_OUTER_BOUND('',#2673,.F.);
#2675=ADVANCED_FACE('',(#2674),#2667,.F.);
#2676=CARTESIAN_POINT('',(-9.132882064959E0,-3.346077972602E0,1.675E1));
#2677=DIRECTION('',(-6.427876096865E-1,7.660444431190E-1,0.E0));
#2678=DIRECTION('',(-7.660444431190E-1,-6.427876096865E-1,0.E0));
#2679=AXIS2_PLACEMENT_3D('',#2676,#2677,#2678);
#2680=PLANE('',#2679);
#2682=ORIENTED_EDGE('',*,*,#2681,.T.);
#2683=ORIENTED_EDGE('',*,*,#1769,.F.);
#2685=ORIENTED_EDGE('',*,*,#2684,.F.);
#2686=ORIENTED_EDGE('',*,*,#1559,.F.);
#2687=EDGE_LOOP('',(#2682,#2683,#2685,#2686));
#2688=FACE_OUTER_BOUND('',#2687,.F.);
#2689=ADVANCED_FACE('',(#2688),#2680,.F.);
#2690=CARTESIAN_POINT('',(-8.072282508976E0,-4.236026668854E0,1.675E1));
#2691=DIRECTION('',(6.427876096865E-1,7.660444431190E-1,0.E0));
#2692=DIRECTION('',(-7.660444431190E-1,6.427876096865E-1,0.E0));
#2693=AXIS2_PLACEMENT_3D('',#2690,#2691,#2692);
#2694=PLANE('',#2693);
#2696=ORIENTED_EDGE('',*,*,#2695,.F.);
#2697=ORIENTED_EDGE('',*,*,#1771,.F.);
#2698=ORIENTED_EDGE('',*,*,#2681,.F.);
#2699=ORIENTED_EDGE('',*,*,#1557,.F.);
#2700=EDGE_LOOP('',(#2696,#2697,#2698,#2699));
#2701=FACE_OUTER_BOUND('',#2700,.F.);
#2702=ADVANCED_FACE('',(#2701),#2694,.F.);
#2703=CARTESIAN_POINT('',(-9.132882064959E0,-5.5E0,1.675E1));
#2704=DIRECTION('',(0.E0,0.E0,1.E0));
#2705=DIRECTION('',(1.E0,0.E0,0.E0));
#2706=AXIS2_PLACEMENT_3D('',#2703,#2704,#2705);
#2707=CYLINDRICAL_SURFACE('',#2706,1.65E0);
#2708=ORIENTED_EDGE('',*,*,#2684,.T.);
#2709=ORIENTED_EDGE('',*,*,#1777,.F.);
#2710=ORIENTED_EDGE('',*,*,#1775,.F.);
#2711=ORIENTED_EDGE('',*,*,#1773,.F.);
#2712=ORIENTED_EDGE('',*,*,#2695,.T.);
#2713=ORIENTED_EDGE('',*,*,#1565,.F.);
#2714=ORIENTED_EDGE('',*,*,#1563,.F.);
#2715=ORIENTED_EDGE('',*,*,#1561,.F.);
#2716=EDGE_LOOP('',(#2708,#2709,#2710,#2711,#2712,#2713,#2714,#2715));
#2717=FACE_OUTER_BOUND('',#2716,.F.);
#2718=ADVANCED_FACE('',(#2717),#2707,.F.);
#2719=CARTESIAN_POINT('',(1.192771749102E1,-4.236026668854E0,1.675E1));
#2720=DIRECTION('',(6.427876096865E-1,7.660444431190E-1,0.E0));
#2721=DIRECTION('',(-7.660444431190E-1,6.427876096865E-1,0.E0));
#2722=AXIS2_PLACEMENT_3D('',#2719,#2720,#2721);
#2723=PLANE('',#2722);
#2725=ORIENTED_EDGE('',*,*,#2724,.F.);
#2726=ORIENTED_EDGE('',*,*,#1781,.F.);
#2728=ORIENTED_EDGE('',*,*,#2727,.T.);
#2729=ORIENTED_EDGE('',*,*,#1569,.F.);
#2730=EDGE_LOOP('',(#2725,#2726,#2728,#2729));
#2731=FACE_OUTER_BOUND('',#2730,.F.);
#2732=ADVANCED_FACE('',(#2731),#2723,.F.);
#2733=CARTESIAN_POINT('',(1.086711793504E1,-5.5E0,1.675E1));
#2734=DIRECTION('',(0.E0,0.E0,1.E0));
#2735=DIRECTION('',(1.E0,0.E0,0.E0));
#2736=AXIS2_PLACEMENT_3D('',#2733,#2734,#2735);
#2737=CYLINDRICAL_SURFACE('',#2736,1.65E0);
#2739=ORIENTED_EDGE('',*,*,#2738,.T.);
#2740=ORIENTED_EDGE('',*,*,#1787,.F.);
#2741=ORIENTED_EDGE('',*,*,#1785,.F.);
#2742=ORIENTED_EDGE('',*,*,#1783,.F.);
#2743=ORIENTED_EDGE('',*,*,#2724,.T.);
#2744=ORIENTED_EDGE('',*,*,#1577,.F.);
#2745=ORIENTED_EDGE('',*,*,#1575,.F.);
#2746=ORIENTED_EDGE('',*,*,#1573,.F.);
#2747=EDGE_LOOP('',(#2739,#2740,#2741,#2742,#2743,#2744,#2745,#2746));
#2748=FACE_OUTER_BOUND('',#2747,.F.);
#2749=ADVANCED_FACE('',(#2748),#2737,.F.);
#2750=CARTESIAN_POINT('',(1.086711793504E1,-3.346077972602E0,1.675E1));
#2751=DIRECTION('',(-6.427876096865E-1,7.660444431190E-1,0.E0));
#2752=DIRECTION('',(-7.660444431190E-1,-6.427876096865E-1,0.E0));
#2753=AXIS2_PLACEMENT_3D('',#2750,#2751,#2752);
#2754=PLANE('',#2753);
#2755=ORIENTED_EDGE('',*,*,#2727,.F.);
#2756=ORIENTED_EDGE('',*,*,#1789,.F.);
#2757=ORIENTED_EDGE('',*,*,#2738,.F.);
#2758=ORIENTED_EDGE('',*,*,#1571,.F.);
#2759=EDGE_LOOP('',(#2755,#2756,#2757,#2758));
#2760=FACE_OUTER_BOUND('',#2759,.F.);
#2761=ADVANCED_FACE('',(#2760),#2754,.F.);
#2762=CARTESIAN_POINT('',(-8.072282508976E0,9.763973331146E0,1.675E1));
#2763=DIRECTION('',(6.427876096865E-1,7.660444431190E-1,0.E0));
#2764=DIRECTION('',(-7.660444431190E-1,6.427876096865E-1,0.E0));
#2765=AXIS2_PLACEMENT_3D('',#2762,#2763,#2764);
#2766=PLANE('',#2765);
#2768=ORIENTED_EDGE('',*,*,#2767,.F.);
#2769=ORIENTED_EDGE('',*,*,#1793,.F.);
#2771=ORIENTED_EDGE('',*,*,#2770,.T.);
#2772=ORIENTED_EDGE('',*,*,#1581,.F.);
#2773=EDGE_LOOP('',(#2768,#2769,#2771,#2772));
#2774=FACE_OUTER_BOUND('',#2773,.F.);
#2775=ADVANCED_FACE('',(#2774),#2766,.F.);
#2776=CARTESIAN_POINT('',(-9.132882064959E0,8.5E0,1.675E1));
#2777=DIRECTION('',(0.E0,0.E0,1.E0));
#2778=DIRECTION('',(1.E0,0.E0,0.E0));
#2779=AXIS2_PLACEMENT_3D('',#2776,#2777,#2778);
#2780=CYLINDRICAL_SURFACE('',#2779,1.65E0);
#2782=ORIENTED_EDGE('',*,*,#2781,.T.);
#2783=ORIENTED_EDGE('',*,*,#1799,.F.);
#2784=ORIENTED_EDGE('',*,*,#1797,.F.);
#2785=ORIENTED_EDGE('',*,*,#1795,.F.);
#2786=ORIENTED_EDGE('',*,*,#2767,.T.);
#2787=ORIENTED_EDGE('',*,*,#1589,.F.);
#2788=ORIENTED_EDGE('',*,*,#1587,.F.);
#2789=ORIENTED_EDGE('',*,*,#1585,.F.);
#2790=EDGE_LOOP('',(#2782,#2783,#2784,#2785,#2786,#2787,#2788,#2789));
#2791=FACE_OUTER_BOUND('',#2790,.F.);
#2792=ADVANCED_FACE('',(#2791),#2780,.F.);
#2793=CARTESIAN_POINT('',(-9.132882064959E0,1.065392202740E1,1.675E1));
#2794=DIRECTION('',(-6.427876096865E-1,7.660444431190E-1,0.E0));
#2795=DIRECTION('',(-7.660444431190E-1,-6.427876096865E-1,0.E0));
#2796=AXIS2_PLACEMENT_3D('',#2793,#2794,#2795);
#2797=PLANE('',#2796);
#2798=ORIENTED_EDGE('',*,*,#2770,.F.);
#2799=ORIENTED_EDGE('',*,*,#1801,.F.);
#2800=ORIENTED_EDGE('',*,*,#2781,.F.);
#2801=ORIENTED_EDGE('',*,*,#1583,.F.);
#2802=EDGE_LOOP('',(#2798,#2799,#2800,#2801));
#2803=FACE_OUTER_BOUND('',#2802,.F.);
#2804=ADVANCED_FACE('',(#2803),#2797,.F.);
#2808=DIMENSIONAL_EXPONENTS(0.E0,0.E0,0.E0,0.E0,0.E0,0.E0,0.E0);
#2810=PLANE_ANGLE_MEASURE_WITH_UNIT(PLANE_ANGLE_MEASURE(1.745329251994E-2),
#2809);
#2811=(CONVERSION_BASED_UNIT('DEGREE',#2810)NAMED_UNIT(*)PLANE_ANGLE_UNIT());
#2813=UNCERTAINTY_MEASURE_WITH_UNIT(LENGTH_MEASURE(6.107759217139E-3),#2807,
'closure',
'Maximum model space distance between geometric entities at asserted connectivities');
#2814=(GEOMETRIC_REPRESENTATION_CONTEXT(3)GLOBAL_UNCERTAINTY_ASSIGNED_CONTEXT((
#2813))GLOBAL_UNIT_ASSIGNED_CONTEXT((#2807,#2811,#2812))REPRESENTATION_CONTEXT(
'ID1','3'));
#2816=APPLICATION_CONTEXT(
'CONFIGURATION CONTROLLED 3D DESIGNS OF MECHANICAL PARTS AND ASSEMBLIES');
#2817=APPLICATION_PROTOCOL_DEFINITION('international standard',
'config_control_design',1994,#2816);
#2818=DESIGN_CONTEXT('',#2816,'design');
#2819=MECHANICAL_CONTEXT('',#2816,'mechanical');
#2820=PRODUCT('332000196','332000196','NOT SPECIFIED',(#2819));
#2821=PRODUCT_DEFINITION_FORMATION_WITH_SPECIFIED_SOURCE('1','LAST_VERSION',
#2820,.MADE.);
#2825=PRODUCT_CATEGORY('part','');
#2826=PRODUCT_RELATED_PRODUCT_CATEGORY('detail','',(#2820));
#2827=PRODUCT_CATEGORY_RELATIONSHIP('','',#2825,#2826);
#2828=SECURITY_CLASSIFICATION_LEVEL('unclassified');
#2829=SECURITY_CLASSIFICATION('','',#2828);
#2830=CC_DESIGN_SECURITY_CLASSIFICATION(#2829,(#2821));
#2831=APPROVAL_STATUS('approved');
#2832=APPROVAL(#2831,'');
#2833=CC_DESIGN_APPROVAL(#2832,(#2829,#2821,#2822));
#2834=CALENDAR_DATE(126,18,8);
#2835=COORDINATED_UNIVERSAL_TIME_OFFSET(8,0,.AHEAD.);
#2836=LOCAL_TIME(14,11,2.5E1,#2835);
#2837=DATE_AND_TIME(#2834,#2836);
#2838=APPROVAL_DATE_TIME(#2837,#2832);
#2839=DATE_TIME_ROLE('creation_date');
#2840=CC_DESIGN_DATE_AND_TIME_ASSIGNMENT(#2837,#2839,(#2822));
#2841=DATE_TIME_ROLE('classification_date');
#2842=CC_DESIGN_DATE_AND_TIME_ASSIGNMENT(#2837,#2841,(#2829));
#2843=PERSON('UNSPECIFIED','UNSPECIFIED',$,$,$,$);
#2844=ORGANIZATION('UNSPECIFIED','UNSPECIFIED','UNSPECIFIED');
#2845=PERSON_AND_ORGANIZATION(#2843,#2844);
#2846=APPROVAL_ROLE('approver');
#2847=APPROVAL_PERSON_ORGANIZATION(#2845,#2832,#2846);
#2848=PERSON_AND_ORGANIZATION_ROLE('creator');
#2849=CC_DESIGN_PERSON_AND_ORGANIZATION_ASSIGNMENT(#2845,#2848,(#2821,#2822));
#2850=PERSON_AND_ORGANIZATION_ROLE('design_supplier');
#2851=CC_DESIGN_PERSON_AND_ORGANIZATION_ASSIGNMENT(#2845,#2850,(#2821));
#2852=PERSON_AND_ORGANIZATION_ROLE('classification_officer');
#2853=CC_DESIGN_PERSON_AND_ORGANIZATION_ASSIGNMENT(#2845,#2852,(#2829));
#2854=PERSON_AND_ORGANIZATION_ROLE('design_owner');
#2855=CC_DESIGN_PERSON_AND_ORGANIZATION_ASSIGNMENT(#2845,#2854,(#2820));
#5=CIRCLE('',#4,1.75E0);
#10=CIRCLE('',#9,1.75E0);
#15=CIRCLE('',#14,1.75E0);
#20=CIRCLE('',#19,1.75E0);
#25=CIRCLE('',#24,1.75E0);
#30=CIRCLE('',#29,1.75E0);
#35=CIRCLE('',#34,1.75E0);
#40=CIRCLE('',#39,1.75E0);
#45=CIRCLE('',#44,3.E0);
#54=CIRCLE('',#53,2.E0);
#59=CIRCLE('',#58,1.E1);
#68=CIRCLE('',#67,3.E0);
#81=CIRCLE('',#80,6.E1);
#98=CIRCLE('',#97,1.65E0);
#103=CIRCLE('',#102,1.65E0);
#108=CIRCLE('',#107,1.65E0);
#121=CIRCLE('',#120,1.65E0);
#126=CIRCLE('',#125,1.65E0);
#131=CIRCLE('',#130,1.65E0);
#144=CIRCLE('',#143,1.65E0);
#149=CIRCLE('',#148,1.65E0);
#154=CIRCLE('',#153,1.65E0);
#160=B_SPLINE_CURVE_WITH_KNOTS('',3,(#155,#156,#157,#158,#159),.UNSPECIFIED.,
.F.,.F.,(4,1,4),(0.E0,5.E-1,1.E0),.UNSPECIFIED.);
#178=B_SPLINE_CURVE_WITH_KNOTS('',3,(#173,#174,#175,#176,#177),.UNSPECIFIED.,
.F.,.F.,(4,1,4),(0.E0,5.E-1,1.E0),.UNSPECIFIED.);
#192=B_SPLINE_CURVE_WITH_KNOTS('',3,(#183,#184,#185,#186,#187,#188,#189,#190,
#191),.UNSPECIFIED.,.F.,.F.,(4,1,1,1,1,1,4),(0.E0,1.25E-1,2.5E-1,5.E-1,7.5E-1,
8.75E-1,1.E0),.UNSPECIFIED.);
#206=B_SPLINE_CURVE_WITH_KNOTS('',3,(#197,#198,#199,#200,#201,#202,#203,#204,
#205),.UNSPECIFIED.,.F.,.F.,(4,1,1,1,1,1,4),(0.E0,1.25E-1,2.5E-1,5.E-1,7.5E-1,
8.75E-1,1.E0),.UNSPECIFIED.);
#215=B_SPLINE_CURVE_WITH_KNOTS('',3,(#207,#208,#209,#210,#211,#212,#213,#214),
.UNSPECIFIED.,.F.,.F.,(4,1,1,1,1,4),(0.E0,2.E-1,4.E-1,6.E-1,8.E-1,1.E0),
.UNSPECIFIED.);
#226=B_SPLINE_CURVE_WITH_KNOTS('',3,(#216,#217,#218,#219,#220,#221,#222,#223,
#224,#225),.UNSPECIFIED.,.F.,.F.,(4,1,1,1,1,1,1,4),(0.E0,1.428571428571E-1,
2.857142857143E-1,4.285714285714E-1,5.714285714286E-1,7.142857142857E-1,
8.571428571429E-1,1.E0),.UNSPECIFIED.);
#237=B_SPLINE_CURVE_WITH_KNOTS('',3,(#231,#232,#233,#234,#235,#236),
.UNSPECIFIED.,.F.,.F.,(4,1,1,4),(0.E0,3.333333333333E-1,6.666666666667E-1,1.E0),
.UNSPECIFIED.);
#244=B_SPLINE_CURVE_WITH_KNOTS('',3,(#238,#239,#240,#241,#242,#243),
.UNSPECIFIED.,.F.,.F.,(4,1,1,4),(0.E0,3.333333333333E-1,6.666666666667E-1,1.E0),
.UNSPECIFIED.);
#257=B_SPLINE_CURVE_WITH_KNOTS('',3,(#253,#254,#255,#256),.UNSPECIFIED.,.F.,.F.,
(4,4),(0.E0,1.E0),.UNSPECIFIED.);
#266=B_SPLINE_CURVE_WITH_KNOTS('',3,(#262,#263,#264,#265),.UNSPECIFIED.,.F.,.F.,
(4,4),(0.E0,1.E0),.UNSPECIFIED.);
#271=B_SPLINE_CURVE_WITH_KNOTS('',3,(#267,#268,#269,#270),.UNSPECIFIED.,.F.,.F.,
(4,4),(0.E0,1.E0),.UNSPECIFIED.);
#276=B_SPLINE_CURVE_WITH_KNOTS('',3,(#272,#273,#274,#275),.UNSPECIFIED.,.F.,.F.,
(4,4),(0.E0,1.E0),.UNSPECIFIED.);
#281=B_SPLINE_CURVE_WITH_KNOTS('',3,(#277,#278,#279,#280),.UNSPECIFIED.,.F.,.F.,
(4,4),(0.E0,1.E0),.UNSPECIFIED.);
#287=B_SPLINE_CURVE_WITH_KNOTS('',3,(#282,#283,#284,#285,#286),.UNSPECIFIED.,
.F.,.F.,(4,1,4),(0.E0,5.E-1,1.E0),.UNSPECIFIED.);
#302=B_SPLINE_CURVE_WITH_KNOTS('',3,(#292,#293,#294,#295,#296,#297,#298,#299,
#300,#301),.UNSPECIFIED.,.F.,.F.,(4,1,1,1,1,1,1,4),(0.E0,1.428571428571E-1,
2.857142857143E-1,4.285714285714E-1,5.714285714286E-1,7.142857142857E-1,
8.571428571429E-1,1.E0),.UNSPECIFIED.);
#311=B_SPLINE_CURVE_WITH_KNOTS('',3,(#303,#304,#305,#306,#307,#308,#309,#310),
.UNSPECIFIED.,.F.,.F.,(4,1,1,1,1,4),(0.E0,2.E-1,4.E-1,6.E-1,8.E-1,1.E0),
.UNSPECIFIED.);
#331=B_SPLINE_CURVE_WITH_KNOTS('',3,(#324,#325,#326,#327,#328,#329,#330),
.UNSPECIFIED.,.F.,.F.,(4,1,1,1,4),(0.E0,2.5E-1,5.E-1,7.5E-1,1.E0),
.UNSPECIFIED.);
#347=B_SPLINE_CURVE_WITH_KNOTS('',3,(#332,#333,#334,#335,#336,#337,#338,#339,
#340,#341,#342,#343,#344,#345,#346),.UNSPECIFIED.,.F.,.F.,(4,1,1,1,1,1,1,1,1,1,
1,1,4),(0.E0,8.333333333333E-2,1.666666666667E-1,2.5E-1,3.333333333333E-1,
4.166666666667E-1,5.E-1,5.833333333333E-1,6.666666666667E-1,7.5E-1,
8.333333333333E-1,9.166666666667E-1,1.E0),.UNSPECIFIED.);
#355=B_SPLINE_CURVE_WITH_KNOTS('',3,(#348,#349,#350,#351,#352,#353,#354),
.UNSPECIFIED.,.F.,.F.,(4,1,1,1,4),(0.E0,2.5E-1,5.E-1,7.5E-1,1.E0),
.UNSPECIFIED.);
#367=B_SPLINE_CURVE_WITH_KNOTS('',3,(#360,#361,#362,#363,#364,#365,#366),
.UNSPECIFIED.,.F.,.F.,(4,1,1,1,4),(0.E0,2.5E-1,5.E-1,7.5E-1,1.E0),
.UNSPECIFIED.);
#383=B_SPLINE_CURVE_WITH_KNOTS('',3,(#368,#369,#370,#371,#372,#373,#374,#375,
#376,#377,#378,#379,#380,#381,#382),.UNSPECIFIED.,.F.,.F.,(4,1,1,1,1,1,1,1,1,1,
1,1,4),(0.E0,8.333333333333E-2,1.666666666667E-1,2.5E-1,3.333333333333E-1,
4.166666666667E-1,5.E-1,5.833333333333E-1,6.666666666667E-1,7.5E-1,
8.333333333333E-1,9.166666666667E-1,1.E0),.UNSPECIFIED.);
#391=B_SPLINE_CURVE_WITH_KNOTS('',3,(#384,#385,#386,#387,#388,#389,#390),
.UNSPECIFIED.,.F.,.F.,(4,1,1,1,4),(0.E0,2.5E-1,5.E-1,7.5E-1,1.E0),
.UNSPECIFIED.);
#407=B_SPLINE_CURVE_WITH_KNOTS('',3,(#400,#401,#402,#403,#404,#405,#406),
.UNSPECIFIED.,.F.,.F.,(4,1,1,1,4),(0.E0,2.5E-1,5.E-1,7.5E-1,1.E0),
.UNSPECIFIED.);
#423=B_SPLINE_CURVE_WITH_KNOTS('',3,(#408,#409,#410,#411,#412,#413,#414,#415,
#416,#417,#418,#419,#420,#421,#422),.UNSPECIFIED.,.F.,.F.,(4,1,1,1,1,1,1,1,1,1,
1,1,4),(0.E0,8.333333333333E-2,1.666666666667E-1,2.5E-1,3.333333333333E-1,
4.166666666667E-1,5.E-1,5.833333333333E-1,6.666666666667E-1,7.5E-1,
8.333333333333E-1,9.166666666667E-1,1.E0),.UNSPECIFIED.);
#431=B_SPLINE_CURVE_WITH_KNOTS('',3,(#424,#425,#426,#427,#428,#429,#430),
.UNSPECIFIED.,.F.,.F.,(4,1,1,1,4),(0.E0,2.5E-1,5.E-1,7.5E-1,1.E0),
.UNSPECIFIED.);
#440=B_SPLINE_CURVE_WITH_KNOTS('',3,(#436,#437,#438,#439),.UNSPECIFIED.,.F.,.F.,
(4,4),(0.E0,1.E0),.UNSPECIFIED.);
#451=B_SPLINE_CURVE_WITH_KNOTS('',3,(#445,#446,#447,#448,#449,#450),
.UNSPECIFIED.,.F.,.F.,(4,1,1,4),(0.E0,3.333333333333E-1,6.666666666667E-1,1.E0),
.UNSPECIFIED.);
#458=B_SPLINE_CURVE_WITH_KNOTS('',3,(#452,#453,#454,#455,#456,#457),
.UNSPECIFIED.,.F.,.F.,(4,1,1,4),(0.E0,3.333333333333E-1,6.666666666667E-1,1.E0),
.UNSPECIFIED.);
#467=B_SPLINE_CURVE_WITH_KNOTS('',3,(#463,#464,#465,#466),.UNSPECIFIED.,.F.,.F.,
(4,4),(0.E0,1.E0),.UNSPECIFIED.);
#476=B_SPLINE_CURVE_WITH_KNOTS('',3,(#472,#473,#474,#475),.UNSPECIFIED.,.F.,.F.,
(4,4),(0.E0,1.E0),.UNSPECIFIED.);
#497=CIRCLE('',#496,3.25E0);
#502=CIRCLE('',#501,3.25E0);
#507=CIRCLE('',#506,3.25E0);
#512=CIRCLE('',#511,3.25E0);
#517=CIRCLE('',#516,3.25E0);
#522=CIRCLE('',#521,3.25E0);
#527=CIRCLE('',#526,3.25E0);
#532=CIRCLE('',#531,3.25E0);
#558=B_SPLINE_CURVE_WITH_KNOTS('',3,(#553,#554,#555,#556,#557),.UNSPECIFIED.,
.F.,.F.,(4,1,4),(0.E0,5.E-1,1.E0),.UNSPECIFIED.);
#595=CIRCLE('',#594,3.E0);
#604=CIRCLE('',#603,6.E1);
#617=CIRCLE('',#616,3.E0);
#626=CIRCLE('',#625,1.E1);
#635=CIRCLE('',#634,2.E0);
#648=CIRCLE('',#647,1.65E0);
#653=CIRCLE('',#652,1.65E0);
#658=CIRCLE('',#657,1.65E0);
#671=CIRCLE('',#670,1.65E0);
#676=CIRCLE('',#675,1.65E0);
#681=CIRCLE('',#680,1.65E0);
#694=CIRCLE('',#693,1.65E0);
#699=CIRCLE('',#698,1.65E0);
#704=CIRCLE('',#703,1.65E0);
#748=B_SPLINE_CURVE_WITH_KNOTS('',3,(#741,#742,#743,#744,#745,#746,#747),
.UNSPECIFIED.,.F.,.F.,(4,1,1,1,4),(0.E0,2.5E-1,5.E-1,7.5E-1,1.E0),
.UNSPECIFIED.);
#764=B_SPLINE_CURVE_WITH_KNOTS('',3,(#749,#750,#751,#752,#753,#754,#755,#756,
#757,#758,#759,#760,#761,#762,#763),.UNSPECIFIED.,.F.,.F.,(4,1,1,1,1,1,1,1,1,1,
1,1,4),(0.E0,8.333333333333E-2,1.666666666667E-1,2.5E-1,3.333333333333E-1,
4.166666666667E-1,5.E-1,5.833333333333E-1,6.666666666667E-1,7.5E-1,
8.333333333333E-1,9.166666666667E-1,1.E0),.UNSPECIFIED.);
#772=B_SPLINE_CURVE_WITH_KNOTS('',3,(#765,#766,#767,#768,#769,#770,#771),
.UNSPECIFIED.,.F.,.F.,(4,1,1,1,4),(0.E0,2.5E-1,5.E-1,7.5E-1,1.E0),
.UNSPECIFIED.);
#812=B_SPLINE_CURVE_WITH_KNOTS('',3,(#793,#794,#795,#796,#797,#798,#799,#800,
#801,#802,#803,#804,#805,#806,#807,#808,#809,#810,#811),.UNSPECIFIED.,.F.,.F.,
(4,1,1,1,1,1,1,1,1,1,1,1,1,1,1,1,4),(0.E0,1.25E-1,1.875E-1,2.5E-1,3.125E-1,
3.75E-1,4.375E-1,4.6875E-1,5.E-1,5.3125E-1,5.625E-1,6.25E-1,6.875E-1,7.5E-1,
8.125E-1,8.75E-1,1.E0),.UNSPECIFIED.);
#840=B_SPLINE_CURVE_WITH_KNOTS('',3,(#833,#834,#835,#836,#837,#838,#839),
.UNSPECIFIED.,.F.,.F.,(4,1,1,1,4),(0.E0,2.5E-1,5.E-1,7.5E-1,1.E0),
.UNSPECIFIED.);
#856=B_SPLINE_CURVE_WITH_KNOTS('',3,(#841,#842,#843,#844,#845,#846,#847,#848,
#849,#850,#851,#852,#853,#854,#855),.UNSPECIFIED.,.F.,.F.,(4,1,1,1,1,1,1,1,1,1,
1,1,4),(0.E0,8.333333333333E-2,1.666666666667E-1,2.5E-1,3.333333333333E-1,
4.166666666667E-1,5.E-1,5.833333333333E-1,6.666666666667E-1,7.5E-1,
8.333333333333E-1,9.166666666667E-1,1.E0),.UNSPECIFIED.);
#864=B_SPLINE_CURVE_WITH_KNOTS('',3,(#857,#858,#859,#860,#861,#862,#863),
.UNSPECIFIED.,.F.,.F.,(4,1,1,1,4),(0.E0,2.5E-1,5.E-1,7.5E-1,1.E0),
.UNSPECIFIED.);
#909=CIRCLE('',#908,1.749999999999E0);
#914=CIRCLE('',#913,1.749999999999E0);
#919=CIRCLE('',#918,3.249999999999E0);
#924=CIRCLE('',#923,3.249999999999E0);
#941=CIRCLE('',#940,1.749999999999E0);
#946=CIRCLE('',#945,1.749999999999E0);
#951=CIRCLE('',#950,3.249999999999E0);
#956=CIRCLE('',#955,3.249999999999E0);
#973=CIRCLE('',#972,1.749999999999E0);
#978=CIRCLE('',#977,1.749999999999E0);
#983=CIRCLE('',#982,3.249999999999E0);
#988=CIRCLE('',#987,3.249999999999E0);
#1005=CIRCLE('',#1004,1.749999999999E0);
#1010=CIRCLE('',#1009,1.749999999999E0);
#1015=CIRCLE('',#1014,3.249999999999E0);
#1020=CIRCLE('',#1019,3.249999999999E0);
#1037=CIRCLE('',#1036,1.749999999999E0);
#1042=CIRCLE('',#1041,1.749999999999E0);
#1047=CIRCLE('',#1046,3.249999999999E0);
#1052=CIRCLE('',#1051,3.249999999999E0);
#1069=CIRCLE('',#1068,1.749999999999E0);
#1074=CIRCLE('',#1073,1.749999999999E0);
#1079=CIRCLE('',#1078,3.249999999999E0);
#1084=CIRCLE('',#1083,3.249999999999E0);
#1101=CIRCLE('',#1100,1.749999999999E0);
#1106=CIRCLE('',#1105,1.749999999999E0);
#1111=CIRCLE('',#1110,3.249999999999E0);
#1116=CIRCLE('',#1115,3.249999999999E0);
#1133=CIRCLE('',#1132,1.749999999999E0);
#1138=CIRCLE('',#1137,1.749999999999E0);
#1143=CIRCLE('',#1142,3.249999999999E0);
#1148=CIRCLE('',#1147,3.249999999999E0);
#1492=EDGE_CURVE('',#1195,#1196,#76,.T.);
#1494=EDGE_CURVE('',#1198,#1195,#544,.T.);
#1496=EDGE_CURVE('',#1200,#1198,#612,.T.);
#1498=EDGE_CURVE('',#1196,#1200,#724,.T.);
#1502=EDGE_CURVE('',#1203,#1204,#5,.T.);
#1504=EDGE_CURVE('',#1204,#1203,#10,.T.);
#1508=EDGE_CURVE('',#1207,#1208,#15,.T.);
#1510=EDGE_CURVE('',#1208,#1207,#20,.T.);
#1514=EDGE_CURVE('',#1211,#1212,#25,.T.);
#1516=EDGE_CURVE('',#1212,#1211,#30,.T.);
#1520=EDGE_CURVE('',#1215,#1216,#35,.T.);
#1522=EDGE_CURVE('',#1216,#1215,#40,.T.);
#1532=EDGE_CURVE('',#1219,#1220,#45,.T.);
#1534=EDGE_CURVE('',#1220,#1222,#49,.T.);
#1536=EDGE_CURVE('',#1222,#1224,#54,.T.);
#1538=EDGE_CURVE('',#1226,#1224,#888,.T.);
#1540=EDGE_CURVE('',#1226,#1228,#59,.T.);
#1542=EDGE_CURVE('',#1228,#1230,#63,.T.);
#1544=EDGE_CURVE('',#1230,#1232,#68,.T.);
#1546=EDGE_CURVE('',#1232,#1195,#72,.T.);
#1549=EDGE_CURVE('',#1234,#1196,#720,.T.);
#1551=EDGE_CURVE('',#1234,#1236,#81,.T.);
#1553=EDGE_CURVE('',#1236,#1219,#85,.T.);
#1557=EDGE_CURVE('',#1239,#1240,#89,.T.);
#1559=EDGE_CURVE('',#1240,#1242,#93,.T.);
#1561=EDGE_CURVE('',#1242,#1246,#98,.T.);
#1563=EDGE_CURVE('',#1246,#1244,#103,.T.);
#1565=EDGE_CURVE('',#1244,#1239,#108,.T.);
#1569=EDGE_CURVE('',#1249,#1250,#112,.T.);
#1571=EDGE_CURVE('',#1250,#1252,#116,.T.);
#1573=EDGE_CURVE('',#1252,#1256,#121,.T.);
#1575=EDGE_CURVE('',#1256,#1254,#126,.T.);
#1577=EDGE_CURVE('',#1254,#1249,#131,.T.);
#1581=EDGE_CURVE('',#1259,#1260,#135,.T.);
#1583=EDGE_CURVE('',#1260,#1262,#139,.T.);
#1585=EDGE_CURVE('',#1262,#1266,#144,.T.);
#1587=EDGE_CURVE('',#1266,#1264,#149,.T.);
#1589=EDGE_CURVE('',#1264,#1259,#154,.T.);
#1599=EDGE_CURVE('',#1292,#1351,#182,.T.);
#1601=EDGE_CURVE('',#1292,#1293,#160,.T.);
#1603=EDGE_CURVE('',#1293,#1220,#164,.T.);
#1606=EDGE_CURVE('',#1219,#1390,#168,.T.);
#1608=EDGE_CURVE('',#1389,#1390,#595,.T.);
#1610=EDGE_CURVE('',#1389,#1352,#172,.T.);
#1612=EDGE_CURVE('',#1352,#1351,#178,.T.);
#1623=EDGE_CURVE('',#1351,#1349,#192,.T.);
#1625=EDGE_CURVE('',#1349,#1294,#196,.T.);
#1627=EDGE_CURVE('',#1294,#1292,#206,.T.);
#1637=EDGE_CURVE('',#1349,#1350,#248,.T.);
#1641=EDGE_CURVE('',#1354,#1352,#590,.T.);
#1643=EDGE_CURVE('',#1354,#1355,#215,.T.);
#1645=EDGE_CURVE('',#1357,#1355,#578,.T.);
#1647=EDGE_CURVE('',#1357,#1358,#226,.T.);
#1649=EDGE_CURVE('',#1360,#1358,#566,.T.);
#1651=EDGE_CURVE('',#1361,#1360,#558,.T.);
#1653=EDGE_CURVE('',#1363,#1361,#536,.T.);
#1655=EDGE_CURVE('',#1363,#1365,#230,.T.);
#1657=EDGE_CURVE('',#1366,#1365,#476,.T.);
#1659=EDGE_CURVE('',#1367,#1366,#467,.T.);
#1661=EDGE_CURVE('',#1367,#1368,#237,.T.);
#1663=EDGE_CURVE('',#1368,#1369,#244,.T.);
#1665=EDGE_CURVE('',#1370,#1369,#440,.T.);
#1667=EDGE_CURVE('',#1350,#1370,#257,.T.);
#1671=EDGE_CURVE('',#1331,#1334,#732,.T.);
#1673=EDGE_CURVE('',#1341,#1331,#772,.T.);
#1675=EDGE_CURVE('',#1342,#1341,#764,.T.);
#1677=EDGE_CURVE('',#1338,#1342,#748,.T.);
#1679=EDGE_CURVE('',#1334,#1338,#728,.T.);
#1683=EDGE_CURVE('',#1373,#1374,#784,.T.);
#1685=EDGE_CURVE('',#1376,#1373,#788,.T.);
#1687=EDGE_CURVE('',#1374,#1376,#812,.T.);
#1691=EDGE_CURVE('',#1274,#1276,#824,.T.);
#1693=EDGE_CURVE('',#1284,#1274,#828,.T.);
#1695=EDGE_CURVE('',#1283,#1284,#864,.T.);
#1697=EDGE_CURVE('',#1285,#1283,#856,.T.);
#1699=EDGE_CURVE('',#1276,#1285,#840,.T.);
#1711=EDGE_CURVE('',#1296,#1350,#252,.T.);
#1713=EDGE_CURVE('',#1294,#1296,#261,.T.);
#1723=EDGE_CURVE('',#1296,#1297,#266,.T.);
#1727=EDGE_CURVE('',#1297,#1370,#444,.T.);
#1741=EDGE_CURVE('',#1297,#1298,#271,.T.);
#1743=EDGE_CURVE('',#1299,#1298,#458,.T.);
#1745=EDGE_CURVE('',#1300,#1299,#451,.T.);
#1747=EDGE_CURVE('',#1300,#1301,#276,.T.);
#1749=EDGE_CURVE('',#1301,#1302,#281,.T.);
#1751=EDGE_CURVE('',#1304,#1302,#492,.T.);
#1753=EDGE_CURVE('',#1306,#1304,#548,.T.);
#1755=EDGE_CURVE('',#1306,#1307,#287,.T.);
#1757=EDGE_CURVE('',#1307,#1309,#291,.T.);
#1759=EDGE_CURVE('',#1309,#1310,#302,.T.);
#1761=EDGE_CURVE('',#1312,#1310,#892,.T.);
#1763=EDGE_CURVE('',#1312,#1313,#311,.T.);
#1765=EDGE_CURVE('',#1313,#1293,#315,.T.);
#1769=EDGE_CURVE('',#1316,#1317,#319,.T.);
#1771=EDGE_CURVE('',#1317,#1319,#323,.T.);
#1773=EDGE_CURVE('',#1319,#1321,#331,.T.);
#1775=EDGE_CURVE('',#1321,#1320,#347,.T.);
#1777=EDGE_CURVE('',#1320,#1316,#355,.T.);
#1781=EDGE_CURVE('',#1324,#1325,#359,.T.);
#1783=EDGE_CURVE('',#1325,#1328,#367,.T.);
#1785=EDGE_CURVE('',#1328,#1326,#383,.T.);
#1787=EDGE_CURVE('',#1326,#1327,#391,.T.);
#1789=EDGE_CURVE('',#1327,#1324,#395,.T.);
#1793=EDGE_CURVE('',#1270,#1268,#399,.T.);
#1795=EDGE_CURVE('',#1268,#1282,#407,.T.);
#1797=EDGE_CURVE('',#1282,#1281,#423,.T.);
#1799=EDGE_CURVE('',#1281,#1280,#431,.T.);
#1801=EDGE_CURVE('',#1280,#1270,#435,.T.);
#1812=EDGE_CURVE('',#1298,#1369,#462,.T.);
#1826=EDGE_CURVE('',#1300,#1367,#471,.T.);
#1840=EDGE_CURVE('',#1301,#1366,#484,.T.);
#1853=EDGE_CURVE('',#1365,#1302,#480,.T.);
#1865=EDGE_CURVE('',#1363,#1304,#488,.T.);
#1872=EDGE_CURVE('',#1409,#1410,#497,.T.);
#1874=EDGE_CURVE('',#1410,#1409,#502,.T.);
#1878=EDGE_CURVE('',#1413,#1414,#507,.T.);
#1880=EDGE_CURVE('',#1414,#1413,#512,.T.);
#1884=EDGE_CURVE('',#1417,#1418,#517,.T.);
#1886=EDGE_CURVE('',#1418,#1417,#522,.T.);
#1890=EDGE_CURVE('',#1421,#1422,#527,.T.);
#1892=EDGE_CURVE('',#1422,#1421,#532,.T.);
#1904=EDGE_CURVE('',#1396,#1361,#552,.T.);
#1906=EDGE_CURVE('',#1396,#1198,#540,.T.);
#1910=EDGE_CURVE('',#1306,#1232,#876,.T.);
#1923=EDGE_CURVE('',#1360,#1398,#562,.T.);
#1925=EDGE_CURVE('',#1396,#1398,#617,.T.);
#1935=EDGE_CURVE('',#1400,#1358,#570,.T.);
#1937=EDGE_CURVE('',#1398,#1400,#621,.T.);
#1951=EDGE_CURVE('',#1357,#1402,#574,.T.);
#1953=EDGE_CURVE('',#1400,#1402,#626,.T.);
#1965=EDGE_CURVE('',#1404,#1355,#586,.T.);
#1967=EDGE_CURVE('',#1402,#1404,#630,.T.);
#1978=EDGE_CURVE('',#1354,#1406,#582,.T.);
#1980=EDGE_CURVE('',#1404,#1406,#635,.T.);
#1992=EDGE_CURVE('',#1406,#1389,#639,.T.);
#2005=EDGE_CURVE('',#1390,#1392,#599,.T.);
#2007=EDGE_CURVE('',#1392,#1394,#604,.T.);
#2009=EDGE_CURVE('',#1394,#1200,#608,.T.);
#2021=EDGE_CURVE('',#1336,#1340,#643,.T.);
#2023=EDGE_CURVE('',#1340,#1346,#648,.T.);
#2025=EDGE_CURVE('',#1346,#1344,#653,.T.);
#2027=EDGE_CURVE('',#1344,#1332,#658,.T.);
#2029=EDGE_CURVE('',#1332,#1336,#662,.T.);
#2033=EDGE_CURVE('',#1378,#1380,#666,.T.);
#2035=EDGE_CURVE('',#1380,#1386,#671,.T.);
#2037=EDGE_CURVE('',#1386,#1384,#676,.T.);
#2039=EDGE_CURVE('',#1384,#1382,#681,.T.);
#2041=EDGE_CURVE('',#1382,#1378,#685,.T.);
#2045=EDGE_CURVE('',#1273,#1278,#689,.T.);
#2047=EDGE_CURVE('',#1278,#1291,#694,.T.);
#2049=EDGE_CURVE('',#1291,#1289,#699,.T.);
#2051=EDGE_CURVE('',#1289,#1287,#704,.T.);
#2053=EDGE_CURVE('',#1287,#1273,#708,.T.);
#2065=EDGE_CURVE('',#1392,#1236,#712,.T.);
#2079=EDGE_CURVE('',#1234,#1394,#716,.T.);
#2101=EDGE_CURVE('',#1334,#1336,#736,.T.);
#2104=EDGE_CURVE('',#1340,#1338,#740,.T.);
#2115=EDGE_CURVE('',#1331,#1332,#776,.T.);
#2144=EDGE_CURVE('',#1378,#1373,#780,.T.);
#2147=EDGE_CURVE('',#1380,#1374,#792,.T.);
#2158=EDGE_CURVE('',#1376,#1382,#816,.T.);
#2185=EDGE_CURVE('',#1273,#1274,#820,.T.);
#2188=EDGE_CURVE('',#1278,#1276,#832,.T.);
#2199=EDGE_CURVE('',#1284,#1287,#868,.T.);
#2228=EDGE_CURVE('',#1230,#1307,#872,.T.);
#2241=EDGE_CURVE('',#1309,#1228,#880,.T.);
#2256=EDGE_CURVE('',#1226,#1310,#884,.T.);
#2269=EDGE_CURVE('',#1312,#1224,#900,.T.);
#2281=EDGE_CURVE('',#1222,#1313,#896,.T.);
#2305=EDGE_CURVE('',#1441,#1442,#924,.T.);
#2307=EDGE_CURVE('',#1444,#1441,#919,.T.);
#2309=EDGE_CURVE('',#1444,#1410,#904,.T.);
#2312=EDGE_CURVE('',#1442,#1409,#964,.T.);
#2322=EDGE_CURVE('',#1447,#1448,#909,.T.);
#2324=EDGE_CURVE('',#1448,#1450,#914,.T.);
#2326=EDGE_CURVE('',#1444,#1450,#960,.T.);
#2330=EDGE_CURVE('',#1442,#1447,#928,.T.);
#2342=EDGE_CURVE('',#1447,#1208,#932,.T.);
#2345=EDGE_CURVE('',#1450,#1207,#936,.T.);
#2355=EDGE_CURVE('',#1452,#1447,#946,.T.);
#2357=EDGE_CURVE('',#1450,#1452,#941,.T.);
#2373=EDGE_CURVE('',#1442,#1454,#951,.T.);
#2375=EDGE_CURVE('',#1454,#1444,#956,.T.);
#2399=EDGE_CURVE('',#1457,#1458,#988,.T.);
#2401=EDGE_CURVE('',#1460,#1457,#983,.T.);
#2403=EDGE_CURVE('',#1460,#1414,#968,.T.);
#2406=EDGE_CURVE('',#1458,#1413,#1028,.T.);
#2416=EDGE_CURVE('',#1463,#1464,#973,.T.);
#2418=EDGE_CURVE('',#1464,#1466,#978,.T.);
#2420=EDGE_CURVE('',#1460,#1466,#1024,.T.);
#2424=EDGE_CURVE('',#1458,#1463,#992,.T.);
#2436=EDGE_CURVE('',#1463,#1216,#996,.T.);
#2439=EDGE_CURVE('',#1466,#1215,#1000,.T.);
#2449=EDGE_CURVE('',#1468,#1463,#1010,.T.);
#2451=EDGE_CURVE('',#1466,#1468,#1005,.T.);
#2467=EDGE_CURVE('',#1458,#1470,#1015,.T.);
#2469=EDGE_CURVE('',#1470,#1460,#1020,.T.);
#2493=EDGE_CURVE('',#1473,#1474,#1052,.T.);
#2495=EDGE_CURVE('',#1476,#1473,#1047,.T.);
#2497=EDGE_CURVE('',#1476,#1418,#1032,.T.);
#2500=EDGE_CURVE('',#1474,#1417,#1092,.T.);
#2510=EDGE_CURVE('',#1479,#1480,#1037,.T.);
#2512=EDGE_CURVE('',#1480,#1482,#1042,.T.);
#2514=EDGE_CURVE('',#1476,#1482,#1088,.T.);
#2518=EDGE_CURVE('',#1474,#1479,#1056,.T.);
#2530=EDGE_CURVE('',#1479,#1212,#1060,.T.);
#2533=EDGE_CURVE('',#1482,#1211,#1064,.T.);
#2543=EDGE_CURVE('',#1484,#1479,#1074,.T.);
#2545=EDGE_CURVE('',#1482,#1484,#1069,.T.);
#2561=EDGE_CURVE('',#1474,#1486,#1079,.T.);
#2563=EDGE_CURVE('',#1486,#1476,#1084,.T.);
#2587=EDGE_CURVE('',#1425,#1426,#1116,.T.);
#2589=EDGE_CURVE('',#1428,#1425,#1111,.T.);
#2591=EDGE_CURVE('',#1428,#1422,#1096,.T.);
#2594=EDGE_CURVE('',#1426,#1421,#1156,.T.);
#2604=EDGE_CURVE('',#1431,#1432,#1101,.T.);
#2606=EDGE_CURVE('',#1432,#1434,#1106,.T.);
#2608=EDGE_CURVE('',#1428,#1434,#1152,.T.);
#2612=EDGE_CURVE('',#1426,#1431,#1120,.T.);
#2624=EDGE_CURVE('',#1431,#1204,#1124,.T.);
#2627=EDGE_CURVE('',#1434,#1203,#1128,.T.);
#2637=EDGE_CURVE('',#1436,#1431,#1138,.T.);
#2639=EDGE_CURVE('',#1434,#1436,#1133,.T.);
#2655=EDGE_CURVE('',#1426,#1438,#1143,.T.);
#2657=EDGE_CURVE('',#1438,#1428,#1148,.T.);
#2681=EDGE_CURVE('',#1240,#1317,#1160,.T.);
#2684=EDGE_CURVE('',#1242,#1316,#1164,.T.);
#2695=EDGE_CURVE('',#1319,#1239,#1168,.T.);
#2724=EDGE_CURVE('',#1325,#1249,#1180,.T.);
#2727=EDGE_CURVE('',#1324,#1250,#1172,.T.);
#2738=EDGE_CURVE('',#1252,#1327,#1176,.T.);
#2767=EDGE_CURVE('',#1268,#1259,#1192,.T.);
#2770=EDGE_CURVE('',#1270,#1260,#1184,.T.);
#2781=EDGE_CURVE('',#1262,#1280,#1188,.T.);
#2805=CLOSED_SHELL('',(#1526,#1593,#1616,#1631,#1703,#1717,#1731,#1805,#1818,
#1833,#1846,#1859,#1896,#1915,#1929,#1943,#1957,#1971,#1985,#1998,#2057,#2070,
#2083,#2095,#2109,#2122,#2138,#2152,#2165,#2179,#2193,#2206,#2222,#2235,#2248,
#2261,#2274,#2287,#2299,#2316,#2334,#2349,#2364,#2380,#2393,#2410,#2428,#2443,
#2458,#2474,#2487,#2504,#2522,#2537,#2552,#2568,#2581,#2598,#2616,#2631,#2646,
#2662,#2675,#2689,#2702,#2718,#2732,#2749,#2761,#2775,#2792,#2804));
#2806=MANIFOLD_SOLID_BREP('',#2805);
#2807=(LENGTH_UNIT()NAMED_UNIT(*)SI_UNIT(.MILLI.,.METRE.));
#2809=(NAMED_UNIT(*)PLANE_ANGLE_UNIT()SI_UNIT($,.RADIAN.));
#2812=(NAMED_UNIT(*)SI_UNIT($,.STERADIAN.)SOLID_ANGLE_UNIT());
#2815=ADVANCED_BREP_SHAPE_REPRESENTATION('',(#2806),#2814);
#2822=PRODUCT_DEFINITION('design','',#2821,#2818);
#2823=PRODUCT_DEFINITION_SHAPE('','SHAPE FOR 332000196.',#2822);
#2824=SHAPE_DEFINITION_REPRESENTATION(#2823,#2815);
ENDSEC;
END-ISO-10303-21;
