ISO-10303-21;
HEADER;
FILE_DESCRIPTION((''),'2;1');
FILE_NAME('332000195','2026-08-18T14:14:40',('EDY'),(''),
'CREO PARAMETRIC BY PTC INC, 2021284','CREO PARAMETRIC BY PTC INC, 2021284','');
FILE_SCHEMA(('CONFIG_CONTROL_DESIGN'));
ENDSEC;
DATA;
#1=DIRECTION('',(0.E0,0.E0,1.E0));
#2=VECTOR('',#1,2.812981055374E1);
#3=CARTESIAN_POINT('',(8.197433783673E1,1.481362375642E2,-1.406490527687E1));
#4=LINE('',#3,#2);
#5=CARTESIAN_POINT('',(8.292956970249E1,1.358440505024E2,-1.297603529073E1));
#6=CARTESIAN_POINT('',(8.247679708822E1,1.399310860603E2,-1.333807422887E1));
#7=CARTESIAN_POINT('',(8.215839175999E1,1.440284821558E2,-1.370103092708E1));
#8=CARTESIAN_POINT('',(8.197433783673E1,1.481362375642E2,-1.406490527687E1));
#10=CARTESIAN_POINT('',(8.197433783673E1,1.481362375642E2,-1.406490527687E1));
#11=CARTESIAN_POINT('',(8.195876419028E1,1.484838135858E2,-1.409569435419E1));
#12=CARTESIAN_POINT('',(8.209008455739E1,1.490241934855E2,-1.414356243909E1));
#13=CARTESIAN_POINT('',(8.249437709647E1,1.496372709800E2,-1.419787024286E1));
#14=CARTESIAN_POINT('',(8.308852129639E1,1.500694894130E2,-1.423615713817E1));
#15=CARTESIAN_POINT('',(8.362304883053E1,1.502257606384E2,-1.425E1));
#16=CARTESIAN_POINT('',(8.397233323692E1,1.502257606384E2,-1.425E1));
#18=DIRECTION('',(0.E0,0.E0,1.E0));
#19=VECTOR('',#18,2.85E1);
#20=CARTESIAN_POINT('',(8.397233323692E1,1.502257606384E2,-1.425E1));
#21=LINE('',#20,#19);
#22=CARTESIAN_POINT('',(8.397233323692E1,1.502257606384E2,1.425E1));
#23=CARTESIAN_POINT('',(8.362304883053E1,1.502257606384E2,1.425E1));
#24=CARTESIAN_POINT('',(8.308852129639E1,1.500694894130E2,1.423615713818E1));
#25=CARTESIAN_POINT('',(8.249437709647E1,1.496372709800E2,1.419787024286E1));
#26=CARTESIAN_POINT('',(8.209008455739E1,1.490241934855E2,1.414356243909E1));
#27=CARTESIAN_POINT('',(8.195876419028E1,1.484838135858E2,1.409569435419E1));
#28=CARTESIAN_POINT('',(8.197433783673E1,1.481362375642E2,1.406490527687E1));
#30=DIRECTION('',(7.889345663369E-1,6.120804665326E-1,-5.421948476404E-2));
#31=VECTOR('',#30,8.174661785846E-1);
#32=CARTESIAN_POINT('',(1.088763713788E2,7.949972453981E1,-7.984926294274E0));
#33=LINE('',#32,#31);
#34=DIRECTION('',(-8.376350080259E-1,5.440997928109E-1,-4.819760152313E-2));
#35=VECTOR('',#34,7.699383608847E-1);
#36=CARTESIAN_POINT('',(1.095212987039E2,8.000007961977E1,-8.029248889289E0));
#37=LINE('',#36,#35);
#38=DIRECTION('',(8.376350080254E-1,5.440997928117E-1,-4.819760152302E-2));
#39=VECTOR('',#38,9.550699198780E-1);
#40=CARTESIAN_POINT('',(1.088763713788E2,8.041900292240E1,-8.066358071604E0));
#41=LINE('',#40,#39);
#42=DIRECTION('',(-7.889345663413E-1,6.120804665264E-1,-5.421948476993E-2));
#43=VECTOR('',#42,1.020938360869E-1);
#44=CARTESIAN_POINT('',(1.096763713788E2,8.508571296913E1,-8.479745899044E0));
#45=LINE('',#44,#43);
#46=DIRECTION('',(-8.376350080227E-1,5.440997928164E-1,-4.819760151574E-2));
#47=VECTOR('',#46,8.589118611517E-1);
#48=CARTESIAN_POINT('',(1.095958260225E2,8.514820261195E1,-8.485281374235E0));
#49=LINE('',#48,#47);
#50=DIRECTION('',(8.376350079855E-1,5.440997928743E-1,-4.819760150970E-2));
#51=VECTOR('',#50,7.608437305060E-2);
#52=CARTESIAN_POINT('',(1.088763713788E2,8.561553637765E1,-8.526678865856E0));
#53=LINE('',#52,#51);
#54=DIRECTION('',(-7.889345662572E-1,6.120804666307E-1,-5.421948481603E-2));
#55=VECTOR('',#54,8.078101422508E-2);
#56=CARTESIAN_POINT('',(1.089401023132E2,8.565693386927E1,-8.530345950149E0));
#57=LINE('',#56,#55);
#58=DIRECTION('',(7.889345663373E-1,6.120804665320E-1,-5.421948476456E-2));
#59=VECTOR('',#58,1.014025793942E0);
#60=CARTESIAN_POINT('',(1.088763713788E2,8.570637835015E1,-8.534725855124E0));
#61=LINE('',#60,#59);
#62=DIRECTION('',(-8.376350080263E-1,5.440997928102E-1,-4.819760152509E-2));
#63=VECTOR('',#62,9.550699198733E-1);
#64=CARTESIAN_POINT('',(1.096763713788E2,9.029241648736E1,-8.940967580687E0));
#65=LINE('',#64,#63);
#66=DIRECTION('',(8.376350080267E-1,5.440997928097E-1,-4.819760152271E-2));
#67=VECTOR('',#66,9.221071070171E-1);
#68=CARTESIAN_POINT('',(1.088763713788E2,9.081206983288E1,-8.986999660114E0));
#69=LINE('',#68,#67);
#70=DIRECTION('',(-7.889345663399E-1,6.120804665288E-1,-5.421948476205E-2));
#71=VECTOR('',#70,9.790282070836E-1);
#72=CARTESIAN_POINT('',(1.096487605728E2,9.131378811876E1,-9.031443011019E0));
#73=LINE('',#72,#71);
#74=DIRECTION('',(7.889345663358E-1,6.120804665340E-1,-5.421948476458E-2));
#75=VECTOR('',#74,1.014025793948E0);
#76=CARTESIAN_POINT('',(1.088763713788E2,9.191303216049E1,-9.084525415974E0));
#77=LINE('',#76,#75);
#78=DIRECTION('',(-8.376350080267E-1,5.440997928096E-1,-4.819760152467E-2));
#79=VECTOR('',#78,9.550699198729E-1);
#80=CARTESIAN_POINT('',(1.096763713788E2,9.548894994260E1,-9.401288374940E0));
#81=LINE('',#80,#79);
#82=DIRECTION('',(8.376350080258E-1,5.440997928110E-1,-4.819760152443E-2));
#83=VECTOR('',#82,9.550699198749E-1);
#84=CARTESIAN_POINT('',(1.088763713788E2,9.600860328812E1,-9.447320454367E0));
#85=LINE('',#84,#83);
#86=DIRECTION('',(-7.889345663361E-1,6.120804665340E-1,-5.421948475934E-2));
#87=VECTOR('',#86,1.014025793951E0);
#88=CARTESIAN_POINT('',(1.096763713788E2,9.749902058980E1,-9.579345020740E0));
#89=LINE('',#88,#87);
#90=DIRECTION('',(7.889345663358E-1,6.120804665339E-1,-5.421948476473E-2));
#91=VECTOR('',#90,1.014025793947E0);
#92=CARTESIAN_POINT('',(1.088763713788E2,9.811968597084E1,-9.634324976821E0));
#93=LINE('',#92,#91);
#94=DIRECTION('',(-8.376350080231E-1,5.440997928156E-1,-4.819760151881E-2));
#95=VECTOR('',#94,9.550699198728E-1);
#96=CARTESIAN_POINT('',(1.096763713788E2,1.006854833978E2,-9.861609169183E0));
#97=LINE('',#96,#95);
#98=DIRECTION('',(8.376350080300E-1,5.440997928035E-1,-4.819760153505E-2));
#99=VECTOR('',#98,9.550699198640E-1);
#100=CARTESIAN_POINT('',(1.088763713788E2,1.012051367434E2,-9.907641248604E0));
#101=LINE('',#100,#99);
#102=DIRECTION('',(-7.889345663278E-1,6.120804665449E-1,-5.421948475799E-2));
#103=VECTOR('',#102,1.014025793957E0);
#104=CARTESIAN_POINT('',(1.096763713788E2,1.037056744001E2,-1.012914458159E1));
#105=LINE('',#104,#103);
#106=DIRECTION('',(7.889345663421E-1,6.120804665260E-1,-5.421948476269E-2));
#107=VECTOR('',#106,1.014025793925E0);
#108=CARTESIAN_POINT('',(1.088763713788E2,1.043263397812E2,-1.018412453767E1));
#109=LINE('',#108,#107);
#110=DIRECTION('',(-8.376350080318E-1,5.440997928011E-1,-4.819760153164E-2));
#111=VECTOR('',#110,9.550699198628E-1);
#112=CARTESIAN_POINT('',(1.096763713788E2,1.058820168531E2,-1.032192996345E1));
#113=LINE('',#112,#111);
#114=DIRECTION('',(8.376350080302E-1,5.440997928042E-1,-4.819760152343E-2));
#115=VECTOR('',#114,9.550699198579E-1);
#116=CARTESIAN_POINT('',(1.088763713788E2,1.064016701986E2,-1.036796204288E1));
#117=LINE('',#116,#115);
#118=DIRECTION('',(-7.889345663378E-1,6.120804665317E-1,-5.421948476075E-2));
#119=VECTOR('',#118,1.014025793964E0);
#120=CARTESIAN_POINT('',(1.096763713788E2,1.099123282105E2,-1.067894414244E1));
#121=LINE('',#120,#119);
#122=DIRECTION('',(7.889345663210E-1,6.120804665515E-1,-5.421948478176E-2));
#123=VECTOR('',#122,9.472355877167E-1);
#124=CARTESIAN_POINT('',(1.088763713788E2,1.105329935915E2,-1.073392409852E1));
#125=LINE('',#124,#123);
#126=DIRECTION('',(-8.376350080270E-1,5.440997928102E-1,-4.819760151255E-2));
#127=VECTOR('',#126,8.921629235103E-1);
#128=CARTESIAN_POINT('',(1.096236782764E2,1.111127779920E2,-1.078528272405E1));
#129=LINE('',#128,#127);
#130=DIRECTION('',(8.376350080262E-1,5.440997928115E-1,-4.819760151137E-2));
#131=VECTOR('',#130,9.550699198918E-1);
#132=CARTESIAN_POINT('',(1.088763713788E2,1.115982036538E2,-1.082828283713E1));
#133=LINE('',#132,#131);
#134=DIRECTION('',(-7.889345663279E-1,6.120804665431E-1,-5.421948477587E-2));
#135=VECTOR('',#134,1.014025793949E0);
#136=CARTESIAN_POINT('',(1.096763713788E2,1.161189820208E2,-1.122874370329E1));
#137=LINE('',#136,#135);
#138=DIRECTION('',(7.889345663848E-1,6.120804664717E-1,-5.421948475382E-2));
#139=VECTOR('',#138,4.898839490295E-2);
#140=CARTESIAN_POINT('',(1.088763713788E2,1.167396474019E2,-1.128372365939E1));
#141=LINE('',#140,#139);
#142=DIRECTION('',(-8.376350080970E-1,5.440997927454E-1,-4.819760102744E-2));
#143=VECTOR('',#142,4.614018961424E-2);
#144=CARTESIAN_POINT('',(1.089150200169E2,1.167696322415E2,-1.128637978492E1));
#145=LINE('',#144,#143);
#146=DIRECTION('',(8.376350080344E-1,5.440997927979E-1,-4.819760152167E-2));
#147=VECTOR('',#146,5.208737950369E-1);
#148=CARTESIAN_POINT('',(1.088763713788E2,1.167947371091E2,-1.128860363137E1));
#149=LINE('',#148,#147);
#150=DIRECTION('',(7.889345663115E-1,6.120804665626E-1,-5.421948479404E-2));
#151=VECTOR('',#150,4.609987824583E-1);
#152=CARTESIAN_POINT('',(1.093126735043E2,1.170781444330E2,-1.131370849899E1));
#153=LINE('',#152,#151);
#154=DIRECTION('',(-8.376350080267E-1,5.440997928101E-1,-4.819760151778E-2));
#155=VECTOR('',#154,9.550699198741E-1);
#156=CARTESIAN_POINT('',(1.096763713788E2,1.214716172188E2,-1.170289234622E1));
#157=LINE('',#156,#155);
#158=DIRECTION('',(8.376350080263E-1,5.440997928110E-1,-4.819760151526E-2));
#159=VECTOR('',#158,7.998825443555E-1);
#160=CARTESIAN_POINT('',(1.088763713788E2,1.219912705643E2,-1.174892442564E1));
#161=LINE('',#160,#159);
#162=DIRECTION('',(-7.889345663533E-1,6.120804665117E-1,-5.421948476128E-2));
#163=VECTOR('',#162,8.492587979196E-1);
#164=CARTESIAN_POINT('',(1.095463810003E2,1.224264864910E2,-1.178747684577E1));
#165=LINE('',#164,#163);
#166=DIRECTION('',(7.889345663420E-1,6.120804665261E-1,-5.421948476270E-2));
#167=VECTOR('',#166,1.014025793925E0);
#168=CARTESIAN_POINT('',(1.088763713788E2,1.229463012122E2,-1.183352322022E1));
#169=LINE('',#168,#167);
#170=DIRECTION('',(-8.376350080191E-1,5.440997928218E-1,-4.819760151815E-2));
#171=VECTOR('',#170,9.550699198762E-1);
#172=CARTESIAN_POINT('',(1.096763713788E2,1.266681506740E2,-1.216321314046E1));
#173=LINE('',#172,#171);
#174=DIRECTION('',(8.376350080275E-1,5.440997928082E-1,-4.819760152632E-2));
#175=VECTOR('',#174,9.550699198658E-1);
#176=CARTESIAN_POINT('',(1.088763713788E2,1.271878040196E2,-1.220924521988E1));
#177=LINE('',#176,#175);
#178=DIRECTION('',(-7.889345663278E-1,6.120804665443E-1,-5.421948476396E-2));
#179=VECTOR('',#178,1.014025793952E0);
#180=CARTESIAN_POINT('',(1.096763713788E2,1.285322896415E2,-1.232834282500E1));
#181=LINE('',#180,#179);
#182=DIRECTION('',(7.889345663408E-1,6.120804665280E-1,-5.421948475900E-2));
#183=VECTOR('',#182,1.014025793932E0);
#184=CARTESIAN_POINT('',(1.088763713788E2,1.291529550226E2,-1.238332278109E1));
#185=LINE('',#184,#183);
#186=DIRECTION('',(-8.376350080361E-1,5.440997927956E-1,-4.819760151914E-2));
#187=VECTOR('',#186,9.550699198488E-1);
#188=CARTESIAN_POINT('',(1.096763713788E2,1.318646841293E2,-1.262353393473E1));
#189=LINE('',#188,#187);
#190=DIRECTION('',(8.376350080337E-1,5.440997927993E-1,-4.819760151993E-2));
#191=VECTOR('',#190,9.550699198481E-1);
#192=CARTESIAN_POINT('',(1.088763713788E2,1.323843374748E2,-1.266956601415E1));
#193=LINE('',#192,#191);
#194=DIRECTION('',(-7.889345663436E-1,6.120804665247E-1,-5.421948475624E-2));
#195=VECTOR('',#194,1.014025793926E0);
#196=CARTESIAN_POINT('',(1.096763713788E2,1.347389434519E2,-1.287814238585E1));
#197=LINE('',#196,#195);
#198=DIRECTION('',(7.889345663419E-1,6.120804665259E-1,-5.421948476597E-2));
#199=VECTOR('',#198,1.014025793924E0);
#200=CARTESIAN_POINT('',(1.088763713788E2,1.353596088329E2,-1.293312234192E1));
#201=LINE('',#200,#199);
#202=DIRECTION('',(-8.376350080249E-1,5.440997928135E-1,-4.819760151003E-2));
#203=VECTOR('',#202,9.550699198961E-1);
#204=CARTESIAN_POINT('',(1.096763713788E2,1.370612175845E2,-1.308385472898E1));
#205=LINE('',#204,#203);
#206=DIRECTION('',(8.376350080167E-1,5.440997928260E-1,-4.819760151190E-2));
#207=VECTOR('',#206,9.550699199088E-1);
#208=CARTESIAN_POINT('',(1.088763713788E2,1.375808709300E2,-1.312988680840E1));
#209=LINE('',#208,#207);
#210=DIRECTION('',(-7.889345663335E-1,6.120804665368E-1,-5.421948476565E-2));
#211=VECTOR('',#210,1.014025793972E0);
#212=CARTESIAN_POINT('',(1.096763713788E2,1.409455972622E2,-1.342794194669E1));
#213=LINE('',#212,#211);
#214=DIRECTION('',(7.889345663272E-1,6.120804665444E-1,-5.421948477185E-2));
#215=VECTOR('',#214,1.014025793976E0);
#216=CARTESIAN_POINT('',(1.088763713788E2,1.415662626432E2,-1.348292190277E1));
#217=LINE('',#216,#215);
#218=DIRECTION('',(-8.376350080170E-1,5.440997928243E-1,-4.819760152650E-2));
#219=VECTOR('',#218,9.550699198852E-1);
#220=CARTESIAN_POINT('',(1.096763713788E2,1.422577510397E2,-1.354417552322E1));
#221=LINE('',#220,#219);
#222=DIRECTION('',(8.376350080285E-1,5.440997928063E-1,-4.819760152946E-2));
#223=VECTOR('',#222,9.550699198664E-1);
#224=CARTESIAN_POINT('',(1.088763713788E2,1.427774043853E2,-1.359020760265E1));
#225=LINE('',#224,#223);
#226=DIRECTION('',(-7.889345663230E-1,6.120804665505E-1,-5.421948476372E-2));
#227=VECTOR('',#226,1.014025793977E0);
#228=CARTESIAN_POINT('',(1.096763713788E2,1.471522510725E2,-1.397774150755E1));
#229=LINE('',#228,#227);
#230=DIRECTION('',(7.889345663281E-1,6.120804665455E-1,-5.421948474717E-2));
#231=VECTOR('',#230,1.787578040186E-1);
#232=CARTESIAN_POINT('',(1.088763713788E2,1.477729164536E2,-1.403272146363E1));
#233=LINE('',#232,#231);
#234=DIRECTION('',(-8.376350080513E-1,5.440997927706E-1,-4.819760153697E-2));
#235=VECTOR('',#234,1.683647522217E-1);
#236=CARTESIAN_POINT('',(1.090173995894E2,1.478823306137E2,-1.404241361966E1));
#237=LINE('',#236,#235);
#238=DIRECTION('',(8.376350080279E-1,5.440997928074E-1,-4.819760152862E-2));
#239=VECTOR('',#238,9.550699198680E-1);
#240=CARTESIAN_POINT('',(1.088763713788E2,1.479739378405E2,-1.405052839690E1));
#241=LINE('',#240,#239);
#242=DIRECTION('',(-1.E0,0.E0,1.057353692552E-14));
#243=VECTOR('',#242,2.570403814188E1);
#244=CARTESIAN_POINT('',(1.096763713788E2,1.502257606384E2,-1.425E1));
#245=LINE('',#244,#243);
#246=CARTESIAN_POINT('',(8.264181374160E1,1.335384101391E2,-1.277179640486E1));
#247=CARTESIAN_POINT('',(8.260526187533E1,1.334409054288E2,-1.276315921507E1));
#248=CARTESIAN_POINT('',(8.254437064947E1,1.332432219835E2,-1.274564796427E1));
#249=CARTESIAN_POINT('',(8.248870529569E1,1.329362536500E2,-1.271845600869E1));
#250=CARTESIAN_POINT('',(8.247635786043E1,1.327298414018E2,-1.270017154054E1));
#251=CARTESIAN_POINT('',(8.247635786043E1,1.326257606378E2,-1.269095182891E1));
#253=CARTESIAN_POINT('',(8.247635786043E1,1.326257606378E2,-1.269095182891E1));
#254=CARTESIAN_POINT('',(8.247635786043E1,1.324454035383E2,-1.267497538538E1));
#255=CARTESIAN_POINT('',(8.251283823850E1,1.320934305384E2,-1.264379681376E1));
#256=CARTESIAN_POINT('',(8.267653685935E1,1.315792110211E2,-1.259824607521E1));
#257=CARTESIAN_POINT('',(8.285018090313E1,1.312705154724E2,-1.257090111894E1));
#258=CARTESIAN_POINT('',(8.295455086479E1,1.311231370307E2,-1.255784600019E1));
#260=CARTESIAN_POINT('',(8.295455086480E1,1.311231370307E2,-1.255784600019E1));
#261=CARTESIAN_POINT('',(8.341504032934E1,1.304728903639E2,-1.250024566629E1));
#262=CARTESIAN_POINT('',(8.370333214804E1,1.297540360387E2,-1.243656790942E1));
#263=CARTESIAN_POINT('',(8.382005447701E1,1.289668243274E2,-1.236683489927E1));
#265=CARTESIAN_POINT('',(1.062739756960E2,6.374973086184E1,-6.589755905824E0));
#266=CARTESIAN_POINT('',(1.064652702983E2,6.341248027053E1,-6.559881478690E0));
#267=CARTESIAN_POINT('',(1.069678167673E2,6.294273411094E1,-6.518270291705E0));
#268=CARTESIAN_POINT('',(1.076247331399E2,6.273648189890E1,-6.500000000004E0));
#269=CARTESIAN_POINT('',(1.080136085282E2,6.273648189890E1,-6.500000000004E0));
#271=CARTESIAN_POINT('',(1.099763713788E2,6.273648189890E1,-6.500000000004E0));
#272=CARTESIAN_POINT('',(1.103103573361E2,6.273648189890E1,-6.500000000004E0));
#273=CARTESIAN_POINT('',(1.108326464196E2,6.288159649838E1,-6.512854582442E0));
#274=CARTESIAN_POINT('',(1.114209028146E2,6.329368434493E1,-6.549358264456E0));
#275=CARTESIAN_POINT('',(1.118321069312E2,6.388213388259E1,-6.601484467604E0));
#276=CARTESIAN_POINT('',(1.119763713788E2,6.440379864400E1,-6.647694722840E0));
#277=CARTESIAN_POINT('',(1.119763713788E2,6.473648189890E1,-6.677164564889E0));
#279=DIRECTION('',(-6.756224246016E-1,7.343722006536E-1,-6.505236569639E-2));
#280=VECTOR('',#279,2.622562483111E0);
#281=CARTESIAN_POINT('',(1.119763713788E2,7.023648189891E1,-7.164367118324E0));
#282=LINE('',#281,#280);
#283=CARTESIAN_POINT('',(1.102045093553E2,7.216241888098E1,-7.334971012036E0));
#284=CARTESIAN_POINT('',(1.100283058635E2,7.235394441557E1,-7.351936781036E0));
#285=CARTESIAN_POINT('',(1.097735898418E2,7.277483969120E1,-7.389220645221E0));
#286=CARTESIAN_POINT('',(1.096763713788E2,7.325674746999E1,-7.431909136192E0));
#287=CARTESIAN_POINT('',(1.096763713788E2,7.351653194263E1,-7.454921437722E0));
#289=DIRECTION('',(-8.376350080259E-1,5.440997928109E-1,-4.819760152351E-2));
#290=VECTOR('',#289,9.550699198743E-1);
#291=CARTESIAN_POINT('',(1.096763713788E2,7.470281612164E1,-7.560005197925E0));
#292=LINE('',#291,#290);
#293=DIRECTION('',(8.376350080267E-1,5.440997928096E-1,-4.819760152392E-2));
#294=VECTOR('',#293,9.550699198724E-1);
#295=CARTESIAN_POINT('',(1.088763713788E2,7.522246946717E1,-7.606037277350E0));
#296=LINE('',#295,#294);
#297=DIRECTION('',(-7.889345663356E-1,6.120804665343E-1,-5.421948476389E-2));
#298=VECTOR('',#297,1.014025793945E0);
#299=CARTESIAN_POINT('',(1.096763713788E2,7.887905915877E1,-7.929946338189E0));
#300=LINE('',#299,#298);
#301=CARTESIAN_POINT('',(8.978171878814E1,1.233148447084E2,-1.186616964430E1));
#302=CARTESIAN_POINT('',(8.961281023655E1,1.243031233273E2,-1.195371362006E1));
#303=CARTESIAN_POINT('',(8.945053133436E1,1.252924809061E2,-1.204135317253E1));
#304=CARTESIAN_POINT('',(8.929488175011E1,1.262829173907E2,-1.212908829695E1));
#306=CARTESIAN_POINT('',(9.058692452668E1,1.188732874682E2,-1.147272636636E1));
#307=CARTESIAN_POINT('',(9.039439396559E1,1.198775794815E2,-1.156168884514E1));
#308=CARTESIAN_POINT('',(9.020874667411E1,1.208831324057E2,-1.165076301829E1));
#309=CARTESIAN_POINT('',(9.002998225932E1,1.218899461689E2,-1.173994887942E1));
#311=CARTESIAN_POINT('',(9.150198206102E1,1.143524627728E2,-1.107226139633E1));
#312=CARTESIAN_POINT('',(9.128266003972E1,1.153813694294E2,-1.116340429638E1));
#313=CARTESIAN_POINT('',(9.107060740966E1,1.164117604676E2,-1.125467868636E1));
#314=CARTESIAN_POINT('',(9.086582369790E1,1.174436357911E2,-1.134608455771E1));
#316=CARTESIAN_POINT('',(9.254053832437E1,1.097219763959E2,-1.066208234424E1));
#317=CARTESIAN_POINT('',(9.229034270403E1,1.107845060692E2,-1.075620364786E1));
#318=CARTESIAN_POINT('',(9.204795386553E1,1.118487998667E2,-1.085048122163E1));
#319=CARTESIAN_POINT('',(9.181337122976E1,1.129148576574E2,-1.094491505395E1));
#321=CARTESIAN_POINT('',(9.371989447497E1,1.049498755512E2,-1.023935875937E1));
#322=CARTESIAN_POINT('',(9.343365785916E1,1.060555906372E2,-1.033730552542E1));
#323=CARTESIAN_POINT('',(9.315594338864E1,1.071634254433E2,-1.043544006111E1));
#324=CARTESIAN_POINT('',(9.288675034119E1,1.082733797898E2,-1.053376235053E1));
#326=CARTESIAN_POINT('',(9.506168775422E1,1.000022831644E2,-9.801089733153E0));
#327=CARTESIAN_POINT('',(9.473293145101E1,1.011614344617E2,-9.903770000762E0));
#328=CARTESIAN_POINT('',(9.441362695710E1,1.023231633934E2,-1.000667860111E1));
#329=CARTESIAN_POINT('',(9.410377335465E1,1.034874697091E2,-1.010981551202E1));
#331=CARTESIAN_POINT('',(9.659292936494E1,9.484257216604E1,-9.344030756173E0));
#332=CARTESIAN_POINT('',(9.621351472588E1,9.606639123920E1,-9.452439442970E0));
#333=CARTESIAN_POINT('',(9.584474717191E1,9.729338533762E1,-9.561129380752E0));
#334=CARTESIAN_POINT('',(9.548662551357E1,9.852355410662E1,-9.670100538100E0));
#336=CARTESIAN_POINT('',(9.822682208307E1,8.978778524509E1,-8.896266193455E0));
#337=CARTESIAN_POINT('',(9.776212506449E1,9.116850363669E1,-9.018573379993E0));
#338=CARTESIAN_POINT('',(9.731113546636E1,9.255365028680E1,-9.141272831777E0));
#339=CARTESIAN_POINT('',(9.687385142367E1,9.394322459291E1,-9.264364495436E0));
#341=CARTESIAN_POINT('',(1.000800267014E2,8.450436380394E1,-8.428248663092E0));
#342=CARTESIAN_POINT('',(9.954961987385E1,8.595715627689E1,-8.556940336261E0));
#343=CARTESIAN_POINT('',(9.903458585403E1,8.741533621642E1,-8.686109243517E0));
#344=CARTESIAN_POINT('',(9.853492226513E1,8.887890278956E1,-8.815755311072E0));
#346=CARTESIAN_POINT('',(1.021876459537E2,7.896469462279E1,-7.937532123049E0));
#347=CARTESIAN_POINT('',(1.015802751311E2,8.049846641582E1,-8.073397129222E0));
#348=CARTESIAN_POINT('',(1.009902939917E2,8.203884679539E1,-8.209847539074E0));
#349=CARTESIAN_POINT('',(1.004176994733E2,8.358583459779E1,-8.346883249521E0));
#351=CARTESIAN_POINT('',(1.045912557459E2,7.314129670972E1,-7.421682244338E0));
#352=CARTESIAN_POINT('',(1.038935231950E2,7.476497978552E1,-7.565511797156E0));
#353=CARTESIAN_POINT('',(1.032156137567E2,7.639683374828E1,-7.710065145790E0));
#354=CARTESIAN_POINT('',(1.025575234471E2,7.803685695586E1,-7.855342144776E0));
#356=CARTESIAN_POINT('',(1.074667713788E2,6.673640555847E1,-6.854322367365E0));
#357=CARTESIAN_POINT('',(1.066180378549E2,6.854799214200E1,-7.014796841776E0));
#358=CARTESIAN_POINT('',(1.057945116259E2,7.037087802717E1,-7.176272234116E0));
#359=CARTESIAN_POINT('',(1.049961865850E2,7.220506047657E1,-7.338748301900E0));
#361=CARTESIAN_POINT('',(8.748908393649E1,1.408657606384E2,-1.342086983634E1));
#362=CARTESIAN_POINT('',(8.742371921841E1,1.415854650322E2,-1.348462289423E1));
#363=CARTESIAN_POINT('',(8.736181993248E1,1.423054650341E2,-1.354840213775E1));
#364=CARTESIAN_POINT('',(8.730338601220E1,1.430257606384E2,-1.361220756641E1));
#366=CARTESIAN_POINT('',(8.793360722676E1,1.364534014719E2,-1.303001299041E1));
#367=CARTESIAN_POINT('',(8.782400311909E1,1.374435097024E2,-1.311771903734E1));
#368=CARTESIAN_POINT('',(8.772097165275E1,1.384342960985E2,-1.320548515771E1));
#369=CARTESIAN_POINT('',(8.762451261823E1,1.394257606384E2,-1.329331134962E1));
#371=CARTESIAN_POINT('',(8.846156703429E1,1.320764649773E2,-1.264229396562E1));
#372=CARTESIAN_POINT('',(8.833344945219E1,1.330576652967E2,-1.272921092944E1));
#373=CARTESIAN_POINT('',(8.821180953623E1,1.340396617583E2,-1.281619841736E1));
#374=CARTESIAN_POINT('',(8.809664704292E1,1.350224543322E2,-1.290325642672E1));
#376=DIRECTION('',(-9.711632491444E-1,-2.374855524564E-1,2.103701228369E-2));
#377=VECTOR('',#376,1.893700082133E1);
#378=CARTESIAN_POINT('',(1.074667713788E2,1.322036500820E2,-1.265356031248E1));
#379=LINE('',#378,#377);
#380=CARTESIAN_POINT('',(8.907585213211E1,1.277063859801E2,-1.225518239359E1));
#381=CARTESIAN_POINT('',(8.892818182854E1,1.286869990544E2,-1.234204733791E1));
#382=CARTESIAN_POINT('',(8.878700800922E1,1.296685392369E2,-1.242899440758E1));
#383=CARTESIAN_POINT('',(8.865233039114E1,1.306510064871E2,-1.251602359903E1));
#385=DIRECTION('',(8.164965809276E-1,5.773502691899E-1,7.161297099025E-14));
#386=VECTOR('',#385,9.797958971129E-1);
#387=CARTESIAN_POINT('',(1.088763713788E2,7.717165249502E1,-5.656854249493E0));
#388=LINE('',#387,#386);
#389=DIRECTION('',(-8.164965809305E-1,-2.169887857659E-12,-5.773502691858E-1));
#390=VECTOR('',#389,1.899244632787E-1);
#391=CARTESIAN_POINT('',(1.096763713788E2,8.000007961977E1,-7.919595949290E0));
#392=LINE('',#391,#390);
#393=DIRECTION('',(2.762413957584E-13,7.071067811870E-1,-7.071067811861E-1));
#394=VECTOR('',#393,3.292391059914E0);
#395=CARTESIAN_POINT('',(1.088763713788E2,7.717165249502E1,-5.656854249493E0));
#396=LINE('',#395,#394);
#397=DIRECTION('',(1.235911929638E-13,7.071067811872E-1,-7.071067811859E-1));
#398=VECTOR('',#397,2.414637660360E0);
#399=CARTESIAN_POINT('',(1.096763713788E2,7.717165249502E1,-6.222539674442E0));
#400=LINE('',#399,#398);
#401=DIRECTION('',(-1.759875053747E-13,-9.960995293874E-1,8.823676985330E-2));
#402=VECTOR('',#401,3.149219785308E0);
#403=CARTESIAN_POINT('',(1.096763713788E2,7.887905915877E1,-7.929946338189E0));
#404=LINE('',#403,#402);
#405=DIRECTION('',(1.335566832473E-13,7.071067811863E-1,7.071067811868E-1));
#406=VECTOR('',#405,2.021660264570E0);
#407=CARTESIAN_POINT('',(1.096763713788E2,7.574212281269E1,-7.652069356776E0));
#408=LINE('',#407,#406);
#409=DIRECTION('',(8.164965809276E-1,-1.305350357290E-12,-5.773502691899E-1));
#410=VECTOR('',#409,9.797958971131E-1);
#411=CARTESIAN_POINT('',(1.088763713788E2,7.717165249502E1,-5.656854249493E0));
#412=LINE('',#411,#410);
#413=DIRECTION('',(-3.969568545291E-13,7.071067811861E-1,7.071067811870E-1));
#414=VECTOR('',#413,2.756561073542E0);
#415=CARTESIAN_POINT('',(1.088763713788E2,7.522246946717E1,-7.606037277350E0));
#416=LINE('',#415,#414);
#417=DIRECTION('',(-8.164965809283E-1,5.773502691888E-1,-4.795349576438E-13));
#418=VECTOR('',#417,9.797958971124E-1);
#419=CARTESIAN_POINT('',(1.096763713788E2,7.660596707007E1,-5.656854249492E0));
#420=LINE('',#419,#418);
#421=DIRECTION('',(1.811883976189E-13,7.071067811862E-1,-7.071067811869E-1));
#422=VECTOR('',#421,3.999999999998E0);
#423=CARTESIAN_POINT('',(1.088763713788E2,7.434322537028E1,-2.828427124746E0));
#424=LINE('',#423,#422);
#425=DIRECTION('',(-3.646548309026E-13,7.071067811874E-1,7.071067811857E-1));
#426=VECTOR('',#425,1.169121057305E0);
#427=CARTESIAN_POINT('',(1.096763713788E2,7.351653194263E1,-4.220805977343E0));
#428=LINE('',#427,#426);
#429=DIRECTION('',(1.554312234476E-13,7.071067811863E-1,-7.071067811868E-1));
#430=VECTOR('',#429,3.199999999998E0);
#431=CARTESIAN_POINT('',(1.096763713788E2,7.434322537028E1,-3.394112549696E0));
#432=LINE('',#431,#430);
#433=DIRECTION('',(1.689592387842E-13,-7.071067811861E-1,-7.071067811870E-1));
#434=VECTOR('',#433,2.691461882515E0);
#435=CARTESIAN_POINT('',(1.096763713788E2,7.660596707007E1,-5.656854249492E0));
#436=LINE('',#435,#434);
#437=DIRECTION('',(-4.653704498742E-13,-9.960995293875E-1,8.823676985275E-2));
#438=VECTOR('',#437,1.190929364E0);
#439=CARTESIAN_POINT('',(1.096763713788E2,7.470281612164E1,-7.560005197925E0));
#440=LINE('',#439,#438);
#441=DIRECTION('',(7.536443801667E-14,4.396258884306E-13,-1.E0));
#442=VECTOR('',#441,1.131370849901E0);
#443=CARTESIAN_POINT('',(1.096763713788E2,7.351653194263E1,-3.089435127442E0));
#444=LINE('',#443,#442);
#445=DIRECTION('',(0.E0,-1.142452170065E-13,-1.E0));
#446=VECTOR('',#445,3.234115460380E0);
#447=CARTESIAN_POINT('',(1.096763713788E2,7.351653194263E1,-4.220805977343E0));
#448=LINE('',#447,#446);
#449=DIRECTION('',(0.E0,0.E0,1.E0));
#450=VECTOR('',#449,1.466994202407E1);
#451=CARTESIAN_POINT('',(1.102045093553E2,7.216241888098E1,-7.334971012037E0));
#452=LINE('',#451,#450);
#453=DIRECTION('',(-1.054571233906E-13,1.537916382779E-13,-1.E0));
#454=VECTOR('',#453,3.234115460381E0);
#455=CARTESIAN_POINT('',(1.096763713788E2,7.351653194263E1,7.454921437723E0));
#456=LINE('',#455,#454);
#457=DIRECTION('',(2.888970123976E-13,-4.521866281005E-13,-1.E0));
#458=VECTOR('',#457,1.131370849899E0);
#459=CARTESIAN_POINT('',(1.096763713788E2,7.351653194263E1,4.220805977341E0));
#460=LINE('',#459,#458);
#461=DIRECTION('',(-4.083453735628E-13,2.177841992335E-13,-1.E0));
#462=VECTOR('',#461,5.220160053931E-1);
#463=CARTESIAN_POINT('',(1.096763713788E2,7.351653194263E1,3.089435127442E0));
#464=LINE('',#463,#462);
#465=DIRECTION('',(7.536443801679E-14,5.275510661175E-13,-1.E0));
#466=VECTOR('',#465,1.131370849899E0);
#467=CARTESIAN_POINT('',(1.096763713788E2,7.351653194263E1,2.567419122049E0));
#468=LINE('',#467,#466);
#469=DIRECTION('',(0.E0,-1.781245030785E-13,-1.E0));
#470=VECTOR('',#469,2.872096544302E0);
#471=CARTESIAN_POINT('',(1.096763713788E2,7.351653194263E1,1.436048272150E0));
#472=LINE('',#471,#470);
#473=DIRECTION('',(1.632896157031E-13,-8.792517768631E-14,-1.E0));
#474=VECTOR('',#473,1.131370849898E0);
#475=CARTESIAN_POINT('',(1.096763713788E2,7.351653194263E1,-1.436048272152E0));
#476=LINE('',#475,#474);
#477=DIRECTION('',(-2.722302490425E-13,-3.538993237553E-13,-1.E0));
#478=VECTOR('',#477,5.220160053919E-1);
#479=CARTESIAN_POINT('',(1.096763713788E2,7.351653194263E1,-2.567419122050E0));
#480=LINE('',#479,#478);
#481=DIRECTION('',(-8.164965809274E-1,5.221401429154E-13,-5.773502691902E-1));
#482=VECTOR('',#481,9.797958971145E-1);
#483=CARTESIAN_POINT('',(1.096763713788E2,7.351653194263E1,-3.089435127442E0));
#484=LINE('',#483,#482);
#485=DIRECTION('',(8.164965809275E-1,-1.450389285876E-14,-5.773502691899E-1));
#486=VECTOR('',#485,9.797958971145E-1);
#487=CARTESIAN_POINT('',(1.088763713788E2,7.351653194263E1,-3.655120552392E0));
#488=LINE('',#487,#486);
#489=DIRECTION('',(-8.164965809269E-1,5.773502691908E-1,-3.521726484767E-13));
#490=VECTOR('',#489,9.797958971147E-1);
#491=CARTESIAN_POINT('',(1.096763713788E2,7.377753994533E1,-2.828427124746E0));
#492=LINE('',#491,#490);
#493=DIRECTION('',(-3.464925392551E-13,7.071067811885E-1,-7.071067811846E-1));
#494=VECTOR('',#493,3.691210573012E-1);
#495=CARTESIAN_POINT('',(1.096763713788E2,7.351653194263E1,-2.567419122050E0));
#496=LINE('',#495,#494);
#497=DIRECTION('',(-3.849917102830E-14,-7.071067811880E-1,-7.071067811851E-1));
#498=VECTOR('',#497,3.691210573017E-1);
#499=CARTESIAN_POINT('',(1.096763713788E2,7.377753994533E1,-2.828427124746E0));
#500=LINE('',#499,#498);
#501=DIRECTION('',(-8.164965809274E-1,2.900778571754E-13,5.773502691901E-1));
#502=VECTOR('',#501,9.797958971138E-1);
#503=CARTESIAN_POINT('',(1.096763713788E2,7.351653194263E1,-2.567419122050E0));
#504=LINE('',#503,#502);
#505=DIRECTION('',(-3.889651529632E-13,7.071067811874E-1,-7.071067811857E-1));
#506=VECTOR('',#505,1.169121057303E0);
#507=CARTESIAN_POINT('',(1.088763713788E2,7.351653194263E1,-2.001733697100E0));
#508=LINE('',#507,#506);
#509=DIRECTION('',(8.164965809282E-1,-2.030545000230E-13,5.773502691890E-1));
#510=VECTOR('',#509,9.797958971126E-1);
#511=CARTESIAN_POINT('',(1.088763713788E2,7.351653194263E1,-2.001733697100E0));
#512=LINE('',#511,#510);
#513=DIRECTION('',(-8.164965809280E-1,5.366440357752E-13,-5.773502691892E-1));
#514=VECTOR('',#513,9.797958971125E-1);
#515=CARTESIAN_POINT('',(1.096763713788E2,7.434322537028E1,-2.262741699798E0));
#516=LINE('',#515,#514);
#517=DIRECTION('',(-4.862064412037E-13,7.071067811877E-1,7.071067811854E-1));
#518=VECTOR('',#517,1.169121057304E0);
#519=CARTESIAN_POINT('',(1.096763713788E2,7.351653194263E1,1.436048272150E0));
#520=LINE('',#519,#518);
#521=DIRECTION('',(-1.243449787581E-13,7.071067811863E-1,-7.071067811868E-1));
#522=VECTOR('',#521,3.199999999997E0);
#523=CARTESIAN_POINT('',(1.096763713788E2,7.434322537028E1,2.262741699796E0));
#524=LINE('',#523,#522);
#525=DIRECTION('',(8.881784197002E-14,-7.071067811862E-1,-7.071067811869E-1));
#526=VECTOR('',#525,3.2E0);
#527=CARTESIAN_POINT('',(1.096763713788E2,7.660596707007E1,1.464014095139E-13));
#528=LINE('',#527,#526);
#529=DIRECTION('',(5.712925684149E-13,-7.071067811873E-1,7.071067811858E-1));
#530=VECTOR('',#529,1.169121057303E0);
#531=CARTESIAN_POINT('',(1.096763713788E2,7.434322537028E1,-2.262741699798E0));
#532=LINE('',#531,#530);
#533=DIRECTION('',(-2.431032206020E-13,7.071067811872E-1,7.071067811859E-1));
#534=VECTOR('',#533,1.169121057303E0);
#535=CARTESIAN_POINT('',(1.088763713788E2,7.351653194263E1,2.001733697099E0));
#536=LINE('',#535,#534);
#537=DIRECTION('',(8.164965809275E-1,4.496206786220E-13,-5.773502691900E-1));
#538=VECTOR('',#537,9.797958971137E-1);
#539=CARTESIAN_POINT('',(1.088763713788E2,7.434322537028E1,2.828427124746E0));
#540=LINE('',#539,#538);
#541=DIRECTION('',(-8.164965809277E-1,1.000768607255E-12,-5.773502691896E-1));
#542=VECTOR('',#541,9.797958971136E-1);
#543=CARTESIAN_POINT('',(1.096763713788E2,7.351653194263E1,2.567419122049E0));
#544=LINE('',#543,#542);
#545=DIRECTION('',(8.164965809277E-1,-3.771012143281E-13,-5.773502691897E-1));
#546=VECTOR('',#545,9.797958971138E-1);
#547=CARTESIAN_POINT('',(1.088763713788E2,7.351653194263E1,2.001733697099E0));
#548=LINE('',#547,#546);
#549=DIRECTION('',(-8.164965809271E-1,5.773502691905E-1,6.322790793115E-13));
#550=VECTOR('',#549,9.797958971146E-1);
#551=CARTESIAN_POINT('',(1.096763713788E2,7.377753994533E1,2.828427124745E0));
#552=LINE('',#551,#550);
#553=DIRECTION('',(-8.469817626201E-13,7.071067811887E-1,-7.071067811844E-1));
#554=VECTOR('',#553,3.691210573027E-1);
#555=CARTESIAN_POINT('',(1.096763713788E2,7.351653194263E1,3.089435127442E0));
#556=LINE('',#555,#554);
#557=DIRECTION('',(3.464925392539E-13,-7.071067811889E-1,-7.071067811842E-1));
#558=VECTOR('',#557,3.691210573024E-1);
#559=CARTESIAN_POINT('',(1.096763713788E2,7.377753994533E1,2.828427124745E0));
#560=LINE('',#559,#558);
#561=DIRECTION('',(-8.164965809272E-1,6.816829643616E-13,5.773502691903E-1));
#562=VECTOR('',#561,9.797958971147E-1);
#563=CARTESIAN_POINT('',(1.096763713788E2,7.351653194263E1,3.089435127442E0));
#564=LINE('',#563,#562);
#565=DIRECTION('',(-8.508612721065E-14,7.071067811872E-1,-7.071067811859E-1));
#566=VECTOR('',#565,1.169121057304E0);
#567=CARTESIAN_POINT('',(1.088763713788E2,7.351653194263E1,3.655120552393E0));
#568=LINE('',#567,#566);
#569=DIRECTION('',(8.164965809281E-1,-1.885506071641E-13,5.773502691891E-1));
#570=VECTOR('',#569,9.797958971133E-1);
#571=CARTESIAN_POINT('',(1.088763713788E2,7.351653194263E1,3.655120552393E0));
#572=LINE('',#571,#570);
#573=DIRECTION('',(-8.164965809273E-1,1.464893178735E-12,-5.773502691903E-1));
#574=VECTOR('',#573,9.797958971145E-1);
#575=CARTESIAN_POINT('',(1.096763713788E2,7.434322537028E1,3.394112549696E0));
#576=LINE('',#575,#574);
#577=DIRECTION('',(-9.724128824092E-14,-7.071067811875E-1,7.071067811856E-1));
#578=VECTOR('',#577,1.169121057302E0);
#579=CARTESIAN_POINT('',(1.096763713788E2,7.434322537028E1,3.394112549696E0));
#580=LINE('',#579,#578);
#581=DIRECTION('',(-1.193257563781E-14,9.960995293875E-1,8.823676985216E-2));
#582=VECTOR('',#581,1.190929363999E0);
#583=CARTESIAN_POINT('',(1.096763713788E2,7.351653194263E1,7.454921437723E0));
#584=LINE('',#583,#582);
#585=DIRECTION('',(8.447961939216E-14,7.071067811860E-1,-7.071067811871E-1));
#586=VECTOR('',#585,2.691461882513E0);
#587=CARTESIAN_POINT('',(1.096763713788E2,7.470281612164E1,7.560005197924E0));
#588=LINE('',#587,#586);
#589=DIRECTION('',(-1.376676550536E-13,-7.071067811862E-1,-7.071067811869E-1));
#590=VECTOR('',#589,3.199999999997E0);
#591=CARTESIAN_POINT('',(1.096763713788E2,7.660596707007E1,5.656854249493E0));
#592=LINE('',#591,#590);
#593=CARTESIAN_POINT('',(1.096763713788E2,7.351653194263E1,7.454921437723E0));
#594=CARTESIAN_POINT('',(1.096763713788E2,7.325674746999E1,7.431909136193E0));
#595=CARTESIAN_POINT('',(1.097735898418E2,7.277483969120E1,7.389220645221E0));
#596=CARTESIAN_POINT('',(1.100283058635E2,7.235394441557E1,7.351936781036E0));
#597=CARTESIAN_POINT('',(1.102045093553E2,7.216241888098E1,7.334971012036E0));
#599=CARTESIAN_POINT('',(1.119763713788E2,6.473648189890E1,6.677164564889E0));
#600=CARTESIAN_POINT('',(1.119763713788E2,6.440379864400E1,6.647694722840E0));
#601=CARTESIAN_POINT('',(1.118321069312E2,6.388213388259E1,6.601484467604E0));
#602=CARTESIAN_POINT('',(1.114209028146E2,6.329368434493E1,6.549358264456E0));
#603=CARTESIAN_POINT('',(1.108326464196E2,6.288159649838E1,6.512854582442E0));
#604=CARTESIAN_POINT('',(1.103103573361E2,6.273648189890E1,6.500000000004E0));
#605=CARTESIAN_POINT('',(1.099763713788E2,6.273648189890E1,6.500000000004E0));
#607=CARTESIAN_POINT('',(1.080136085282E2,6.273648189890E1,6.500000000004E0));
#608=CARTESIAN_POINT('',(1.076247331399E2,6.273648189890E1,6.500000000004E0));
#609=CARTESIAN_POINT('',(1.069678167673E2,6.294273411094E1,6.518270291705E0));
#610=CARTESIAN_POINT('',(1.064652702983E2,6.341248027053E1,6.559881478691E0));
#611=CARTESIAN_POINT('',(1.062739756960E2,6.374973086184E1,6.589755905824E0));
#613=CARTESIAN_POINT('',(1.062739756960E2,6.374973086186E1,6.589755905826E0));
#614=CARTESIAN_POINT('',(1.005019832613E2,7.392569943917E1,7.491166428467E0));
#615=CARTESIAN_POINT('',(9.104145068172E1,9.498956045195E1,9.357051314032E0));
#616=CARTESIAN_POINT('',(8.553445684381E1,1.174043612333E2,1.134260552774E1));
#617=CARTESIAN_POINT('',(8.382005447701E1,1.289668243274E2,1.236683489927E1));
#619=CARTESIAN_POINT('',(8.264181374159E1,1.335384101391E2,1.277179640485E1));
#620=CARTESIAN_POINT('',(8.292139166392E1,1.342842041876E2,1.283786054390E1));
#621=CARTESIAN_POINT('',(8.301723086765E1,1.350527608180E2,1.290594104441E1));
#622=CARTESIAN_POINT('',(8.292956970249E1,1.358440505024E2,1.297603529073E1));
#624=CARTESIAN_POINT('',(8.292956970249E1,1.358440505024E2,1.297603529073E1));
#625=CARTESIAN_POINT('',(8.247679708822E1,1.399310860603E2,1.333807422887E1));
#626=CARTESIAN_POINT('',(8.215839175999E1,1.440284821558E2,1.370103092708E1));
#627=CARTESIAN_POINT('',(8.197433783673E1,1.481362375642E2,1.406490527687E1));
#629=DIRECTION('',(1.E0,0.E0,0.E0));
#630=VECTOR('',#629,2.570403814188E1);
#631=CARTESIAN_POINT('',(8.397233323692E1,1.502257606384E2,1.425E1));
#632=LINE('',#631,#630);
#633=DIRECTION('',(8.376350081007E-1,-5.440997927235E-1,-4.819760120883E-2));
#634=VECTOR('',#633,4.614018960803E-2);
#635=CARTESIAN_POINT('',(1.088763713788E2,1.167947371091E2,1.128860363137E1));
#636=LINE('',#635,#634);
#637=DIRECTION('',(9.491266440870E-1,3.136663697863E-1,2.778528296109E-2));
#638=VECTOR('',#637,1.863297453594E1);
#639=CARTESIAN_POINT('',(8.978171878814E1,1.233148447084E2,1.186616964430E1));
#640=LINE('',#639,#638);
#641=DIRECTION('',(-9.711632491443E-1,-2.374855524566E-1,-2.103701228357E-2));
#642=VECTOR('',#641,1.871146755677E1);
#643=CARTESIAN_POINT('',(1.074667713788E2,1.307266206007E2,1.252272166979E1));
#644=LINE('',#643,#642);
#645=DIRECTION('',(9.212786435267E-1,3.873862458470E-1,3.431555784401E-2));
#646=VECTOR('',#645,1.832219488720E1);
#647=CARTESIAN_POINT('',(9.058692452669E1,1.188732874682E2,1.147272636636E1));
#648=LINE('',#647,#646);
#649=DIRECTION('',(-9.491266440883E-1,-3.136663697824E-1,-2.778528296062E-2));
#650=VECTOR('',#649,1.837140409880E1);
#651=CARTESIAN_POINT('',(1.074667713788E2,1.276524378004E2,1.225040354070E1));
#652=LINE('',#651,#650);
#653=DIRECTION('',(8.879530500916E-1,4.581401454216E-1,4.058309975985E-2));
#654=VECTOR('',#653,1.797931694264E1);
#655=CARTESIAN_POINT('',(9.150198206102E1,1.143524627728E2,1.107226139633E1));
#656=LINE('',#655,#654);
#657=DIRECTION('',(-9.212786435281E-1,-3.873862458436E-1,-3.431555784363E-2));
#658=VECTOR('',#657,1.801946435807E1);
#659=CARTESIAN_POINT('',(1.074667713788E2,1.244241284409E2,1.196443252920E1));
#660=LINE('',#659,#658);
#661=DIRECTION('',(8.495281053210E-1,5.254856941283E-1,4.654872217673E-2));
#662=VECTOR('',#661,1.757002853812E1);
#663=CARTESIAN_POINT('',(9.254053832437E1,1.097219763959E2,1.066208234424E1));
#664=LINE('',#663,#662);
#665=DIRECTION('',(-8.879530500921E-1,-4.581401454206E-1,-4.058309975989E-2));
#666=VECTOR('',#665,1.762863492323E1);
#667=CARTESIAN_POINT('',(1.074667713788E2,1.209912430247E2,1.166033970367E1));
#668=LINE('',#667,#666);
#669=DIRECTION('',(8.064127713375E-1,5.890465053174E-1,5.217908390579E-2));
#670=VECTOR('',#669,1.704694840215E1);
#671=CARTESIAN_POINT('',(9.371989447497E1,1.049498755512E2,1.023935875937E1));
#672=LINE('',#671,#670);
#673=DIRECTION('',(-8.495281053199E-1,-5.254856941300E-1,-4.654872217697E-2));
#674=VECTOR('',#673,1.716249403203E1);
#675=CARTESIAN_POINT('',(1.074667713788E2,1.172920248792E2,1.133265451709E1));
#676=LINE('',#675,#674);
#677=DIRECTION('',(7.590334789768E-1,6.485121861934E-1,5.744668964481E-2));
#678=VECTOR('',#677,1.634326280483E1);
#679=CARTESIAN_POINT('',(9.506168775422E1,1.000022831644E2,9.801089733155E0));
#680=LINE('',#679,#678);
#681=DIRECTION('',(-8.064127713362E-1,-5.890465053191E-1,-5.217908390598E-2));
#682=VECTOR('',#681,1.657091566396E1);
#683=CARTESIAN_POINT('',(1.074667713788E2,1.132485096709E2,1.097447071085E1));
#684=LINE('',#683,#682);
#685=DIRECTION('',(7.078166102517E-1,7.036409610728E-1,6.233012235179E-2));
#686=VECTOR('',#685,1.536251319391E1);
#687=CARTESIAN_POINT('',(9.659292936494E1,9.484257216604E1,9.344030756173E0));
#688=LINE('',#687,#686);
#689=DIRECTION('',(-7.590334789761E-1,-6.485121861941E-1,-5.744668964478E-2));
#690=VECTOR('',#689,1.578342220345E1);
#691=CARTESIAN_POINT('',(1.074667713788E2,1.087592957454E2,1.057680589495E1));
#692=LINE('',#691,#690);
#693=DIRECTION('',(6.597086589445E-1,7.485901596897E-1,6.631182495925E-2));
#694=VECTOR('',#693,1.400610583241E1);
#695=CARTESIAN_POINT('',(9.822682208307E1,8.978778524509E1,8.896266193455E0));
#696=LINE('',#695,#694);
#697=DIRECTION('',(-7.078166102554E-1,-7.036409610690E-1,-6.233012235149E-2));
#698=VECTOR('',#697,1.496562782174E1);
#699=CARTESIAN_POINT('',(1.074667713788E2,1.044736533364E2,1.019717390863E1));
#700=LINE('',#699,#698);
#701=DIRECTION('',(6.092279883904E-1,7.899020644681E-1,6.997132777666E-2));
#702=VECTOR('',#701,1.212476251611E1);
#703=CARTESIAN_POINT('',(1.000800267014E2,8.450436380394E1,8.428248663092E0));
#704=LINE('',#703,#702);
#705=DIRECTION('',(-6.597086589483E-1,-7.485901596864E-1,-6.631182495904E-2));
#706=VECTOR('',#705,1.353908121793E1);
#707=CARTESIAN_POINT('',(1.074667713788E2,9.901412576050E1,9.713556494902E0));
#708=LINE('',#707,#706);
#709=DIRECTION('',(5.566499649832E-1,8.275068387107E-1,7.330244450984E-2));
#710=VECTOR('',#709,9.483743388427E0);
#711=CARTESIAN_POINT('',(1.021876459537E2,7.896469462280E1,7.937532123050E0));
#712=LINE('',#711,#710);
#713=DIRECTION('',(-6.092279883900E-1,-7.899020644684E-1,-6.997132777665E-2));
#714=VECTOR('',#713,1.157049912324E1);
#715=CARTESIAN_POINT('',(1.074667713788E2,9.272539574218E1,9.156486436214E0));
#716=LINE('',#715,#714);
#717=DIRECTION('',(5.022364454744E-1,8.613574800677E-1,7.630101158326E-2));
#718=VECTOR('',#717,5.725422077255E0);
#719=CARTESIAN_POINT('',(1.045912557459E2,7.314129670971E1,7.421682244338E0));
#720=LINE('',#719,#718);
#721=DIRECTION('',(-5.566499649809E-1,-8.275068387123E-1,-7.330244450997E-2));
#722=VECTOR('',#721,8.819272865392E0);
#723=CARTESIAN_POINT('',(1.074667713788E2,8.533486556442E1,8.501816404609E0));
#724=LINE('',#723,#722);
#725=DIRECTION('',(-5.022364454688E-1,-8.613574800709E-1,-7.630101158380E-2));
#726=VECTOR('',#725,4.919166691433E0);
#727=CARTESIAN_POINT('',(1.074667713788E2,7.644222150193E1,7.714085696604E0));
#728=LINE('',#727,#726);
#729=DIRECTION('',(1.E0,0.E0,-9.789766136983E-14));
#730=VECTOR('',#729,1.997768744231E1);
#731=CARTESIAN_POINT('',(8.748908393649E1,1.408657606384E2,1.342086983634E1));
#732=LINE('',#731,#730);
#733=DIRECTION('',(-1.E0,0.E0,0.E0));
#734=VECTOR('',#733,2.016338536660E1);
#735=CARTESIAN_POINT('',(1.074667713788E2,1.430257606384E2,1.361220756641E1));
#736=LINE('',#735,#734);
#737=DIRECTION('',(9.967672511374E-1,8.002993078986E-2,7.089233933126E-3));
#738=VECTOR('',#737,1.959651476285E1);
#739=CARTESIAN_POINT('',(8.793360722676E1,1.364534014719E2,1.303001299041E1));
#740=LINE('',#739,#738);
#741=DIRECTION('',(-1.E0,0.E0,0.E0));
#742=VECTOR('',#741,1.984225876057E1);
#743=CARTESIAN_POINT('',(1.074667713788E2,1.394257606384E2,1.329331134962E1));
#744=LINE('',#743,#742);
#745=DIRECTION('',(9.871123431963E-1,1.594046281788E-1,1.412042579593E-2));
#746=VECTOR('',#745,1.925333471464E1);
#747=CARTESIAN_POINT('',(8.846156703429E1,1.320764649773E2,1.264229396562E1));
#748=LINE('',#747,#746);
#749=DIRECTION('',(-9.967672511373E-1,-8.002993079096E-2,-7.089233933104E-3));
#750=VECTOR('',#749,1.943294617051E1);
#751=CARTESIAN_POINT('',(1.074667713788E2,1.365776716693E2,1.304102112814E1));
#752=LINE('',#751,#750);
#753=CARTESIAN_POINT('',(1.064263713788E2,1.466257606384E2,1.393110378321E1));
#754=CARTESIAN_POINT('',(1.064263713788E2,1.467848596642E2,1.394519713804E1));
#755=CARTESIAN_POINT('',(1.063684453173E2,1.471285642076E2,1.397564327099E1));
#756=CARTESIAN_POINT('',(1.060603978327E2,1.476088667550E2,1.401818956690E1));
#757=CARTESIAN_POINT('',(1.055757565522E2,1.479180975304E2,1.404558193479E1));
#758=CARTESIAN_POINT('',(1.050763713788E2,1.480045921924E2,1.405324382936E1));
#759=CARTESIAN_POINT('',(1.045769862054E2,1.479180975304E2,1.404558193479E1));
#760=CARTESIAN_POINT('',(1.040923449249E2,1.476088667550E2,1.401818956690E1));
#761=CARTESIAN_POINT('',(1.037842974403E2,1.471285642076E2,1.397564327099E1));
#762=CARTESIAN_POINT('',(1.037263713788E2,1.467848596642E2,1.394519713804E1));
#763=CARTESIAN_POINT('',(1.037263713788E2,1.466257606384E2,1.393110378321E1));
#765=CARTESIAN_POINT('',(1.037263713788E2,1.466257606384E2,1.393110378321E1));
#766=CARTESIAN_POINT('',(1.037263713788E2,1.464666616126E2,1.391701042837E1));
#767=CARTESIAN_POINT('',(1.037842974403E2,1.461229570692E2,1.388656429543E1));
#768=CARTESIAN_POINT('',(1.040923449249E2,1.456426545218E2,1.384401799952E1));
#769=CARTESIAN_POINT('',(1.045769862054E2,1.453334237464E2,1.381662563163E1));
#770=CARTESIAN_POINT('',(1.050763713788E2,1.452469290844E2,1.380896373705E1));
#771=CARTESIAN_POINT('',(1.055757565522E2,1.453334237464E2,1.381662563163E1));
#772=CARTESIAN_POINT('',(1.060603978327E2,1.456426545218E2,1.384401799952E1));
#773=CARTESIAN_POINT('',(1.063684453173E2,1.461229570692E2,1.388656429543E1));
#774=CARTESIAN_POINT('',(1.064263713788E2,1.464666616126E2,1.391701042837E1));
#775=CARTESIAN_POINT('',(1.064263713788E2,1.466257606384E2,1.393110378321E1));
#777=CARTESIAN_POINT('',(8.642637137880E1,1.466257606384E2,1.393110378321E1));
#778=CARTESIAN_POINT('',(8.642637137880E1,1.467848596642E2,1.394519713804E1));
#779=CARTESIAN_POINT('',(8.636844531728E1,1.471285642076E2,1.397564327099E1));
#780=CARTESIAN_POINT('',(8.606039783274E1,1.476088667550E2,1.401818956690E1));
#781=CARTESIAN_POINT('',(8.557575655218E1,1.479180975304E2,1.404558193479E1));
#782=CARTESIAN_POINT('',(8.507637137880E1,1.480045921924E2,1.405324382936E1));
#783=CARTESIAN_POINT('',(8.457698620542E1,1.479180975304E2,1.404558193479E1));
#784=CARTESIAN_POINT('',(8.409234492486E1,1.476088667550E2,1.401818956690E1));
#785=CARTESIAN_POINT('',(8.378429744032E1,1.471285642076E2,1.397564327099E1));
#786=CARTESIAN_POINT('',(8.372637137880E1,1.467848596642E2,1.394519713804E1));
#787=CARTESIAN_POINT('',(8.372637137880E1,1.466257606384E2,1.393110378321E1));
#789=CARTESIAN_POINT('',(8.372637137880E1,1.466257606384E2,1.393110378321E1));
#790=CARTESIAN_POINT('',(8.372637137880E1,1.464666616126E2,1.391701042837E1));
#791=CARTESIAN_POINT('',(8.378429744032E1,1.461229570692E2,1.388656429543E1));
#792=CARTESIAN_POINT('',(8.409234492486E1,1.456426545218E2,1.384401799952E1));
#793=CARTESIAN_POINT('',(8.457698620542E1,1.453334237464E2,1.381662563163E1));
#794=CARTESIAN_POINT('',(8.507637137880E1,1.452469290844E2,1.380896373705E1));
#795=CARTESIAN_POINT('',(8.557575655218E1,1.453334237464E2,1.381662563163E1));
#796=CARTESIAN_POINT('',(8.606039783274E1,1.456426545218E2,1.384401799952E1));
#797=CARTESIAN_POINT('',(8.636844531728E1,1.461229570692E2,1.388656429543E1));
#798=CARTESIAN_POINT('',(8.642637137880E1,1.464666616126E2,1.391701042837E1));
#799=CARTESIAN_POINT('',(8.642637137880E1,1.466257606384E2,1.393110378321E1));
#801=CARTESIAN_POINT('',(8.642637137880E1,1.326257606384E2,1.269095182901E1));
#802=CARTESIAN_POINT('',(8.642637137880E1,1.327848596642E2,1.270504518385E1));
#803=CARTESIAN_POINT('',(8.636844531728E1,1.331285642076E2,1.273549131679E1));
#804=CARTESIAN_POINT('',(8.606039783274E1,1.336088667550E2,1.277803761270E1));
#805=CARTESIAN_POINT('',(8.557575655218E1,1.339180975304E2,1.280542998059E1));
#806=CARTESIAN_POINT('',(8.507637137880E1,1.340045921924E2,1.281309187517E1));
#807=CARTESIAN_POINT('',(8.457698620542E1,1.339180975304E2,1.280542998059E1));
#808=CARTESIAN_POINT('',(8.409234492486E1,1.336088667550E2,1.277803761270E1));
#809=CARTESIAN_POINT('',(8.378429744032E1,1.331285642076E2,1.273549131679E1));
#810=CARTESIAN_POINT('',(8.372637137880E1,1.327848596642E2,1.270504518385E1));
#811=CARTESIAN_POINT('',(8.372637137880E1,1.326257606384E2,1.269095182901E1));
#813=CARTESIAN_POINT('',(8.372637137880E1,1.326257606384E2,1.269095182901E1));
#814=CARTESIAN_POINT('',(8.372637137880E1,1.324666616126E2,1.267685847417E1));
#815=CARTESIAN_POINT('',(8.378429744032E1,1.321229570692E2,1.264641234123E1));
#816=CARTESIAN_POINT('',(8.409234492486E1,1.316426545218E2,1.260386604532E1));
#817=CARTESIAN_POINT('',(8.457698620542E1,1.313334237464E2,1.257647367743E1));
#818=CARTESIAN_POINT('',(8.507637137880E1,1.312469290844E2,1.256881178285E1));
#819=CARTESIAN_POINT('',(8.557575655218E1,1.313334237464E2,1.257647367743E1));
#820=CARTESIAN_POINT('',(8.606039783274E1,1.316426545218E2,1.260386604532E1));
#821=CARTESIAN_POINT('',(8.636844531728E1,1.321229570692E2,1.264641234123E1));
#822=CARTESIAN_POINT('',(8.642637137880E1,1.324666616126E2,1.267685847417E1));
#823=CARTESIAN_POINT('',(8.642637137880E1,1.326257606384E2,1.269095182901E1));
#825=DIRECTION('',(-9.871123431968E-1,-1.594046281761E-1,-1.412042579567E-2));
#826=VECTOR('',#825,1.906008076722E1);
#827=CARTESIAN_POINT('',(1.074667713788E2,1.336892715748E2,1.278516005516E1));
#828=LINE('',#827,#826);
#829=DIRECTION('',(8.376350080258E-1,5.440997928110E-1,4.819760152456E-2));
#830=VECTOR('',#829,9.550699198745E-1);
#831=CARTESIAN_POINT('',(1.088763713788E2,7.522246946717E1,7.606037277350E0));
#832=LINE('',#831,#830);
#833=DIRECTION('',(-8.164965809273E-1,-2.900778571753E-13,-5.773502691902E-1));
#834=VECTOR('',#833,9.797958971143E-1);
#835=CARTESIAN_POINT('',(1.096763713788E2,7.717165249502E1,6.222539674442E0));
#836=LINE('',#835,#834);
#837=DIRECTION('',(7.732229030107E-14,-7.071067811861E-1,7.071067811870E-1));
#838=VECTOR('',#837,2.021660264570E0);
#839=CARTESIAN_POINT('',(1.096763713788E2,7.717165249502E1,6.222539674442E0));
#840=LINE('',#839,#838);
#841=DIRECTION('',(2.256250068907E-14,9.960995293874E-1,8.823676985318E-2));
#842=VECTOR('',#841,3.149219785307E0);
#843=CARTESIAN_POINT('',(1.096763713788E2,7.574212281269E1,7.652069356776E0));
#844=LINE('',#843,#842);
#845=DIRECTION('',(-8.239412864257E-14,-7.071067811871E-1,-7.071067811860E-1));
#846=VECTOR('',#845,2.414637660359E0);
#847=CARTESIAN_POINT('',(1.096763713788E2,7.887905915877E1,7.929946338189E0));
#848=LINE('',#847,#846);
#849=DIRECTION('',(-7.889345663361E-1,6.120804665337E-1,5.421948476335E-2));
#850=VECTOR('',#849,1.014025793944E0);
#851=CARTESIAN_POINT('',(1.096763713788E2,7.887905915877E1,7.929946338189E0));
#852=LINE('',#851,#850);
#853=DIRECTION('',(4.488922681073E-13,7.071067811870E-1,7.071067811861E-1));
#854=VECTOR('',#853,3.292391059914E0);
#855=CARTESIAN_POINT('',(1.088763713788E2,7.717165249502E1,5.656854249492E0));
#856=LINE('',#855,#854);
#857=DIRECTION('',(7.889345663366E-1,6.120804665329E-1,5.421948476466E-2));
#858=VECTOR('',#857,8.174661785852E-1);
#859=CARTESIAN_POINT('',(1.088763713788E2,7.949972453981E1,7.984926294274E0));
#860=LINE('',#859,#858);
#861=DIRECTION('',(8.164965809288E-1,4.788718030674E-12,-5.773502691881E-1));
#862=VECTOR('',#861,1.899244632796E-1);
#863=CARTESIAN_POINT('',(1.095212987039E2,8.000007961977E1,8.029248889289E0));
#864=LINE('',#863,#862);
#865=DIRECTION('',(-8.164965809278E-1,8.412257858095E-13,-5.773502691896E-1));
#866=VECTOR('',#865,9.797958971129E-1);
#867=CARTESIAN_POINT('',(1.096763713788E2,8.000007961977E1,3.394112549695E0));
#868=LINE('',#867,#866);
#869=DIRECTION('',(8.164965809272E-1,5.773502691903E-1,-3.888856272759E-13));
#870=VECTOR('',#869,9.797958971136E-1);
#871=CARTESIAN_POINT('',(1.088763713788E2,7.717165249502E1,5.656854249492E0));
#872=LINE('',#871,#870);
#873=DIRECTION('',(0.E0,-7.071067811867E-1,7.071067811864E-1));
#874=VECTOR('',#873,3.199999999999E0);
#875=CARTESIAN_POINT('',(1.096763713788E2,8.000007961977E1,3.394112549695E0));
#876=LINE('',#875,#874);
#877=DIRECTION('',(3.552713678798E-13,7.071067811867E-1,7.071067811864E-1));
#878=VECTOR('',#877,3.200000000002E0);
#879=CARTESIAN_POINT('',(1.096763713788E2,7.773733791997E1,5.656854249491E0));
#880=LINE('',#879,#878);
#881=DIRECTION('',(-1.776356839401E-14,7.071067811867E-1,-7.071067811864E-1));
#882=VECTOR('',#881,3.199999999999E0);
#883=CARTESIAN_POINT('',(1.096763713788E2,8.000007961977E1,7.919595949289E0));
#884=LINE('',#883,#882);
#885=DIRECTION('',(-3.375077994858E-13,-7.071067811867E-1,-7.071067811864E-1));
#886=VECTOR('',#885,3.200000000002E0);
#887=CARTESIAN_POINT('',(1.096763713788E2,8.226282131957E1,5.656854249493E0));
#888=LINE('',#887,#886);
#889=DIRECTION('',(-8.376350080258E-1,5.440997928109E-1,4.819760152454E-2));
#890=VECTOR('',#889,7.699383608843E-1);
#891=CARTESIAN_POINT('',(1.095212987039E2,8.000007961977E1,8.029248889289E0));
#892=LINE('',#891,#890);
#893=DIRECTION('',(3.002687102305E-13,7.071067811868E-1,-7.071067811863E-1));
#894=VECTOR('',#893,3.407552983822E0);
#895=CARTESIAN_POINT('',(1.088763713788E2,8.041900292240E1,8.066358071605E0));
#896=LINE('',#895,#894);
#897=DIRECTION('',(8.376350080258E-1,5.440997928111E-1,4.819760152242E-2));
#898=VECTOR('',#897,9.550699198769E-1);
#899=CARTESIAN_POINT('',(1.088763713788E2,8.041900292240E1,8.066358071605E0));
#900=LINE('',#899,#898);
#901=DIRECTION('',(-8.164965809278E-1,4.496206786224E-13,-5.773502691896E-1));
#902=VECTOR('',#901,9.797958971126E-1);
#903=CARTESIAN_POINT('',(1.096763713788E2,8.282850674452E1,6.222539674442E0));
#904=LINE('',#903,#902);
#905=DIRECTION('',(2.552225211904E-13,-7.071067811866E-1,7.071067811865E-1));
#906=VECTOR('',#905,2.672652174848E0);
#907=CARTESIAN_POINT('',(1.096763713788E2,8.282850674452E1,6.222539674442E0));
#908=LINE('',#907,#906);
#909=DIRECTION('',(-2.116287420847E-13,9.960995293874E-1,8.823676985407E-2));
#910=VECTOR('',#909,4.163295512998E0);
#911=CARTESIAN_POINT('',(1.096763713788E2,8.093865626793E1,8.112390151030E0));
#912=LINE('',#911,#910);
#913=DIRECTION('',(6.232495851044E-14,-7.071067811875E-1,-7.071067811856E-1));
#914=VECTOR('',#913,3.192171655911E0);
#915=CARTESIAN_POINT('',(1.096763713788E2,8.508571296913E1,8.479745899045E0));
#916=LINE('',#915,#914);
#917=DIRECTION('',(-7.889345663419E-1,6.120804665256E-1,5.421948477015E-2));
#918=VECTOR('',#917,1.020938360871E-1);
#919=CARTESIAN_POINT('',(1.096763713788E2,8.508571296913E1,8.479745899045E0));
#920=LINE('',#919,#918);
#921=DIRECTION('',(-8.164965809298E-1,5.773502691867E-1,4.054088578689E-12));
#922=VECTOR('',#921,8.811483850680E-1);
#923=CARTESIAN_POINT('',(1.095958260225E2,8.514820261195E1,8.485281374235E0));
#924=LINE('',#923,#922);
#925=DIRECTION('',(-8.376350080226E-1,5.440997928166E-1,4.819760151549E-2));
#926=VECTOR('',#925,8.589118611513E-1);
#927=CARTESIAN_POINT('',(1.095958260225E2,8.514820261195E1,8.485281374235E0));
#928=LINE('',#927,#926);
#929=DIRECTION('',(1.097159100062E-10,7.071067811454E-1,-7.071067812277E-1));
#930=VECTOR('',#929,5.854489408975E-2);
#931=CARTESIAN_POINT('',(1.088763713788E2,8.561553637765E1,8.526678865856E0));
#932=LINE('',#931,#930);
#933=DIRECTION('',(8.376350080309E-1,5.440997928032E-1,4.819760152259E-2));
#934=VECTOR('',#933,7.608437305811E-2);
#935=CARTESIAN_POINT('',(1.088763713788E2,8.561553637765E1,8.526678865856E0));
#936=LINE('',#935,#934);
#937=DIRECTION('',(-8.164965809020E-1,-5.407303335340E-11,-5.773502692261E-1));
#938=VECTOR('',#937,7.805413509597E-2);
#939=CARTESIAN_POINT('',(1.089401023132E2,8.565693386927E1,8.530345950151E0));
#940=LINE('',#939,#938);
#941=DIRECTION('',(-7.889345663053E-1,6.120804665698E-1,5.421948480282E-2));
#942=VECTOR('',#941,8.078101423442E-2);
#943=CARTESIAN_POINT('',(1.089401023132E2,8.565693386927E1,8.530345950151E0));
#944=LINE('',#943,#942);
#945=DIRECTION('',(5.487204476579E-12,7.071067811956E-1,7.071067811775E-1));
#946=VECTOR('',#945,6.992505545368E-2);
#947=CARTESIAN_POINT('',(1.088763713788E2,8.565693386926E1,8.485281374239E0));
#948=LINE('',#947,#946);
#949=DIRECTION('',(7.889345663371E-1,6.120804665324E-1,5.421948476320E-2));
#950=VECTOR('',#949,1.014025793943E0);
#951=CARTESIAN_POINT('',(1.088763713788E2,8.570637835015E1,8.534725855124E0));
#952=LINE('',#951,#950);
#953=DIRECTION('',(-8.164965809281E-1,8.122180000923E-13,-5.773502691891E-1));
#954=VECTOR('',#953,9.797958971124E-1);
#955=CARTESIAN_POINT('',(1.096763713788E2,8.848536099401E1,6.222539674440E0));
#956=LINE('',#955,#954);
#957=DIRECTION('',(8.164965809276E-1,5.773502691898E-1,-6.635530982893E-13));
#958=VECTOR('',#957,9.797958971131E-1);
#959=CARTESIAN_POINT('',(1.088763713788E2,8.565693386926E1,8.485281374239E0));
#960=LINE('',#959,#958);
#961=DIRECTION('',(-2.042810365309E-13,-7.071067811867E-1,7.071067811864E-1));
#962=VECTOR('',#961,3.200000000002E0);
#963=CARTESIAN_POINT('',(1.096763713788E2,8.848536099401E1,6.222539674440E0));
#964=LINE('',#963,#962);
#965=DIRECTION('',(-5.773701267896E-13,7.071067811859E-1,7.071067811872E-1));
#966=VECTOR('',#965,1.476784550065E-1);
#967=CARTESIAN_POINT('',(1.096763713788E2,8.622261929421E1,8.485281374238E0));
#968=LINE('',#967,#966);
#969=DIRECTION('',(-9.067188250289E-13,9.960995293875E-1,8.823676985208E-2));
#970=VECTOR('',#969,3.980900140180E0);
#971=CARTESIAN_POINT('',(1.096763713788E2,8.632704373118E1,8.589705811209E0));
#972=LINE('',#971,#970);
#973=DIRECTION('',(4.189796405371E-13,7.071067811881E-1,-7.071067811850E-1));
#974=VECTOR('',#973,6.444376133473E-1);
#975=CARTESIAN_POINT('',(1.096763713788E2,9.029241648735E1,8.940967580682E0));
#976=LINE('',#975,#974);
#977=DIRECTION('',(1.278976924370E-12,-7.071067811867E-1,-7.071067811864E-1));
#978=VECTOR('',#977,3.199999999995E0);
#979=CARTESIAN_POINT('',(1.096763713788E2,9.074810269380E1,8.485281374233E0));
#980=LINE('',#979,#978);
#981=DIRECTION('',(-8.376350080270E-1,5.440997928093E-1,4.819760152254E-2));
#982=VECTOR('',#981,9.550699198703E-1);
#983=CARTESIAN_POINT('',(1.096763713788E2,9.029241648735E1,8.940967580682E0));
#984=LINE('',#983,#982);
#985=DIRECTION('',(-7.610774745536E-13,7.071067811910E-1,-7.071067811821E-1));
#986=VECTOR('',#985,7.095368043765E-1);
#987=CARTESIAN_POINT('',(1.088763713788E2,9.081206983287E1,8.986999660106E0));
#988=LINE('',#987,#986);
#989=DIRECTION('',(8.376350080235E-1,5.440997928142E-1,4.819760152825E-2));
#990=VECTOR('',#989,9.221071070189E-1);
#991=CARTESIAN_POINT('',(1.088763713788E2,9.081206983287E1,8.986999660106E0));
#992=LINE('',#991,#990);
#993=DIRECTION('',(-8.164965809277E-1,-2.463668261915E-12,-5.773502691897E-1));
#994=VECTOR('',#993,9.459797040537E-1);
#995=CARTESIAN_POINT('',(1.096487605728E2,9.131378811875E1,9.031443011016E0));
#996=LINE('',#995,#994);
#997=DIRECTION('',(-7.889345663374E-1,6.120804665318E-1,5.421948476540E-2));
#998=VECTOR('',#997,9.790282070818E-1);
#999=CARTESIAN_POINT('',(1.096487605728E2,9.131378811875E1,9.031443011016E0));
#1000=LINE('',#999,#998);
#1001=DIRECTION('',(7.210575567411E-13,7.071067811858E-1,7.071067811873E-1));
#1002=VECTOR('',#1001,8.474590510021E-1);
#1003=CARTESIAN_POINT('',(1.088763713788E2,9.131378811875E1,8.485281374233E0));
#1004=LINE('',#1003,#1002);
#1005=DIRECTION('',(7.889345663357E-1,6.120804665341E-1,5.421948476474E-2));
#1006=VECTOR('',#1005,1.014025793948E0);
#1007=CARTESIAN_POINT('',(1.088763713788E2,9.191303216049E1,9.084525415975E0));
#1008=LINE('',#1007,#1006);
#1009=DIRECTION('',(-8.164965809274E-1,-2.958794143179E-12,-5.773502691901E-1));
#1010=VECTOR('',#1009,9.797958971170E-1);
#1011=CARTESIAN_POINT('',(1.096763713788E2,9.414221524350E1,6.222539674439E0));
#1012=LINE('',#1011,#1010);
#1013=DIRECTION('',(8.164965809286E-1,5.773502691884E-1,2.521864370813E-12));
#1014=VECTOR('',#1013,9.797958971159E-1);
#1015=CARTESIAN_POINT('',(1.088763713788E2,9.131378811875E1,8.485281374233E0));
#1016=LINE('',#1015,#1014);
#1017=DIRECTION('',(7.549516567452E-14,-7.071067811866E-1,7.071067811865E-1));
#1018=VECTOR('',#1017,3.2E0);
#1019=CARTESIAN_POINT('',(1.096763713788E2,9.414221524350E1,6.222539674439E0));
#1020=LINE('',#1019,#1018);
#1021=DIRECTION('',(-1.121247767024E-12,7.071067811880E-1,7.071067811851E-1));
#1022=VECTOR('',#1021,9.252124505569E-1);
#1023=CARTESIAN_POINT('',(1.096763713788E2,9.187947354370E1,8.485281374235E0));
#1024=LINE('',#1023,#1022);
#1025=DIRECTION('',(-1.312438368635E-12,9.960995293876E-1,8.823676985157E-2));
#1026=VECTOR('',#1025,2.966824412497E0);
#1027=CARTESIAN_POINT('',(1.096763713788E2,9.253369754153E1,9.139505372061E0));
#1028=LINE('',#1027,#1026);
#1029=DIRECTION('',(1.755199115793E-13,7.071067811868E-1,-7.071067811863E-1));
#1030=VECTOR('',#1029,1.295429523621E0);
#1031=CARTESIAN_POINT('',(1.096763713788E2,9.548894994259E1,9.401288374937E0));
#1032=LINE('',#1031,#1030);
#1033=DIRECTION('',(1.403321903126E-12,-7.071067811867E-1,-7.071067811864E-1));
#1034=VECTOR('',#1033,3.2E0);
#1035=CARTESIAN_POINT('',(1.096763713788E2,9.640495694330E1,8.485281374235E0));
#1036=LINE('',#1035,#1034);
#1037=DIRECTION('',(-8.376350080270E-1,5.440997928092E-1,4.819760152335E-2));
#1038=VECTOR('',#1037,9.550699198716E-1);
#1039=CARTESIAN_POINT('',(1.096763713788E2,9.548894994259E1,9.401288374937E0));
#1040=LINE('',#1039,#1038);
#1041=DIRECTION('',(-1.044509723475E-14,7.071067811881E-1,-7.071067811850E-1));
#1042=VECTOR('',#1041,1.360528714651E0);
#1043=CARTESIAN_POINT('',(1.088763713788E2,9.600860328811E1,9.447320454362E0));
#1044=LINE('',#1043,#1042);
#1045=DIRECTION('',(8.376350080254E-1,5.440997928112E-1,4.819760152793E-2));
#1046=VECTOR('',#1045,9.550699198779E-1);
#1047=CARTESIAN_POINT('',(1.088763713788E2,9.600860328811E1,9.447320454362E0));
#1048=LINE('',#1047,#1046);
#1049=DIRECTION('',(-8.164965809277E-1,-2.973298036043E-12,-5.773502691896E-1));
#1050=VECTOR('',#1049,9.797958971153E-1);
#1051=CARTESIAN_POINT('',(1.096763713788E2,9.697064236825E1,9.050966799185E0));
#1052=LINE('',#1051,#1050);
#1053=DIRECTION('',(1.817163791596E-13,-7.071067811883E-1,7.071067811848E-1));
#1054=VECTOR('',#1053,6.256279056813E-1);
#1055=CARTESIAN_POINT('',(1.096763713788E2,9.697064236825E1,9.050966799185E0));
#1056=LINE('',#1055,#1054);
#1057=DIRECTION('',(-5.103608309172E-13,9.960995293875E-1,8.823676985259E-2));
#1058=VECTOR('',#1057,9.745652191572E-1);
#1059=CARTESIAN_POINT('',(1.096763713788E2,9.652825663364E1,9.493352533791E0));
#1060=LINE('',#1059,#1058);
#1061=DIRECTION('',(5.134806201188E-13,-7.071067811847E-1,-7.071067811884E-1));
#1062=VECTOR('',#1061,7.472396469835E-1);
#1063=CARTESIAN_POINT('',(1.096763713788E2,9.749902058980E1,9.579345020740E0));
#1064=LINE('',#1063,#1062);
#1065=DIRECTION('',(-7.889345663374E-1,6.120804665319E-1,5.421948476437E-2));
#1066=VECTOR('',#1065,1.014025793945E0);
#1067=CARTESIAN_POINT('',(1.096763713788E2,9.749902058980E1,9.579345020740E0));
#1068=LINE('',#1067,#1066);
#1069=DIRECTION('',(3.585523301554E-13,7.071067811858E-1,7.071067811873E-1));
#1070=VECTOR('',#1069,1.624993046540E0);
#1071=CARTESIAN_POINT('',(1.088763713788E2,9.697064236824E1,8.485281374235E0));
#1072=LINE('',#1071,#1070);
#1073=DIRECTION('',(7.889345663352E-1,6.120804665347E-1,5.421948476590E-2));
#1074=VECTOR('',#1073,1.014025793948E0);
#1075=CARTESIAN_POINT('',(1.088763713788E2,9.811968597083E1,9.634324976826E0));
#1076=LINE('',#1075,#1074);
#1077=DIRECTION('',(-8.164965809266E-1,-9.877151036776E-12,-5.773502691912E-1));
#1078=VECTOR('',#1077,9.797958971184E-1);
#1079=CARTESIAN_POINT('',(1.096763713788E2,9.979906949299E1,6.222539674442E0));
#1080=LINE('',#1079,#1078);
#1081=DIRECTION('',(8.164965809270E-1,5.773502691906E-1,3.732939424512E-12));
#1082=VECTOR('',#1081,9.797958971176E-1);
#1083=CARTESIAN_POINT('',(1.088763713788E2,9.697064236824E1,8.485281374235E0));
#1084=LINE('',#1083,#1082);
#1085=DIRECTION('',(-8.881784197007E-14,-7.071067811862E-1,7.071067811869E-1));
#1086=VECTOR('',#1085,3.199999999998E0);
#1087=CARTESIAN_POINT('',(1.096763713788E2,9.979906949299E1,6.222539674442E0));
#1088=LINE('',#1087,#1086);
#1089=DIRECTION('',(-6.009007047656E-13,7.071067811863E-1,7.071067811868E-1));
#1090=VECTOR('',#1089,1.702746446093E0);
#1091=CARTESIAN_POINT('',(1.096763713788E2,9.753632779320E1,8.485281374239E0));
#1092=LINE('',#1091,#1090);
#1093=DIRECTION('',(2.496134400283E-12,9.960995293876E-1,8.823676985091E-2));
#1094=VECTOR('',#1093,1.952748684831E0);
#1095=CARTESIAN_POINT('',(1.096763713788E2,9.874035135187E1,9.689304932913E0));
#1096=LINE('',#1095,#1094);
#1097=DIRECTION('',(3.212447194553E-13,7.071067811799E-1,-7.071067811932E-1));
#1098=VECTOR('',#1097,1.946421433881E0);
#1099=CARTESIAN_POINT('',(1.096763713788E2,1.006854833978E2,9.861609169193E0));
#1100=LINE('',#1099,#1098);
#1101=DIRECTION('',(-1.310063169063E-12,-7.071067811848E-1,-7.071067811883E-1));
#1102=VECTOR('',#1101,3.199999999988E0);
#1103=CARTESIAN_POINT('',(1.096763713788E2,1.020618111928E2,8.485281374236E0));
#1104=LINE('',#1103,#1102);
#1105=DIRECTION('',(-8.376350080199E-1,5.440997928198E-1,4.819760152658E-2));
#1106=VECTOR('',#1105,9.550699198840E-1);
#1107=CARTESIAN_POINT('',(1.096763713788E2,1.006854833978E2,9.861609169193E0));
#1108=LINE('',#1107,#1106);
#1109=DIRECTION('',(-2.536238892908E-12,7.071067811800E-1,-7.071067811931E-1));
#1110=VECTOR('',#1109,2.011520624900E0);
#1111=CARTESIAN_POINT('',(1.088763713788E2,1.012051367434E2,9.907641248622E0));
#1112=LINE('',#1111,#1110);
#1113=DIRECTION('',(8.376350080246E-1,5.440997928124E-1,4.819760152847E-2));
#1114=VECTOR('',#1113,9.550699198691E-1);
#1115=CARTESIAN_POINT('',(1.088763713788E2,1.012051367434E2,9.907641248622E0));
#1116=LINE('',#1115,#1114);
#1117=DIRECTION('',(-8.164965809225E-1,3.974066643266E-12,-5.773502691970E-1));
#1118=VECTOR('',#1117,9.797958971229E-1);
#1119=CARTESIAN_POINT('',(1.096763713788E2,1.026274966177E2,9.050966799207E0));
#1120=LINE('',#1119,#1118);
#1121=DIRECTION('',(-3.150250242281E-12,-7.071067811788E-1,7.071067811943E-1));
#1122=VECTOR('',#1121,1.276619815920E0);
#1123=CARTESIAN_POINT('',(1.096763713788E2,1.026274966177E2,9.050966799207E0));
#1124=LINE('',#1123,#1122);
#1125=DIRECTION('',(3.394356331925E-12,9.960995293875E-1,8.823676985290E-2));
#1126=VECTOR('',#1125,1.988640946807E0);
#1127=CARTESIAN_POINT('',(1.096763713788E2,1.017247900889E2,9.953673328051E0));
#1128=LINE('',#1127,#1126);
#1129=DIRECTION('',(-1.789435513072E-12,-7.071067811943E-1,-7.071067811788E-1));
#1130=VECTOR('',#1129,1.524773642518E0);
#1131=CARTESIAN_POINT('',(1.096763713788E2,1.037056744001E2,1.012914458159E1));
#1132=LINE('',#1131,#1130);
#1133=DIRECTION('',(-7.889345663297E-1,6.120804665420E-1,5.421948476256E-2));
#1134=VECTOR('',#1133,1.014025793949E0);
#1135=CARTESIAN_POINT('',(1.096763713788E2,1.037056744001E2,1.012914458159E1));
#1136=LINE('',#1135,#1134);
#1137=DIRECTION('',(3.868384755275E-12,7.071067811907E-1,7.071067811824E-1));
#1138=VECTOR('',#1137,2.402527042086E0);
#1139=CARTESIAN_POINT('',(1.088763713788E2,1.026274966177E2,8.485281374245E0));
#1140=LINE('',#1139,#1138);
#1141=DIRECTION('',(7.889345663418E-1,6.120804665266E-1,5.421948476034E-2));
#1142=VECTOR('',#1141,1.014025793927E0);
#1143=CARTESIAN_POINT('',(1.088763713788E2,1.043263397812E2,1.018412453768E1));
#1144=LINE('',#1143,#1142);
#1145=DIRECTION('',(-8.164965809271E-1,-7.788590465184E-12,-5.773502691905E-1));
#1146=VECTOR('',#1145,9.797958971108E-1);
#1147=CARTESIAN_POINT('',(1.096763713788E2,1.054559237425E2,6.222539674447E0));
#1148=LINE('',#1147,#1146);
#1149=DIRECTION('',(8.164965809181E-1,5.773502692033E-1,3.635038147701E-12));
#1150=VECTOR('',#1149,9.797958971215E-1);
#1151=CARTESIAN_POINT('',(1.088763713788E2,1.026274966177E2,8.485281374245E0));
#1152=LINE('',#1151,#1150);
#1153=DIRECTION('',(1.687538997426E-13,-7.071067811869E-1,7.071067811862E-1));
#1154=VECTOR('',#1153,3.200000000008E0);
#1155=CARTESIAN_POINT('',(1.096763713788E2,1.054559237425E2,6.222539674447E0));
#1156=LINE('',#1155,#1154);
#1157=DIRECTION('',(1.369358972459E-12,7.071067811851E-1,7.071067811880E-1));
#1158=VECTOR('',#1157,2.480280441610E0);
#1159=CARTESIAN_POINT('',(1.096763713788E2,1.031931820427E2,8.485281374249E0));
#1160=LINE('',#1159,#1158);
#1161=DIRECTION('',(9.537761157557E-13,9.960995293871E-1,8.823676985696E-2));
#1162=VECTOR('',#1161,9.386729571734E-1);
#1163=CARTESIAN_POINT('',(1.096763713788E2,1.049470051622E2,1.023910449376E1));
#1164=LINE('',#1163,#1162);
#1165=DIRECTION('',(-5.142887042721E-13,7.071067811848E-1,-7.071067811883E-1));
#1166=VECTOR('',#1165,2.597413344164E0);
#1167=CARTESIAN_POINT('',(1.096763713788E2,1.058820168531E2,1.032192996345E1));
#1168=LINE('',#1167,#1166);
#1169=DIRECTION('',(-1.083577672037E-12,-7.071067811847E-1,-7.071067811884E-1));
#1170=VECTOR('',#1169,3.199999999993E0);
#1171=CARTESIAN_POINT('',(1.096763713788E2,1.077186654423E2,8.485281374245E0));
#1172=LINE('',#1171,#1170);
#1173=DIRECTION('',(-8.376350080353E-1,5.440997927967E-1,4.819760152040E-2));
#1174=VECTOR('',#1173,9.550699198491E-1);
#1175=CARTESIAN_POINT('',(1.096763713788E2,1.058820168531E2,1.032192996345E1));
#1176=LINE('',#1175,#1174);
#1177=DIRECTION('',(-3.015622577524E-12,7.071067811860E-1,-7.071067811871E-1));
#1178=VECTOR('',#1177,2.662512535200E0);
#1179=CARTESIAN_POINT('',(1.088763713788E2,1.064016701986E2,1.036796204287E1));
#1180=LINE('',#1179,#1178);
#1181=DIRECTION('',(8.376350080283E-1,5.440997928075E-1,4.819760151985E-2));
#1182=VECTOR('',#1181,9.550699198599E-1);
#1183=CARTESIAN_POINT('',(1.088763713788E2,1.064016701986E2,1.036796204287E1));
#1184=LINE('',#1183,#1182);
#1185=DIRECTION('',(-8.164965809290E-1,1.409778385875E-11,-5.773502691879E-1));
#1186=VECTOR('',#1185,9.797958971123E-1);
#1187=CARTESIAN_POINT('',(1.096763713788E2,1.082843508672E2,9.050966799185E0));
#1188=LINE('',#1187,#1186);
#1189=DIRECTION('',(-1.548174588063E-12,-7.071067811857E-1,7.071067811874E-1));
#1190=VECTOR('',#1189,1.927611726224E0);
#1191=CARTESIAN_POINT('',(1.096763713788E2,1.082843508672E2,9.050966799185E0));
#1192=LINE('',#1191,#1190);
#1193=DIRECTION('',(1.987719664346E-13,9.960995293874E-1,8.823676985321E-2));
#1194=VECTOR('',#1193,3.002716674510E0);
#1195=CARTESIAN_POINT('',(1.096763713788E2,1.069213235441E2,1.041399412229E1));
#1196=LINE('',#1195,#1194);
#1197=DIRECTION('',(1.036969843942E-12,-7.071067811877E-1,-7.071067811854E-1));
#1198=VECTOR('',#1197,2.302307638067E0);
#1199=CARTESIAN_POINT('',(1.096763713788E2,1.099123282105E2,1.067894414244E1));
#1200=LINE('',#1199,#1198);
#1201=DIRECTION('',(-7.889345663292E-1,6.120804665420E-1,5.421948476980E-2));
#1202=VECTOR('',#1201,1.014025793976E0);
#1203=CARTESIAN_POINT('',(1.096763713788E2,1.099123282105E2,1.067894414244E1));
#1204=LINE('',#1203,#1202);
#1205=DIRECTION('',(-5.992575597623E-12,7.071067811888E-1,7.071067811843E-1));
#1206=VECTOR('',#1205,3.180061037636E0);
#1207=CARTESIAN_POINT('',(1.088763713788E2,1.082843508672E2,8.485281374238E0));
#1208=LINE('',#1207,#1206);
#1209=DIRECTION('',(7.889345663245E-1,6.120804665473E-1,5.421948477801E-2));
#1210=VECTOR('',#1209,9.472355877302E-1);
#1211=CARTESIAN_POINT('',(1.088763713788E2,1.105329935915E2,1.073392409853E1));
#1212=LINE('',#1211,#1210);
#1213=DIRECTION('',(8.164965810308E-1,1.092200767199E-10,-5.773502690439E-1));
#1214=VECTOR('',#1213,6.453560691793E-2);
#1215=CARTESIAN_POINT('',(1.096236782764E2,1.111127779920E2,1.078528272406E1));
#1216=LINE('',#1215,#1214);
#1217=DIRECTION('',(-8.164965809295E-1,-5.061858607732E-12,-5.773502691871E-1));
#1218=VECTOR('',#1217,9.797958971097E-1);
#1219=CARTESIAN_POINT('',(1.096763713788E2,1.111127779920E2,6.222539674435E0));
#1220=LINE('',#1219,#1218);
#1221=DIRECTION('',(8.164965809180E-1,5.773502692033E-1,-5.498788380004E-12));
#1222=VECTOR('',#1221,9.797958971277E-1);
#1223=CARTESIAN_POINT('',(1.088763713788E2,1.082843508672E2,8.485281374238E0));
#1224=LINE('',#1223,#1222);
#1225=DIRECTION('',(1.083577672034E-12,-7.071067811867E-1,7.071067811864E-1));
#1226=VECTOR('',#1225,3.200000000001E0);
#1227=CARTESIAN_POINT('',(1.096763713788E2,1.111127779920E2,6.222539674435E0));
#1228=LINE('',#1227,#1226);
#1229=DIRECTION('',(-1.567634910761E-12,7.071067811865E-1,7.071067811866E-1));
#1230=VECTOR('',#1229,3.200000000019E0);
#1231=CARTESIAN_POINT('',(1.096763713788E2,1.088500362922E2,8.485281374233E0));
#1232=LINE('',#1231,#1230);
#1233=DIRECTION('',(-1.083577672037E-12,7.071067811844E-1,-7.071067811887E-1));
#1234=VECTOR('',#1233,3.199999999992E0);
#1235=CARTESIAN_POINT('',(1.096763713788E2,1.111127779920E2,1.074802307404E1));
#1236=LINE('',#1235,#1234);
#1237=DIRECTION('',(1.580957587062E-12,-7.071067811846E-1,-7.071067811885E-1));
#1238=VECTOR('',#1237,3.200000000009E0);
#1239=CARTESIAN_POINT('',(1.096763713788E2,1.133755196918E2,8.485281374245E0));
#1240=LINE('',#1239,#1238);
#1241=DIRECTION('',(-8.376350080290E-1,5.440997928076E-1,4.819760150611E-2));
#1242=VECTOR('',#1241,8.921629235265E-1);
#1243=CARTESIAN_POINT('',(1.096236782764E2,1.111127779920E2,1.078528272406E1));
#1244=LINE('',#1243,#1242);
#1245=DIRECTION('',(5.197987870019E-12,7.071067811858E-1,-7.071067811873E-1));
#1246=VECTOR('',#1245,3.313504445473E0);
#1247=CARTESIAN_POINT('',(1.088763713788E2,1.115982036538E2,1.082828283713E1));
#1248=LINE('',#1247,#1246);
#1249=DIRECTION('',(8.376350080181E-1,5.440997928237E-1,4.819760151395E-2));
#1250=VECTOR('',#1249,9.550699199073E-1);
#1251=CARTESIAN_POINT('',(1.088763713788E2,1.115982036538E2,1.082828283713E1));
#1252=LINE('',#1251,#1250);
#1253=DIRECTION('',(-8.164965809243E-1,6.193162250641E-12,-5.773502691944E-1));
#1254=VECTOR('',#1253,9.797958971224E-1);
#1255=CARTESIAN_POINT('',(1.096763713788E2,1.139412051167E2,9.050966799198E0));
#1256=LINE('',#1255,#1254);
#1257=DIRECTION('',(-7.935934976793E-13,-7.071067811821E-1,7.071067811910E-1));
#1258=VECTOR('',#1257,2.578603636463E0);
#1259=CARTESIAN_POINT('',(1.096763713788E2,1.139412051167E2,9.050966799198E0));
#1260=LINE('',#1259,#1258);
#1261=DIRECTION('',(-1.259478651642E-12,9.960995293871E-1,8.823676985712E-2));
#1262=VECTOR('',#1261,4.016792402170E0);
#1263=CARTESIAN_POINT('',(1.096763713788E2,1.121178569994E2,1.087431491654E1));
#1264=LINE('',#1263,#1262);
#1265=DIRECTION('',(2.307075558704E-12,-7.071067811903E-1,-7.071067811828E-1));
#1266=VECTOR('',#1265,3.079841633619E0);
#1267=CARTESIAN_POINT('',(1.096763713788E2,1.161189820208E2,1.122874370330E1));
#1268=LINE('',#1267,#1266);
#1269=DIRECTION('',(-7.889345663284E-1,6.120804665433E-1,5.421948476704E-2));
#1270=VECTOR('',#1269,1.014025793954E0);
#1271=CARTESIAN_POINT('',(1.096763713788E2,1.161189820208E2,1.122874370330E1));
#1272=LINE('',#1271,#1270);
#1273=DIRECTION('',(-5.063000377855E-13,7.071067811890E-1,7.071067811841E-1));
#1274=VECTOR('',#1273,3.957595033189E0);
#1275=CARTESIAN_POINT('',(1.088763713788E2,1.139412051167E2,8.485281374239E0));
#1276=LINE('',#1275,#1274);
#1277=DIRECTION('',(7.889345663435E-1,6.120804665311E-1,5.421948468420E-2));
#1278=VECTOR('',#1277,4.898839490925E-2);
#1279=CARTESIAN_POINT('',(1.088763713788E2,1.167396474019E2,1.128372365939E1));
#1280=LINE('',#1279,#1278);
#1281=DIRECTION('',(8.164965809275E-1,2.194582607886E-12,-5.773502691900E-1));
#1282=VECTOR('',#1281,9.324611758224E-1);
#1283=CARTESIAN_POINT('',(1.089150200169E2,1.167696322415E2,1.128637978491E1));
#1284=LINE('',#1283,#1282);
#1285=DIRECTION('',(-8.164965809291E-1,-6.338201179332E-12,-5.773502691877E-1));
#1286=VECTOR('',#1285,9.797958971062E-1);
#1287=CARTESIAN_POINT('',(1.096763713788E2,1.167696322415E2,6.222539674442E0));
#1288=LINE('',#1287,#1286);
#1289=DIRECTION('',(8.164965809186E-1,5.773502692026E-1,-5.011094982631E-12));
#1290=VECTOR('',#1289,9.797958971283E-1);
#1291=CARTESIAN_POINT('',(1.088763713788E2,1.139412051167E2,8.485281374239E0));
#1292=LINE('',#1291,#1290);
#1293=DIRECTION('',(2.877698079835E-12,-7.071067811867E-1,7.071067811864E-1));
#1294=VECTOR('',#1293,3.199999999993E0);
#1295=CARTESIAN_POINT('',(1.096763713788E2,1.167696322415E2,6.222539674442E0));
#1296=LINE('',#1295,#1294);
#1297=DIRECTION('',(-1.585398479155E-12,7.071067811865E-1,7.071067811866E-1));
#1298=VECTOR('',#1297,3.200000000019E0);
#1299=CARTESIAN_POINT('',(1.096763713788E2,1.145068905417E2,8.485281374234E0));
#1300=LINE('',#1299,#1298);
#1301=DIRECTION('',(-2.859934511448E-12,7.071067811844E-1,-7.071067811887E-1));
#1302=VECTOR('',#1301,3.199999999985E0);
#1303=CARTESIAN_POINT('',(1.096763713788E2,1.167696322415E2,1.074802307404E1));
#1304=LINE('',#1303,#1302);
#1305=DIRECTION('',(1.580957587062E-12,-7.071067811846E-1,-7.071067811885E-1));
#1306=VECTOR('',#1305,3.200000000009E0);
#1307=CARTESIAN_POINT('',(1.096763713788E2,1.190323739413E2,8.485281374252E0));
#1308=LINE('',#1307,#1306);
#1309=DIRECTION('',(7.778429329995E-13,7.071067811846E-1,-7.071067811885E-1));
#1310=VECTOR('',#1309,3.964496355720E0);
#1311=CARTESIAN_POINT('',(1.088763713788E2,1.167947371091E2,1.128860363137E1));
#1312=LINE('',#1311,#1310);
#1313=DIRECTION('',(8.376350080360E-1,5.440997927958E-1,4.819760151907E-2));
#1314=VECTOR('',#1313,5.208737950348E-1);
#1315=CARTESIAN_POINT('',(1.088763713788E2,1.167947371091E2,1.128860363137E1));
#1316=LINE('',#1315,#1314);
#1317=DIRECTION('',(8.164965809413E-1,5.773502691704E-1,-3.219029622198E-11));
#1318=VECTOR('',#1317,4.454371065355E-1);
#1319=CARTESIAN_POINT('',(1.093126735043E2,1.170781444330E2,1.131370849899E1));
#1320=LINE('',#1319,#1318);
#1321=DIRECTION('',(-8.164965809295E-1,1.676650014490E-11,-5.773502691872E-1));
#1322=VECTOR('',#1321,9.797958971042E-1);
#1323=CARTESIAN_POINT('',(1.096763713788E2,1.195980593662E2,9.050966799188E0));
#1324=LINE('',#1323,#1322);
#1325=DIRECTION('',(7.889345663138E-1,6.120804665599E-1,5.421948479155E-2));
#1326=VECTOR('',#1325,4.609987824585E-1);
#1327=CARTESIAN_POINT('',(1.093126735043E2,1.170781444330E2,1.131370849899E1));
#1328=LINE('',#1327,#1326);
#1329=DIRECTION('',(9.281464485910E-13,-7.071067811868E-1,7.071067811863E-1));
#1330=VECTOR('',#1329,3.199999999985E0);
#1331=CARTESIAN_POINT('',(1.096763713788E2,1.195980593662E2,9.050966799188E0));
#1332=LINE('',#1331,#1330);
#1333=DIRECTION('',(-1.447279922083E-11,7.071067812599E-1,7.071067811132E-1));
#1334=VECTOR('',#1333,3.534843273518E-2);
#1335=CARTESIAN_POINT('',(1.096763713788E2,1.173353176664E2,1.131370849897E1));
#1336=LINE('',#1335,#1334);
#1337=DIRECTION('',(-1.421979545130E-12,9.960995293875E-1,8.823676985249E-2));
#1338=VECTOR('',#1337,4.127403250966E0);
#1339=CARTESIAN_POINT('',(1.096763713788E2,1.173603127829E2,1.133870361546E1));
#1340=LINE('',#1339,#1338);
#1341=DIRECTION('',(-4.828275037502E-12,7.071067811963E-1,-7.071067811768E-1));
#1342=VECTOR('',#1341,5.503890750014E-1);
#1343=CARTESIAN_POINT('',(1.096763713788E2,1.214716172188E2,1.170289234621E1));
#1344=LINE('',#1343,#1342);
#1345=DIRECTION('',(1.909583602346E-12,-7.071067811893E-1,-7.071067811838E-1));
#1346=VECTOR('',#1345,3.200000000016E0);
#1347=CARTESIAN_POINT('',(1.096763713788E2,1.218608010660E2,1.131370849899E1));
#1348=LINE('',#1347,#1346);
#1349=DIRECTION('',(-8.376350080259E-1,5.440997928112E-1,4.819760151897E-2));
#1350=VECTOR('',#1349,9.550699198766E-1);
#1351=CARTESIAN_POINT('',(1.096763713788E2,1.214716172188E2,1.170289234621E1));
#1352=LINE('',#1351,#1350);
#1353=DIRECTION('',(5.218057504720E-12,7.071067811984E-1,-7.071067811747E-1));
#1354=VECTOR('',#1353,6.154882660320E-1);
#1355=CARTESIAN_POINT('',(1.088763713788E2,1.219912705643E2,1.174892442563E1));
#1356=LINE('',#1355,#1354);
#1357=DIRECTION('',(8.376350080188E-1,5.440997928207E-1,4.819760153591E-2));
#1358=VECTOR('',#1357,7.998825443533E-1);
#1359=CARTESIAN_POINT('',(1.088763713788E2,1.219912705643E2,1.174892442563E1));
#1360=LINE('',#1359,#1358);
#1361=DIRECTION('',(-8.164965809247E-1,-5.195349700441E-12,-5.773502691939E-1));
#1362=VECTOR('',#1361,8.205908476573E-1);
#1363=CARTESIAN_POINT('',(1.095463810002E2,1.224264864910E2,1.178747684578E1));
#1364=LINE('',#1363,#1362);
#1365=DIRECTION('',(-7.889345663492E-1,6.120804665166E-1,5.421948476541E-2));
#1366=VECTOR('',#1365,8.492587979027E-1);
#1367=CARTESIAN_POINT('',(1.095463810002E2,1.224264864910E2,1.178747684578E1));
#1368=LINE('',#1367,#1366);
#1369=DIRECTION('',(1.169531710377E-11,7.071067811662E-1,7.071067812069E-1));
#1370=VECTOR('',#1369,7.351290286886E-1);
#1371=CARTESIAN_POINT('',(1.088763713788E2,1.224264864910E2,1.131370849898E1));
#1372=LINE('',#1371,#1370);
#1373=DIRECTION('',(7.889345663415E-1,6.120804665272E-1,5.421948475694E-2));
#1374=VECTOR('',#1373,1.014025793930E0);
#1375=CARTESIAN_POINT('',(1.088763713788E2,1.229463012122E2,1.183352322023E1));
#1376=LINE('',#1375,#1374);
#1377=DIRECTION('',(-8.164965809271E-1,1.019623667963E-11,-5.773502691906E-1));
#1378=VECTOR('',#1377,9.797958971220E-1);
#1379=CARTESIAN_POINT('',(1.096763713788E2,1.252549136157E2,9.050966799181E0));
#1380=LINE('',#1379,#1378);
#1381=DIRECTION('',(8.164965809397E-1,5.773502691727E-1,3.460991433466E-12));
#1382=VECTOR('',#1381,9.797958971019E-1);
#1383=CARTESIAN_POINT('',(1.088763713788E2,1.224264864910E2,1.131370849898E1));
#1384=LINE('',#1383,#1382);
#1385=DIRECTION('',(-1.225686219181E-12,-7.071067811873E-1,7.071067811858E-1));
#1386=VECTOR('',#1385,3.200000000015E0);
#1387=CARTESIAN_POINT('',(1.096763713788E2,1.252549136157E2,9.050966799181E0));
#1388=LINE('',#1387,#1386);
#1389=DIRECTION('',(-6.293539532582E-13,7.071067811801E-1,7.071067811930E-1));
#1390=VECTOR('',#1389,8.128824282405E-1);
#1391=CARTESIAN_POINT('',(1.096763713788E2,1.229921719159E2,1.131370849899E1));
#1392=LINE('',#1391,#1390);
#1393=DIRECTION('',(2.327906669122E-13,9.960995293877E-1,8.823676984996E-2));
#1394=VECTOR('',#1393,3.113327523343E0);
#1395=CARTESIAN_POINT('',(1.096763713788E2,1.235669665932E2,1.188850317631E1));
#1396=LINE('',#1395,#1394);
#1397=DIRECTION('',(1.939917646325E-12,7.071067811829E-1,-7.071067811902E-1));
#1398=VECTOR('',#1397,1.201380985274E0);
#1399=CARTESIAN_POINT('',(1.096763713788E2,1.266681506740E2,1.216321314045E1));
#1400=LINE('',#1399,#1398);
#1401=DIRECTION('',(4.307665335544E-13,-7.071067811888E-1,-7.071067811843E-1));
#1402=VECTOR('',#1401,3.200000000001E0);
#1403=CARTESIAN_POINT('',(1.096763713788E2,1.275176553155E2,1.131370849897E1));
#1404=LINE('',#1403,#1402);
#1405=DIRECTION('',(-8.376350080188E-1,5.440997928221E-1,4.819760152051E-2));
#1406=VECTOR('',#1405,9.550699198781E-1);
#1407=CARTESIAN_POINT('',(1.096763713788E2,1.266681506740E2,1.216321314045E1));
#1408=LINE('',#1407,#1406);
#1409=DIRECTION('',(-5.655256916334E-12,7.071067811875E-1,-7.071067811856E-1));
#1410=VECTOR('',#1409,1.266480176307E0);
#1411=CARTESIAN_POINT('',(1.088763713788E2,1.271878040196E2,1.220924521987E1));
#1412=LINE('',#1411,#1410);
#1413=DIRECTION('',(8.376350080261E-1,5.440997928092E-1,4.819760153882E-2));
#1414=VECTOR('',#1413,9.550699198759E-1);
#1415=CARTESIAN_POINT('',(1.088763713788E2,1.271878040196E2,1.220924521987E1));
#1416=LINE('',#1415,#1414);
#1417=DIRECTION('',(-8.164965809271E-1,-1.029776392966E-11,-5.773502691905E-1));
#1418=VECTOR('',#1417,9.797958971198E-1);
#1419=CARTESIAN_POINT('',(1.096763713788E2,1.280833407405E2,1.187939392392E1));
#1420=LINE('',#1419,#1418);
#1421=DIRECTION('',(5.934785923883E-12,-7.071067811900E-1,7.071067811831E-1));
#1422=VECTOR('',#1421,5.315793673499E-1);
#1423=CARTESIAN_POINT('',(1.096763713788E2,1.280833407405E2,1.187939392392E1));
#1424=LINE('',#1423,#1422);
#1425=DIRECTION('',(-8.958345136384E-12,9.960995293866E-1,8.823676986295E-2));
#1426=VECTOR('',#1425,8.280621083918E-1);
#1427=CARTESIAN_POINT('',(1.096763713788E2,1.277074573651E2,1.225527729931E1));
#1428=LINE('',#1427,#1426);
#1429=DIRECTION('',(6.714745293785E-12,-7.071067811847E-1,-7.071067811884E-1));
#1430=VECTOR('',#1429,6.349096247190E-1);
#1431=CARTESIAN_POINT('',(1.096763713788E2,1.285322896416E2,1.232834282501E1));
#1432=LINE('',#1431,#1430);
#1433=DIRECTION('',(-7.889345663404E-1,6.120804665286E-1,5.421948475819E-2));
#1434=VECTOR('',#1433,1.014025793930E0);
#1435=CARTESIAN_POINT('',(1.096763713788E2,1.285322896416E2,1.232834282501E1));
#1436=LINE('',#1435,#1434);
#1437=DIRECTION('',(5.542810359908E-12,7.071067811853E-1,7.071067811878E-1));
#1438=VECTOR('',#1437,1.512663024269E0);
#1439=CARTESIAN_POINT('',(1.088763713788E2,1.280833407405E2,1.131370849897E1));
#1440=LINE('',#1439,#1438);
#1441=DIRECTION('',(7.889345663422E-1,6.120804665262E-1,5.421948475936E-2));
#1442=VECTOR('',#1441,1.014025793928E0);
#1443=CARTESIAN_POINT('',(1.088763713788E2,1.291529550226E2,1.238332278108E1));
#1444=LINE('',#1443,#1442);
#1445=DIRECTION('',(-8.164965809295E-1,-4.612237929101E-12,-5.773502691871E-1));
#1446=VECTOR('',#1445,9.797958971113E-1);
#1447=CARTESIAN_POINT('',(1.096763713788E2,1.309117678652E2,9.050966799180E0));
#1448=LINE('',#1447,#1446);
#1449=DIRECTION('',(8.164965809370E-1,5.773502691765E-1,1.481210058217E-12));
#1450=VECTOR('',#1449,9.797958971036E-1);
#1451=CARTESIAN_POINT('',(1.088763713788E2,1.280833407405E2,1.131370849897E1));
#1452=LINE('',#1451,#1450);
#1453=DIRECTION('',(-1.869615573472E-12,-7.071067811869E-1,7.071067811862E-1));
#1454=VECTOR('',#1453,3.199999999995E0);
#1455=CARTESIAN_POINT('',(1.096763713788E2,1.309117678652E2,9.050966799180E0));
#1456=LINE('',#1455,#1454);
#1457=DIRECTION('',(-3.216709549055E-13,7.071067811879E-1,7.071067811852E-1));
#1458=VECTOR('',#1457,1.590416423819E0);
#1459=CARTESIAN_POINT('',(1.096763713788E2,1.286490261654E2,1.131370849897E1));
#1460=LINE('',#1459,#1458);
#1461=DIRECTION('',(-1.732988303114E-12,9.960995293876E-1,8.823676985156E-2));
#1462=VECTOR('',#1461,2.099251795615E0);
#1463=CARTESIAN_POINT('',(1.096763713788E2,1.297736204036E2,1.243830273716E1));
#1464=LINE('',#1463,#1462);
#1465=DIRECTION('',(1.687774661825E-12,7.071067811814E-1,-7.071067811917E-1));
#1466=VECTOR('',#1465,1.852372895540E0);
#1467=CARTESIAN_POINT('',(1.096763713788E2,1.318646841293E2,1.262353393471E1));
#1468=LINE('',#1467,#1466);
#1469=DIRECTION('',(2.202682480857E-12,-7.071067811852E-1,-7.071067811879E-1));
#1470=VECTOR('',#1469,3.2E0);
#1471=CARTESIAN_POINT('',(1.096763713788E2,1.331745095650E2,1.131370849898E1));
#1472=LINE('',#1471,#1470);
#1473=DIRECTION('',(-8.376350080358E-1,5.440997927956E-1,4.819760152411E-2));
#1474=VECTOR('',#1473,9.550699198519E-1);
#1475=CARTESIAN_POINT('',(1.096763713788E2,1.318646841293E2,1.262353393471E1));
#1476=LINE('',#1475,#1474);
#1477=DIRECTION('',(-1.482248927087E-14,7.071067811832E-1,-7.071067811899E-1));
#1478=VECTOR('',#1477,1.917472086572E0);
#1479=CARTESIAN_POINT('',(1.088763713788E2,1.323843374748E2,1.266956601414E1));
#1480=LINE('',#1479,#1478);
#1481=DIRECTION('',(8.376350080245E-1,5.440997928124E-1,4.819760153090E-2));
#1482=VECTOR('',#1481,9.550699198722E-1);
#1483=CARTESIAN_POINT('',(1.088763713788E2,1.323843374748E2,1.266956601414E1));
#1484=LINE('',#1483,#1482);
#1485=DIRECTION('',(-8.164965809261E-1,-9.282491429564E-13,-5.773502691919E-1));
#1486=VECTOR('',#1485,9.797958971190E-1);
#1487=CARTESIAN_POINT('',(1.096763713788E2,1.337401949899E2,1.187939392394E1));
#1488=LINE('',#1487,#1486);
#1489=DIRECTION('',(-5.960388242338E-12,-7.071067811810E-1,7.071067811921E-1));
#1490=VECTOR('',#1489,1.182571277601E0);
#1491=CARTESIAN_POINT('',(1.096763713788E2,1.337401949899E2,1.187939392394E1));
#1492=LINE('',#1491,#1490);
#1493=DIRECTION('',(4.073164962378E-12,9.960995293877E-1,8.823676985033E-2));
#1494=VECTOR('',#1493,1.842137836039E0);
#1495=CARTESIAN_POINT('',(1.096763713788E2,1.329039908203E2,1.271559809357E1));
#1496=LINE('',#1495,#1494);
#1497=DIRECTION('',(-3.018355107042E-13,-7.071067811931E-1,-7.071067811800E-1));
#1498=VECTOR('',#1497,1.412443620240E0);
#1499=CARTESIAN_POINT('',(1.096763713788E2,1.347389434518E2,1.287814238584E1));
#1500=LINE('',#1499,#1498);
#1501=DIRECTION('',(-7.889345663309E-1,6.120804665400E-1,5.421948476817E-2));
#1502=VECTOR('',#1501,1.014025793943E0);
#1503=CARTESIAN_POINT('',(1.096763713788E2,1.347389434518E2,1.287814238584E1));
#1504=LINE('',#1503,#1502);
#1505=DIRECTION('',(4.691040147106E-12,7.071067811900E-1,7.071067811831E-1));
#1506=VECTOR('',#1505,2.290197019806E0);
#1507=CARTESIAN_POINT('',(1.088763713788E2,1.337401949899E2,1.131370849898E1));
#1508=LINE('',#1507,#1506);
#1509=DIRECTION('',(7.889345663442E-1,6.120804665230E-1,5.421948476624E-2));
#1510=VECTOR('',#1509,1.014025793918E0);
#1511=CARTESIAN_POINT('',(1.088763713788E2,1.353596088329E2,1.293312234193E1));
#1512=LINE('',#1511,#1510);
#1513=DIRECTION('',(-8.164965809295E-1,-1.528710307320E-11,-5.773502691872E-1));
#1514=VECTOR('',#1513,9.797958971104E-1);
#1515=CARTESIAN_POINT('',(1.096763713788E2,1.365686221147E2,9.050966799181E0));
#1516=LINE('',#1515,#1514);
#1517=DIRECTION('',(8.164965809212E-1,5.773502691988E-1,1.270178417100E-11));
#1518=VECTOR('',#1517,9.797958971187E-1);
#1519=CARTESIAN_POINT('',(1.088763713788E2,1.337401949899E2,1.131370849898E1));
#1520=LINE('',#1519,#1518);
#1521=DIRECTION('',(-3.952393967635E-13,-7.071067811874E-1,7.071067811857E-1));
#1522=VECTOR('',#1521,3.200000000025E0);
#1523=CARTESIAN_POINT('',(1.096763713788E2,1.365686221147E2,9.050966799181E0));
#1524=LINE('',#1523,#1522);
#1525=DIRECTION('',(-2.100465917584E-13,7.071067811842E-1,7.071067811889E-1));
#1526=VECTOR('',#1525,2.367950419325E0);
#1527=CARTESIAN_POINT('',(1.096763713788E2,1.343058804149E2,1.131370849899E1));
#1528=LINE('',#1527,#1526);
#1529=DIRECTION('',(-2.671469126085E-12,9.960995293876E-1,8.823676985092E-2));
#1530=VECTOR('',#1529,1.085176067952E0);
#1531=CARTESIAN_POINT('',(1.096763713788E2,1.359802742139E2,1.298810229802E1));
#1532=LINE('',#1531,#1530);
#1533=DIRECTION('',(9.309790438258E-13,7.071067811860E-1,-7.071067811871E-1));
#1534=VECTOR('',#1533,2.503364805845E0);
#1535=CARTESIAN_POINT('',(1.096763713788E2,1.370612175845E2,1.308385472897E1));
#1536=LINE('',#1535,#1534);
#1537=DIRECTION('',(7.194245199604E-13,-7.071067811847E-1,-7.071067811884E-1));
#1538=VECTOR('',#1537,3.199999999985E0);
#1539=CARTESIAN_POINT('',(1.096763713788E2,1.388313638145E2,1.131370849897E1));
#1540=LINE('',#1539,#1538);
#1541=DIRECTION('',(-8.376350080248E-1,5.440997928132E-1,4.819760151621E-2));
#1542=VECTOR('',#1541,9.550699199002E-1);
#1543=CARTESIAN_POINT('',(1.096763713788E2,1.370612175845E2,1.308385472897E1));
#1544=LINE('',#1543,#1542);
#1545=DIRECTION('',(9.787562536245E-12,7.071067811837E-1,-7.071067811894E-1));
#1546=VECTOR('',#1545,2.568463996843E0);
#1547=CARTESIAN_POINT('',(1.088763713788E2,1.375808709300E2,1.312988680839E1));
#1548=LINE('',#1547,#1546);
#1549=DIRECTION('',(8.376350080143E-1,5.440997928286E-1,4.819760152501E-2));
#1550=VECTOR('',#1549,9.550699199195E-1);
#1551=CARTESIAN_POINT('',(1.088763713788E2,1.375808709300E2,1.312988680839E1));
#1552=LINE('',#1551,#1550);
#1553=DIRECTION('',(-8.164965809227E-1,-1.116799750109E-11,-5.773502691967E-1));
#1554=VECTOR('',#1553,9.797958971280E-1);
#1555=CARTESIAN_POINT('',(1.096763713788E2,1.393970492394E2,1.187939392395E1));
#1556=LINE('',#1555,#1554);
#1557=DIRECTION('',(-3.425678387183E-12,-7.071067811776E-1,7.071067811955E-1));
#1558=VECTOR('',#1557,1.833563187840E0);
#1559=CARTESIAN_POINT('',(1.096763713788E2,1.393970492394E2,1.187939392395E1));
#1560=LINE('',#1559,#1558);
#1561=DIRECTION('',(7.015338559911E-13,9.960995293875E-1,8.823676985274E-2));
#1562=VECTOR('',#1561,2.856213563653E0);
#1563=CARTESIAN_POINT('',(1.096763713788E2,1.381005242756E2,1.317591888782E1));
#1564=LINE('',#1563,#1562);
#1565=DIRECTION('',(1.953201365401E-12,-7.071067811880E-1,-7.071067811851E-1));
#1566=VECTOR('',#1565,2.189977615748E0);
#1567=CARTESIAN_POINT('',(1.096763713788E2,1.409455972622E2,1.342794194669E1));
#1568=LINE('',#1567,#1566);
#1569=DIRECTION('',(-7.889345663321E-1,6.120804665379E-1,5.421948477333E-2));
#1570=VECTOR('',#1569,1.014025793968E0);
#1571=CARTESIAN_POINT('',(1.096763713788E2,1.409455972622E2,1.342794194669E1));
#1572=LINE('',#1571,#1570);
#1573=DIRECTION('',(-3.446480755724E-12,7.071067811882E-1,7.071067811849E-1));
#1574=VECTOR('',#1573,3.067731015341E0);
#1575=CARTESIAN_POINT('',(1.088763713788E2,1.393970492394E2,1.131370849898E1));
#1576=LINE('',#1575,#1574);
#1577=DIRECTION('',(7.889345663264E-1,6.120804665451E-1,5.421948477630E-2));
#1578=VECTOR('',#1577,1.014025793975E0);
#1579=CARTESIAN_POINT('',(1.088763713788E2,1.415662626432E2,1.348292190278E1));
#1580=LINE('',#1579,#1578);
#1581=DIRECTION('',(-8.164965809295E-1,-1.525809528748E-11,-5.773502691872E-1));
#1582=VECTOR('',#1581,9.797958971104E-1);
#1583=CARTESIAN_POINT('',(1.096763713788E2,1.422254763642E2,9.050966799181E0));
#1584=LINE('',#1583,#1582);
#1585=DIRECTION('',(8.164965809166E-1,5.773502692054E-1,2.297054031468E-12));
#1586=VECTOR('',#1585,9.797958971310E-1);
#1587=CARTESIAN_POINT('',(1.088763713788E2,1.393970492394E2,1.131370849898E1));
#1588=LINE('',#1587,#1586);
#1589=DIRECTION('',(1.318944953250E-12,-7.071067811869E-1,7.071067811862E-1));
#1590=VECTOR('',#1589,3.200000000012E0);
#1591=CARTESIAN_POINT('',(1.096763713788E2,1.422254763642E2,9.050966799181E0));
#1592=LINE('',#1591,#1590);
#1593=DIRECTION('',(-1.671607787883E-13,7.071067811871E-1,7.071067811860E-1));
#1594=VECTOR('',#1593,3.145484414908E0);
#1595=CARTESIAN_POINT('',(1.096763713788E2,1.399627346644E2,1.131370849899E1));
#1596=LINE('',#1595,#1594);
#1597=DIRECTION('',(-6.395853372844E-11,9.960995294097E-1,8.823676960169E-2));
#1598=VECTOR('',#1597,7.110034023251E-2);
#1599=CARTESIAN_POINT('',(1.096763713788E2,1.421869280243E2,1.353790185888E1));
#1600=LINE('',#1599,#1598);
#1601=DIRECTION('',(7.388448368537E-13,7.071067811830E-1,-7.071067811901E-1));
#1602=VECTOR('',#1601,3.154356716111E0);
#1603=CARTESIAN_POINT('',(1.096763713788E2,1.422577510397E2,1.354417552322E1));
#1604=LINE('',#1603,#1602);
#1605=DIRECTION('',(-4.618527782478E-13,-7.071067811843E-1,-7.071067811888E-1));
#1606=VECTOR('',#1605,3.199999999974E0);
#1607=CARTESIAN_POINT('',(1.096763713788E2,1.444882180640E2,1.131370849897E1));
#1608=LINE('',#1607,#1606);
#1609=DIRECTION('',(-8.376350080209E-1,5.440997928187E-1,4.819760152181E-2));
#1610=VECTOR('',#1609,9.550699198790E-1);
#1611=CARTESIAN_POINT('',(1.096763713788E2,1.422577510397E2,1.354417552322E1));
#1612=LINE('',#1611,#1610);
#1613=DIRECTION('',(-4.414054773596E-14,7.071067811839E-1,-7.071067811892E-1));
#1614=VECTOR('',#1613,3.219455907120E0);
#1615=CARTESIAN_POINT('',(1.088763713788E2,1.427774043853E2,1.359020760265E1));
#1616=LINE('',#1615,#1614);
#1617=DIRECTION('',(8.376350080242E-1,5.440997928125E-1,4.819760153428E-2));
#1618=VECTOR('',#1617,9.550699198735E-1);
#1619=CARTESIAN_POINT('',(1.088763713788E2,1.427774043853E2,1.359020760265E1));
#1620=LINE('',#1619,#1618);
#1621=DIRECTION('',(-2.539536957038E-12,-7.071067811833E-1,7.071067811898E-1));
#1622=VECTOR('',#1621,2.484555098150E0);
#1623=CARTESIAN_POINT('',(1.096763713788E2,1.450539034889E2,1.187939392394E1));
#1624=LINE('',#1623,#1622);
#1625=DIRECTION('',(1.490743089205E-12,9.960995293875E-1,8.823676985214E-2));
#1626=VECTOR('',#1625,3.870289291394E0);
#1627=CARTESIAN_POINT('',(1.096763713788E2,1.432970577308E2,1.363623968208E1));
#1628=LINE('',#1627,#1626);
#1629=DIRECTION('',(1.819748496070E-13,-7.071067811897E-1,-7.071067811834E-1));
#1630=VECTOR('',#1629,2.967511611324E0);
#1631=CARTESIAN_POINT('',(1.096763713788E2,1.471522510725E2,1.397774150755E1));
#1632=LINE('',#1631,#1630);
#1633=DIRECTION('',(8.164965809248E-1,3.161848643189E-12,5.773502691938E-1));
#1634=VECTOR('',#1633,9.797958971209E-1);
#1635=CARTESIAN_POINT('',(1.088763713788E2,1.450539034889E2,1.131370849898E1));
#1636=LINE('',#1635,#1634);
#1637=DIRECTION('',(-7.889345663293E-1,6.120804665417E-1,5.421948477263E-2));
#1638=VECTOR('',#1637,1.014025793957E0);
#1639=CARTESIAN_POINT('',(1.096763713788E2,1.471522510725E2,1.397774150755E1));
#1640=LINE('',#1639,#1638);
#1641=DIRECTION('',(8.164965809306E-1,3.169423342936E-12,-5.773502691855E-1));
#1642=VECTOR('',#1641,8.070723194608E-1);
#1643=CARTESIAN_POINT('',(1.090173995894E2,1.478823306137E2,1.404241361968E1));
#1644=LINE('',#1643,#1642);
#1645=DIRECTION('',(9.608758344287E-14,7.071067811892E-1,7.071067811839E-1));
#1646=VECTOR('',#1645,3.845265010905E0);
#1647=CARTESIAN_POINT('',(1.088763713788E2,1.450539034889E2,1.131370849898E1));
#1648=LINE('',#1647,#1646);
#1649=DIRECTION('',(7.889345663178E-1,6.120804665522E-1,5.421948481928E-2));
#1650=VECTOR('',#1649,1.787578040318E-1);
#1651=CARTESIAN_POINT('',(1.088763713788E2,1.477729164536E2,1.403272146364E1));
#1652=LINE('',#1651,#1650);
#1653=DIRECTION('',(-8.376350080462E-1,5.440997927856E-1,4.819760145643E-2));
#1654=VECTOR('',#1653,1.683647522318E-1);
#1655=CARTESIAN_POINT('',(1.090173995894E2,1.478823306137E2,1.404241361968E1));
#1656=LINE('',#1655,#1654);
#1657=DIRECTION('',(-1.999166675872E-12,7.071067811874E-1,-7.071067811857E-1));
#1658=VECTOR('',#1657,3.184558340856E0);
#1659=CARTESIAN_POINT('',(1.088763713788E2,1.479739378405E2,1.405052839691E1));
#1660=LINE('',#1659,#1658);
#1661=DIRECTION('',(8.164965809270E-1,2.726731857441E-12,5.773502691907E-1));
#1662=VECTOR('',#1661,9.797958971168E-1);
#1663=CARTESIAN_POINT('',(1.088763713788E2,1.502257606384E2,-1.082871139896E1));
#1664=LINE('',#1663,#1662);
#1665=DIRECTION('',(-8.164965809311E-1,-4.736728162967E-13,5.773502691848E-1));
#1666=VECTOR('',#1665,8.400396187744E-1);
#1667=CARTESIAN_POINT('',(1.095622608554E2,1.502257606384E2,-5.656854249496E0));
#1668=LINE('',#1667,#1666);
#1669=DIRECTION('',(8.164965809270E-1,3.393910928941E-12,5.773502691907E-1));
#1670=VECTOR('',#1669,9.797958971170E-1);
#1671=CARTESIAN_POINT('',(1.088763713788E2,1.502257606384E2,-5.171857149470E0));
#1672=LINE('',#1671,#1670);
#1673=DIRECTION('',(-8.164965809295E-1,-7.037424699210E-12,5.773502691871E-1));
#1674=VECTOR('',#1673,8.400396187809E-1);
#1675=CARTESIAN_POINT('',(1.095622608554E2,1.502257606384E2,
-9.320424062172E-12));
#1676=LINE('',#1675,#1674);
#1677=DIRECTION('',(8.164965809314E-1,3.393910928971E-12,5.773502691844E-1));
#1678=VECTOR('',#1677,9.797958971084E-1);
#1679=CARTESIAN_POINT('',(1.088763713788E2,1.502257606384E2,4.849971000216E-1));
#1680=LINE('',#1679,#1678);
#1681=DIRECTION('',(-8.164965809291E-1,-6.259247929572E-12,5.773502691877E-1));
#1682=VECTOR('',#1681,8.400396187828E-1);
#1683=CARTESIAN_POINT('',(1.095622608554E2,1.502257606384E2,5.656854249483E0));
#1684=LINE('',#1683,#1682);
#1685=DIRECTION('',(8.164965809315E-1,2.320622857418E-12,5.773502691843E-1));
#1686=VECTOR('',#1685,9.797958971078E-1);
#1687=CARTESIAN_POINT('',(1.088763713788E2,1.502257606384E2,6.141851349516E0));
#1688=LINE('',#1687,#1686);
#1689=DIRECTION('',(-8.164965809298E-1,-1.349967526442E-11,5.773502691868E-1));
#1690=VECTOR('',#1689,8.400396187767E-1);
#1691=CARTESIAN_POINT('',(1.095622608554E2,1.502257606384E2,1.131370849898E1));
#1692=LINE('',#1691,#1690);
#1693=DIRECTION('',(8.164965809335E-1,-4.931323572056E-12,5.773502691814E-1));
#1694=VECTOR('',#1693,9.797958970990E-1);
#1695=CARTESIAN_POINT('',(1.088763713788E2,1.502257606384E2,1.179870559901E1));
#1696=LINE('',#1695,#1694);
#1697=DIRECTION('',(-8.164965809341E-1,7.950936559349E-12,5.773502691806E-1));
#1698=VECTOR('',#1697,8.400396187656E-1);
#1699=CARTESIAN_POINT('',(1.095622608554E2,1.502257606384E2,-1.131370849898E1));
#1700=LINE('',#1699,#1698);
#1701=DIRECTION('',(8.164965809374E-1,5.773502691759E-1,9.536309554781E-13));
#1702=VECTOR('',#1701,9.797958970995E-1);
#1703=CARTESIAN_POINT('',(1.088763713788E2,1.478823306137E2,-8.485281374238E0));
#1704=LINE('',#1703,#1702);
#1705=DIRECTION('',(2.915829492720E-13,7.071067811841E-1,-7.071067811890E-1));
#1706=VECTOR('',#1705,3.314110523426E0);
#1707=CARTESIAN_POINT('',(1.088763713788E2,1.478823306137E2,-8.485281374238E0));
#1708=LINE('',#1707,#1706);
#1709=DIRECTION('',(-8.164965809547E-1,5.773502691514E-1,-1.227823699530E-11));
#1710=VECTOR('',#1709,1.397562783254E-1);
#1711=CARTESIAN_POINT('',(1.096763713788E2,1.501450723135E2,-1.131370849898E1));
#1712=LINE('',#1711,#1710);
#1713=DIRECTION('',(-8.164965809315E-1,-3.383377259282E-14,-5.773502691843E-1));
#1714=VECTOR('',#1713,8.400396187694E-1);
#1715=CARTESIAN_POINT('',(1.095622608554E2,1.502257606384E2,-1.131370849898E1));
#1716=LINE('',#1715,#1714);
#1717=DIRECTION('',(1.990241824641E-12,-7.071067811874E-1,-7.071067811856E-1));
#1718=VECTOR('',#1717,3.184558340856E0);
#1719=CARTESIAN_POINT('',(1.088763713788E2,1.502257606384E2,-1.179870559900E1));
#1720=LINE('',#1719,#1718);
#1721=DIRECTION('',(8.164965809136E-1,5.773502692096E-1,4.958518371009E-12));
#1722=VECTOR('',#1721,9.797958971303E-1);
#1723=CARTESIAN_POINT('',(1.088763713788E2,1.450539034889E2,-1.131370849898E1));
#1724=LINE('',#1723,#1722);
#1725=DIRECTION('',(-8.164965809307E-1,-3.134207528005E-12,-5.773502691854E-1));
#1726=VECTOR('',#1725,8.070723194632E-1);
#1727=CARTESIAN_POINT('',(1.096763713788E2,1.478823306137E2,-1.357645019877E1));
#1728=LINE('',#1727,#1726);
#1729=DIRECTION('',(-5.728298243718E-13,7.071067811910E-1,-7.071067811821E-1));
#1730=VECTOR('',#1729,3.845265010899E0);
#1731=CARTESIAN_POINT('',(1.088763713788E2,1.450539034889E2,-1.131370849898E1));
#1732=LINE('',#1731,#1730);
#1733=DIRECTION('',(3.064839572342E-13,7.071067811897E-1,-7.071067811834E-1));
#1734=VECTOR('',#1733,2.967511611311E0);
#1735=CARTESIAN_POINT('',(1.096763713788E2,1.450539034889E2,-1.187939392395E1));
#1736=LINE('',#1735,#1734);
#1737=DIRECTION('',(-1.968074620240E-12,-9.960995293875E-1,8.823676985226E-2));
#1738=VECTOR('',#1737,3.870289291378E0);
#1739=CARTESIAN_POINT('',(1.096763713788E2,1.471522510725E2,-1.397774150755E1));
#1740=LINE('',#1739,#1738);
#1741=DIRECTION('',(2.693968258492E-12,7.071067811835E-1,7.071067811895E-1));
#1742=VECTOR('',#1741,2.484555098139E0);
#1743=CARTESIAN_POINT('',(1.096763713788E2,1.432970577308E2,-1.363623968208E1));
#1744=LINE('',#1743,#1742);
#1745=DIRECTION('',(8.164965809235E-1,-5.656518214833E-12,-5.773502691955E-1));
#1746=VECTOR('',#1745,9.797958971289E-1);
#1747=CARTESIAN_POINT('',(1.088763713788E2,1.450539034889E2,-1.131370849898E1));
#1748=LINE('',#1747,#1746);
#1749=DIRECTION('',(2.154058729517E-12,-7.071067811822E-1,-7.071067811909E-1));
#1750=VECTOR('',#1749,3.219455907116E0);
#1751=CARTESIAN_POINT('',(1.088763713788E2,1.450539034889E2,-1.131370849898E1));
#1752=LINE('',#1751,#1750);
#1753=DIRECTION('',(-8.164965809243E-1,5.773502691945E-1,-6.776943938217E-12));
#1754=VECTOR('',#1753,9.797958971201E-1);
#1755=CARTESIAN_POINT('',(1.096763713788E2,1.444882180640E2,-1.131370849898E1));
#1756=LINE('',#1755,#1754);
#1757=DIRECTION('',(8.900182005753E-13,-7.071067811871E-1,7.071067811860E-1));
#1758=VECTOR('',#1757,3.145484414909E0);
#1759=CARTESIAN_POINT('',(1.096763713788E2,1.421869280243E2,-1.353790185887E1));
#1760=LINE('',#1759,#1758);
#1761=DIRECTION('',(-1.163513729812E-12,7.071067811868E-1,7.071067811863E-1));
#1762=VECTOR('',#1761,3.199999999987E0);
#1763=CARTESIAN_POINT('',(1.096763713788E2,1.399627346644E2,-1.131370849897E1));
#1764=LINE('',#1763,#1762);
#1765=DIRECTION('',(3.330669073893E-13,7.071067811843E-1,-7.071067811888E-1));
#1766=VECTOR('',#1765,3.199999999983E0);
#1767=CARTESIAN_POINT('',(1.096763713788E2,1.422254763642E2,-9.050966799185E0));
#1768=LINE('',#1767,#1766);
#1769=DIRECTION('',(1.464174219381E-12,-7.071067811831E-1,-7.071067811900E-1));
#1770=VECTOR('',#1769,3.154356716098E0);
#1771=CARTESIAN_POINT('',(1.096763713788E2,1.444882180640E2,-1.131370849898E1));
#1772=LINE('',#1771,#1770);
#1773=DIRECTION('',(-6.735633083498E-11,-9.960995293925E-1,8.823676979560E-2));
#1774=VECTOR('',#1773,7.110034023017E-2);
#1775=CARTESIAN_POINT('',(1.096763713788E2,1.422577510397E2,-1.354417552322E1));
#1776=LINE('',#1775,#1774);
#1777=DIRECTION('',(8.164965809137E-1,5.773502692094E-1,1.317678666200E-11));
#1778=VECTOR('',#1777,9.797958971281E-1);
#1779=CARTESIAN_POINT('',(1.088763713788E2,1.393970492394E2,-1.131370849898E1));
#1780=LINE('',#1779,#1778);
#1781=DIRECTION('',(-6.364871718241E-12,7.071067811904E-1,-7.071067811827E-1));
#1782=VECTOR('',#1781,3.067731015337E0);
#1783=CARTESIAN_POINT('',(1.088763713788E2,1.393970492394E2,-1.131370849898E1));
#1784=LINE('',#1783,#1782);
#1785=DIRECTION('',(-3.023893143763E-12,7.071067811881E-1,-7.071067811850E-1));
#1786=VECTOR('',#1785,2.189977615758E0);
#1787=CARTESIAN_POINT('',(1.096763713788E2,1.393970492394E2,-1.187939392394E1));
#1788=LINE('',#1787,#1786);
#1789=DIRECTION('',(1.621986078387E-12,-9.960995293873E-1,8.823676985459E-2));
#1790=VECTOR('',#1789,2.856213563660E0);
#1791=CARTESIAN_POINT('',(1.096763713788E2,1.409455972622E2,-1.342794194669E1));
#1792=LINE('',#1791,#1790);
#1793=DIRECTION('',(1.069555695546E-12,7.071067811772E-1,7.071067811959E-1));
#1794=VECTOR('',#1793,1.833563187841E0);
#1795=CARTESIAN_POINT('',(1.096763713788E2,1.381005242756E2,-1.317591888781E1));
#1796=LINE('',#1795,#1794);
#1797=DIRECTION('',(8.164965809265E-1,5.801557143466E-12,-5.773502691913E-1));
#1798=VECTOR('',#1797,9.797958971210E-1);
#1799=CARTESIAN_POINT('',(1.088763713788E2,1.393970492394E2,-1.131370849898E1));
#1800=LINE('',#1799,#1798);
#1801=DIRECTION('',(-6.318482994002E-12,-7.071067811821E-1,-7.071067811910E-1));
#1802=VECTOR('',#1801,2.568463996843E0);
#1803=CARTESIAN_POINT('',(1.088763713788E2,1.393970492394E2,-1.131370849898E1));
#1804=LINE('',#1803,#1802);
#1805=DIRECTION('',(-8.164965809317E-1,5.773502691840E-1,7.578284018789E-12));
#1806=VECTOR('',#1805,9.797958971033E-1);
#1807=CARTESIAN_POINT('',(1.096763713788E2,1.388313638145E2,-1.131370849899E1));
#1808=LINE('',#1807,#1806);
#1809=DIRECTION('',(1.494331467077E-12,-7.071067811841E-1,7.071067811890E-1));
#1810=VECTOR('',#1809,2.367950419332E0);
#1811=CARTESIAN_POINT('',(1.096763713788E2,1.359802742139E2,-1.298810229801E1));
#1812=LINE('',#1811,#1810);
#1813=DIRECTION('',(3.241851231905E-13,7.071067811873E-1,7.071067811858E-1));
#1814=VECTOR('',#1813,3.2E0);
#1815=CARTESIAN_POINT('',(1.096763713788E2,1.343058804149E2,-1.131370849898E1));
#1816=LINE('',#1815,#1814);
#1817=DIRECTION('',(7.549516567440E-14,7.071067811849E-1,-7.071067811882E-1));
#1818=VECTOR('',#1817,3.200000000005E0);
#1819=CARTESIAN_POINT('',(1.096763713788E2,1.365686221147E2,-9.050966799187E0));
#1820=LINE('',#1819,#1818);
#1821=DIRECTION('',(1.856281386171E-12,-7.071067811861E-1,-7.071067811870E-1));
#1822=VECTOR('',#1821,2.503364805837E0);
#1823=CARTESIAN_POINT('',(1.096763713788E2,1.388313638145E2,-1.131370849899E1));
#1824=LINE('',#1823,#1822);
#1825=DIRECTION('',(-8.734656407353E-12,-9.960995293861E-1,8.823676986814E-2));
#1826=VECTOR('',#1825,1.085176067952E0);
#1827=CARTESIAN_POINT('',(1.096763713788E2,1.370612175845E2,-1.308385472898E1));
#1828=LINE('',#1827,#1826);
#1829=DIRECTION('',(8.164965809184E-1,5.773502692028E-1,4.070154933480E-12));
#1830=VECTOR('',#1829,9.797958971167E-1);
#1831=CARTESIAN_POINT('',(1.088763713788E2,1.337401949899E2,-1.131370849899E1));
#1832=LINE('',#1831,#1830);
#1833=DIRECTION('',(4.839962056554E-13,7.071067811927E-1,-7.071067811804E-1));
#1834=VECTOR('',#1833,2.290197019798E0);
#1835=CARTESIAN_POINT('',(1.088763713788E2,1.337401949899E2,-1.131370849899E1));
#1836=LINE('',#1835,#1834);
#1837=DIRECTION('',(1.338137430744E-12,7.071067811923E-1,-7.071067811808E-1));
#1838=VECTOR('',#1837,1.412443620287E0);
#1839=CARTESIAN_POINT('',(1.096763713788E2,1.337401949899E2,-1.187939392391E1));
#1840=LINE('',#1839,#1838);
#1841=DIRECTION('',(4.705739823828E-13,-9.960995293874E-1,8.823676985384E-2));
#1842=VECTOR('',#1841,1.842137836091E0);
#1843=CARTESIAN_POINT('',(1.096763713788E2,1.347389434519E2,-1.287814238585E1));
#1844=LINE('',#1843,#1842);
#1845=DIRECTION('',(-2.331280885049E-12,7.071067811789E-1,7.071067811942E-1));
#1846=VECTOR('',#1845,1.182571277631E0);
#1847=CARTESIAN_POINT('',(1.096763713788E2,1.329039908203E2,-1.271559809357E1));
#1848=LINE('',#1847,#1846);
#1849=DIRECTION('',(8.164965809379E-1,-4.235136714863E-12,-5.773502691753E-1));
#1850=VECTOR('',#1849,9.797958970903E-1);
#1851=CARTESIAN_POINT('',(1.088763713788E2,1.337401949899E2,-1.131370849899E1));
#1852=LINE('',#1851,#1850);
#1853=DIRECTION('',(-4.839542746938E-12,7.071067811820E-1,7.071067811911E-1));
#1854=VECTOR('',#1853,1.917472086572E0);
#1855=CARTESIAN_POINT('',(1.088763713788E2,1.323843374748E2,-1.266956601415E1));
#1856=LINE('',#1855,#1854);
#1857=DIRECTION('',(-8.164965809340E-1,5.773502691807E-1,1.497345639034E-11));
#1858=VECTOR('',#1857,9.797958970962E-1);
#1859=CARTESIAN_POINT('',(1.096763713788E2,1.331745095650E2,-1.131370849900E1));
#1860=LINE('',#1859,#1858);
#1861=DIRECTION('',(1.617290078827E-12,-7.071067811878E-1,7.071067811853E-1));
#1862=VECTOR('',#1861,1.590416423822E0);
#1863=CARTESIAN_POINT('',(1.096763713788E2,1.297736204036E2,-1.243830273717E1));
#1864=LINE('',#1863,#1862);
#1865=DIRECTION('',(-1.163513729812E-12,7.071067811868E-1,7.071067811863E-1));
#1866=VECTOR('',#1865,3.199999999986E0);
#1867=CARTESIAN_POINT('',(1.096763713788E2,1.286490261654E2,-1.131370849897E1));
#1868=LINE('',#1867,#1866);
#1869=DIRECTION('',(-4.707345624388E-13,7.071067811853E-1,-7.071067811878E-1));
#1870=VECTOR('',#1869,3.200000000016E0);
#1871=CARTESIAN_POINT('',(1.096763713788E2,1.309117678652E2,-9.050966799188E0));
#1872=LINE('',#1871,#1870);
#1873=DIRECTION('',(2.500975180717E-12,-7.071067811816E-1,-7.071067811915E-1));
#1874=VECTOR('',#1873,1.852372895531E0);
#1875=CARTESIAN_POINT('',(1.096763713788E2,1.331745095650E2,-1.131370849900E1));
#1876=LINE('',#1875,#1874);
#1877=DIRECTION('',(-9.341890071427E-13,-9.960995293873E-1,8.823676985470E-2));
#1878=VECTOR('',#1877,2.099251795626E0);
#1879=CARTESIAN_POINT('',(1.096763713788E2,1.318646841293E2,-1.262353393473E1));
#1880=LINE('',#1879,#1878);
#1881=DIRECTION('',(8.164965809377E-1,5.773502691755E-1,6.388964804416E-12));
#1882=VECTOR('',#1881,9.797958970943E-1);
#1883=CARTESIAN_POINT('',(1.088763713788E2,1.280833407405E2,-1.131370849898E1));
#1884=LINE('',#1883,#1882);
#1885=DIRECTION('',(-1.371610699240E-12,7.071067811842E-1,-7.071067811889E-1));
#1886=VECTOR('',#1885,1.512663024259E0);
#1887=CARTESIAN_POINT('',(1.088763713788E2,1.280833407405E2,-1.131370849898E1));
#1888=LINE('',#1887,#1886);
#1889=DIRECTION('',(-1.025117781566E-11,7.071067811855E-1,-7.071067811876E-1));
#1890=VECTOR('',#1889,6.349096246893E-1);
#1891=CARTESIAN_POINT('',(1.096763713788E2,1.280833407405E2,-1.187939392394E1));
#1892=LINE('',#1891,#1890);
#1893=DIRECTION('',(5.508867411703E-12,-9.960995293862E-1,8.823676986771E-2));
#1894=VECTOR('',#1893,8.280621083545E-1);
#1895=CARTESIAN_POINT('',(1.096763713788E2,1.285322896415E2,-1.232834282500E1));
#1896=LINE('',#1895,#1894);
#1897=DIRECTION('',(3.662457980245E-12,7.071067811947E-1,7.071067811784E-1));
#1898=VECTOR('',#1897,5.315793673222E-1);
#1899=CARTESIAN_POINT('',(1.096763713788E2,1.277074573651E2,-1.225527729931E1));
#1900=LINE('',#1899,#1898);
#1901=DIRECTION('',(8.164965809215E-1,-7.455000929345E-12,-5.773502691984E-1));
#1902=VECTOR('',#1901,9.797958971221E-1);
#1903=CARTESIAN_POINT('',(1.088763713788E2,1.280833407405E2,-1.131370849898E1));
#1904=LINE('',#1903,#1902);
#1905=DIRECTION('',(-4.443416148565E-12,7.071067811853E-1,7.071067811878E-1));
#1906=VECTOR('',#1905,1.266480176303E0);
#1907=CARTESIAN_POINT('',(1.088763713788E2,1.271878040196E2,-1.220924521988E1));
#1908=LINE('',#1907,#1906);
#1909=DIRECTION('',(-8.164965809257E-1,5.773502691925E-1,-3.375781062853E-12));
#1910=VECTOR('',#1909,9.797958971214E-1);
#1911=CARTESIAN_POINT('',(1.096763713788E2,1.275176553155E2,-1.131370849898E1));
#1912=LINE('',#1911,#1910);
#1913=DIRECTION('',(3.041877440743E-12,-7.071067811800E-1,7.071067811931E-1));
#1914=VECTOR('',#1913,8.128824282417E-1);
#1915=CARTESIAN_POINT('',(1.096763713788E2,1.235669665932E2,-1.188850317630E1));
#1916=LINE('',#1915,#1914);
#1917=DIRECTION('',(2.984279490177E-12,7.071067811872E-1,7.071067811859E-1));
#1918=VECTOR('',#1917,3.200000000016E0);
#1919=CARTESIAN_POINT('',(1.096763713788E2,1.229921719159E2,-1.131370849898E1));
#1920=LINE('',#1919,#1918);
#1921=DIRECTION('',(1.469935284595E-12,7.071067811889E-1,-7.071067811842E-1));
#1922=VECTOR('',#1921,3.200000000019E0);
#1923=CARTESIAN_POINT('',(1.096763713788E2,1.252549136157E2,-9.050966799175E0));
#1924=LINE('',#1923,#1922);
#1925=DIRECTION('',(-3.986294187845E-12,-7.071067811832E-1,-7.071067811899E-1));
#1926=VECTOR('',#1925,1.201380985284E0);
#1927=CARTESIAN_POINT('',(1.096763713788E2,1.275176553155E2,-1.131370849898E1));
#1928=LINE('',#1927,#1926);
#1929=DIRECTION('',(-3.843328265483E-12,-9.960995293873E-1,8.823676985482E-2));
#1930=VECTOR('',#1929,3.113327523351E0);
#1931=CARTESIAN_POINT('',(1.096763713788E2,1.266681506740E2,-1.216321314046E1));
#1932=LINE('',#1931,#1930);
#1933=DIRECTION('',(8.164965809404E-1,5.773502691718E-1,-2.520051384282E-12));
#1934=VECTOR('',#1933,9.797958970864E-1);
#1935=CARTESIAN_POINT('',(1.088763713788E2,1.224264864910E2,-1.131370849898E1));
#1936=LINE('',#1935,#1934);
#1937=DIRECTION('',(-2.532374447287E-12,7.071067811667E-1,-7.071067812064E-1));
#1938=VECTOR('',#1937,7.351290286813E-1);
#1939=CARTESIAN_POINT('',(1.088763713788E2,1.224264864910E2,-1.131370849898E1));
#1940=LINE('',#1939,#1938);
#1941=DIRECTION('',(8.164965809289E-1,-8.312559520670E-12,-5.773502691879E-1));
#1942=VECTOR('',#1941,8.205908476607E-1);
#1943=CARTESIAN_POINT('',(1.088763713788E2,1.224264864910E2,-1.131370849898E1));
#1944=LINE('',#1943,#1942);
#1945=DIRECTION('',(7.550021256673E-12,7.071067811911E-1,7.071067811820E-1));
#1946=VECTOR('',#1945,6.154882660448E-1);
#1947=CARTESIAN_POINT('',(1.088763713788E2,1.219912705643E2,-1.174892442564E1));
#1948=LINE('',#1947,#1946);
#1949=DIRECTION('',(-8.164965809304E-1,5.773502691859E-1,7.313587974063E-12));
#1950=VECTOR('',#1949,9.797958971101E-1);
#1951=CARTESIAN_POINT('',(1.096763713788E2,1.218608010660E2,-1.131370849899E1));
#1952=LINE('',#1951,#1950);
#1953=DIRECTION('',(7.236399610570E-11,-7.071067812545E-1,7.071067811186E-1));
#1954=VECTOR('',#1953,3.534843273442E-2);
#1955=CARTESIAN_POINT('',(1.096763713788E2,1.173603127829E2,-1.133870361546E1));
#1956=LINE('',#1955,#1954);
#1957=DIRECTION('',(1.492139745095E-12,7.071067811867E-1,7.071067811864E-1));
#1958=VECTOR('',#1957,3.200000000002E0);
#1959=CARTESIAN_POINT('',(1.096763713788E2,1.173353176664E2,-1.131370849897E1));
#1960=LINE('',#1959,#1958);
#1961=DIRECTION('',(0.E0,7.071067811894E-1,-7.071067811837E-1));
#1962=VECTOR('',#1961,3.200000000033E0);
#1963=CARTESIAN_POINT('',(1.096763713788E2,1.195980593662E2,-9.050966799175E0));
#1964=LINE('',#1963,#1962);
#1965=DIRECTION('',(-8.701222928265E-12,-7.071067811969E-1,-7.071067811762E-1));
#1966=VECTOR('',#1965,5.503890750191E-1);
#1967=CARTESIAN_POINT('',(1.096763713788E2,1.218608010660E2,-1.131370849899E1));
#1968=LINE('',#1967,#1966);
#1969=DIRECTION('',(-6.128628548E-13,-9.960995293873E-1,8.823676985510E-2));
#1970=VECTOR('',#1969,4.127403250980E0);
#1971=CARTESIAN_POINT('',(1.096763713788E2,1.214716172188E2,-1.170289234622E1));
#1972=LINE('',#1971,#1970);
#1973=DIRECTION('',(8.164965809399E-1,5.773502691724E-1,2.886040309186E-11));
#1974=VECTOR('',#1973,4.454371065373E-1);
#1975=CARTESIAN_POINT('',(1.093126735043E2,1.170781444330E2,-1.131370849899E1));
#1976=LINE('',#1975,#1974);
#1977=DIRECTION('',(1.702651581447E-12,7.071067811849E-1,7.071067811882E-1));
#1978=VECTOR('',#1977,3.964496355729E0);
#1979=CARTESIAN_POINT('',(1.088763713788E2,1.167947371091E2,-1.128860363137E1));
#1980=LINE('',#1979,#1978);
#1981=DIRECTION('',(8.164965809336E-1,-7.672559322348E-12,-5.773502691813E-1));
#1982=VECTOR('',#1981,9.797958971064E-1);
#1983=CARTESIAN_POINT('',(1.088763713788E2,1.195980593662E2,-8.485281374238E0));
#1984=LINE('',#1983,#1982);
#1985=DIRECTION('',(-8.164965809315E-1,5.773502691844E-1,7.962637179626E-12));
#1986=VECTOR('',#1985,9.797958970940E-1);
#1987=CARTESIAN_POINT('',(1.096763713788E2,1.190323739413E2,-8.485281374245E0));
#1988=LINE('',#1987,#1986);
#1989=DIRECTION('',(8.164965809214E-1,5.773502691986E-1,-6.291063527396E-13));
#1990=VECTOR('',#1989,9.797958971287E-1);
#1991=CARTESIAN_POINT('',(1.088763713788E2,1.139412051167E2,-8.485281374239E0));
#1992=LINE('',#1991,#1990);
#1993=DIRECTION('',(-8.164965809275E-1,-2.209822764891E-12,-5.773502691899E-1));
#1994=VECTOR('',#1993,9.324611758200E-1);
#1995=CARTESIAN_POINT('',(1.096763713788E2,1.167696322415E2,-1.074802307405E1));
#1996=LINE('',#1995,#1994);
#1997=DIRECTION('',(9.479660281938E-13,7.071067811891E-1,-7.071067811840E-1));
#1998=VECTOR('',#1997,3.957595033191E0);
#1999=CARTESIAN_POINT('',(1.088763713788E2,1.139412051167E2,-8.485281374239E0));
#2000=LINE('',#1999,#1998);
#2001=DIRECTION('',(-5.906113430255E-13,7.071067811896E-1,-7.071067811835E-1));
#2002=VECTOR('',#2001,3.079841633633E0);
#2003=CARTESIAN_POINT('',(1.096763713788E2,1.139412051167E2,-9.050966799178E0));
#2004=LINE('',#2003,#2002);
#2005=DIRECTION('',(-9.729118797742E-13,-9.960995293872E-1,8.823676985598E-2));
#2006=VECTOR('',#2005,4.016792402193E0);
#2007=CARTESIAN_POINT('',(1.096763713788E2,1.161189820208E2,-1.122874370329E1));
#2008=LINE('',#2007,#2006);
#2009=DIRECTION('',(2.220959580293E-12,7.071067811821E-1,7.071067811910E-1));
#2010=VECTOR('',#2009,2.578603636484E0);
#2011=CARTESIAN_POINT('',(1.096763713788E2,1.121178569994E2,-1.087431491654E1));
#2012=LINE('',#2011,#2010);
#2013=DIRECTION('',(8.164965809328E-1,-9.935166608321E-12,-5.773502691824E-1));
#2014=VECTOR('',#2013,9.797958971076E-1);
#2015=CARTESIAN_POINT('',(1.088763713788E2,1.139412051167E2,-8.485281374239E0));
#2016=LINE('',#2015,#2014);
#2017=DIRECTION('',(5.867035813690E-12,7.071067811860E-1,7.071067811871E-1));
#2018=VECTOR('',#2017,3.313504445471E0);
#2019=CARTESIAN_POINT('',(1.088763713788E2,1.115982036538E2,-1.082828283713E1));
#2020=LINE('',#2019,#2018);
#2021=DIRECTION('',(-8.164965809315E-1,5.773502691843E-1,7.511203514381E-12));
#2022=VECTOR('',#2021,9.797958970948E-1);
#2023=CARTESIAN_POINT('',(1.096763713788E2,1.133755196918E2,-8.485281374247E0));
#2024=LINE('',#2023,#2022);
#2025=DIRECTION('',(8.164965809124E-1,5.773502692114E-1,5.248596228180E-12));
#2026=VECTOR('',#2025,9.797958971303E-1);
#2027=CARTESIAN_POINT('',(1.088763713788E2,1.082843508672E2,-8.485281374244E0));
#2028=LINE('',#2027,#2026);
#2029=DIRECTION('',(-8.164965810316E-1,-1.083392696274E-10,-5.773502690427E-1));
#2030=VECTOR('',#2029,6.453560693111E-2);
#2031=CARTESIAN_POINT('',(1.096763713788E2,1.111127779920E2,-1.074802307403E1));
#2032=LINE('',#2031,#2030);
#2033=DIRECTION('',(-3.807363466958E-12,7.071067811913E-1,-7.071067811818E-1));
#2034=VECTOR('',#2033,3.180061037625E0);
#2035=CARTESIAN_POINT('',(1.088763713788E2,1.082843508672E2,-8.485281374244E0));
#2036=LINE('',#2035,#2034);
#2037=DIRECTION('',(2.987460740870E-12,7.071067811875E-1,-7.071067811856E-1));
#2038=VECTOR('',#2037,2.302307638076E0);
#2039=CARTESIAN_POINT('',(1.096763713788E2,1.082843508672E2,-9.050966799179E0));
#2040=LINE('',#2039,#2038);
#2041=DIRECTION('',(-2.621896890572E-12,-9.960995293879E-1,8.823676984845E-2));
#2042=VECTOR('',#2041,3.002716674531E0);
#2043=CARTESIAN_POINT('',(1.096763713788E2,1.099123282105E2,-1.067894414244E1));
#2044=LINE('',#2043,#2042);
#2045=DIRECTION('',(5.160581960145E-13,7.071067811848E-1,7.071067811883E-1));
#2046=VECTOR('',#2045,1.927611726248E0);
#2047=CARTESIAN_POINT('',(1.096763713788E2,1.069213235441E2,-1.041399412231E1));
#2048=LINE('',#2047,#2046);
#2049=DIRECTION('',(8.164965809338E-1,-1.348862035880E-12,-5.773502691810E-1));
#2050=VECTOR('',#2049,9.797958971031E-1);
#2051=CARTESIAN_POINT('',(1.088763713788E2,1.082843508672E2,-8.485281374244E0));
#2052=LINE('',#2051,#2050);
#2053=DIRECTION('',(-2.625993465736E-12,7.071067811851E-1,7.071067811880E-1));
#2054=VECTOR('',#2053,2.662512535201E0);
#2055=CARTESIAN_POINT('',(1.088763713788E2,1.064016701986E2,-1.036796204288E1));
#2056=LINE('',#2055,#2054);
#2057=DIRECTION('',(-8.164965809293E-1,5.773502691875E-1,3.297822638781E-12));
#2058=VECTOR('',#2057,9.797958971085E-1);
#2059=CARTESIAN_POINT('',(1.096763713788E2,1.077186654423E2,-8.485281374247E0));
#2060=LINE('',#2059,#2058);
#2061=DIRECTION('',(1.312063617957E-12,-7.071067811850E-1,7.071067811881E-1));
#2062=VECTOR('',#2061,2.480280441622E0);
#2063=CARTESIAN_POINT('',(1.096763713788E2,1.049470051622E2,-1.023910449375E1));
#2064=LINE('',#2063,#2062);
#2065=DIRECTION('',(3.552713678806E-14,7.071067811869E-1,7.071067811862E-1));
#2066=VECTOR('',#2065,3.199999999995E0);
#2067=CARTESIAN_POINT('',(1.096763713788E2,1.031931820427E2,-8.485281374235E0));
#2068=LINE('',#2067,#2066);
#2069=DIRECTION('',(-1.416644579421E-12,7.071067811848E-1,-7.071067811883E-1));
#2070=VECTOR('',#2069,3.200000000002E0);
#2071=CARTESIAN_POINT('',(1.096763713788E2,1.054559237425E2,-6.222539674443E0));
#2072=LINE('',#2071,#2070);
#2073=DIRECTION('',(1.778125839242E-12,-7.071067811849E-1,-7.071067811882E-1));
#2074=VECTOR('',#2073,2.597413344159E0);
#2075=CARTESIAN_POINT('',(1.096763713788E2,1.077186654423E2,-8.485281374247E0));
#2076=LINE('',#2075,#2074);
#2077=DIRECTION('',(-3.693990035654E-12,-9.960995293867E-1,8.823676986150E-2));
#2078=VECTOR('',#2077,9.386729571661E-1);
#2079=CARTESIAN_POINT('',(1.096763713788E2,1.058820168531E2,-1.032192996345E1));
#2080=LINE('',#2079,#2078);
#2081=DIRECTION('',(8.164965809145E-1,5.773502692083E-1,-3.005931794926E-12));
#2082=VECTOR('',#2081,9.797958971315E-1);
#2083=CARTESIAN_POINT('',(1.088763713788E2,1.026274966177E2,-8.485281374232E0));
#2084=LINE('',#2083,#2082);
#2085=DIRECTION('',(3.685020951861E-12,7.071067811939E-1,-7.071067811792E-1));
#2086=VECTOR('',#2085,2.402527042105E0);
#2087=CARTESIAN_POINT('',(1.088763713788E2,1.026274966177E2,-8.485281374232E0));
#2088=LINE('',#2087,#2086);
#2089=DIRECTION('',(1.155677102172E-12,7.071067811931E-1,-7.071067811800E-1));
#2090=VECTOR('',#2089,1.524773642545E0);
#2091=CARTESIAN_POINT('',(1.096763713788E2,1.026274966177E2,-9.050966799183E0));
#2092=LINE('',#2091,#2090);
#2093=DIRECTION('',(-3.773095038378E-12,-9.960995293872E-1,8.823676985584E-2));
#2094=VECTOR('',#2093,1.988640946837E0);
#2095=CARTESIAN_POINT('',(1.096763713788E2,1.037056744001E2,-1.012914458159E1));
#2096=LINE('',#2095,#2094);
#2097=DIRECTION('',(4.486045397958E-12,7.071067811789E-1,7.071067811942E-1));
#2098=VECTOR('',#2097,1.276619815937E0);
#2099=CARTESIAN_POINT('',(1.096763713788E2,1.017247900889E2,-9.953673328039E0));
#2100=LINE('',#2099,#2098);
#2101=DIRECTION('',(8.164965809292E-1,-7.498512607934E-12,-5.773502691875E-1));
#2102=VECTOR('',#2101,9.797958971205E-1);
#2103=CARTESIAN_POINT('',(1.088763713788E2,1.026274966177E2,-8.485281374232E0));
#2104=LINE('',#2103,#2102);
#2105=DIRECTION('',(-3.532366146112E-12,7.071067811823E-1,7.071067811908E-1));
#2106=VECTOR('',#2105,2.011520624900E0);
#2107=CARTESIAN_POINT('',(1.088763713788E2,1.012051367434E2,-9.907641248604E0));
#2108=LINE('',#2107,#2106);
#2109=DIRECTION('',(-8.164965809243E-1,5.773502691944E-1,-1.029776392972E-12));
#2110=VECTOR('',#2109,9.797958971145E-1);
#2111=CARTESIAN_POINT('',(1.096763713788E2,1.020618111928E2,-8.485281374231E0));
#2112=LINE('',#2111,#2110);
#2113=DIRECTION('',(-2.754128230178E-13,-7.071067811865E-1,7.071067811866E-1));
#2114=VECTOR('',#2113,1.702746446092E0);
#2115=CARTESIAN_POINT('',(1.096763713788E2,9.874035135187E1,-9.689304932907E0));
#2116=LINE('',#2115,#2114);
#2117=DIRECTION('',(-5.329070518222E-13,7.071067811861E-1,7.071067811870E-1));
#2118=VECTOR('',#2117,3.199999999987E0);
#2119=CARTESIAN_POINT('',(1.096763713788E2,9.753632779320E1,-8.485281374234E0));
#2120=LINE('',#2119,#2118);
#2121=DIRECTION('',(-1.953992523354E-13,7.071067811847E-1,-7.071067811884E-1));
#2122=VECTOR('',#2121,3.199999999977E0);
#2123=CARTESIAN_POINT('',(1.096763713788E2,9.979906949299E1,-6.222539674444E0));
#2124=LINE('',#2123,#2122);
#2125=DIRECTION('',(2.402034379571E-12,-7.071067811802E-1,-7.071067811929E-1));
#2126=VECTOR('',#2125,1.946421433875E0);
#2127=CARTESIAN_POINT('',(1.096763713788E2,1.020618111928E2,-8.485281374231E0));
#2128=LINE('',#2127,#2126);
#2129=DIRECTION('',(-9.606114893274E-13,-9.960995293878E-1,8.823676984935E-2));
#2130=VECTOR('',#2129,1.952748684820E0);
#2131=CARTESIAN_POINT('',(1.096763713788E2,1.006854833978E2,-9.861609169183E0));
#2132=LINE('',#2131,#2130);
#2133=DIRECTION('',(8.164965809260E-1,5.773502691920E-1,3.027687634272E-12));
#2134=VECTOR('',#2133,9.797958971127E-1);
#2135=CARTESIAN_POINT('',(1.088763713788E2,9.697064236825E1,-8.485281374237E0));
#2136=LINE('',#2135,#2134);
#2137=DIRECTION('',(-1.740290578077E-12,7.071067811875E-1,-7.071067811856E-1));
#2138=VECTOR('',#2137,1.624993046534E0);
#2139=CARTESIAN_POINT('',(1.088763713788E2,9.697064236825E1,-8.485281374237E0));
#2140=LINE('',#2139,#2138);
#2141=DIRECTION('',(-1.521424059620E-13,7.071067811851E-1,-7.071067811880E-1));
#2142=VECTOR('',#2141,7.472396469791E-1);
#2143=CARTESIAN_POINT('',(1.096763713788E2,9.697064236825E1,-9.050966799189E0));
#2144=LINE('',#2143,#2142);
#2145=DIRECTION('',(-4.374521407882E-14,-9.960995293876E-1,8.823676985147E-2));
#2146=VECTOR('',#2145,9.745652191527E-1);
#2147=CARTESIAN_POINT('',(1.096763713788E2,9.749902058980E1,-9.579345020740E0));
#2148=LINE('',#2147,#2146);
#2149=DIRECTION('',(2.498600213454E-13,7.071067811885E-1,7.071067811846E-1));
#2150=VECTOR('',#2149,6.256279056789E-1);
#2151=CARTESIAN_POINT('',(1.096763713788E2,9.652825663364E1,-9.493352533793E0));
#2152=LINE('',#2151,#2150);
#2153=DIRECTION('',(8.164965809271E-1,-1.044280285829E-12,-5.773502691906E-1));
#2154=VECTOR('',#2153,9.797958971160E-1);
#2155=CARTESIAN_POINT('',(1.088763713788E2,9.697064236825E1,-8.485281374237E0));
#2156=LINE('',#2155,#2154);
#2157=DIRECTION('',(-1.284746959872E-12,7.071067811872E-1,7.071067811859E-1));
#2158=VECTOR('',#2157,1.360528714653E0);
#2159=CARTESIAN_POINT('',(1.088763713788E2,9.600860328812E1,-9.447320454367E0));
#2160=LINE('',#2159,#2158);
#2161=DIRECTION('',(-8.164965809275E-1,5.773502691900E-1,1.508404857311E-12));
#2162=VECTOR('',#2161,9.797958971144E-1);
#2163=CARTESIAN_POINT('',(1.096763713788E2,9.640495694330E1,-8.485281374239E0));
#2164=LINE('',#2163,#2162);
#2165=DIRECTION('',(-5.222249873837E-13,-7.071067811880E-1,7.071067811851E-1));
#2166=VECTOR('',#2165,9.252124505522E-1);
#2167=CARTESIAN_POINT('',(1.096763713788E2,9.253369754153E1,-9.139505372060E0));
#2168=LINE('',#2167,#2166);
#2169=DIRECTION('',(3.108624468951E-14,7.071067811866E-1,7.071067811865E-1));
#2170=VECTOR('',#2169,3.199999999999E0);
#2171=CARTESIAN_POINT('',(1.096763713788E2,9.187947354370E1,-8.485281374238E0));
#2172=LINE('',#2171,#2170);
#2173=DIRECTION('',(-4.884981308349E-14,7.071067811867E-1,-7.071067811864E-1));
#2174=VECTOR('',#2173,3.200000000001E0);
#2175=CARTESIAN_POINT('',(1.096763713788E2,9.414221524350E1,-6.222539674441E0));
#2176=LINE('',#2175,#2174);
#2177=DIRECTION('',(-7.678996131592E-14,-7.071067811869E-1,-7.071067811862E-1));
#2178=VECTOR('',#2177,1.295429523622E0);
#2179=CARTESIAN_POINT('',(1.096763713788E2,9.640495694330E1,-8.485281374239E0));
#2180=LINE('',#2179,#2178);
#2181=DIRECTION('',(2.299162105636E-13,-9.960995293875E-1,8.823676985299E-2));
#2182=VECTOR('',#2181,2.966824412501E0);
#2183=CARTESIAN_POINT('',(1.096763713788E2,9.548894994260E1,-9.401288374940E0));
#2184=LINE('',#2183,#2182);
#2185=DIRECTION('',(8.164965809286E-1,5.773502691884E-1,-6.798699777562E-13));
#2186=VECTOR('',#2185,9.797958971118E-1);
#2187=CARTESIAN_POINT('',(1.088763713788E2,9.131378811876E1,-8.485281374237E0));
#2188=LINE('',#2187,#2186);
#2189=DIRECTION('',(-1.274427309600E-12,7.071067811854E-1,-7.071067811876E-1));
#2190=VECTOR('',#2189,8.474590509947E-1);
#2191=CARTESIAN_POINT('',(1.088763713788E2,9.131378811876E1,-8.485281374237E0));
#2192=LINE('',#2191,#2190);
#2193=DIRECTION('',(8.164965809293E-1,-1.352013070562E-12,-5.773502691874E-1));
#2194=VECTOR('',#2193,9.459797040544E-1);
#2195=CARTESIAN_POINT('',(1.088763713788E2,9.131378811876E1,-8.485281374237E0));
#2196=LINE('',#2195,#2194);
#2197=DIRECTION('',(-1.622296722072E-12,7.071067811874E-1,7.071067811857E-1));
#2198=VECTOR('',#2197,7.095368043778E-1);
#2199=CARTESIAN_POINT('',(1.088763713788E2,9.081206983288E1,-8.986999660114E0));
#2200=LINE('',#2199,#2198);
#2201=DIRECTION('',(-8.164965809278E-1,5.773502691896E-1,1.163937401917E-12));
#2202=VECTOR('',#2201,9.797958971134E-1);
#2203=CARTESIAN_POINT('',(1.096763713788E2,9.074810269381E1,-8.485281374238E0));
#2204=LINE('',#2203,#2202);
#2205=DIRECTION('',(2.309480507178E-12,-7.071067811857E-1,7.071067811874E-1));
#2206=VECTOR('',#2205,1.476784550053E-1);
#2207=CARTESIAN_POINT('',(1.096763713788E2,8.632704373118E1,-8.589705811209E0));
#2208=LINE('',#2207,#2206);
#2209=DIRECTION('',(7.105427357595E-14,7.071067811867E-1,7.071067811864E-1));
#2210=VECTOR('',#2209,3.200000000003E0);
#2211=CARTESIAN_POINT('',(1.096763713788E2,8.622261929421E1,-8.485281374240E0));
#2212=LINE('',#2211,#2210);
#2213=DIRECTION('',(-1.998401444325E-13,7.071067811867E-1,-7.071067811864E-1));
#2214=VECTOR('',#2213,3.200000000001E0);
#2215=CARTESIAN_POINT('',(1.096763713788E2,8.848536099401E1,-6.222539674441E0));
#2216=LINE('',#2215,#2214);
#2217=DIRECTION('',(-5.071858806501E-13,-7.071067811881E-1,-7.071067811850E-1));
#2218=VECTOR('',#2217,6.444376133473E-1);
#2219=CARTESIAN_POINT('',(1.096763713788E2,9.074810269381E1,-8.485281374238E0));
#2220=LINE('',#2219,#2218);
#2221=DIRECTION('',(9.995325630224E-14,-9.960995293874E-1,8.823676985307E-2));
#2222=VECTOR('',#2221,3.980900140186E0);
#2223=CARTESIAN_POINT('',(1.096763713788E2,9.029241648736E1,-8.940967580687E0));
#2224=LINE('',#2223,#2222);
#2225=DIRECTION('',(8.164965809278E-1,5.773502691895E-1,2.003350201119E-12));
#2226=VECTOR('',#2225,9.797958971131E-1);
#2227=CARTESIAN_POINT('',(1.088763713788E2,8.565693386926E1,-8.485281374242E0));
#2228=LINE('',#2227,#2226);
#2229=DIRECTION('',(1.910360077094E-11,7.071067812217E-1,-7.071067811514E-1));
#2230=VECTOR('',#2229,6.992505545138E-2);
#2231=CARTESIAN_POINT('',(1.088763713788E2,8.565693386926E1,-8.485281374242E0));
#2232=LINE('',#2231,#2230);
#2233=DIRECTION('',(8.164965808822E-1,6.627132708196E-11,-5.773502692541E-1));
#2234=VECTOR('',#2233,7.805413508525E-2);
#2235=CARTESIAN_POINT('',(1.088763713788E2,8.565693386926E1,-8.485281374242E0));
#2236=LINE('',#2235,#2234);
#2237=DIRECTION('',(1.196680168907E-10,7.071067811708E-1,7.071067812022E-1));
#2238=VECTOR('',#2237,5.854489408808E-2);
#2239=CARTESIAN_POINT('',(1.088763713788E2,8.561553637765E1,-8.526678865856E0));
#2240=LINE('',#2239,#2238);
#2241=DIRECTION('',(-8.164965809295E-1,5.773502691871E-1,-7.356225372269E-12));
#2242=VECTOR('',#2241,8.811483850681E-1);
#2243=CARTESIAN_POINT('',(1.095958260225E2,8.514820261195E1,-8.485281374235E0));
#2244=LINE('',#2243,#2242);
#2245=DIRECTION('',(1.385558334732E-13,7.071067811858E-1,-7.071067811873E-1));
#2246=VECTOR('',#2245,4.E0);
#2247=CARTESIAN_POINT('',(1.088763713788E2,8.282850674452E1,-5.656854249492E0));
#2248=LINE('',#2247,#2246);
#2249=DIRECTION('',(-1.869748755313E-13,7.071067811876E-1,-7.071067811855E-1));
#2250=VECTOR('',#2249,3.192171655910E0);
#2251=CARTESIAN_POINT('',(1.096763713788E2,8.282850674452E1,-6.222539674442E0));
#2252=LINE('',#2251,#2250);
#2253=DIRECTION('',(2.935495454723E-13,-9.960995293874E-1,8.823676985412E-2));
#2254=VECTOR('',#2253,4.163295512997E0);
#2255=CARTESIAN_POINT('',(1.096763713788E2,8.508571296913E1,-8.479745899044E0));
#2256=LINE('',#2255,#2254);
#2257=DIRECTION('',(-2.286368418998E-13,7.071067811867E-1,7.071067811864E-1));
#2258=VECTOR('',#2257,2.672652174848E0);
#2259=CARTESIAN_POINT('',(1.096763713788E2,8.093865626793E1,-8.112390151029E0));
#2260=LINE('',#2259,#2258);
#2261=DIRECTION('',(8.164965809275E-1,1.160311428702E-13,-5.773502691899E-1));
#2262=VECTOR('',#2261,9.797958971138E-1);
#2263=CARTESIAN_POINT('',(1.088763713788E2,8.282850674452E1,-5.656854249492E0));
#2264=LINE('',#2263,#2262);
#2265=DIRECTION('',(3.127799064901E-13,7.071067811869E-1,7.071067811862E-1));
#2266=VECTOR('',#2265,3.407552983823E0);
#2267=CARTESIAN_POINT('',(1.088763713788E2,8.041900292240E1,-8.066358071604E0));
#2268=LINE('',#2267,#2266);
#2269=DIRECTION('',(-8.164965809272E-1,5.773502691903E-1,6.463297255190E-13));
#2270=VECTOR('',#2269,9.797958971138E-1);
#2271=CARTESIAN_POINT('',(1.096763713788E2,8.226282131957E1,-5.656854249493E0));
#2272=LINE('',#2271,#2270);
#2273=DIRECTION('',(-6.217248937898E-14,-7.071067811867E-1,7.071067811864E-1));
#2274=VECTOR('',#2273,3.200000000001E0);
#2275=CARTESIAN_POINT('',(1.096763713788E2,8.000007961977E1,-7.919595949290E0));
#2276=LINE('',#2275,#2274);
#2277=DIRECTION('',(-3.108624468949E-14,7.071067811867E-1,7.071067811864E-1));
#2278=VECTOR('',#2277,3.200000000001E0);
#2279=CARTESIAN_POINT('',(1.096763713788E2,7.773733791997E1,-5.656854249493E0));
#2280=LINE('',#2279,#2278);
#2281=DIRECTION('',(3.996802888649E-14,7.071067811867E-1,-7.071067811864E-1));
#2282=VECTOR('',#2281,3.200000000001E0);
#2283=CARTESIAN_POINT('',(1.096763713788E2,8.000007961977E1,-3.394112549695E0));
#2284=LINE('',#2283,#2282);
#2285=DIRECTION('',(4.884981308349E-14,-7.071067811867E-1,-7.071067811864E-1));
#2286=VECTOR('',#2285,3.200000000001E0);
#2287=CARTESIAN_POINT('',(1.096763713788E2,8.226282131957E1,-5.656854249493E0));
#2288=LINE('',#2287,#2286);
#2289=DIRECTION('',(-8.881784196997E-14,7.071067811868E-1,7.071067811863E-1));
#2290=VECTOR('',#2289,4.000000000002E0);
#2291=CARTESIAN_POINT('',(1.088763713788E2,7.717165249502E1,-5.656854249493E0));
#2292=LINE('',#2291,#2290);
#2293=DIRECTION('',(8.164965809277E-1,-1.087791964409E-12,-5.773502691896E-1));
#2294=VECTOR('',#2293,9.797958971130E-1);
#2295=CARTESIAN_POINT('',(1.088763713788E2,8.000007961977E1,-2.828427124746E0));
#2296=LINE('',#2295,#2294);
#2297=DIRECTION('',(-8.164965809269E-1,5.773502691908E-1,6.010050603344E-13));
#2298=VECTOR('',#2297,9.797958971154E-1);
#2299=CARTESIAN_POINT('',(1.096763713788E2,7.943439419482E1,-2.828427124747E0));
#2300=LINE('',#2299,#2298);
#2301=DIRECTION('',(-8.164965809273E-1,-5.656518214915E-13,-5.773502691902E-1));
#2302=VECTOR('',#2301,9.797958971148E-1);
#2303=CARTESIAN_POINT('',(1.096763713788E2,7.717165249502E1,-5.091168824542E0));
#2304=LINE('',#2303,#2302);
#2305=DIRECTION('',(8.164965809278E-1,5.773502691896E-1,8.131244933950E-13));
#2306=VECTOR('',#2305,9.797958971136E-1);
#2307=CARTESIAN_POINT('',(1.088763713788E2,7.434322537028E1,-2.828427124746E0));
#2308=LINE('',#2307,#2306);
#2309=DIRECTION('',(-3.996802888653E-13,-7.071067811863E-1,7.071067811868E-1));
#2310=VECTOR('',#2309,3.199999999998E0);
#2311=CARTESIAN_POINT('',(1.096763713788E2,7.717165249502E1,-5.091168824542E0));
#2312=LINE('',#2311,#2310);
#2313=DIRECTION('',(-7.993605777311E-14,7.071067811862E-1,7.071067811869E-1));
#2314=VECTOR('',#2313,3.199999999996E0);
#2315=CARTESIAN_POINT('',(1.096763713788E2,7.490891079523E1,-2.828427124745E0));
#2316=LINE('',#2315,#2314);
#2317=DIRECTION('',(3.907985046679E-13,7.071067811867E-1,-7.071067811864E-1));
#2318=VECTOR('',#2317,3.200000000001E0);
#2319=CARTESIAN_POINT('',(1.096763713788E2,7.717165249502E1,
-5.656854249498E-1));
#2320=LINE('',#2319,#2318);
#2321=DIRECTION('',(9.325873406856E-14,-7.071067811868E-1,-7.071067811863E-1));
#2322=VECTOR('',#2321,3.199999999998E0);
#2323=CARTESIAN_POINT('',(1.096763713788E2,7.943439419482E1,-2.828427124747E0));
#2324=LINE('',#2323,#2322);
#2325=DIRECTION('',(-8.526512829126E-14,7.071067811862E-1,7.071067811869E-1));
#2326=VECTOR('',#2325,3.999999999998E0);
#2327=CARTESIAN_POINT('',(1.088763713788E2,7.434322537028E1,-2.828427124746E0));
#2328=LINE('',#2327,#2326);
#2329=DIRECTION('',(8.164965809274E-1,-7.542024286559E-13,-5.773502691900E-1));
#2330=VECTOR('',#2329,9.797958971140E-1);
#2331=CARTESIAN_POINT('',(1.088763713788E2,7.717165249502E1,
2.212674488078E-13));
#2332=LINE('',#2331,#2330);
#2333=DIRECTION('',(-8.164965809283E-1,5.773502691888E-1,7.640983138891E-14));
#2334=VECTOR('',#2333,9.797958971122E-1);
#2335=CARTESIAN_POINT('',(1.096763713788E2,7.660596707007E1,
1.464014095139E-13));
#2336=LINE('',#2335,#2334);
#2337=DIRECTION('',(-1.065814103641E-14,7.071067811862E-1,-7.071067811869E-1));
#2338=VECTOR('',#2337,3.999999999997E0);
#2339=CARTESIAN_POINT('',(1.088763713788E2,7.434322537028E1,2.828427124746E0));
#2340=LINE('',#2339,#2338);
#2341=DIRECTION('',(-8.164965809269E-1,-4.206128929037E-13,-5.773502691908E-1));
#2342=VECTOR('',#2341,9.797958971152E-1);
#2343=CARTESIAN_POINT('',(1.096763713788E2,7.717165249502E1,5.656854249517E-1));
#2344=LINE('',#2343,#2342);
#2345=DIRECTION('',(8.164965809277E-1,5.773502691897E-1,1.229204919781E-12));
#2346=VECTOR('',#2345,9.797958971134E-1);
#2347=CARTESIAN_POINT('',(1.088763713788E2,7.434322537028E1,2.828427124746E0));
#2348=LINE('',#2347,#2346);
#2349=DIRECTION('',(-2.353672812208E-13,-7.071067811863E-1,7.071067811868E-1));
#2350=VECTOR('',#2349,3.199999999996E0);
#2351=CARTESIAN_POINT('',(1.096763713788E2,7.717165249502E1,5.656854249517E-1));
#2352=LINE('',#2351,#2350);
#2353=DIRECTION('',(4.884981308357E-14,7.071067811862E-1,7.071067811869E-1));
#2354=VECTOR('',#2353,3.199999999996E0);
#2355=CARTESIAN_POINT('',(1.096763713788E2,7.490891079523E1,2.828427124747E0));
#2356=LINE('',#2355,#2354);
#2357=DIRECTION('',(2.353672812206E-13,7.071067811867E-1,-7.071067811864E-1));
#2358=VECTOR('',#2357,3.199999999999E0);
#2359=CARTESIAN_POINT('',(1.096763713788E2,7.717165249502E1,5.091168824542E0));
#2360=LINE('',#2359,#2358);
#2361=DIRECTION('',(-4.884981308354E-14,-7.071067811868E-1,-7.071067811863E-1));
#2362=VECTOR('',#2361,3.199999999998E0);
#2363=CARTESIAN_POINT('',(1.096763713788E2,7.943439419482E1,2.828427124746E0));
#2364=LINE('',#2363,#2362);
#2365=DIRECTION('',(1.421085471521E-14,7.071067811862E-1,7.071067811869E-1));
#2366=VECTOR('',#2365,3.999999999998E0);
#2367=CARTESIAN_POINT('',(1.088763713788E2,7.434322537028E1,2.828427124746E0));
#2368=LINE('',#2367,#2366);
#2369=DIRECTION('',(8.164965809276E-1,-9.572569286791E-13,-5.773502691898E-1));
#2370=VECTOR('',#2369,9.797958971136E-1);
#2371=CARTESIAN_POINT('',(1.088763713788E2,7.717165249502E1,5.656854249492E0));
#2372=LINE('',#2371,#2370);
#2373=DIRECTION('',(-8.164965809274E-1,5.773502691900E-1,-7.641738549957E-13));
#2374=VECTOR('',#2373,9.797958971148E-1);
#2375=CARTESIAN_POINT('',(1.096763713788E2,7.660596707007E1,5.656854249493E0));
#2376=LINE('',#2375,#2374);
#2377=DIRECTION('',(-8.376350080258E-1,5.440997928110E-1,4.819760152395E-2));
#2378=VECTOR('',#2377,9.550699198747E-1);
#2379=CARTESIAN_POINT('',(1.096763713788E2,7.470281612164E1,7.560005197924E0));
#2380=LINE('',#2379,#2378);
#2381=DIRECTION('',(-4.639755442547E-13,7.071067811861E-1,-7.071067811870E-1));
#2382=VECTOR('',#2381,2.756561073542E0);
#2383=CARTESIAN_POINT('',(1.088763713788E2,7.522246946717E1,7.606037277350E0));
#2384=LINE('',#2383,#2382);
#2385=DIRECTION('',(1.065814103640E-14,7.071067811868E-1,-7.071067811862E-1));
#2386=VECTOR('',#2385,4.000000000001E0);
#2387=CARTESIAN_POINT('',(1.088763713788E2,7.717165249502E1,5.656854249492E0));
#2388=LINE('',#2387,#2386);
#2389=DIRECTION('',(-8.164965809267E-1,5.773502691911E-1,2.266233259179E-14));
#2390=VECTOR('',#2389,9.797958971156E-1);
#2391=CARTESIAN_POINT('',(1.096763713788E2,7.943439419482E1,2.828427124746E0));
#2392=LINE('',#2391,#2390);
#2393=DIRECTION('',(1.776356839400E-14,7.071067811868E-1,7.071067811862E-1));
#2394=VECTOR('',#2393,4.000000000002E0);
#2395=CARTESIAN_POINT('',(1.088763713788E2,7.717165249502E1,
2.212674488078E-13));
#2396=LINE('',#2395,#2394);
#2397=DIRECTION('',(8.164965809275E-1,-1.595428214465E-13,-5.773502691899E-1));
#2398=VECTOR('',#2397,9.797958971139E-1);
#2399=CARTESIAN_POINT('',(1.088763713788E2,8.000007961977E1,2.828427124746E0));
#2400=LINE('',#2399,#2398);
#2401=DIRECTION('',(-8.164965809280E-1,2.320622857406E-13,-5.773502691893E-1));
#2402=VECTOR('',#2401,9.797958971128E-1);
#2403=CARTESIAN_POINT('',(1.096763713788E2,8.000007961977E1,-2.262741699798E0));
#2404=LINE('',#2403,#2402);
#2405=DIRECTION('',(8.164965809271E-1,5.773502691905E-1,-5.480885137333E-13));
#2406=VECTOR('',#2405,9.797958971140E-1);
#2407=CARTESIAN_POINT('',(1.088763713788E2,7.717165249502E1,
2.212674488078E-13));
#2408=LINE('',#2407,#2406);
#2409=DIRECTION('',(-1.776356839400E-13,-7.071067811867E-1,7.071067811864E-1));
#2410=VECTOR('',#2409,3.200000000001E0);
#2411=CARTESIAN_POINT('',(1.096763713788E2,8.000007961977E1,-2.262741699798E0));
#2412=LINE('',#2411,#2410);
#2413=DIRECTION('',(1.154631945610E-13,7.071067811867E-1,7.071067811864E-1));
#2414=VECTOR('',#2413,3.200000000001E0);
#2415=CARTESIAN_POINT('',(1.096763713788E2,7.773733791997E1,
-3.157474282034E-13));
#2416=LINE('',#2415,#2414);
#2417=DIRECTION('',(1.687538997430E-13,7.071067811867E-1,-7.071067811864E-1));
#2418=VECTOR('',#2417,3.200000000001E0);
#2419=CARTESIAN_POINT('',(1.096763713788E2,8.000007961977E1,2.262741699796E0));
#2420=LINE('',#2419,#2418);
#2421=DIRECTION('',(-1.065814103640E-13,-7.071067811867E-1,-7.071067811864E-1));
#2422=VECTOR('',#2421,3.200000000001E0);
#2423=CARTESIAN_POINT('',(1.096763713788E2,8.226282131957E1,
-7.955118045781E-13));
#2424=LINE('',#2423,#2422);
#2425=DIRECTION('',(1.776356839399E-13,7.071067811868E-1,-7.071067811863E-1));
#2426=VECTOR('',#2425,4.000000000002E0);
#2427=CARTESIAN_POINT('',(1.088763713788E2,8.000007961977E1,2.828427124746E0));
#2428=LINE('',#2427,#2426);
#2429=DIRECTION('',(-8.164965809280E-1,-6.671790715042E-13,-5.773502691893E-1));
#2430=VECTOR('',#2429,9.797958971128E-1);
#2431=CARTESIAN_POINT('',(1.096763713788E2,8.282850674452E1,5.656854249483E-1));
#2432=LINE('',#2431,#2430);
#2433=DIRECTION('',(8.164965809271E-1,5.773502691905E-1,-7.088777634717E-13));
#2434=VECTOR('',#2433,9.797958971149E-1);
#2435=CARTESIAN_POINT('',(1.088763713788E2,8.000007961977E1,2.828427124746E0));
#2436=LINE('',#2435,#2434);
#2437=DIRECTION('',(5.773159728049E-14,-7.071067811867E-1,7.071067811864E-1));
#2438=VECTOR('',#2437,3.200000000001E0);
#2439=CARTESIAN_POINT('',(1.096763713788E2,8.282850674452E1,5.656854249483E-1));
#2440=LINE('',#2439,#2438);
#2441=DIRECTION('',(1.154631945609E-13,7.071067811867E-1,7.071067811864E-1));
#2442=VECTOR('',#2441,3.200000000002E0);
#2443=CARTESIAN_POINT('',(1.096763713788E2,8.056576504472E1,2.828427124746E0));
#2444=LINE('',#2443,#2442);
#2445=DIRECTION('',(-6.217248937903E-14,7.071067811863E-1,-7.071067811868E-1));
#2446=VECTOR('',#2445,3.199999999999E0);
#2447=CARTESIAN_POINT('',(1.096763713788E2,8.282850674452E1,5.091168824543E0));
#2448=LINE('',#2447,#2446);
#2449=DIRECTION('',(-1.065814103640E-13,-7.071067811863E-1,-7.071067811868E-1));
#2450=VECTOR('',#2449,3.2E0);
#2451=CARTESIAN_POINT('',(1.096763713788E2,8.509124844432E1,2.828427124746E0));
#2452=LINE('',#2451,#2450);
#2453=DIRECTION('',(1.811883976187E-13,7.071067811868E-1,7.071067811863E-1));
#2454=VECTOR('',#2453,4.000000000002E0);
#2455=CARTESIAN_POINT('',(1.088763713788E2,8.000007961977E1,2.828427124746E0));
#2456=LINE('',#2455,#2454);
#2457=DIRECTION('',(8.164965809277E-1,1.377869821583E-12,-5.773502691896E-1));
#2458=VECTOR('',#2457,9.797958971137E-1);
#2459=CARTESIAN_POINT('',(1.088763713788E2,8.282850674452E1,5.656854249493E0));
#2460=LINE('',#2459,#2458);
#2461=DIRECTION('',(-8.164965809272E-1,5.773502691903E-1,-3.372155089664E-13));
#2462=VECTOR('',#2461,9.797958971140E-1);
#2463=CARTESIAN_POINT('',(1.096763713788E2,8.226282131957E1,5.656854249493E0));
#2464=LINE('',#2463,#2462);
#2465=DIRECTION('',(1.669775429037E-13,7.071067811862E-1,-7.071067811869E-1));
#2466=VECTOR('',#2465,3.999999999998E0);
#2467=CARTESIAN_POINT('',(1.088763713788E2,8.282850674452E1,5.656854249493E0));
#2468=LINE('',#2467,#2466);
#2469=DIRECTION('',(-8.164965809274E-1,-1.595428214465E-13,-5.773502691900E-1));
#2470=VECTOR('',#2469,9.797958971139E-1);
#2471=CARTESIAN_POINT('',(1.096763713788E2,8.565693386926E1,3.394112549696E0));
#2472=LINE('',#2471,#2470);
#2473=DIRECTION('',(8.164965809280E-1,5.773502691893E-1,1.368804888548E-13));
#2474=VECTOR('',#2473,9.797958971130E-1);
#2475=CARTESIAN_POINT('',(1.088763713788E2,8.282850674452E1,5.656854249493E0));
#2476=LINE('',#2475,#2474);
#2477=DIRECTION('',(-2.930988785012E-13,-7.071067811863E-1,7.071067811868E-1));
#2478=VECTOR('',#2477,3.199999999998E0);
#2479=CARTESIAN_POINT('',(1.096763713788E2,8.565693386926E1,3.394112549696E0));
#2480=LINE('',#2479,#2478);
#2481=DIRECTION('',(5.773159728056E-14,7.071067811862E-1,7.071067811869E-1));
#2482=VECTOR('',#2481,3.199999999997E0);
#2483=CARTESIAN_POINT('',(1.096763713788E2,8.339419216947E1,5.656854249493E0));
#2484=LINE('',#2483,#2482);
#2485=DIRECTION('',(2.975397705994E-13,7.071067811867E-1,-7.071067811864E-1));
#2486=VECTOR('',#2485,3.200000000001E0);
#2487=CARTESIAN_POINT('',(1.096763713788E2,8.565693386926E1,7.919595949289E0));
#2488=LINE('',#2487,#2486);
#2489=DIRECTION('',(-5.773159728052E-14,-7.071067811868E-1,-7.071067811863E-1));
#2490=VECTOR('',#2489,3.199999999999E0);
#2491=CARTESIAN_POINT('',(1.096763713788E2,8.791967556906E1,5.656854249492E0));
#2492=LINE('',#2491,#2490);
#2493=DIRECTION('',(0.E0,7.071067811861E-1,7.071067811870E-1));
#2494=VECTOR('',#2493,3.999999999997E0);
#2495=CARTESIAN_POINT('',(1.088763713788E2,8.282850674452E1,5.656854249493E0));
#2496=LINE('',#2495,#2494);
#2497=DIRECTION('',(8.164965809275E-1,1.450389285877E-13,-5.773502691899E-1));
#2498=VECTOR('',#2497,9.797958971137E-1);
#2499=CARTESIAN_POINT('',(1.088763713788E2,8.565693386926E1,8.485281374239E0));
#2500=LINE('',#2499,#2498);
#2501=DIRECTION('',(1.669775429035E-13,7.071067811868E-1,-7.071067811863E-1));
#2502=VECTOR('',#2501,4.000000000003E0);
#2503=CARTESIAN_POINT('',(1.088763713788E2,8.565693386926E1,8.485281374239E0));
#2504=LINE('',#2503,#2502);
#2505=DIRECTION('',(-8.164965809272E-1,5.773502691904E-1,-1.096856897444E-13));
#2506=VECTOR('',#2505,9.797958971144E-1);
#2507=CARTESIAN_POINT('',(1.096763713788E2,8.791967556906E1,5.656854249492E0));
#2508=LINE('',#2507,#2506);
#2509=DIRECTION('',(0.E0,7.071067811868E-1,7.071067811863E-1));
#2510=VECTOR('',#2509,4.000000000001E0);
#2511=CARTESIAN_POINT('',(1.088763713788E2,8.565693386926E1,2.828427124746E0));
#2512=LINE('',#2511,#2510);
#2513=DIRECTION('',(8.164965809280E-1,-1.595428214467E-13,-5.773502691892E-1));
#2514=VECTOR('',#2513,9.797958971126E-1);
#2515=CARTESIAN_POINT('',(1.088763713788E2,8.848536099401E1,5.656854249492E0));
#2516=LINE('',#2515,#2514);
#2517=DIRECTION('',(-8.164965809282E-1,8.702335715282E-13,-5.773502691889E-1));
#2518=VECTOR('',#2517,9.797958971116E-1);
#2519=CARTESIAN_POINT('',(1.096763713788E2,8.848536099401E1,5.656854249483E-1));
#2520=LINE('',#2519,#2518);
#2521=DIRECTION('',(8.164965809276E-1,5.773502691898E-1,-7.057050369105E-13));
#2522=VECTOR('',#2521,9.797958971125E-1);
#2523=CARTESIAN_POINT('',(1.088763713788E2,8.565693386926E1,2.828427124746E0));
#2524=LINE('',#2523,#2522);
#2525=DIRECTION('',(5.773159728049E-14,-7.071067811867E-1,7.071067811864E-1));
#2526=VECTOR('',#2525,3.200000000001E0);
#2527=CARTESIAN_POINT('',(1.096763713788E2,8.848536099401E1,5.656854249483E-1));
#2528=LINE('',#2527,#2526);
#2529=DIRECTION('',(1.154631945609E-13,7.071067811867E-1,7.071067811864E-1));
#2530=VECTOR('',#2529,3.200000000002E0);
#2531=CARTESIAN_POINT('',(1.096763713788E2,8.622261929421E1,2.828427124746E0));
#2532=LINE('',#2531,#2530);
#2533=DIRECTION('',(-6.217248937899E-14,7.071067811867E-1,-7.071067811864E-1));
#2534=VECTOR('',#2533,3.200000000001E0);
#2535=CARTESIAN_POINT('',(1.096763713788E2,8.848536099401E1,5.091168824543E0));
#2536=LINE('',#2535,#2534);
#2537=DIRECTION('',(-1.065814103639E-13,-7.071067811867E-1,-7.071067811864E-1));
#2538=VECTOR('',#2537,3.200000000002E0);
#2539=CARTESIAN_POINT('',(1.096763713788E2,9.074810269381E1,2.828427124746E0));
#2540=LINE('',#2539,#2538);
#2541=DIRECTION('',(0.E0,7.071067811867E-1,-7.071067811864E-1));
#2542=VECTOR('',#2541,4.E0);
#2543=CARTESIAN_POINT('',(1.088763713788E2,8.848536099401E1,5.656854249492E0));
#2544=LINE('',#2543,#2542);
#2545=DIRECTION('',(-8.164965809282E-1,-1.450389285880E-12,-5.773502691889E-1));
#2546=VECTOR('',#2545,9.797958971119E-1);
#2547=CARTESIAN_POINT('',(1.096763713788E2,9.131378811876E1,3.394112549694E0));
#2548=LINE('',#2547,#2546);
#2549=DIRECTION('',(8.164965809276E-1,5.773502691898E-1,-5.964725938170E-13));
#2550=VECTOR('',#2549,9.797958971137E-1);
#2551=CARTESIAN_POINT('',(1.088763713788E2,8.848536099401E1,5.656854249492E0));
#2552=LINE('',#2551,#2550);
#2553=DIRECTION('',(2.975397705994E-13,-7.071067811867E-1,7.071067811864E-1));
#2554=VECTOR('',#2553,3.200000000001E0);
#2555=CARTESIAN_POINT('',(1.096763713788E2,9.131378811876E1,3.394112549694E0));
#2556=LINE('',#2555,#2554);
#2557=DIRECTION('',(-1.421085471523E-12,7.071067811867E-1,7.071067811864E-1));
#2558=VECTOR('',#2557,3.199999999994E0);
#2559=CARTESIAN_POINT('',(1.096763713788E2,8.905104641896E1,5.656854249491E0));
#2560=LINE('',#2559,#2558);
#2561=DIRECTION('',(-3.019806626981E-13,7.071067811863E-1,-7.071067811868E-1));
#2562=VECTOR('',#2561,3.199999999999E0);
#2563=CARTESIAN_POINT('',(1.096763713788E2,9.131378811875E1,7.919595949284E0));
#2564=LINE('',#2563,#2562);
#2565=DIRECTION('',(1.425526363622E-12,-7.071067811863E-1,-7.071067811868E-1));
#2566=VECTOR('',#2565,3.199999999993E0);
#2567=CARTESIAN_POINT('',(1.096763713788E2,9.357652981855E1,5.656854249487E0));
#2568=LINE('',#2567,#2566);
#2569=DIRECTION('',(-5.293543381422E-13,7.071067811866E-1,7.071067811865E-1));
#2570=VECTOR('',#2569,3.999999999993E0);
#2571=CARTESIAN_POINT('',(1.088763713788E2,8.848536099401E1,5.656854249492E0));
#2572=LINE('',#2571,#2570);
#2573=DIRECTION('',(8.164965809270E-1,1.711459357339E-12,-5.773502691906E-1));
#2574=VECTOR('',#2573,9.797958971114E-1);
#2575=CARTESIAN_POINT('',(1.088763713788E2,9.131378811875E1,8.485281374233E0));
#2576=LINE('',#2575,#2574);
#2577=DIRECTION('',(-8.164965809273E-1,5.773502691902E-1,-3.100207098571E-13));
#2578=VECTOR('',#2577,9.797958971110E-1);
#2579=CARTESIAN_POINT('',(1.096763713788E2,9.074810269380E1,8.485281374233E0));
#2580=LINE('',#2579,#2578);
#2581=DIRECTION('',(0.E0,7.071067811862E-1,-7.071067811869E-1));
#2582=VECTOR('',#2581,3.999999999998E0);
#2583=CARTESIAN_POINT('',(1.088763713788E2,9.131378811875E1,8.485281374233E0));
#2584=LINE('',#2583,#2582);
#2585=DIRECTION('',(-8.164965809281E-1,5.773502691891E-1,2.764804576217E-13));
#2586=VECTOR('',#2585,9.797958971090E-1);
#2587=CARTESIAN_POINT('',(1.096763713788E2,9.357652981855E1,5.656854249487E0));
#2588=LINE('',#2587,#2586);
#2589=DIRECTION('',(-5.293543381425E-13,7.071067811863E-1,7.071067811868E-1));
#2590=VECTOR('',#2589,3.999999999991E0);
#2591=CARTESIAN_POINT('',(1.088763713788E2,9.131378811876E1,2.828427124746E0));
#2592=LINE('',#2591,#2590);
#2593=DIRECTION('',(8.164965809273E-1,-4.641245714818E-13,-5.773502691903E-1));
#2594=VECTOR('',#2593,9.797958971114E-1);
#2595=CARTESIAN_POINT('',(1.088763713788E2,9.414221524350E1,5.656854249487E0));
#2596=LINE('',#2595,#2594);
#2597=DIRECTION('',(-8.164965809282E-1,1.102295857269E-12,-5.773502691889E-1));
#2598=VECTOR('',#2597,9.797958971120E-1);
#2599=CARTESIAN_POINT('',(1.096763713788E2,9.414221524350E1,5.656854249478E-1));
#2600=LINE('',#2599,#2598);
#2601=DIRECTION('',(8.164965809298E-1,5.773502691867E-1,-7.183959431638E-13));
#2602=VECTOR('',#2601,9.797958971100E-1);
#2603=CARTESIAN_POINT('',(1.088763713788E2,9.131378811876E1,2.828427124746E0));
#2604=LINE('',#2603,#2602);
#2605=DIRECTION('',(-6.217248937897E-14,-7.071067811867E-1,7.071067811864E-1));
#2606=VECTOR('',#2605,3.200000000002E0);
#2607=CARTESIAN_POINT('',(1.096763713788E2,9.414221524350E1,5.656854249478E-1));
#2608=LINE('',#2607,#2606);
#2609=DIRECTION('',(-1.065814103642E-12,7.071067811867E-1,7.071067811864E-1));
#2610=VECTOR('',#2609,3.199999999994E0);
#2611=CARTESIAN_POINT('',(1.096763713788E2,9.187947354370E1,2.828427124746E0));
#2612=LINE('',#2611,#2610);
#2613=DIRECTION('',(6.661338147747E-14,7.071067811867E-1,-7.071067811864E-1));
#2614=VECTOR('',#2613,3.200000000002E0);
#2615=CARTESIAN_POINT('',(1.096763713788E2,9.414221524349E1,5.091168824538E0));
#2616=LINE('',#2615,#2614);
#2617=DIRECTION('',(1.061373211543E-12,-7.071067811867E-1,-7.071067811864E-1));
#2618=VECTOR('',#2617,3.199999999994E0);
#2619=CARTESIAN_POINT('',(1.096763713788E2,9.640495694329E1,2.828427124740E0));
#2620=LINE('',#2619,#2618);
#2621=DIRECTION('',(0.E0,7.071067811868E-1,-7.071067811863E-1));
#2622=VECTOR('',#2621,4.000000000002E0);
#2623=CARTESIAN_POINT('',(1.088763713788E2,9.414221524350E1,5.656854249487E0));
#2624=LINE('',#2623,#2622);
#2625=DIRECTION('',(-8.164965809275E-1,-3.959562750432E-12,-5.773502691899E-1));
#2626=VECTOR('',#2625,9.797958971169E-1);
#2627=CARTESIAN_POINT('',(1.096763713788E2,9.697064236825E1,3.394112549692E0));
#2628=LINE('',#2627,#2626);
#2629=DIRECTION('',(8.164965809269E-1,5.773502691908E-1,3.154596696768E-12));
#2630=VECTOR('',#2629,9.797958971184E-1);
#2631=CARTESIAN_POINT('',(1.088763713788E2,9.414221524350E1,5.656854249487E0));
#2632=LINE('',#2631,#2630);
#2633=DIRECTION('',(1.776356839399E-13,-7.071067811867E-1,7.071067811864E-1));
#2634=VECTOR('',#2633,3.200000000002E0);
#2635=CARTESIAN_POINT('',(1.096763713788E2,9.697064236825E1,3.394112549692E0));
#2636=LINE('',#2635,#2634);
#2637=DIRECTION('',(-1.421085471521E-12,7.071067811867E-1,7.071067811864E-1));
#2638=VECTOR('',#2637,3.199999999998E0);
#2639=CARTESIAN_POINT('',(1.096763713788E2,9.470790066845E1,5.656854249490E0));
#2640=LINE('',#2639,#2638);
#2641=DIRECTION('',(-1.776356839400E-13,7.071067811863E-1,-7.071067811868E-1));
#2642=VECTOR('',#2641,3.2E0);
#2643=CARTESIAN_POINT('',(1.096763713788E2,9.697064236824E1,7.919595949285E0));
#2644=LINE('',#2643,#2642);
#2645=DIRECTION('',(1.429967255719E-12,-7.071067811863E-1,-7.071067811868E-1));
#2646=VECTOR('',#2645,3.199999999996E0);
#2647=CARTESIAN_POINT('',(1.096763713788E2,9.923338406804E1,5.656854249487E0));
#2648=LINE('',#2647,#2646);
#2649=DIRECTION('',(1.065814103639E-14,7.071067811867E-1,7.071067811864E-1));
#2650=VECTOR('',#2649,4.000000000004E0);
#2651=CARTESIAN_POINT('',(1.088763713788E2,9.414221524350E1,5.656854249487E0));
#2652=LINE('',#2651,#2650);
#2653=DIRECTION('',(8.164965809270E-1,5.801557143516E-14,-5.773502691906E-1));
#2654=VECTOR('',#2653,9.797958971126E-1);
#2655=CARTESIAN_POINT('',(1.088763713788E2,9.697064236824E1,8.485281374235E0));
#2656=LINE('',#2655,#2654);
#2657=DIRECTION('',(-8.164965809271E-1,5.773502691904E-1,-2.937038303907E-13));
#2658=VECTOR('',#2657,9.797958971118E-1);
#2659=CARTESIAN_POINT('',(1.096763713788E2,9.640495694330E1,8.485281374235E0));
#2660=LINE('',#2659,#2658);
#2661=DIRECTION('',(0.E0,7.071067811854E-1,-7.071067811877E-1));
#2662=VECTOR('',#2661,3.999999999994E0);
#2663=CARTESIAN_POINT('',(1.088763713788E2,9.697064236824E1,8.485281374235E0));
#2664=LINE('',#2663,#2662);
#2665=DIRECTION('',(-8.164965809310E-1,5.773502691850E-1,7.242881496398E-13));
#2666=VECTOR('',#2665,9.797958971071E-1);
#2667=CARTESIAN_POINT('',(1.096763713788E2,9.923338406804E1,5.656854249487E0));
#2668=LINE('',#2667,#2666);
#2669=DIRECTION('',(0.E0,7.071067811854E-1,7.071067811877E-1));
#2670=VECTOR('',#2669,3.999999999996E0);
#2671=CARTESIAN_POINT('',(1.088763713788E2,9.697064236824E1,2.828427124741E0));
#2672=LINE('',#2671,#2670);
#2673=DIRECTION('',(8.164965809273E-1,4.684757393391E-12,-5.773502691903E-1));
#2674=VECTOR('',#2673,9.797958971121E-1);
#2675=CARTESIAN_POINT('',(1.088763713788E2,9.979906949298E1,5.656854249488E0));
#2676=LINE('',#2675,#2674);
#2677=DIRECTION('',(-8.164965809265E-1,-9.645088751024E-12,-5.773502691914E-1));
#2678=VECTOR('',#2677,9.797958971197E-1);
#2679=CARTESIAN_POINT('',(1.096763713788E2,9.979906949299E1,5.656854249489E-1));
#2680=LINE('',#2679,#2678);
#2681=DIRECTION('',(8.164965809275E-1,5.773502691900E-1,5.034210561932E-12));
#2682=VECTOR('',#2681,9.797958971172E-1);
#2683=CARTESIAN_POINT('',(1.088763713788E2,9.697064236824E1,2.828427124741E0));
#2684=LINE('',#2683,#2682);
#2685=DIRECTION('',(-1.287858708566E-13,-7.071067811863E-1,7.071067811868E-1));
#2686=VECTOR('',#2685,3.199999999998E0);
#2687=CARTESIAN_POINT('',(1.096763713788E2,9.979906949299E1,5.656854249489E-1));
#2688=LINE('',#2687,#2686);
#2689=DIRECTION('',(-1.358912982144E-12,7.071067811862E-1,7.071067811869E-1));
#2690=VECTOR('',#2689,3.199999999994E0);
#2691=CARTESIAN_POINT('',(1.096763713788E2,9.753632779320E1,2.828427124745E0));
#2692=LINE('',#2691,#2690);
#2693=DIRECTION('',(1.421085471523E-13,7.071067811850E-1,-7.071067811881E-1));
#2694=VECTOR('',#2693,3.199999999993E0);
#2695=CARTESIAN_POINT('',(1.096763713788E2,9.979906949299E1,5.091168824539E0));
#2696=LINE('',#2695,#2694);
#2697=DIRECTION('',(1.363353874245E-12,-7.071067811851E-1,-7.071067811880E-1));
#2698=VECTOR('',#2697,3.199999999988E0);
#2699=CARTESIAN_POINT('',(1.096763713788E2,1.020618111928E2,2.828427124742E0));
#2700=LINE('',#2699,#2698);
#2701=DIRECTION('',(-1.634248292250E-13,7.071067811855E-1,-7.071067811876E-1));
#2702=VECTOR('',#2701,3.999999999995E0);
#2703=CARTESIAN_POINT('',(1.088763713788E2,9.979906949298E1,5.656854249488E0));
#2704=LINE('',#2703,#2702);
#2705=DIRECTION('',(-8.164965809273E-1,1.131303642981E-11,-5.773502691902E-1));
#2706=VECTOR('',#2705,9.797958971166E-1);
#2707=CARTESIAN_POINT('',(1.096763713788E2,1.026274966177E2,3.394112549694E0));
#2708=LINE('',#2707,#2706);
#2709=DIRECTION('',(8.164965809356E-1,5.773502691785E-1,2.751207176695E-12));
#2710=VECTOR('',#2709,9.797958970971E-1);
#2711=CARTESIAN_POINT('',(1.088763713788E2,9.979906949298E1,5.656854249488E0));
#2712=LINE('',#2711,#2710);
#2713=DIRECTION('',(-2.251532293939E-12,-7.071067811867E-1,7.071067811864E-1));
#2714=VECTOR('',#2713,3.200000000001E0);
#2715=CARTESIAN_POINT('',(1.096763713788E2,1.026274966177E2,3.394112549694E0));
#2716=LINE('',#2715,#2714);
#2717=DIRECTION('',(2.891020756118E-12,7.071067811867E-1,7.071067811864E-1));
#2718=VECTOR('',#2717,3.200000000007E0);
#2719=CARTESIAN_POINT('',(1.096763713788E2,1.003647549179E2,5.656854249491E0));
#2720=LINE('',#2719,#2718);
#2721=DIRECTION('',(2.269295862327E-12,7.071067811888E-1,-7.071067811843E-1));
#2722=VECTOR('',#2721,3.200000000010E0);
#2723=CARTESIAN_POINT('',(1.096763713788E2,1.026274966177E2,7.919595949292E0));
#2724=LINE('',#2723,#2722);
#2725=DIRECTION('',(-2.886579864011E-12,-7.071067811887E-1,-7.071067811843E-1));
#2726=VECTOR('',#2725,3.200000000016E0);
#2727=CARTESIAN_POINT('',(1.096763713788E2,1.048902383175E2,5.656854249495E0));
#2728=LINE('',#2727,#2726);
#2729=DIRECTION('',(-1.065814103638E-14,7.071067811855E-1,7.071067811876E-1));
#2730=VECTOR('',#2729,4.000000000010E0);
#2731=CARTESIAN_POINT('',(1.088763713788E2,9.979906949298E1,5.656854249488E0));
#2732=LINE('',#2731,#2730);
#2733=DIRECTION('',(8.164965809271E-1,-1.786879600192E-11,-5.773502691905E-1));
#2734=VECTOR('',#2733,9.797958971186E-1);
#2735=CARTESIAN_POINT('',(1.088763713788E2,1.026274966177E2,8.485281374245E0));
#2736=LINE('',#2735,#2734);
#2737=DIRECTION('',(-8.164965809268E-1,5.773502691910E-1,9.287930389345E-12));
#2738=VECTOR('',#2737,9.797958971234E-1);
#2739=CARTESIAN_POINT('',(1.096763713788E2,1.020618111928E2,8.485281374236E0));
#2740=LINE('',#2739,#2738);
#2741=DIRECTION('',(-1.669775429031E-13,7.071067811887E-1,-7.071067811844E-1));
#2742=VECTOR('',#2741,4.000000000013E0);
#2743=CARTESIAN_POINT('',(1.088763713788E2,1.026274966177E2,8.485281374245E0));
#2744=LINE('',#2743,#2742);
#2745=DIRECTION('',(-8.164965809219E-1,5.773502691979E-1,3.670391386495E-12));
#2746=VECTOR('',#2745,9.797958971345E-1);
#2747=CARTESIAN_POINT('',(1.096763713788E2,1.048902383175E2,5.656854249495E0));
#2748=LINE('',#2747,#2746);
#2749=DIRECTION('',(0.E0,7.071067811887E-1,7.071067811844E-1));
#2750=VECTOR('',#2749,4.000000000027E0);
#2751=CARTESIAN_POINT('',(1.088763713788E2,1.026274966177E2,2.828427124742E0));
#2752=LINE('',#2751,#2750);
#2753=DIRECTION('',(8.164965809270E-1,5.453463714870E-12,-5.773502691906E-1));
#2754=VECTOR('',#2753,9.797958971188E-1);
#2755=CARTESIAN_POINT('',(1.088763713788E2,1.054559237425E2,5.656854249499E0));
#2756=LINE('',#2755,#2754);
#2757=DIRECTION('',(-8.164965809273E-1,-1.138555589411E-11,-5.773502691902E-1));
#2758=VECTOR('',#2757,9.797958971164E-1);
#2759=CARTESIAN_POINT('',(1.096763713788E2,1.054559237425E2,5.656854249478E-1));
#2760=LINE('',#2759,#2758);
#2761=DIRECTION('',(8.164965809158E-1,5.773502692064E-1,2.195980028104E-12));
#2762=VECTOR('',#2761,9.797958971334E-1);
#2763=CARTESIAN_POINT('',(1.088763713788E2,1.026274966177E2,2.828427124742E0));
#2764=LINE('',#2763,#2762);
#2765=DIRECTION('',(8.171241461243E-13,-7.071067811867E-1,7.071067811864E-1));
#2766=VECTOR('',#2765,3.199999999999E0);
#2767=CARTESIAN_POINT('',(1.096763713788E2,1.054559237425E2,5.656854249478E-1));
#2768=LINE('',#2767,#2766);
#2769=DIRECTION('',(-3.108624468944E-13,7.071067811867E-1,7.071067811864E-1));
#2770=VECTOR('',#2769,3.200000000007E0);
#2771=CARTESIAN_POINT('',(1.096763713788E2,1.031931820427E2,2.828427124744E0));
#2772=LINE('',#2771,#2770);
#2773=DIRECTION('',(-7.993605777326E-13,7.071067811846E-1,-7.071067811885E-1));
#2774=VECTOR('',#2773,3.199999999990E0);
#2775=CARTESIAN_POINT('',(1.096763713788E2,1.054559237425E2,5.091168824545E0));
#2776=LINE('',#2775,#2774);
#2777=DIRECTION('',(2.930988785013E-13,-7.071067811846E-1,-7.071067811885E-1));
#2778=VECTOR('',#2777,3.199999999998E0);
#2779=CARTESIAN_POINT('',(1.096763713788E2,1.077186654423E2,2.828427124749E0));
#2780=LINE('',#2779,#2778);
#2781=DIRECTION('',(0.E0,7.071067811850E-1,-7.071067811881E-1));
#2782=VECTOR('',#2781,3.999999999990E0);
#2783=CARTESIAN_POINT('',(1.088763713788E2,1.054559237425E2,5.656854249499E0));
#2784=LINE('',#2783,#2782);
#2785=DIRECTION('',(-8.164965809273E-1,1.369167485873E-11,-5.773502691903E-1));
#2786=VECTOR('',#2785,9.797958971102E-1);
#2787=CARTESIAN_POINT('',(1.096763713788E2,1.082843508672E2,3.394112549701E0));
#2788=LINE('',#2787,#2786);
#2789=DIRECTION('',(8.164965809375E-1,5.773502691758E-1,-1.383308781438E-12));
#2790=VECTOR('',#2789,9.797958970904E-1);
#2791=CARTESIAN_POINT('',(1.088763713788E2,1.054559237425E2,5.656854249499E0));
#2792=LINE('',#2791,#2790);
#2793=DIRECTION('',(-1.918465386553E-12,-7.071067811867E-1,7.071067811864E-1));
#2794=VECTOR('',#2793,3.2E0);
#2795=CARTESIAN_POINT('',(1.096763713788E2,1.082843508672E2,3.394112549701E0));
#2796=LINE('',#2795,#2794);
#2797=DIRECTION('',(4.267697306662E-12,7.071067811867E-1,7.071067811864E-1));
#2798=VECTOR('',#2797,3.199999999998E0);
#2799=CARTESIAN_POINT('',(1.096763713788E2,1.060216091674E2,5.656854249497E0));
#2800=LINE('',#2799,#2798);
#2801=DIRECTION('',(1.914024494448E-12,7.071067811888E-1,-7.071067811843E-1));
#2802=VECTOR('',#2801,3.200000000009E0);
#2803=CARTESIAN_POINT('',(1.096763713788E2,1.082843508672E2,7.919595949292E0));
#2804=LINE('',#2803,#2802);
#2805=DIRECTION('',(-4.254374630354E-12,-7.071067811888E-1,-7.071067811843E-1));
#2806=VECTOR('',#2805,3.200000000008E0);
#2807=CARTESIAN_POINT('',(1.096763713788E2,1.105470925670E2,5.656854249496E0));
#2808=LINE('',#2807,#2806);
#2809=DIRECTION('',(1.772804125731E-12,7.071067811846E-1,7.071067811885E-1));
#2810=VECTOR('',#2809,3.999999999979E0);
#2811=CARTESIAN_POINT('',(1.088763713788E2,1.054559237425E2,5.656854249499E0));
#2812=LINE('',#2811,#2810);
#2813=DIRECTION('',(8.164965809287E-1,-5.366440357772E-12,-5.773502691883E-1));
#2814=VECTOR('',#2813,9.797958971090E-1);
#2815=CARTESIAN_POINT('',(1.088763713788E2,1.082843508672E2,8.485281374238E0));
#2816=LINE('',#2815,#2814);
#2817=DIRECTION('',(-8.164965809347E-1,5.773502691798E-1,-7.425993143816E-12));
#2818=VECTOR('',#2817,9.797958970973E-1);
#2819=CARTESIAN_POINT('',(1.096763713788E2,1.077186654423E2,8.485281374245E0));
#2820=LINE('',#2819,#2818);
#2821=DIRECTION('',(0.E0,7.071067811887E-1,-7.071067811844E-1));
#2822=VECTOR('',#2821,4.000000000013E0);
#2823=CARTESIAN_POINT('',(1.088763713788E2,1.082843508672E2,8.485281374238E0));
#2824=LINE('',#2823,#2822);
#2825=DIRECTION('',(-8.164965809242E-1,5.773502691946E-1,-5.816967529623E-12));
#2826=VECTOR('',#2825,9.797958971218E-1);
#2827=CARTESIAN_POINT('',(1.096763713788E2,1.105470925670E2,5.656854249496E0));
#2828=LINE('',#2827,#2826);
#2829=DIRECTION('',(1.772804125721E-12,7.071067811887E-1,7.071067811844E-1));
#2830=VECTOR('',#2829,4.E0);
#2831=CARTESIAN_POINT('',(1.088763713788E2,1.082843508672E2,2.828427124753E0));
#2832=LINE('',#2831,#2830);
#2833=DIRECTION('',(8.164965809294E-1,1.633138335907E-11,-5.773502691872E-1));
#2834=VECTOR('',#2833,9.797958971083E-1);
#2835=CARTESIAN_POINT('',(1.088763713788E2,1.111127779920E2,5.656854249491E0));
#2836=LINE('',#2835,#2834);
#2837=DIRECTION('',(-8.164965809245E-1,-1.450389285882E-11,-5.773502691942E-1));
#2838=VECTOR('',#2837,9.797958971104E-1);
#2839=CARTESIAN_POINT('',(1.096763713788E2,1.111127779920E2,5.656854249609E-1));
#2840=LINE('',#2839,#2838);
#2841=DIRECTION('',(8.164965809159E-1,5.773502692064E-1,-1.480756811527E-12));
#2842=VECTOR('',#2841,9.797958971291E-1);
#2843=CARTESIAN_POINT('',(1.088763713788E2,1.082843508672E2,2.828427124753E0));
#2844=LINE('',#2843,#2842);
#2845=DIRECTION('',(2.549072064546E-12,-7.071067811867E-1,7.071067811864E-1));
#2846=VECTOR('',#2845,3.199999999992E0);
#2847=CARTESIAN_POINT('',(1.096763713788E2,1.111127779920E2,5.656854249609E-1));
#2848=LINE('',#2847,#2846);
#2849=DIRECTION('',(1.074695887838E-12,7.071067811867E-1,7.071067811864E-1));
#2850=VECTOR('',#2849,3.199999999998E0);
#2851=CARTESIAN_POINT('',(1.096763713788E2,1.088500362922E2,2.828427124752E0));
#2852=LINE('',#2851,#2850);
#2853=DIRECTION('',(-2.562394740849E-12,7.071067811846E-1,-7.071067811885E-1));
#2854=VECTOR('',#2853,3.199999999982E0);
#2855=CARTESIAN_POINT('',(1.096763713788E2,1.111127779920E2,5.091168824547E0));
#2856=LINE('',#2855,#2854);
#2857=DIRECTION('',(-1.061373211545E-12,-7.071067811846E-1,-7.071067811885E-1));
#2858=VECTOR('',#2857,3.199999999989E0);
#2859=CARTESIAN_POINT('',(1.096763713788E2,1.133755196918E2,2.828427124756E0));
#2860=LINE('',#2859,#2858);
#2861=DIRECTION('',(-3.517186542029E-13,7.071067811850E-1,-7.071067811881E-1));
#2862=VECTOR('',#2861,3.999999999982E0);
#2863=CARTESIAN_POINT('',(1.088763713788E2,1.111127779920E2,5.656854249491E0));
#2864=LINE('',#2863,#2862);
#2865=DIRECTION('',(-8.164965809292E-1,1.576573153760E-11,-5.773502691875E-1));
#2866=VECTOR('',#2865,9.797958971067E-1);
#2867=CARTESIAN_POINT('',(1.096763713788E2,1.139412051167E2,3.394112549694E0));
#2868=LINE('',#2867,#2866);
#2869=DIRECTION('',(8.164965809399E-1,5.773502691724E-1,-5.445305275289E-12));
#2870=VECTOR('',#2869,9.797958970915E-1);
#2871=CARTESIAN_POINT('',(1.088763713788E2,1.111127779920E2,5.656854249491E0));
#2872=LINE('',#2871,#2870);
#2873=DIRECTION('',(-1.465494392509E-13,-7.071067811867E-1,7.071067811864E-1));
#2874=VECTOR('',#2873,3.199999999992E0);
#2875=CARTESIAN_POINT('',(1.096763713788E2,1.139412051167E2,3.394112549694E0));
#2876=LINE('',#2875,#2874);
#2877=DIRECTION('',(1.318944953248E-12,7.071067811867E-1,7.071067811864E-1));
#2878=VECTOR('',#2877,3.200000000017E0);
#2879=CARTESIAN_POINT('',(1.096763713788E2,1.116784634169E2,5.656854249485E0));
#2880=LINE('',#2879,#2878);
#2881=DIRECTION('',(1.465494392505E-13,7.071067811888E-1,-7.071067811843E-1));
#2882=VECTOR('',#2881,3.200000000001E0);
#2883=CARTESIAN_POINT('',(1.096763713788E2,1.139412051167E2,7.919595949294E0));
#2884=LINE('',#2883,#2882);
#2885=DIRECTION('',(-1.301181384850E-12,-7.071067811888E-1,-7.071067811843E-1));
#2886=VECTOR('',#2885,3.200000000027E0);
#2887=CARTESIAN_POINT('',(1.096763713788E2,1.162039468165E2,5.656854249503E0));
#2888=LINE('',#2887,#2886);
#2889=DIRECTION('',(1.421085471523E-14,7.071067811849E-1,7.071067811881E-1));
#2890=VECTOR('',#2889,3.999999999993E0);
#2891=CARTESIAN_POINT('',(1.088763713788E2,1.111127779920E2,5.656854249491E0));
#2892=LINE('',#2891,#2890);
#2893=DIRECTION('',(8.164965809293E-1,-5.903084393546E-12,-5.773502691874E-1));
#2894=VECTOR('',#2893,9.797958971094E-1);
#2895=CARTESIAN_POINT('',(1.088763713788E2,1.139412051167E2,8.485281374239E0));
#2896=LINE('',#2895,#2894);
#2897=DIRECTION('',(-8.164965809333E-1,5.773502691817E-1,-6.417972590103E-12));
#2898=VECTOR('',#2897,9.797958970990E-1);
#2899=CARTESIAN_POINT('',(1.096763713788E2,1.133755196918E2,8.485281374245E0));
#2900=LINE('',#2899,#2898);
#2901=DIRECTION('',(-3.517186542010E-13,7.071067811887E-1,-7.071067811844E-1));
#2902=VECTOR('',#2901,4.000000000003E0);
#2903=CARTESIAN_POINT('',(1.088763713788E2,1.139412051167E2,8.485281374239E0));
#2904=LINE('',#2903,#2902);
#2905=DIRECTION('',(-8.164965809238E-1,5.773502691952E-1,-4.441817187978E-12));
#2906=VECTOR('',#2905,9.797958971184E-1);
#2907=CARTESIAN_POINT('',(1.096763713788E2,1.162039468165E2,5.656854249503E0));
#2908=LINE('',#2907,#2906);
#2909=DIRECTION('',(0.E0,7.071067811887E-1,7.071067811844E-1));
#2910=VECTOR('',#2909,4.000000000014E0);
#2911=CARTESIAN_POINT('',(1.088763713788E2,1.139412051167E2,2.828427124751E0));
#2912=LINE('',#2911,#2910);
#2913=DIRECTION('',(8.164965809290E-1,2.043598503800E-11,-5.773502691879E-1));
#2914=VECTOR('',#2913,9.797958971141E-1);
#2915=CARTESIAN_POINT('',(1.088763713788E2,1.167696322415E2,5.656854249499E0));
#2916=LINE('',#2915,#2914);
#2917=DIRECTION('',(-8.164965809305E-1,-2.219095607386E-12,-5.773502691856E-1));
#2918=VECTOR('',#2917,9.797958971166E-1);
#2919=CARTESIAN_POINT('',(1.096763713788E2,1.167696322415E2,5.656854249404E-1));
#2920=LINE('',#2919,#2918);
#2921=DIRECTION('',(8.164965809177E-1,5.773502692038E-1,-9.099833028727E-12));
#2922=VECTOR('',#2921,9.797958971350E-1);
#2923=CARTESIAN_POINT('',(1.088763713788E2,1.139412051167E2,2.828427124751E0));
#2924=LINE('',#2923,#2922);
#2925=DIRECTION('',(1.891820033957E-12,-7.071067811867E-1,7.071067811864E-1));
#2926=VECTOR('',#2925,3.200000000007E0);
#2927=CARTESIAN_POINT('',(1.096763713788E2,1.167696322415E2,5.656854249404E-1));
#2928=LINE('',#2927,#2926);
#2929=DIRECTION('',(-1.882938249754E-12,7.071067811867E-1,7.071067811864E-1));
#2930=VECTOR('',#2929,3.200000000017E0);
#2931=CARTESIAN_POINT('',(1.096763713788E2,1.145068905417E2,2.828427124742E0));
#2932=LINE('',#2931,#2930);
#2933=DIRECTION('',(-1.887379141864E-12,7.071067811846E-1,-7.071067811885E-1));
#2934=VECTOR('',#2933,3.199999999998E0);
#2935=CARTESIAN_POINT('',(1.096763713788E2,1.167696322415E2,5.091168824551E0));
#2936=LINE('',#2935,#2934);
#2937=DIRECTION('',(1.882938249760E-12,-7.071067811846E-1,-7.071067811885E-1));
#2938=VECTOR('',#2937,3.200000000008E0);
#2939=CARTESIAN_POINT('',(1.096763713788E2,1.190323739413E2,2.828427124749E0));
#2940=LINE('',#2939,#2938);
#2941=DIRECTION('',(-1.065814103638E-14,7.071067811850E-1,-7.071067811881E-1));
#2942=VECTOR('',#2941,4.000000000008E0);
#2943=CARTESIAN_POINT('',(1.088763713788E2,1.167696322415E2,5.656854249499E0));
#2944=LINE('',#2943,#2942);
#2945=DIRECTION('',(-8.164965809292E-1,1.953674368078E-11,-5.773502691876E-1));
#2946=VECTOR('',#2945,9.797958971129E-1);
#2947=CARTESIAN_POINT('',(1.096763713788E2,1.195980593662E2,3.394112549687E0));
#2948=LINE('',#2947,#2946);
#2949=DIRECTION('',(8.164965809394E-1,5.773502691731E-1,-9.604296552578E-12));
#2950=VECTOR('',#2949,9.797958970974E-1);
#2951=CARTESIAN_POINT('',(1.088763713788E2,1.167696322415E2,5.656854249499E0));
#2952=LINE('',#2951,#2950);
#2953=DIRECTION('',(-8.171241461222E-13,-7.071067811867E-1,7.071067811864E-1));
#2954=VECTOR('',#2953,3.200000000008E0);
#2955=CARTESIAN_POINT('',(1.096763713788E2,1.195980593662E2,3.394112549687E0));
#2956=LINE('',#2955,#2954);
#2957=DIRECTION('',(1.301181384854E-12,7.071067811867E-1,7.071067811864E-1));
#2958=VECTOR('',#2957,3.200000000017E0);
#2959=CARTESIAN_POINT('',(1.096763713788E2,1.173353176664E2,5.656854249489E0));
#2960=LINE('',#2959,#2958);
#2961=DIRECTION('',(8.082423619228E-13,7.071067811888E-1,-7.071067811843E-1));
#2962=VECTOR('',#2961,3.200000000017E0);
#2963=CARTESIAN_POINT('',(1.096763713788E2,1.195980593662E2,7.919595949298E0));
#2964=LINE('',#2963,#2962);
#2965=DIRECTION('',(-1.301181384850E-12,-7.071067811888E-1,-7.071067811843E-1));
#2966=VECTOR('',#2965,3.200000000027E0);
#2967=CARTESIAN_POINT('',(1.096763713788E2,1.218608010660E2,5.656854249496E0));
#2968=LINE('',#2967,#2966);
#2969=DIRECTION('',(1.065814103642E-14,7.071067811850E-1,7.071067811881E-1));
#2970=VECTOR('',#2969,3.999999999993E0);
#2971=CARTESIAN_POINT('',(1.088763713788E2,1.167696322415E2,5.656854249499E0));
#2972=LINE('',#2971,#2970);
#2973=DIRECTION('',(8.164965809288E-1,-1.871002178779E-12,-5.773502691881E-1));
#2974=VECTOR('',#2973,9.797958971152E-1);
#2975=CARTESIAN_POINT('',(1.088763713788E2,1.195980593662E2,8.485281374247E0));
#2976=LINE('',#2975,#2974);
#2977=DIRECTION('',(-8.164965809328E-1,5.773502691824E-1,-5.000217063155E-12));
#2978=VECTOR('',#2977,9.797958970955E-1);
#2979=CARTESIAN_POINT('',(1.096763713788E2,1.190323739413E2,8.485281374252E0));
#2980=LINE('',#2979,#2978);
#2981=DIRECTION('',(-1.776356839387E-14,7.071067811887E-1,-7.071067811844E-1));
#2982=VECTOR('',#2981,4.000000000030E0);
#2983=CARTESIAN_POINT('',(1.088763713788E2,1.195980593662E2,8.485281374247E0));
#2984=LINE('',#2983,#2982);
#2985=DIRECTION('',(-8.164965809290E-1,-2.683220178876E-12,-5.773502691878E-1));
#2986=VECTOR('',#2985,9.797958971124E-1);
#2987=CARTESIAN_POINT('',(1.096763713788E2,1.224264864910E2,6.222539674435E0));
#2988=LINE('',#2987,#2986);
#2989=DIRECTION('',(8.164965809182E-1,5.773502692032E-1,-9.043177197257E-12));
#2990=VECTOR('',#2989,9.797958971340E-1);
#2991=CARTESIAN_POINT('',(1.088763713788E2,1.195980593662E2,8.485281374247E0));
#2992=LINE('',#2991,#2990);
#2993=DIRECTION('',(2.189359804555E-12,-7.071067811867E-1,7.071067811864E-1));
#2994=VECTOR('',#2993,3.200000000009E0);
#2995=CARTESIAN_POINT('',(1.096763713788E2,1.224264864910E2,6.222539674435E0));
#2996=LINE('',#2995,#2994);
#2997=DIRECTION('',(-4.525269048372E-12,7.071067811865E-1,7.071067811866E-1));
#2998=VECTOR('',#2997,3.2E0);
#2999=CARTESIAN_POINT('',(1.096763713788E2,1.201637447912E2,8.485281374238E0));
#3000=LINE('',#2999,#2998);
#3001=DIRECTION('',(-2.176037128265E-12,7.071067811844E-1,-7.071067811887E-1));
#3002=VECTOR('',#3001,3.2E0);
#3003=CARTESIAN_POINT('',(1.096763713788E2,1.224264864910E2,1.074802307404E1));
#3004=LINE('',#3003,#3002);
#3005=DIRECTION('',(4.516387264189E-12,-7.071067811846E-1,-7.071067811885E-1));
#3006=VECTOR('',#3005,3.199999999990E0);
#3007=CARTESIAN_POINT('',(1.096763713788E2,1.246892281908E2,8.485281374231E0));
#3008=LINE('',#3007,#3006);
#3009=DIRECTION('',(-1.765698698364E-12,7.071067811889E-1,7.071067811842E-1));
#3010=VECTOR('',#3009,3.999999999999E0);
#3011=CARTESIAN_POINT('',(1.088763713788E2,1.195980593662E2,8.485281374247E0));
#3012=LINE('',#3011,#3010);
#3013=DIRECTION('',(8.164965809286E-1,1.696955464479E-11,-5.773502691884E-1));
#3014=VECTOR('',#3013,9.797958971123E-1);
#3015=CARTESIAN_POINT('',(1.088763713788E2,1.224264864910E2,1.131370849898E1));
#3016=LINE('',#3015,#3014);
#3017=DIRECTION('',(-8.164965809236E-1,5.773502691955E-1,-4.742772964825E-12));
#3018=VECTOR('',#3017,9.797958971124E-1);
#3019=CARTESIAN_POINT('',(1.096763713788E2,1.218608010660E2,1.131370849899E1));
#3020=LINE('',#3019,#3018);
#3021=DIRECTION('',(-2.842170943035E-14,7.071067811852E-1,-7.071067811879E-1));
#3022=VECTOR('',#3021,4.000000000007E0);
#3023=CARTESIAN_POINT('',(1.088763713788E2,1.224264864910E2,1.131370849898E1));
#3024=LINE('',#3023,#3022);
#3025=DIRECTION('',(-8.164965809304E-1,5.773502691858E-1,-5.246783241725E-12));
#3026=VECTOR('',#3025,9.797958971018E-1);
#3027=CARTESIAN_POINT('',(1.096763713788E2,1.246892281908E2,8.485281374231E0));
#3028=LINE('',#3027,#3026);
#3029=DIRECTION('',(-1.769251412052E-12,7.071067811849E-1,7.071067811881E-1));
#3030=VECTOR('',#3029,3.999999999979E0);
#3031=CARTESIAN_POINT('',(1.088763713788E2,1.224264864910E2,5.656854249488E0));
#3032=LINE('',#3031,#3030);
#3033=DIRECTION('',(8.164965809264E-1,-8.803862965316E-12,-5.773502691915E-1));
#3034=VECTOR('',#3033,9.797958971091E-1);
#3035=CARTESIAN_POINT('',(1.088763713788E2,1.252549136157E2,8.485281374226E0));
#3036=LINE('',#3035,#3034);
#3037=DIRECTION('',(-8.164965809316E-1,9.848143251222E-12,-5.773502691841E-1));
#3038=VECTOR('',#3037,9.797958971022E-1);
#3039=CARTESIAN_POINT('',(1.096763713788E2,1.252549136157E2,3.394112549686E0));
#3040=LINE('',#3039,#3038);
#3041=DIRECTION('',(8.164965809394E-1,5.773502691732E-1,-6.020928523136E-12));
#3042=VECTOR('',#3041,9.797958970913E-1);
#3043=CARTESIAN_POINT('',(1.088763713788E2,1.224264864910E2,5.656854249488E0));
#3044=LINE('',#3043,#3042);
#3045=DIRECTION('',(-2.629008122313E-12,-7.071067811867E-1,7.071067811864E-1));
#3046=VECTOR('',#3045,3.199999999999E0);
#3047=CARTESIAN_POINT('',(1.096763713788E2,1.252549136157E2,3.394112549686E0));
#3048=LINE('',#3047,#3046);
#3049=DIRECTION('',(-1.634248292249E-12,7.071067811867E-1,7.071067811864E-1));
#3050=VECTOR('',#3049,3.199999999998E0);
#3051=CARTESIAN_POINT('',(1.096763713788E2,1.229921719159E2,5.656854249482E0));
#3052=LINE('',#3051,#3050);
#3053=DIRECTION('',(2.642330798601E-12,7.071067811888E-1,-7.071067811843E-1));
#3054=VECTOR('',#3053,3.200000000008E0);
#3055=CARTESIAN_POINT('',(1.096763713788E2,1.252549136157E2,7.919595949277E0));
#3056=LINE('',#3055,#3054);
#3057=DIRECTION('',(1.643130076441E-12,-7.071067811888E-1,-7.071067811843E-1));
#3058=VECTOR('',#3057,3.200000000008E0);
#3059=CARTESIAN_POINT('',(1.096763713788E2,1.275176553155E2,5.656854249482E0));
#3060=LINE('',#3059,#3058);
#3061=DIRECTION('',(1.765698698363E-12,7.071067811887E-1,-7.071067811844E-1));
#3062=VECTOR('',#3061,4.000000000003E0);
#3063=CARTESIAN_POINT('',(1.088763713788E2,1.252549136157E2,8.485281374226E0));
#3064=LINE('',#3063,#3062);
#3065=DIRECTION('',(-8.164965809291E-1,-2.253904950254E-11,-5.773502691877E-1));
#3066=VECTOR('',#3065,9.797958971133E-1);
#3067=CARTESIAN_POINT('',(1.096763713788E2,1.280833407405E2,6.222539674434E0));
#3068=LINE('',#3067,#3066);
#3069=DIRECTION('',(8.164965809157E-1,5.773502692066E-1,4.789910616484E-12));
#3070=VECTOR('',#3069,9.797958971394E-1);
#3071=CARTESIAN_POINT('',(1.088763713788E2,1.252549136157E2,8.485281374226E0));
#3072=LINE('',#3071,#3070);
#3073=DIRECTION('',(3.552713678800E-13,-7.071067811867E-1,7.071067811864E-1));
#3074=VECTOR('',#3073,3.2E0);
#3075=CARTESIAN_POINT('',(1.096763713788E2,1.280833407405E2,6.222539674434E0));
#3076=LINE('',#3075,#3074);
#3077=DIRECTION('',(-4.516387264175E-12,7.071067811865E-1,7.071067811866E-1));
#3078=VECTOR('',#3077,3.2E0);
#3079=CARTESIAN_POINT('',(1.096763713788E2,1.258205990407E2,8.485281374231E0));
#3080=LINE('',#3079,#3078);
#3081=DIRECTION('',(-3.552713678810E-13,7.071067811844E-1,-7.071067811887E-1));
#3082=VECTOR('',#3081,3.199999999992E0);
#3083=CARTESIAN_POINT('',(1.096763713788E2,1.280833407405E2,1.074802307403E1));
#3084=LINE('',#3083,#3082);
#3085=DIRECTION('',(4.534150832583E-12,-7.071067811846E-1,-7.071067811885E-1));
#3086=VECTOR('',#3085,3.199999999990E0);
#3087=CARTESIAN_POINT('',(1.096763713788E2,1.303460824403E2,8.485281374230E0));
#3088=LINE('',#3087,#3086);
#3089=DIRECTION('',(0.E0,7.071067811892E-1,7.071067811839E-1));
#3090=VECTOR('',#3089,4.000000000013E0);
#3091=CARTESIAN_POINT('',(1.088763713788E2,1.252549136157E2,8.485281374226E0));
#3092=LINE('',#3091,#3090);
#3093=DIRECTION('',(8.164965809292E-1,1.209624664432E-11,-5.773502691875E-1));
#3094=VECTOR('',#3093,9.797958971055E-1);
#3095=CARTESIAN_POINT('',(1.088763713788E2,1.280833407405E2,1.131370849897E1));
#3096=LINE('',#3095,#3094);
#3097=DIRECTION('',(-8.164965809190E-1,5.773502692020E-1,-1.258212705478E-12));
#3098=VECTOR('',#3097,9.797958971299E-1);
#3099=CARTESIAN_POINT('',(1.096763713788E2,1.275176553155E2,1.131370849897E1));
#3100=LINE('',#3099,#3098);
#3101=DIRECTION('',(1.772804125733E-12,7.071067811846E-1,-7.071067811885E-1));
#3102=VECTOR('',#3101,3.999999999975E0);
#3103=CARTESIAN_POINT('',(1.088763713788E2,1.280833407405E2,1.131370849897E1));
#3104=LINE('',#3103,#3102);
#3105=DIRECTION('',(-8.164965809353E-1,5.773502691789E-1,4.508897692589E-12));
#3106=VECTOR('',#3105,9.797958970881E-1);
#3107=CARTESIAN_POINT('',(1.096763713788E2,1.303460824403E2,8.485281374230E0));
#3108=LINE('',#3107,#3106);
#3109=DIRECTION('',(0.E0,7.071067811843E-1,7.071067811888E-1));
#3110=VECTOR('',#3109,3.999999999990E0);
#3111=CARTESIAN_POINT('',(1.088763713788E2,1.280833407405E2,5.656854249486E0));
#3112=LINE('',#3111,#3110);
#3113=DIRECTION('',(8.164965809288E-1,-7.658055429475E-12,-5.773502691881E-1));
#3114=VECTOR('',#3113,9.797958971082E-1);
#3115=CARTESIAN_POINT('',(1.088763713788E2,1.309117678652E2,8.485281374234E0));
#3116=LINE('',#3115,#3114);
#3117=DIRECTION('',(-8.164965809292E-1,-6.062627214972E-12,-5.773502691875E-1));
#3118=VECTOR('',#3117,9.797958971129E-1);
#3119=CARTESIAN_POINT('',(1.096763713788E2,1.309117678652E2,3.394112549687E0));
#3120=LINE('',#3119,#3118);
#3121=DIRECTION('',(8.164965809394E-1,5.773502691731E-1,8.143935840299E-12));
#3122=VECTOR('',#3121,9.797958971018E-1);
#3123=CARTESIAN_POINT('',(1.088763713788E2,1.280833407405E2,5.656854249486E0));
#3124=LINE('',#3123,#3122);
#3125=DIRECTION('',(3.064215547951E-13,-7.071067811867E-1,7.071067811864E-1));
#3126=VECTOR('',#3125,3.200000000015E0);
#3127=CARTESIAN_POINT('',(1.096763713788E2,1.309117678652E2,3.394112549687E0));
#3128=LINE('',#3127,#3126);
#3129=DIRECTION('',(-1.634248292249E-12,7.071067811867E-1,7.071067811864E-1));
#3130=VECTOR('',#3129,3.199999999998E0);
#3131=CARTESIAN_POINT('',(1.096763713788E2,1.286490261654E2,5.656854249494E0));
#3132=LINE('',#3131,#3130);
#3133=DIRECTION('',(-3.241851231900E-13,7.071067811847E-1,-7.071067811884E-1));
#3134=VECTOR('',#3133,3.200000000005E0);
#3135=CARTESIAN_POINT('',(1.096763713788E2,1.309117678652E2,7.919595949290E0));
#3136=LINE('',#3135,#3134);
#3137=DIRECTION('',(1.656452752746E-12,-7.071067811846E-1,-7.071067811885E-1));
#3138=VECTOR('',#3137,3.199999999989E0);
#3139=CARTESIAN_POINT('',(1.096763713788E2,1.331745095650E2,5.656854249483E0));
#3140=LINE('',#3139,#3138);
#3141=DIRECTION('',(0.E0,7.071067811837E-1,-7.071067811894E-1));
#3142=VECTOR('',#3141,3.999999999984E0);
#3143=CARTESIAN_POINT('',(1.088763713788E2,1.309117678652E2,8.485281374234E0));
#3144=LINE('',#3143,#3142);
#3145=DIRECTION('',(-8.164965809210E-1,-1.113898971531E-11,-5.773502691991E-1));
#3146=VECTOR('',#3145,9.797958971336E-1);
#3147=CARTESIAN_POINT('',(1.096763713788E2,1.337401949899E2,6.222539674458E0));
#3148=LINE('',#3147,#3146);
#3149=DIRECTION('',(8.164965809237E-1,5.773502691953E-1,2.564650854735E-11));
#3150=VECTOR('',#3149,9.797958971203E-1);
#3151=CARTESIAN_POINT('',(1.088763713788E2,1.309117678652E2,8.485281374234E0));
#3152=LINE('',#3151,#3150);
#3153=DIRECTION('',(-2.571276525042E-12,-7.071067811825E-1,7.071067811906E-1));
#3154=VECTOR('',#3153,3.199999999988E0);
#3155=CARTESIAN_POINT('',(1.096763713788E2,1.337401949899E2,6.222539674458E0));
#3156=LINE('',#3155,#3154);
#3157=DIRECTION('',(-1.585398479188E-12,7.071067811813E-1,7.071067811918E-1));
#3158=VECTOR('',#3157,3.199999999953E0);
#3159=CARTESIAN_POINT('',(1.096763713788E2,1.314774532902E2,8.485281374260E0));
#3160=LINE('',#3159,#3158);
#3161=DIRECTION('',(2.580158309208E-12,7.071067811886E-1,-7.071067811845E-1));
#3162=VECTOR('',#3161,3.200000000026E0);
#3163=CARTESIAN_POINT('',(1.096763713788E2,1.337401949899E2,1.074802307404E1));
#3164=LINE('',#3163,#3162);
#3165=DIRECTION('',(1.585398479174E-12,-7.071067811898E-1,-7.071067811833E-1));
#3166=VECTOR('',#3165,3.199999999981E0);
#3167=CARTESIAN_POINT('',(1.096763713788E2,1.360029366897E2,8.485281374231E0));
#3168=LINE('',#3167,#3166);
#3169=DIRECTION('',(1.065814103644E-14,7.071067811839E-1,7.071067811892E-1));
#3170=VECTOR('',#3169,3.999999999985E0);
#3171=CARTESIAN_POINT('',(1.088763713788E2,1.309117678652E2,8.485281374234E0));
#3172=LINE('',#3171,#3170);
#3173=DIRECTION('',(8.164965809310E-1,-1.949323200236E-11,-5.773502691850E-1));
#3174=VECTOR('',#3173,9.797958971053E-1);
#3175=CARTESIAN_POINT('',(1.088763713788E2,1.337401949899E2,1.131370849898E1));
#3176=LINE('',#3175,#3174);
#3177=DIRECTION('',(-8.164965809356E-1,5.773502691785E-1,-5.221401429256E-13));
#3178=VECTOR('',#3177,9.797958970953E-1);
#3179=CARTESIAN_POINT('',(1.096763713788E2,1.331745095650E2,1.131370849898E1));
#3180=LINE('',#3179,#3178);
#3181=DIRECTION('',(-1.065814103637E-14,7.071067811889E-1,-7.071067811842E-1));
#3182=VECTOR('',#3181,4.000000000011E0);
#3183=CARTESIAN_POINT('',(1.088763713788E2,1.337401949899E2,1.131370849898E1));
#3184=LINE('',#3183,#3182);
#3185=DIRECTION('',(-8.164965809240E-1,5.773502691949E-1,4.896876826393E-12));
#3186=VECTOR('',#3185,9.797958971238E-1);
#3187=CARTESIAN_POINT('',(1.096763713788E2,1.360029366897E2,8.485281374231E0));
#3188=LINE('',#3187,#3186);
#3189=DIRECTION('',(0.E0,7.071067811887E-1,7.071067811844E-1));
#3190=VECTOR('',#3189,4.000000000015E0);
#3191=CARTESIAN_POINT('',(1.088763713788E2,1.337401949899E2,5.656854249488E0));
#3192=LINE('',#3191,#3190);
#3193=DIRECTION('',(8.164965809288E-1,3.103833071792E-12,-5.773502691881E-1));
#3194=VECTOR('',#3193,9.797958971091E-1);
#3195=CARTESIAN_POINT('',(1.088763713788E2,1.365686221147E2,8.485281374236E0));
#3196=LINE('',#3195,#3194);
#3197=DIRECTION('',(-8.164965809292E-1,-1.612832885897E-11,-5.773502691875E-1));
#3198=VECTOR('',#3197,9.797958971129E-1);
#3199=CARTESIAN_POINT('',(1.096763713788E2,1.365686221147E2,3.394112549687E0));
#3200=LINE('',#3199,#3198);
#3201=DIRECTION('',(8.164965809177E-1,5.773502692038E-1,7.578284018592E-12));
#3202=VECTOR('',#3201,9.797958971288E-1);
#3203=CARTESIAN_POINT('',(1.088763713788E2,1.337401949899E2,5.656854249488E0));
#3204=LINE('',#3203,#3202);
#3205=DIRECTION('',(5.462297281128E-13,-7.071067811867E-1,7.071067811864E-1));
#3206=VECTOR('',#3205,3.200000000016E0);
#3207=CARTESIAN_POINT('',(1.096763713788E2,1.365686221147E2,3.394112549687E0));
#3208=LINE('',#3207,#3206);
#3209=DIRECTION('',(-1.634248292249E-12,7.071067811867E-1,7.071067811864E-1));
#3210=VECTOR('',#3209,3.199999999998E0);
#3211=CARTESIAN_POINT('',(1.096763713788E2,1.343058804149E2,5.656854249495E0));
#3212=LINE('',#3211,#3210);
#3213=DIRECTION('',(-5.506706202129E-13,7.071067811846E-1,-7.071067811885E-1));
#3214=VECTOR('',#3213,3.200000000007E0);
#3215=CARTESIAN_POINT('',(1.096763713788E2,1.365686221147E2,7.919595949291E0));
#3216=LINE('',#3215,#3214);
#3217=DIRECTION('',(1.634248292254E-12,-7.071067811846E-1,-7.071067811885E-1));
#3218=VECTOR('',#3217,3.199999999989E0);
#3219=CARTESIAN_POINT('',(1.096763713788E2,1.388313638145E2,5.656854249483E0));
#3220=LINE('',#3219,#3218);
#3221=DIRECTION('',(0.E0,7.071067811849E-1,-7.071067811882E-1));
#3222=VECTOR('',#3221,3.999999999993E0);
#3223=CARTESIAN_POINT('',(1.088763713788E2,1.365686221147E2,8.485281374236E0));
#3224=LINE('',#3223,#3222);
#3225=DIRECTION('',(-8.164965809290E-1,5.772549357798E-12,-5.773502691878E-1));
#3226=VECTOR('',#3225,9.797958971125E-1);
#3227=CARTESIAN_POINT('',(1.096763713788E2,1.393970492394E2,6.222539674435E0));
#3228=LINE('',#3227,#3226);
#3229=DIRECTION('',(8.164965809398E-1,5.773502691726E-1,8.194699465402E-12));
#3230=VECTOR('',#3229,9.797958970903E-1);
#3231=CARTESIAN_POINT('',(1.088763713788E2,1.365686221147E2,8.485281374236E0));
#3232=LINE('',#3231,#3230);
#3233=DIRECTION('',(-2.371436380586E-12,-7.071067811867E-1,7.071067811864E-1));
#3234=VECTOR('',#3233,3.200000000018E0);
#3235=CARTESIAN_POINT('',(1.096763713788E2,1.393970492394E2,6.222539674435E0));
#3236=LINE('',#3235,#3234);
#3237=DIRECTION('',(1.381117442634E-12,7.071067811865E-1,7.071067811866E-1));
#3238=VECTOR('',#3237,3.2E0);
#3239=CARTESIAN_POINT('',(1.096763713788E2,1.371343075396E2,8.485281374244E0));
#3240=LINE('',#3239,#3238);
#3241=DIRECTION('',(2.362554596382E-12,7.071067811886E-1,-7.071067811845E-1));
#3242=VECTOR('',#3241,3.200000000028E0);
#3243=CARTESIAN_POINT('',(1.096763713788E2,1.393970492394E2,1.074802307404E1));
#3244=LINE('',#3243,#3242);
#3245=DIRECTION('',(-1.354472090039E-12,-7.071067811888E-1,-7.071067811843E-1));
#3246=VECTOR('',#3245,3.200000000009E0);
#3247=CARTESIAN_POINT('',(1.096763713788E2,1.416597909392E2,8.485281374231E0));
#3248=LINE('',#3247,#3246);
#3249=DIRECTION('',(0.E0,7.071067811849E-1,7.071067811882E-1));
#3250=VECTOR('',#3249,3.999999999992E0);
#3251=CARTESIAN_POINT('',(1.088763713788E2,1.365686221147E2,8.485281374236E0));
#3252=LINE('',#3251,#3250);
#3253=DIRECTION('',(8.164965809304E-1,-1.769474928782E-11,-5.773502691859E-1));
#3254=VECTOR('',#3253,9.797958971069E-1);
#3255=CARTESIAN_POINT('',(1.088763713788E2,1.393970492394E2,1.131370849898E1));
#3256=LINE('',#3255,#3254);
#3257=DIRECTION('',(-8.164965809322E-1,5.773502691833E-1,9.828200398520E-12));
#3258=VECTOR('',#3257,9.797958971043E-1);
#3259=CARTESIAN_POINT('',(1.096763713788E2,1.388313638145E2,1.131370849897E1));
#3260=LINE('',#3259,#3258);
#3261=DIRECTION('',(0.E0,7.071067811889E-1,-7.071067811842E-1));
#3262=VECTOR('',#3261,4.000000000015E0);
#3263=CARTESIAN_POINT('',(1.088763713788E2,1.393970492394E2,1.131370849898E1));
#3264=LINE('',#3263,#3262);
#3265=DIRECTION('',(-8.164965809240E-1,5.773502691949E-1,4.949453438005E-12));
#3266=VECTOR('',#3265,9.797958971239E-1);
#3267=CARTESIAN_POINT('',(1.096763713788E2,1.416597909392E2,8.485281374231E0));
#3268=LINE('',#3267,#3266);
#3269=DIRECTION('',(0.E0,7.071067811887E-1,7.071067811844E-1));
#3270=VECTOR('',#3269,4.000000000015E0);
#3271=CARTESIAN_POINT('',(1.088763713788E2,1.393970492394E2,5.656854249488E0));
#3272=LINE('',#3271,#3270);
#3273=DIRECTION('',(8.164965809288E-1,3.132840857510E-12,-5.773502691881E-1));
#3274=VECTOR('',#3273,9.797958971091E-1);
#3275=CARTESIAN_POINT('',(1.088763713788E2,1.422254763642E2,8.485281374236E0));
#3276=LINE('',#3275,#3274);
#3277=DIRECTION('',(-8.164965809292E-1,-1.615733664469E-11,-5.773502691875E-1));
#3278=VECTOR('',#3277,9.797958971129E-1);
#3279=CARTESIAN_POINT('',(1.096763713788E2,1.422254763642E2,3.394112549687E0));
#3280=LINE('',#3279,#3278);
#3281=DIRECTION('',(8.164965809177E-1,5.773502692038E-1,7.591881418147E-12));
#3282=VECTOR('',#3281,9.797958971288E-1);
#3283=CARTESIAN_POINT('',(1.088763713788E2,1.393970492394E2,5.656854249488E0));
#3284=LINE('',#3283,#3282);
#3285=DIRECTION('',(5.506706202113E-13,-7.071067811867E-1,7.071067811864E-1));
#3286=VECTOR('',#3285,3.200000000016E0);
#3287=CARTESIAN_POINT('',(1.096763713788E2,1.422254763642E2,3.394112549687E0));
#3288=LINE('',#3287,#3286);
#3289=DIRECTION('',(-1.638689184348E-12,7.071067811867E-1,7.071067811864E-1));
#3290=VECTOR('',#3289,3.199999999998E0);
#3291=CARTESIAN_POINT('',(1.096763713788E2,1.399627346644E2,5.656854249495E0));
#3292=LINE('',#3291,#3290);
#3293=DIRECTION('',(-5.506706202129E-13,7.071067811847E-1,-7.071067811884E-1));
#3294=VECTOR('',#3293,3.200000000007E0);
#3295=CARTESIAN_POINT('',(1.096763713788E2,1.422254763642E2,7.919595949291E0));
#3296=LINE('',#3295,#3294);
#3297=DIRECTION('',(1.643130076451E-12,-7.071067811846E-1,-7.071067811885E-1));
#3298=VECTOR('',#3297,3.199999999989E0);
#3299=CARTESIAN_POINT('',(1.096763713788E2,1.444882180640E2,5.656854249483E0));
#3300=LINE('',#3299,#3298);
#3301=DIRECTION('',(-1.065814103642E-14,7.071067811849E-1,-7.071067811882E-1));
#3302=VECTOR('',#3301,3.999999999993E0);
#3303=CARTESIAN_POINT('',(1.088763713788E2,1.422254763642E2,8.485281374236E0));
#3304=LINE('',#3303,#3302);
#3305=DIRECTION('',(-8.164965809291E-1,5.859572714952E-12,-5.773502691878E-1));
#3306=VECTOR('',#3305,9.797958971125E-1);
#3307=CARTESIAN_POINT('',(1.096763713788E2,1.450539034889E2,6.222539674435E0));
#3308=LINE('',#3307,#3306);
#3309=DIRECTION('',(8.164965809398E-1,5.773502691726E-1,8.134870907358E-12));
#3310=VECTOR('',#3309,9.797958970904E-1);
#3311=CARTESIAN_POINT('',(1.088763713788E2,1.422254763642E2,8.485281374236E0));
#3312=LINE('',#3311,#3310);
#3313=DIRECTION('',(-2.344791027995E-12,-7.071067811867E-1,7.071067811864E-1));
#3314=VECTOR('',#3313,3.200000000018E0);
#3315=CARTESIAN_POINT('',(1.096763713788E2,1.450539034889E2,6.222539674435E0));
#3316=LINE('',#3315,#3314);
#3317=DIRECTION('',(1.358912982142E-12,7.071067811869E-1,7.071067811862E-1));
#3318=VECTOR('',#3317,3.199999999999E0);
#3319=CARTESIAN_POINT('',(1.096763713788E2,1.427911617891E2,8.485281374244E0));
#3320=LINE('',#3319,#3318);
#3321=DIRECTION('',(2.362554596383E-12,7.071067811889E-1,-7.071067811841E-1));
#3322=VECTOR('',#3321,3.200000000026E0);
#3323=CARTESIAN_POINT('',(1.096763713788E2,1.450539034889E2,1.074802307404E1));
#3324=LINE('',#3323,#3322);
#3325=DIRECTION('',(-1.367794766334E-12,-7.071067811888E-1,-7.071067811843E-1));
#3326=VECTOR('',#3325,3.200000000009E0);
#3327=CARTESIAN_POINT('',(1.096763713788E2,1.473166451887E2,8.485281374231E0));
#3328=LINE('',#3327,#3326);
#3329=DIRECTION('',(0.E0,7.071067811853E-1,7.071067811878E-1));
#3330=VECTOR('',#3329,3.999999999991E0);
#3331=CARTESIAN_POINT('',(1.088763713788E2,1.422254763642E2,8.485281374236E0));
#3332=LINE('',#3331,#3330);
#3333=DIRECTION('',(-8.164965809284E-1,5.773502691887E-1,1.449301493913E-11));
#3334=VECTOR('',#3333,9.797958971135E-1);
#3335=CARTESIAN_POINT('',(1.096763713788E2,1.444882180640E2,1.131370849897E1));
#3336=LINE('',#3335,#3334);
#3337=DIRECTION('',(-8.164965809302E-1,1.891307628797E-11,5.773502691861E-1));
#3338=VECTOR('',#3337,9.797958971072E-1);
#3339=CARTESIAN_POINT('',(1.096763713788E2,1.450539034889E2,1.074802307404E1));
#3340=LINE('',#3339,#3338);
#3341=DIRECTION('',(0.E0,7.071067811892E-1,-7.071067811839E-1));
#3342=VECTOR('',#3341,4.000000000013E0);
#3343=CARTESIAN_POINT('',(1.088763713788E2,1.450539034889E2,1.131370849898E1));
#3344=LINE('',#3343,#3342);
#3345=DIRECTION('',(8.164965809180E-1,5.773502692033E-1,6.249364835432E-12));
#3346=VECTOR('',#3345,9.797958971281E-1);
#3347=CARTESIAN_POINT('',(1.088763713788E2,1.450539034889E2,1.131370849898E1));
#3348=LINE('',#3347,#3346);
#3349=DIRECTION('',(-9.947598300591E-13,7.071067811864E-1,-7.071067811867E-1));
#3350=VECTOR('',#3349,3.200000000016E0);
#3351=CARTESIAN_POINT('',(1.096763713788E2,1.478823306137E2,1.357645019879E1));
#3352=LINE('',#3351,#3350);
#3353=DIRECTION('',(-3.508304757809E-13,-7.071067811868E-1,-7.071067811863E-1));
#3354=VECTOR('',#3353,3.200000000006E0);
#3355=CARTESIAN_POINT('',(1.096763713788E2,1.501450723135E2,1.131370849898E1));
#3356=LINE('',#3355,#3354);
#3357=DIRECTION('',(1.003641614256E-12,-7.071067811870E-1,7.071067811861E-1));
#3358=VECTOR('',#3357,3.200000000015E0);
#3359=CARTESIAN_POINT('',(1.096763713788E2,1.478823306137E2,9.050966799181E0));
#3360=LINE('',#3359,#3358);
#3361=DIRECTION('',(3.419486915836E-13,7.071067811866E-1,7.071067811865E-1));
#3362=VECTOR('',#3361,3.200000000008E0);
#3363=CARTESIAN_POINT('',(1.096763713788E2,1.456195889139E2,1.131370849899E1));
#3364=LINE('',#3363,#3362);
#3365=DIRECTION('',(-8.164965809320E-1,-1.028546686816E-11,-5.773502691836E-1));
#3366=VECTOR('',#3365,8.400396187744E-1);
#3367=CARTESIAN_POINT('',(1.095622608554E2,1.502257606384E2,1.131370849898E1));
#3368=LINE('',#3367,#3366);
#3369=DIRECTION('',(8.164965809296E-1,1.415579943021E-11,5.773502691870E-1));
#3370=VECTOR('',#3369,9.797958971103E-1);
#3371=CARTESIAN_POINT('',(1.088763713788E2,1.478823306137E2,8.485281374236E0));
#3372=LINE('',#3371,#3370);
#3373=DIRECTION('',(-8.164965809501E-1,5.773502691580E-1,2.414974150184E-12));
#3374=VECTOR('',#3373,1.397562783272E-1);
#3375=CARTESIAN_POINT('',(1.096763713788E2,1.501450723135E2,1.131370849898E1));
#3376=LINE('',#3375,#3374);
#3377=DIRECTION('',(1.016252337903E-12,7.071067811857E-1,7.071067811874E-1));
#3378=VECTOR('',#3377,3.314110523429E0);
#3379=CARTESIAN_POINT('',(1.088763713788E2,1.478823306137E2,8.485281374236E0));
#3380=LINE('',#3379,#3378);
#3381=DIRECTION('',(8.164965809291E-1,-6.265681715035E-12,-5.773502691877E-1));
#3382=VECTOR('',#3381,9.797958971067E-1);
#3383=CARTESIAN_POINT('',(1.088763713788E2,1.502257606384E2,1.082871139896E1));
#3384=LINE('',#3383,#3382);
#3385=DIRECTION('',(8.164965809379E-1,5.773502691752E-1,2.850014946800E-12));
#3386=VECTOR('',#3385,9.797958970961E-1);
#3387=CARTESIAN_POINT('',(1.088763713788E2,1.478823306137E2,8.485281374236E0));
#3388=LINE('',#3387,#3386);
#3389=DIRECTION('',(-8.164965809288E-1,-2.001537214520E-12,5.773502691881E-1));
#3390=VECTOR('',#3389,9.797958971091E-1);
#3391=CARTESIAN_POINT('',(1.096763713788E2,1.478823306137E2,7.919595949291E0));
#3392=LINE('',#3391,#3390);
#3393=DIRECTION('',(-1.818105448402E-12,7.071067811854E-1,-7.071067811877E-1));
#3394=VECTOR('',#3393,3.314110523426E0);
#3395=CARTESIAN_POINT('',(1.088763713788E2,1.478823306137E2,8.485281374236E0));
#3396=LINE('',#3395,#3394);
#3397=DIRECTION('',(-8.164965809515E-1,5.773502691560E-1,-1.271039026418E-14));
#3398=VECTOR('',#3397,1.397562783266E-1);
#3399=CARTESIAN_POINT('',(1.096763713788E2,1.501450723135E2,5.656854249483E0));
#3400=LINE('',#3399,#3398);
#3401=DIRECTION('',(-8.164965809331E-1,-2.368364081506E-12,-5.773502691820E-1));
#3402=VECTOR('',#3401,8.400396187664E-1);
#3403=CARTESIAN_POINT('',(1.095622608554E2,1.502257606384E2,5.656854249483E0));
#3404=LINE('',#3403,#3402);
#3405=DIRECTION('',(-8.164965809293E-1,-1.580924321610E-11,-5.773502691874E-1));
#3406=VECTOR('',#3405,9.797958971116E-1);
#3407=CARTESIAN_POINT('',(1.096763713788E2,1.478823306137E2,3.394112549688E0));
#3408=LINE('',#3407,#3406);
#3409=DIRECTION('',(8.164965809177E-1,5.773502692038E-1,7.548369739571E-12));
#3410=VECTOR('',#3409,9.797958971289E-1);
#3411=CARTESIAN_POINT('',(1.088763713788E2,1.450539034889E2,5.656854249488E0));
#3412=LINE('',#3411,#3410);
#3413=DIRECTION('',(7.371880883476E-13,-7.071067811867E-1,7.071067811864E-1));
#3414=VECTOR('',#3413,3.200000000015E0);
#3415=CARTESIAN_POINT('',(1.096763713788E2,1.478823306137E2,3.394112549688E0));
#3416=LINE('',#3415,#3414);
#3417=DIRECTION('',(-1.647570968545E-12,7.071067811867E-1,7.071067811864E-1));
#3418=VECTOR('',#3417,3.199999999998E0);
#3419=CARTESIAN_POINT('',(1.096763713788E2,1.456195889139E2,5.656854249495E0));
#3420=LINE('',#3419,#3418);
#3421=DIRECTION('',(-7.105427357568E-13,7.071067811866E-1,-7.071067811865E-1));
#3422=VECTOR('',#3421,3.200000000015E0);
#3423=CARTESIAN_POINT('',(1.096763713788E2,1.478823306137E2,7.919595949291E0));
#3424=LINE('',#3423,#3422);
#3425=DIRECTION('',(1.625366508052E-12,-7.071067811866E-1,-7.071067811865E-1));
#3426=VECTOR('',#3425,3.199999999998E0);
#3427=CARTESIAN_POINT('',(1.096763713788E2,1.501450723135E2,5.656854249483E0));
#3428=LINE('',#3427,#3426);
#3429=DIRECTION('',(0.E0,7.071067811888E-1,7.071067811843E-1));
#3430=VECTOR('',#3429,4.000000000016E0);
#3431=CARTESIAN_POINT('',(1.088763713788E2,1.450539034889E2,5.656854249488E0));
#3432=LINE('',#3431,#3430);
#3433=DIRECTION('',(-8.164965809235E-1,5.773502691956E-1,5.130752098734E-12));
#3434=VECTOR('',#3433,9.797958971245E-1);
#3435=CARTESIAN_POINT('',(1.096763713788E2,1.473166451887E2,8.485281374231E0));
#3436=LINE('',#3435,#3434);
#3437=DIRECTION('',(8.526512829094E-14,7.071067811889E-1,-7.071067811842E-1));
#3438=VECTOR('',#3437,4.000000000013E0);
#3439=CARTESIAN_POINT('',(1.088763713788E2,1.450539034889E2,5.656854249488E0));
#3440=LINE('',#3439,#3438);
#3441=DIRECTION('',(-2.486899575149E-12,-7.071067811867E-1,7.071067811864E-1));
#3442=VECTOR('',#3441,3.200000000015E0);
#3443=CARTESIAN_POINT('',(1.096763713788E2,1.450539034889E2,5.656854249412E-1));
#3444=LINE('',#3443,#3442);
#3445=DIRECTION('',(1.079136779936E-12,7.071067811867E-1,7.071067811864E-1));
#3446=VECTOR('',#3445,3.199999999998E0);
#3447=CARTESIAN_POINT('',(1.096763713788E2,1.427911617891E2,2.828427124748E0));
#3448=LINE('',#3447,#3446);
#3449=DIRECTION('',(2.478017790944E-12,7.071067811888E-1,-7.071067811843E-1));
#3450=VECTOR('',#3449,3.200000000024E0);
#3451=CARTESIAN_POINT('',(1.096763713788E2,1.450539034889E2,5.091168824543E0));
#3452=LINE('',#3451,#3450);
#3453=DIRECTION('',(-1.074695887835E-12,-7.071067811888E-1,-7.071067811843E-1));
#3454=VECTOR('',#3453,3.200000000008E0);
#3455=CARTESIAN_POINT('',(1.096763713788E2,1.473166451887E2,2.828427124736E0));
#3456=LINE('',#3455,#3454);
#3457=DIRECTION('',(-8.164965809319E-1,1.050081842980E-11,-5.773502691838E-1));
#3458=VECTOR('',#3457,9.797958971095E-1);
#3459=CARTESIAN_POINT('',(1.096763713788E2,1.450539034889E2,5.656854249412E-1));
#3460=LINE('',#3459,#3458);
#3461=DIRECTION('',(8.164965809394E-1,5.773502691731E-1,8.204670891735E-12));
#3462=VECTOR('',#3461,9.797958970912E-1);
#3463=CARTESIAN_POINT('',(1.088763713788E2,1.422254763642E2,2.828427124740E0));
#3464=LINE('',#3463,#3462);
#3465=DIRECTION('',(-8.164965809232E-1,5.773502691960E-1,5.809715583180E-12));
#3466=VECTOR('',#3465,9.797958971241E-1);
#3467=CARTESIAN_POINT('',(1.096763713788E2,1.473166451887E2,2.828427124736E0));
#3468=LINE('',#3467,#3466);
#3469=DIRECTION('',(0.E0,7.071067811889E-1,7.071067811842E-1));
#3470=VECTOR('',#3469,4.000000000008E0);
#3471=CARTESIAN_POINT('',(1.088763713788E2,1.450539034889E2,
-1.793976729060E-13));
#3472=LINE('',#3471,#3470);
#3473=DIRECTION('',(8.164965809291E-1,2.175583928829E-12,-5.773502691877E-1));
#3474=VECTOR('',#3473,9.797958971078E-1);
#3475=CARTESIAN_POINT('',(1.088763713788E2,1.478823306137E2,2.828427124742E0));
#3476=LINE('',#3475,#3474);
#3477=DIRECTION('',(-8.164965809275E-1,-1.801383493069E-11,-5.773502691899E-1));
#3478=VECTOR('',#3477,9.797958971088E-1);
#3479=CARTESIAN_POINT('',(1.096763713788E2,1.478823306137E2,-2.262741699798E0));
#3480=LINE('',#3479,#3478);
#3481=DIRECTION('',(8.164965809153E-1,5.773502692072E-1,1.027599342616E-11));
#3482=VECTOR('',#3481,9.797958971263E-1);
#3483=CARTESIAN_POINT('',(1.088763713788E2,1.450539034889E2,
-1.793976729060E-13));
#3484=LINE('',#3483,#3482);
#3485=DIRECTION('',(9.459100169758E-13,-7.071067811867E-1,7.071067811864E-1));
#3486=VECTOR('',#3485,3.200000000016E0);
#3487=CARTESIAN_POINT('',(1.096763713788E2,1.478823306137E2,-2.262741699798E0));
#3488=LINE('',#3487,#3486);
#3489=DIRECTION('',(-5.329070518221E-13,7.071067811867E-1,7.071067811864E-1));
#3490=VECTOR('',#3489,3.199999999988E0);
#3491=CARTESIAN_POINT('',(1.096763713788E2,1.456195889139E2,
9.888978524941E-12));
#3492=LINE('',#3491,#3490);
#3493=DIRECTION('',(-9.503509090744E-13,7.071067811867E-1,-7.071067811864E-1));
#3494=VECTOR('',#3493,3.200000000016E0);
#3495=CARTESIAN_POINT('',(1.096763713788E2,1.478823306137E2,2.262741699798E0));
#3496=LINE('',#3495,#3494);
#3497=DIRECTION('',(5.329070518221E-13,-7.071067811866E-1,-7.071067811865E-1));
#3498=VECTOR('',#3497,3.199999999988E0);
#3499=CARTESIAN_POINT('',(1.096763713788E2,1.501450723135E2,
-9.828212318060E-12));
#3500=LINE('',#3499,#3498);
#3501=DIRECTION('',(-1.856697309335E-12,7.071067811853E-1,-7.071067811878E-1));
#3502=VECTOR('',#3501,3.314110523426E0);
#3503=CARTESIAN_POINT('',(1.088763713788E2,1.478823306137E2,2.828427124742E0));
#3504=LINE('',#3503,#3502);
#3505=DIRECTION('',(-1.033404276097E-12,-7.071067811864E-1,-7.071067811867E-1));
#3506=VECTOR('',#3505,3.314110523423E0);
#3507=CARTESIAN_POINT('',(1.088763713788E2,1.502257606384E2,
-4.849971000304E-1));
#3508=LINE('',#3507,#3506);
#3509=DIRECTION('',(-8.164965809533E-1,5.773502691534E-1,3.633384216940E-12));
#3510=VECTOR('',#3509,1.397562783260E-1);
#3511=CARTESIAN_POINT('',(1.096763713788E2,1.501450723135E2,
-9.828212318060E-12));
#3512=LINE('',#3511,#3510);
#3513=DIRECTION('',(-8.164965809315E-1,1.691688629644E-13,-5.773502691842E-1));
#3514=VECTOR('',#3513,8.400396187680E-1);
#3515=CARTESIAN_POINT('',(1.095622608554E2,1.502257606384E2,
-9.320424062172E-12));
#3516=LINE('',#3515,#3514);
#3517=DIRECTION('',(8.164965809350E-1,-6.120642786513E-12,-5.773502691793E-1));
#3518=VECTOR('',#3517,9.797958970960E-1);
#3519=CARTESIAN_POINT('',(1.088763713788E2,1.502257606384E2,
-4.849971000304E-1));
#3520=LINE('',#3519,#3518);
#3521=DIRECTION('',(8.164965809397E-1,5.773502691727E-1,7.203902284432E-12));
#3522=VECTOR('',#3521,9.797958970947E-1);
#3523=CARTESIAN_POINT('',(1.088763713788E2,1.478823306137E2,-2.828427124745E0));
#3524=LINE('',#3523,#3522);
#3525=DIRECTION('',(-1.629434128284E-12,7.071067811839E-1,-7.071067811892E-1));
#3526=VECTOR('',#3525,3.314110523426E0);
#3527=CARTESIAN_POINT('',(1.088763713788E2,1.478823306137E2,-2.828427124745E0));
#3528=LINE('',#3527,#3526);
#3529=DIRECTION('',(-2.915829492722E-13,-7.071067811865E-1,-7.071067811866E-1));
#3530=VECTOR('',#3529,3.314110523423E0);
#3531=CARTESIAN_POINT('',(1.088763713788E2,1.502257606384E2,-6.141851349524E0));
#3532=LINE('',#3531,#3530);
#3533=DIRECTION('',(-8.164965809530E-1,5.773502691538E-1,-3.940220981910E-12));
#3534=VECTOR('',#3533,1.397562783261E-1);
#3535=CARTESIAN_POINT('',(1.096763713788E2,1.501450723135E2,-5.656854249495E0));
#3536=LINE('',#3535,#3534);
#3537=DIRECTION('',(-8.164965809296E-1,7.646432605919E-12,-5.773502691870E-1));
#3538=VECTOR('',#3537,8.400396187758E-1);
#3539=CARTESIAN_POINT('',(1.095622608554E2,1.502257606384E2,-5.656854249496E0));
#3540=LINE('',#3539,#3538);
#3541=DIRECTION('',(8.164965809336E-1,-4.061090000501E-13,-5.773502691814E-1));
#3542=VECTOR('',#3541,9.797958971030E-1);
#3543=CARTESIAN_POINT('',(1.088763713788E2,1.502257606384E2,-6.141851349524E0));
#3544=LINE('',#3543,#3542);
#3545=DIRECTION('',(-1.921829035804E-12,-7.071067811885E-1,7.071067811846E-1));
#3546=VECTOR('',#3545,2.514110523441E0);
#3547=CARTESIAN_POINT('',(1.096763713788E2,1.502257606384E2,-1.026302597401E1));
#3548=LINE('',#3547,#3546);
#3549=DIRECTION('',(2.260975336234E-14,7.071067811880E-1,7.071067811850E-1));
#3550=VECTOR('',#3549,2.514110523447E0);
#3551=CARTESIAN_POINT('',(1.096763713788E2,1.484480160386E2,-8.485281374237E0));
#3552=LINE('',#3551,#3550);
#3553=DIRECTION('',(1.342950833576E-12,-8.553317809086E-13,-1.E0));
#3554=VECTOR('',#3553,3.555489199551E0);
#3555=CARTESIAN_POINT('',(1.096763713788E2,1.502257606384E2,-6.707536774459E0));
#3556=LINE('',#3555,#3554);
#3557=DIRECTION('',(-8.164965809248E-1,-1.160311428700E-11,-5.773502691938E-1));
#3558=VECTOR('',#3557,9.797958971156E-1);
#3559=CARTESIAN_POINT('',(1.096763713788E2,1.478823306137E2,-7.919595949283E0));
#3560=LINE('',#3559,#3558);
#3561=DIRECTION('',(8.164965809149E-1,5.773502692077E-1,1.081718459259E-11));
#3562=VECTOR('',#3561,9.797958971267E-1);
#3563=CARTESIAN_POINT('',(1.088763713788E2,1.450539034889E2,-5.656854249493E0));
#3564=LINE('',#3563,#3562);
#3565=DIRECTION('',(1.776356839397E-12,-7.071067811867E-1,7.071067811864E-1));
#3566=VECTOR('',#3565,3.200000000007E0);
#3567=CARTESIAN_POINT('',(1.096763713788E2,1.478823306137E2,-7.919595949283E0));
#3568=LINE('',#3567,#3566);
#3569=DIRECTION('',(-7.238654120582E-13,7.071067811866E-1,7.071067811865E-1));
#3570=VECTOR('',#3569,3.199999999988E0);
#3571=CARTESIAN_POINT('',(1.096763713788E2,1.456195889139E2,-5.656854249482E0));
#3572=LINE('',#3571,#3570);
#3573=DIRECTION('',(-1.763034163101E-12,7.071067811866E-1,-7.071067811865E-1));
#3574=VECTOR('',#3573,3.200000000007E0);
#3575=CARTESIAN_POINT('',(1.096763713788E2,1.478823306137E2,-3.394112549694E0));
#3576=LINE('',#3575,#3574);
#3577=DIRECTION('',(7.105427357628E-13,-7.071067811866E-1,-7.071067811865E-1));
#3578=VECTOR('',#3577,3.199999999988E0);
#3579=CARTESIAN_POINT('',(1.096763713788E2,1.501450723135E2,-5.656854249495E0));
#3580=LINE('',#3579,#3578);
#3581=DIRECTION('',(8.164965809267E-1,-1.160311428707E-12,-5.773502691910E-1));
#3582=VECTOR('',#3581,9.797958971097E-1);
#3583=CARTESIAN_POINT('',(1.088763713788E2,1.478823306137E2,-2.828427124745E0));
#3584=LINE('',#3583,#3582);
#3585=DIRECTION('',(-1.421085471515E-14,-7.071067811887E-1,-7.071067811844E-1));
#3586=VECTOR('',#3585,4.000000000014E0);
#3587=CARTESIAN_POINT('',(1.088763713788E2,1.478823306137E2,-2.828427124745E0));
#3588=LINE('',#3587,#3586);
#3589=DIRECTION('',(-8.164965809259E-1,5.773502691922E-1,4.680678173456E-12));
#3590=VECTOR('',#3589,9.797958971265E-1);
#3591=CARTESIAN_POINT('',(1.096763713788E2,1.473166451887E2,-2.828427124750E0));
#3592=LINE('',#3591,#3590);
#3593=DIRECTION('',(-8.164965809317E-1,1.015272500117E-11,-5.773502691840E-1));
#3594=VECTOR('',#3593,9.797958971104E-1);
#3595=CARTESIAN_POINT('',(1.096763713788E2,1.450539034889E2,-5.091168824551E0));
#3596=LINE('',#3595,#3594);
#3597=DIRECTION('',(8.164965809415E-1,5.773502691702E-1,4.174854910172E-12));
#3598=VECTOR('',#3597,9.797958970891E-1);
#3599=CARTESIAN_POINT('',(1.088763713788E2,1.422254763642E2,-2.828427124747E0));
#3600=LINE('',#3599,#3598);
#3601=DIRECTION('',(-2.216005157141E-12,-7.071067811866E-1,7.071067811865E-1));
#3602=VECTOR('',#3601,3.200000000016E0);
#3603=CARTESIAN_POINT('',(1.096763713788E2,1.450539034889E2,-5.091168824551E0));
#3604=LINE('',#3603,#3602);
#3605=DIRECTION('',(2.313704783315E-12,7.071067811867E-1,7.071067811864E-1));
#3606=VECTOR('',#3605,3.200000000006E0);
#3607=CARTESIAN_POINT('',(1.096763713788E2,1.427911617891E2,-2.828427124743E0));
#3608=LINE('',#3607,#3606);
#3609=DIRECTION('',(2.224886941331E-12,7.071067811888E-1,-7.071067811843E-1));
#3610=VECTOR('',#3609,3.200000000025E0);
#3611=CARTESIAN_POINT('',(1.096763713788E2,1.450539034889E2,
-5.656854249421E-1));
#3612=LINE('',#3611,#3610);
#3613=DIRECTION('',(-2.322586567504E-12,-7.071067811888E-1,-7.071067811843E-1));
#3614=VECTOR('',#3613,3.200000000016E0);
#3615=CARTESIAN_POINT('',(1.096763713788E2,1.473166451887E2,-2.828427124750E0));
#3616=LINE('',#3615,#3614);
#3617=DIRECTION('',(0.E0,7.071067811850E-1,7.071067811881E-1));
#3618=VECTOR('',#3617,3.999999999992E0);
#3619=CARTESIAN_POINT('',(1.088763713788E2,1.422254763642E2,-2.828427124747E0));
#3620=LINE('',#3619,#3618);
#3621=DIRECTION('',(8.164965809316E-1,-1.685352350196E-11,-5.773502691841E-1));
#3622=VECTOR('',#3621,9.797958971100E-1);
#3623=CARTESIAN_POINT('',(1.088763713788E2,1.450539034889E2,
-1.793976729060E-13));
#3624=LINE('',#3623,#3622);
#3625=DIRECTION('',(-8.164965809300E-1,5.773502691864E-1,1.074902340644E-11));
#3626=VECTOR('',#3625,9.797958971043E-1);
#3627=CARTESIAN_POINT('',(1.096763713788E2,1.444882180640E2,
-1.071124670441E-11));
#3628=LINE('',#3627,#3626);
#3629=DIRECTION('',(-8.164965809271E-1,-1.815887385925E-11,-5.773502691906E-1));
#3630=VECTOR('',#3629,9.797958971100E-1);
#3631=CARTESIAN_POINT('',(1.096763713788E2,1.422254763642E2,-2.262741699799E0));
#3632=LINE('',#3631,#3630);
#3633=DIRECTION('',(8.164965809152E-1,5.773502692073E-1,1.052879224642E-11));
#3634=VECTOR('',#3633,9.797958971256E-1);
#3635=CARTESIAN_POINT('',(1.088763713788E2,1.393970492394E2,
-1.846398034466E-12));
#3636=LINE('',#3635,#3634);
#3637=DIRECTION('',(2.220446049240E-13,-7.071067811867E-1,7.071067811864E-1));
#3638=VECTOR('',#3637,3.200000000015E0);
#3639=CARTESIAN_POINT('',(1.096763713788E2,1.422254763642E2,-2.262741699799E0));
#3640=LINE('',#3639,#3638);
#3641=DIRECTION('',(-5.284661597235E-13,7.071067811867E-1,7.071067811864E-1));
#3642=VECTOR('',#3641,3.199999999988E0);
#3643=CARTESIAN_POINT('',(1.096763713788E2,1.399627346644E2,
8.469669410260E-12));
#3644=LINE('',#3643,#3642);
#3645=DIRECTION('',(-2.353672812201E-13,7.071067811846E-1,-7.071067811885E-1));
#3646=VECTOR('',#3645,3.200000000006E0);
#3647=CARTESIAN_POINT('',(1.096763713788E2,1.422254763642E2,2.262741699796E0));
#3648=LINE('',#3647,#3646);
#3649=DIRECTION('',(5.462297281192E-13,-7.071067811846E-1,-7.071067811885E-1));
#3650=VECTOR('',#3649,3.199999999979E0);
#3651=CARTESIAN_POINT('',(1.096763713788E2,1.444882180640E2,
-1.071124670441E-11));
#3652=LINE('',#3651,#3650);
#3653=DIRECTION('',(0.E0,7.071067811887E-1,7.071067811844E-1));
#3654=VECTOR('',#3653,4.000000000007E0);
#3655=CARTESIAN_POINT('',(1.088763713788E2,1.393970492394E2,
-1.846398034466E-12));
#3656=LINE('',#3655,#3654);
#3657=DIRECTION('',(8.164965809289E-1,3.190856428952E-12,-5.773502691879E-1));
#3658=VECTOR('',#3657,9.797958971071E-1);
#3659=CARTESIAN_POINT('',(1.088763713788E2,1.422254763642E2,2.828427124740E0));
#3660=LINE('',#3659,#3658);
#3661=DIRECTION('',(-8.164965809237E-1,5.773502691953E-1,4.848379434642E-12));
#3662=VECTOR('',#3661,9.797958971247E-1);
#3663=CARTESIAN_POINT('',(1.096763713788E2,1.416597909392E2,2.828427124736E0));
#3664=LINE('',#3663,#3662);
#3665=DIRECTION('',(-8.164965809317E-1,1.131303642988E-11,-5.773502691840E-1));
#3666=VECTOR('',#3665,9.797958971109E-1);
#3667=CARTESIAN_POINT('',(1.096763713788E2,1.393970492394E2,5.656854249405E-1));
#3668=LINE('',#3667,#3666);
#3669=DIRECTION('',(8.164965809394E-1,5.773502691731E-1,8.213282578121E-12));
#3670=VECTOR('',#3669,9.797958970912E-1);
#3671=CARTESIAN_POINT('',(1.088763713788E2,1.365686221147E2,2.828427124740E0));
#3672=LINE('',#3671,#3670);
#3673=DIRECTION('',(-2.673417043284E-12,-7.071067811867E-1,7.071067811864E-1));
#3674=VECTOR('',#3673,3.200000000016E0);
#3675=CARTESIAN_POINT('',(1.096763713788E2,1.393970492394E2,5.656854249405E-1));
#3676=LINE('',#3675,#3674);
#3677=DIRECTION('',(1.079136779936E-12,7.071067811867E-1,7.071067811864E-1));
#3678=VECTOR('',#3677,3.199999999998E0);
#3679=CARTESIAN_POINT('',(1.096763713788E2,1.371343075396E2,2.828427124748E0));
#3680=LINE('',#3679,#3678);
#3681=DIRECTION('',(2.651212582784E-12,7.071067811888E-1,-7.071067811843E-1));
#3682=VECTOR('',#3681,3.200000000026E0);
#3683=CARTESIAN_POINT('',(1.096763713788E2,1.393970492394E2,5.091168824544E0));
#3684=LINE('',#3683,#3682);
#3685=DIRECTION('',(-1.061373211539E-12,-7.071067811888E-1,-7.071067811843E-1));
#3686=VECTOR('',#3685,3.200000000008E0);
#3687=CARTESIAN_POINT('',(1.096763713788E2,1.416597909392E2,2.828427124736E0));
#3688=LINE('',#3687,#3686);
#3689=DIRECTION('',(0.E0,7.071067811850E-1,7.071067811881E-1));
#3690=VECTOR('',#3689,3.999999999993E0);
#3691=CARTESIAN_POINT('',(1.088763713788E2,1.365686221147E2,2.828427124740E0));
#3692=LINE('',#3691,#3690);
#3693=DIRECTION('',(8.164965809289E-1,-1.885506071651E-11,-5.773502691879E-1));
#3694=VECTOR('',#3693,9.797958971080E-1);
#3695=CARTESIAN_POINT('',(1.088763713788E2,1.393970492394E2,5.656854249488E0));
#3696=LINE('',#3695,#3694);
#3697=DIRECTION('',(-8.164965809326E-1,5.773502691827E-1,5.496068900235E-12));
#3698=VECTOR('',#3697,9.797958971023E-1);
#3699=CARTESIAN_POINT('',(1.096763713788E2,1.388313638145E2,5.656854249483E0));
#3700=LINE('',#3699,#3698);
#3701=DIRECTION('',(0.E0,7.071067811887E-1,-7.071067811844E-1));
#3702=VECTOR('',#3701,4.000000000014E0);
#3703=CARTESIAN_POINT('',(1.088763713788E2,1.393970492394E2,5.656854249488E0));
#3704=LINE('',#3703,#3702);
#3705=DIRECTION('',(0.E0,7.071067811863E-1,-7.071067811868E-1));
#3706=VECTOR('',#3705,3.999999999993E0);
#3707=CARTESIAN_POINT('',(1.088763713788E2,1.365686221147E2,2.828427124740E0));
#3708=LINE('',#3707,#3706);
#3709=DIRECTION('',(6.661338147717E-14,-7.071067811867E-1,7.071067811864E-1));
#3710=VECTOR('',#3709,3.200000000016E0);
#3711=CARTESIAN_POINT('',(1.096763713788E2,1.365686221147E2,-2.262741699800E0));
#3712=LINE('',#3711,#3710);
#3713=DIRECTION('',(-5.417888360191E-13,7.071067811867E-1,7.071067811864E-1));
#3714=VECTOR('',#3713,3.199999999988E0);
#3715=CARTESIAN_POINT('',(1.096763713788E2,1.343058804149E2,
8.422892013490E-12));
#3716=LINE('',#3715,#3714);
#3717=DIRECTION('',(-6.217248937888E-14,7.071067811846E-1,-7.071067811885E-1));
#3718=VECTOR('',#3717,3.200000000007E0);
#3719=CARTESIAN_POINT('',(1.096763713788E2,1.365686221147E2,2.262741699796E0));
#3720=LINE('',#3719,#3718);
#3721=DIRECTION('',(5.373479439221E-13,-7.071067811846E-1,-7.071067811885E-1));
#3722=VECTOR('',#3721,3.199999999979E0);
#3723=CARTESIAN_POINT('',(1.096763713788E2,1.388313638145E2,
-1.145777916989E-11));
#3724=LINE('',#3723,#3722);
#3725=DIRECTION('',(-8.164965809270E-1,-1.720161693055E-11,-5.773502691907E-1));
#3726=VECTOR('',#3725,9.797958971112E-1);
#3727=CARTESIAN_POINT('',(1.096763713788E2,1.365686221147E2,-2.262741699800E0));
#3728=LINE('',#3727,#3726);
#3729=DIRECTION('',(8.164965809152E-1,5.773502692074E-1,1.049779914594E-11));
#3730=VECTOR('',#3729,9.797958971257E-1);
#3731=CARTESIAN_POINT('',(1.088763713788E2,1.337401949899E2,
-1.862808518549E-12));
#3732=LINE('',#3731,#3730);
#3733=DIRECTION('',(-8.164965809300E-1,5.773502691865E-1,9.809574793908E-12));
#3734=VECTOR('',#3733,9.797958971056E-1);
#3735=CARTESIAN_POINT('',(1.096763713788E2,1.388313638145E2,
-1.145777916989E-11));
#3736=LINE('',#3735,#3734);
#3737=DIRECTION('',(0.E0,7.071067811850E-1,7.071067811881E-1));
#3738=VECTOR('',#3737,3.999999999992E0);
#3739=CARTESIAN_POINT('',(1.088763713788E2,1.365686221147E2,-2.828427124749E0));
#3740=LINE('',#3739,#3738);
#3741=DIRECTION('',(8.164965809315E-1,-1.708558578771E-11,-5.773502691843E-1));
#3742=VECTOR('',#3741,9.797958971093E-1);
#3743=CARTESIAN_POINT('',(1.088763713788E2,1.393970492394E2,
-1.846398034466E-12));
#3744=LINE('',#3743,#3742);
#3745=DIRECTION('',(-8.164965809316E-1,1.047181064406E-11,-5.773502691841E-1));
#3746=VECTOR('',#3745,9.797958971112E-1);
#3747=CARTESIAN_POINT('',(1.096763713788E2,1.393970492394E2,-5.091168824551E0));
#3748=LINE('',#3747,#3746);
#3749=DIRECTION('',(8.164965809414E-1,5.773502691703E-1,4.530653531877E-12));
#3750=VECTOR('',#3749,9.797958970883E-1);
#3751=CARTESIAN_POINT('',(1.088763713788E2,1.365686221147E2,-2.828427124749E0));
#3752=LINE('',#3751,#3750);
#3753=DIRECTION('',(-2.935429677095E-12,-7.071067811867E-1,7.071067811864E-1));
#3754=VECTOR('',#3753,3.200000000015E0);
#3755=CARTESIAN_POINT('',(1.096763713788E2,1.393970492394E2,-5.091168824551E0));
#3756=LINE('',#3755,#3754);
#3757=DIRECTION('',(2.335909243807E-12,7.071067811867E-1,7.071067811864E-1));
#3758=VECTOR('',#3757,3.200000000006E0);
#3759=CARTESIAN_POINT('',(1.096763713788E2,1.371343075396E2,-2.828427124744E0));
#3760=LINE('',#3759,#3758);
#3761=DIRECTION('',(2.948752353382E-12,7.071067811888E-1,-7.071067811843E-1));
#3762=VECTOR('',#3761,3.200000000024E0);
#3763=CARTESIAN_POINT('',(1.096763713788E2,1.393970492394E2,
-5.656854249436E-1));
#3764=LINE('',#3763,#3762);
#3765=DIRECTION('',(-2.340350135899E-12,-7.071067811888E-1,-7.071067811843E-1));
#3766=VECTOR('',#3765,3.200000000015E0);
#3767=CARTESIAN_POINT('',(1.096763713788E2,1.416597909392E2,-2.828427124751E0));
#3768=LINE('',#3767,#3766);
#3769=DIRECTION('',(9.237055564854E-14,7.071067811889E-1,-7.071067811842E-1));
#3770=VECTOR('',#3769,4.000000000012E0);
#3771=CARTESIAN_POINT('',(1.088763713788E2,1.393970492394E2,
-1.846398034466E-12));
#3772=LINE('',#3771,#3770);
#3773=DIRECTION('',(-8.164965809260E-1,5.773502691920E-1,3.716169298358E-12));
#3774=VECTOR('',#3773,9.797958971270E-1);
#3775=CARTESIAN_POINT('',(1.096763713788E2,1.416597909392E2,-2.828427124751E0));
#3776=LINE('',#3775,#3774);
#3777=DIRECTION('',(1.421085471515E-14,7.071067811887E-1,7.071067811844E-1));
#3778=VECTOR('',#3777,4.000000000013E0);
#3779=CARTESIAN_POINT('',(1.088763713788E2,1.393970492394E2,-5.656854249494E0));
#3780=LINE('',#3779,#3778);
#3781=DIRECTION('',(8.164965809271E-1,-1.160311428708E-12,-5.773502691905E-1));
#3782=VECTOR('',#3781,9.797958971087E-1);
#3783=CARTESIAN_POINT('',(1.088763713788E2,1.422254763642E2,-2.828427124747E0));
#3784=LINE('',#3783,#3782);
#3785=DIRECTION('',(-8.164965809269E-1,-1.824589721639E-11,-5.773502691907E-1));
#3786=VECTOR('',#3785,9.797958971107E-1);
#3787=CARTESIAN_POINT('',(1.096763713788E2,1.422254763642E2,-7.919595949291E0));
#3788=LINE('',#3787,#3786);
#3789=DIRECTION('',(8.164965809150E-1,5.773502692076E-1,1.152243638284E-11));
#3790=VECTOR('',#3789,9.797958971262E-1);
#3791=CARTESIAN_POINT('',(1.088763713788E2,1.393970492394E2,-5.656854249494E0));
#3792=LINE('',#3791,#3790);
#3793=DIRECTION('',(4.751754545372E-13,-7.071067811866E-1,7.071067811865E-1));
#3794=VECTOR('',#3793,3.200000000016E0);
#3795=CARTESIAN_POINT('',(1.096763713788E2,1.422254763642E2,-7.919595949291E0));
#3796=LINE('',#3795,#3794);
#3797=DIRECTION('',(-7.238654120583E-13,7.071067811866E-1,7.071067811865E-1));
#3798=VECTOR('',#3797,3.199999999988E0);
#3799=CARTESIAN_POINT('',(1.096763713788E2,1.399627346644E2,-5.656854249483E0));
#3800=LINE('',#3799,#3798);
#3801=DIRECTION('',(-4.751754545385E-13,7.071067811846E-1,-7.071067811885E-1));
#3802=VECTOR('',#3801,3.200000000007E0);
#3803=CARTESIAN_POINT('',(1.096763713788E2,1.422254763642E2,-3.394112549694E0));
#3804=LINE('',#3803,#3802);
#3805=DIRECTION('',(7.283063041588E-13,-7.071067811846E-1,-7.071067811885E-1));
#3806=VECTOR('',#3805,3.199999999979E0);
#3807=CARTESIAN_POINT('',(1.096763713788E2,1.444882180640E2,-5.656854249502E0));
#3808=LINE('',#3807,#3806);
#3809=DIRECTION('',(-1.882938249768E-13,7.071067811851E-1,-7.071067811879E-1));
#3810=VECTOR('',#3809,3.999999999992E0);
#3811=CARTESIAN_POINT('',(1.088763713788E2,1.422254763642E2,-2.828427124747E0));
#3812=LINE('',#3811,#3810);
#3813=DIRECTION('',(2.842170943046E-14,-7.071067811849E-1,-7.071067811881E-1));
#3814=VECTOR('',#3813,3.999999999992E0);
#3815=CARTESIAN_POINT('',(1.088763713788E2,1.450539034889E2,-5.656854249493E0));
#3816=LINE('',#3815,#3814);
#3817=DIRECTION('',(-8.164965809304E-1,5.773502691858E-1,9.830013385132E-12));
#3818=VECTOR('',#3817,9.797958971038E-1);
#3819=CARTESIAN_POINT('',(1.096763713788E2,1.444882180640E2,-5.656854249502E0));
#3820=LINE('',#3819,#3818);
#3821=DIRECTION('',(8.164965809315E-1,-1.609932107331E-11,-5.773502691842E-1));
#3822=VECTOR('',#3821,9.797958971095E-1);
#3823=CARTESIAN_POINT('',(1.088763713788E2,1.450539034889E2,-5.656854249493E0));
#3824=LINE('',#3823,#3822);
#3825=DIRECTION('',(-8.164965809303E-1,1.752070257339E-11,-5.773502691859E-1));
#3826=VECTOR('',#3825,9.797958971138E-1);
#3827=CARTESIAN_POINT('',(1.096763713788E2,1.450539034889E2,-1.074802307404E1));
#3828=LINE('',#3827,#3826);
#3829=DIRECTION('',(8.164965809418E-1,5.773502691697E-1,2.866331826291E-12));
#3830=VECTOR('',#3829,9.797958970877E-1);
#3831=CARTESIAN_POINT('',(1.088763713788E2,1.422254763642E2,-8.485281374240E0));
#3832=LINE('',#3831,#3830);
#3833=DIRECTION('',(-1.216804434986E-12,-7.071067811869E-1,7.071067811862E-1));
#3834=VECTOR('',#3833,3.200000000007E0);
#3835=CARTESIAN_POINT('',(1.096763713788E2,1.450539034889E2,-1.074802307404E1));
#3836=LINE('',#3835,#3834);
#3837=DIRECTION('',(2.380318164790E-12,7.071067811867E-1,7.071067811864E-1));
#3838=VECTOR('',#3837,3.200000000008E0);
#3839=CARTESIAN_POINT('',(1.096763713788E2,1.427911617891E2,-8.485281374237E0));
#3840=LINE('',#3839,#3838);
#3841=DIRECTION('',(1.239008895475E-12,7.071067811888E-1,-7.071067811843E-1));
#3842=VECTOR('',#3841,3.200000000017E0);
#3843=CARTESIAN_POINT('',(1.096763713788E2,1.450539034889E2,-6.222539674435E0));
#3844=LINE('',#3843,#3842);
#3845=DIRECTION('',(-2.393640841079E-12,-7.071067811890E-1,-7.071067811841E-1));
#3846=VECTOR('',#3845,3.200000000017E0);
#3847=CARTESIAN_POINT('',(1.096763713788E2,1.473166451887E2,-8.485281374237E0));
#3848=LINE('',#3847,#3846);
#3849=DIRECTION('',(-1.556088591310E-12,7.071067811891E-1,-7.071067811840E-1));
#3850=VECTOR('',#3849,4.000000000013E0);
#3851=CARTESIAN_POINT('',(1.088763713788E2,1.450539034889E2,-5.656854249493E0));
#3852=LINE('',#3851,#3850);
#3853=DIRECTION('',(4.618527782426E-14,-7.071067811889E-1,-7.071067811842E-1));
#3854=VECTOR('',#3853,4.000000000012E0);
#3855=CARTESIAN_POINT('',(1.088763713788E2,1.478823306137E2,-8.485281374238E0));
#3856=LINE('',#3855,#3854);
#3857=DIRECTION('',(-8.164965809239E-1,5.773502691951E-1,-1.522908750144E-12));
#3858=VECTOR('',#3857,9.797958971311E-1);
#3859=CARTESIAN_POINT('',(1.096763713788E2,1.473166451887E2,-8.485281374237E0));
#3860=LINE('',#3859,#3858);
#3861=DIRECTION('',(8.164965809256E-1,5.221401429163E-12,-5.773502691927E-1));
#3862=VECTOR('',#3861,9.797958971128E-1);
#3863=CARTESIAN_POINT('',(1.088763713788E2,1.478823306137E2,-8.485281374238E0));
#3864=LINE('',#3863,#3862);
#3865=DIRECTION('',(1.736388810520E-12,-7.071067811868E-1,7.071067811863E-1));
#3866=VECTOR('',#3865,3.199999999988E0);
#3867=CARTESIAN_POINT('',(1.096763713788E2,1.478823306137E2,-1.357645019877E1));
#3868=LINE('',#3867,#3866);
#3869=DIRECTION('',(-8.526512829149E-13,7.071067811869E-1,7.071067811862E-1));
#3870=VECTOR('',#3869,3.199999999990E0);
#3871=CARTESIAN_POINT('',(1.096763713788E2,1.456195889139E2,-1.131370849898E1));
#3872=LINE('',#3871,#3870);
#3873=DIRECTION('',(-1.736388810520E-12,7.071067811869E-1,-7.071067811862E-1));
#3874=VECTOR('',#3873,3.199999999988E0);
#3875=CARTESIAN_POINT('',(1.096763713788E2,1.478823306137E2,-9.050966799190E0));
#3876=LINE('',#3875,#3874);
#3877=DIRECTION('',(8.615330671118E-13,-7.071067811867E-1,-7.071067811864E-1));
#3878=VECTOR('',#3877,3.199999999990E0);
#3879=CARTESIAN_POINT('',(1.096763713788E2,1.501450723135E2,-1.131370849898E1));
#3880=LINE('',#3879,#3878);
#3881=DIRECTION('',(-1.552535877639E-12,7.071067811854E-1,-7.071067811877E-1));
#3882=VECTOR('',#3881,3.999999999991E0);
#3883=CARTESIAN_POINT('',(1.088763713788E2,1.422254763642E2,-8.485281374240E0));
#3884=LINE('',#3883,#3882);
#3885=DIRECTION('',(8.164965809280E-1,-6.091635000728E-13,-5.773502691892E-1));
#3886=VECTOR('',#3885,9.797958971067E-1);
#3887=CARTESIAN_POINT('',(1.088763713788E2,1.422254763642E2,-8.485281374240E0));
#3888=LINE('',#3887,#3886);
#3889=DIRECTION('',(4.618527782425E-14,-7.071067811892E-1,-7.071067811839E-1));
#3890=VECTOR('',#3889,4.000000000013E0);
#3891=CARTESIAN_POINT('',(1.088763713788E2,1.422254763642E2,-8.485281374240E0));
#3892=LINE('',#3891,#3890);
#3893=DIRECTION('',(-8.164965809262E-1,5.773502691918E-1,3.633225161075E-12));
#3894=VECTOR('',#3893,9.797958971264E-1);
#3895=CARTESIAN_POINT('',(1.096763713788E2,1.416597909392E2,-8.485281374243E0));
#3896=LINE('',#3895,#3894);
#3897=DIRECTION('',(-8.164965809324E-1,9.311499215373E-12,-5.773502691830E-1));
#3898=VECTOR('',#3897,9.797958971094E-1);
#3899=CARTESIAN_POINT('',(1.096763713788E2,1.393970492394E2,-1.074802307404E1));
#3900=LINE('',#3899,#3898);
#3901=DIRECTION('',(8.164965809420E-1,5.773502691695E-1,3.694866705874E-12));
#3902=VECTOR('',#3901,9.797958970868E-1);
#3903=CARTESIAN_POINT('',(1.088763713788E2,1.365686221147E2,-8.485281374241E0));
#3904=LINE('',#3903,#3902);
#3905=DIRECTION('',(-2.664535259088E-12,-7.071067811869E-1,7.071067811862E-1));
#3906=VECTOR('',#3905,3.200000000015E0);
#3907=CARTESIAN_POINT('',(1.096763713788E2,1.393970492394E2,-1.074802307404E1));
#3908=LINE('',#3907,#3906);
#3909=DIRECTION('',(2.415845301578E-12,7.071067811867E-1,7.071067811864E-1));
#3910=VECTOR('',#3909,3.200000000008E0);
#3911=CARTESIAN_POINT('',(1.096763713788E2,1.371343075396E2,-8.485281374237E0));
#3912=LINE('',#3911,#3910);
#3913=DIRECTION('',(2.629008122291E-12,7.071067811888E-1,-7.071067811843E-1));
#3914=VECTOR('',#3913,3.200000000026E0);
#3915=CARTESIAN_POINT('',(1.096763713788E2,1.393970492394E2,-6.222539674435E0));
#3916=LINE('',#3915,#3914);
#3917=DIRECTION('',(-2.380318164784E-12,-7.071067811890E-1,-7.071067811841E-1));
#3918=VECTOR('',#3917,3.200000000017E0);
#3919=CARTESIAN_POINT('',(1.096763713788E2,1.416597909392E2,-8.485281374243E0));
#3920=LINE('',#3919,#3918);
#3921=DIRECTION('',(-3.552713678808E-14,7.071067811849E-1,7.071067811882E-1));
#3922=VECTOR('',#3921,3.999999999992E0);
#3923=CARTESIAN_POINT('',(1.088763713788E2,1.365686221147E2,-8.485281374241E0));
#3924=LINE('',#3923,#3922);
#3925=DIRECTION('',(8.164965809316E-1,-1.694054685913E-11,-5.773502691841E-1));
#3926=VECTOR('',#3925,9.797958971089E-1);
#3927=CARTESIAN_POINT('',(1.088763713788E2,1.393970492394E2,-5.656854249494E0));
#3928=LINE('',#3927,#3926);
#3929=DIRECTION('',(-8.164965809304E-1,5.773502691859E-1,9.453818664097E-12));
#3930=VECTOR('',#3929,9.797958971045E-1);
#3931=CARTESIAN_POINT('',(1.096763713788E2,1.388313638145E2,-5.656854249503E0));
#3932=LINE('',#3931,#3930);
#3933=DIRECTION('',(-8.164965809268E-1,-1.786879600205E-11,-5.773502691909E-1));
#3934=VECTOR('',#3933,9.797958971114E-1);
#3935=CARTESIAN_POINT('',(1.096763713788E2,1.365686221147E2,-7.919595949291E0));
#3936=LINE('',#3935,#3934);
#3937=DIRECTION('',(8.164965809149E-1,5.773502692077E-1,1.174090126904E-11));
#3938=VECTOR('',#3937,9.797958971253E-1);
#3939=CARTESIAN_POINT('',(1.088763713788E2,1.337401949899E2,-5.656854249496E0));
#3940=LINE('',#3939,#3938);
#3941=DIRECTION('',(-2.486899575149E-13,-7.071067811867E-1,7.071067811864E-1));
#3942=VECTOR('',#3941,3.200000000015E0);
#3943=CARTESIAN_POINT('',(1.096763713788E2,1.365686221147E2,-7.919595949291E0));
#3944=LINE('',#3943,#3942);
#3945=DIRECTION('',(-6.972200594672E-13,7.071067811867E-1,7.071067811864E-1));
#3946=VECTOR('',#3945,3.199999999988E0);
#3947=CARTESIAN_POINT('',(1.096763713788E2,1.343058804149E2,-5.656854249484E0));
#3948=LINE('',#3947,#3946);
#3949=DIRECTION('',(2.264854970231E-13,7.071067811846E-1,-7.071067811885E-1));
#3950=VECTOR('',#3949,3.200000000006E0);
#3951=CARTESIAN_POINT('',(1.096763713788E2,1.365686221147E2,-3.394112549696E0));
#3952=LINE('',#3951,#3950);
#3953=DIRECTION('',(7.194245199618E-13,-7.071067811846E-1,-7.071067811885E-1));
#3954=VECTOR('',#3953,3.199999999979E0);
#3955=CARTESIAN_POINT('',(1.096763713788E2,1.388313638145E2,-5.656854249503E0));
#3956=LINE('',#3955,#3954);
#3957=DIRECTION('',(0.E0,7.071067811887E-1,7.071067811844E-1));
#3958=VECTOR('',#3957,4.000000000013E0);
#3959=CARTESIAN_POINT('',(1.088763713788E2,1.337401949899E2,-5.656854249496E0));
#3960=LINE('',#3959,#3958);
#3961=DIRECTION('',(8.164965809270E-1,-1.450389285886E-12,-5.773502691907E-1));
#3962=VECTOR('',#3961,9.797958971081E-1);
#3963=CARTESIAN_POINT('',(1.088763713788E2,1.365686221147E2,-2.828427124749E0));
#3964=LINE('',#3963,#3962);
#3965=DIRECTION('',(-8.164965809259E-1,5.773502691921E-1,2.791546128621E-12));
#3966=VECTOR('',#3965,9.797958971282E-1);
#3967=CARTESIAN_POINT('',(1.096763713788E2,1.360029366897E2,-2.828427124751E0));
#3968=LINE('',#3967,#3966);
#3969=DIRECTION('',(-8.164965809315E-1,1.137105200129E-11,-5.773502691843E-1));
#3970=VECTOR('',#3969,9.797958971124E-1);
#3971=CARTESIAN_POINT('',(1.096763713788E2,1.337401949899E2,-5.091168824552E0));
#3972=LINE('',#3971,#3970);
#3973=DIRECTION('',(8.164965809333E-1,5.773502691817E-1,4.452241861063E-12));
#3974=VECTOR('',#3973,9.797958970980E-1);
#3975=CARTESIAN_POINT('',(1.088763713788E2,1.309117678652E2,-2.828427124749E0));
#3976=LINE('',#3975,#3974);
#3977=DIRECTION('',(-3.099742684756E-12,-7.071067811825E-1,7.071067811906E-1));
#3978=VECTOR('',#3977,3.199999999997E0);
#3979=CARTESIAN_POINT('',(1.096763713788E2,1.337401949899E2,-5.091168824552E0));
#3980=LINE('',#3979,#3978);
#3981=DIRECTION('',(2.327027459624E-12,7.071067811825E-1,7.071067811906E-1));
#3982=VECTOR('',#3981,3.199999999987E0);
#3983=CARTESIAN_POINT('',(1.096763713788E2,1.314774532901E2,-2.828427124744E0));
#3984=LINE('',#3983,#3982);
#3985=DIRECTION('',(3.121947145221E-12,7.071067811888E-1,-7.071067811843E-1));
#3986=VECTOR('',#3985,3.200000000026E0);
#3987=CARTESIAN_POINT('',(1.096763713788E2,1.337401949899E2,
-5.656854249436E-1));
#3988=LINE('',#3987,#3986);
#3989=DIRECTION('',(-2.331468351702E-12,-7.071067811888E-1,-7.071067811843E-1));
#3990=VECTOR('',#3989,3.200000000015E0);
#3991=CARTESIAN_POINT('',(1.096763713788E2,1.360029366897E2,-2.828427124751E0));
#3992=LINE('',#3991,#3990);
#3993=DIRECTION('',(0.E0,7.071067811837E-1,7.071067811894E-1));
#3994=VECTOR('',#3993,3.999999999985E0);
#3995=CARTESIAN_POINT('',(1.088763713788E2,1.309117678652E2,-2.828427124749E0));
#3996=LINE('',#3995,#3994);
#3997=DIRECTION('',(8.164965809315E-1,-1.702757021628E-11,-5.773502691843E-1));
#3998=VECTOR('',#3997,9.797958971093E-1);
#3999=CARTESIAN_POINT('',(1.088763713788E2,1.337401949899E2,
-1.862808518549E-12));
#4000=LINE('',#3999,#3998);
#4001=DIRECTION('',(-8.164965809299E-1,5.773502691865E-1,9.741325762911E-12));
#4002=VECTOR('',#4001,9.797958971056E-1);
#4003=CARTESIAN_POINT('',(1.096763713788E2,1.331745095650E2,
-1.140731953342E-11));
#4004=LINE('',#4003,#4002);
#4005=DIRECTION('',(-8.164965809270E-1,-7.019884143664E-12,-5.773502691907E-1));
#4006=VECTOR('',#4005,9.797958971112E-1);
#4007=CARTESIAN_POINT('',(1.096763713788E2,1.309117678652E2,-2.262741699800E0));
#4008=LINE('',#4007,#4006);
#4009=DIRECTION('',(8.164965809380E-1,5.773502691750E-1,5.390835414626E-12));
#4010=VECTOR('',#4009,9.797958970939E-1);
#4011=CARTESIAN_POINT('',(1.088763713788E2,1.280833407405E2,
3.134756343393E-12));
#4012=LINE('',#4011,#4010);
#4013=DIRECTION('',(6.661338147717E-14,-7.071067811867E-1,7.071067811864E-1));
#4014=VECTOR('',#4013,3.200000000016E0);
#4015=CARTESIAN_POINT('',(1.096763713788E2,1.309117678652E2,-2.262741699800E0));
#4016=LINE('',#4015,#4014);
#4017=DIRECTION('',(-5.417888360191E-13,7.071067811867E-1,7.071067811864E-1));
#4018=VECTOR('',#4017,3.199999999988E0);
#4019=CARTESIAN_POINT('',(1.096763713788E2,1.286490261654E2,
8.416674764552E-12));
#4020=LINE('',#4019,#4018);
#4021=DIRECTION('',(-5.329070518190E-14,7.071067811846E-1,-7.071067811885E-1));
#4022=VECTOR('',#4021,3.200000000007E0);
#4023=CARTESIAN_POINT('',(1.096763713788E2,1.309117678652E2,2.262741699796E0));
#4024=LINE('',#4023,#4022);
#4025=DIRECTION('',(5.284661597251E-13,-7.071067811846E-1,-7.071067811885E-1));
#4026=VECTOR('',#4025,3.199999999979E0);
#4027=CARTESIAN_POINT('',(1.096763713788E2,1.331745095650E2,
-1.140731953342E-11));
#4028=LINE('',#4027,#4026);
#4029=DIRECTION('',(-8.988365607422E-13,7.071067811843E-1,7.071067811888E-1));
#4030=VECTOR('',#4029,3.999999999975E0);
#4031=CARTESIAN_POINT('',(1.088763713788E2,1.280833407405E2,
3.134756343393E-12));
#4032=LINE('',#4031,#4030);
#4033=DIRECTION('',(8.164965809290E-1,-6.990876357976E-12,-5.773502691879E-1));
#4034=VECTOR('',#4033,9.797958971071E-1);
#4035=CARTESIAN_POINT('',(1.088763713788E2,1.309117678652E2,2.828427124740E0));
#4036=LINE('',#4035,#4034);
#4037=DIRECTION('',(-8.164965809350E-1,5.773502691793E-1,4.861976834379E-12));
#4038=VECTOR('',#4037,9.797958970879E-1);
#4039=CARTESIAN_POINT('',(1.096763713788E2,1.303460824403E2,2.828427124736E0));
#4040=LINE('',#4039,#4038);
#4041=DIRECTION('',(-8.164965809329E-1,-1.244434007294E-11,-5.773502691823E-1));
#4042=VECTOR('',#4041,9.797958971050E-1);
#4043=CARTESIAN_POINT('',(1.096763713788E2,1.280833407405E2,5.656854249404E-1));
#4044=LINE('',#4043,#4042);
#4045=DIRECTION('',(8.164965809201E-1,5.773502692004E-1,-1.552823029170E-12));
#4046=VECTOR('',#4045,9.797958971279E-1);
#4047=CARTESIAN_POINT('',(1.088763713788E2,1.252549136157E2,2.828427124749E0));
#4048=LINE('',#4047,#4046);
#4049=DIRECTION('',(3.024247519065E-12,-7.071067811867E-1,7.071067811864E-1));
#4050=VECTOR('',#4049,3.200000000015E0);
#4051=CARTESIAN_POINT('',(1.096763713788E2,1.280833407405E2,5.656854249404E-1));
#4052=LINE('',#4051,#4050);
#4053=DIRECTION('',(-4.831690603172E-12,7.071067811867E-1,7.071067811864E-1));
#4054=VECTOR('',#4053,3.199999999998E0);
#4055=CARTESIAN_POINT('',(1.096763713788E2,1.258205990407E2,2.828427124747E0));
#4056=LINE('',#4055,#4054);
#4057=DIRECTION('',(-3.033129303271E-12,7.071067811846E-1,-7.071067811884E-1));
#4058=VECTOR('',#4057,3.200000000005E0);
#4059=CARTESIAN_POINT('',(1.096763713788E2,1.280833407405E2,5.091168824542E0));
#4060=LINE('',#4059,#4058);
#4061=DIRECTION('',(4.849454171580E-12,-7.071067811846E-1,-7.071067811885E-1));
#4062=VECTOR('',#4061,3.199999999989E0);
#4063=CARTESIAN_POINT('',(1.096763713788E2,1.303460824403E2,2.828427124736E0));
#4064=LINE('',#4063,#4062);
#4065=DIRECTION('',(-1.772804125721E-12,7.071067811887E-1,7.071067811844E-1));
#4066=VECTOR('',#4065,4.E0);
#4067=CARTESIAN_POINT('',(1.088763713788E2,1.252549136157E2,2.828427124749E0));
#4068=LINE('',#4067,#4066);
#4069=DIRECTION('',(8.164965809290E-1,9.514553715419E-12,-5.773502691879E-1));
#4070=VECTOR('',#4069,9.797958971071E-1);
#4071=CARTESIAN_POINT('',(1.088763713788E2,1.280833407405E2,5.656854249486E0));
#4072=LINE('',#4071,#4070);
#4073=DIRECTION('',(-8.164965809238E-1,5.773502691952E-1,4.999310569758E-12));
#4074=VECTOR('',#4073,9.797958971138E-1);
#4075=CARTESIAN_POINT('',(1.096763713788E2,1.275176553155E2,5.656854249482E0));
#4076=LINE('',#4075,#4074);
#4077=DIRECTION('',(0.E0,7.071067811843E-1,-7.071067811887E-1));
#4078=VECTOR('',#4077,3.999999999987E0);
#4079=CARTESIAN_POINT('',(1.088763713788E2,1.280833407405E2,5.656854249486E0));
#4080=LINE('',#4079,#4078);
#4081=DIRECTION('',(-8.881784196974E-13,7.071067811888E-1,-7.071067811843E-1));
#4082=VECTOR('',#4081,4.000000000012E0);
#4083=CARTESIAN_POINT('',(1.088763713788E2,1.252549136157E2,2.828427124749E0));
#4084=LINE('',#4083,#4082);
#4085=DIRECTION('',(-1.598721155453E-13,-7.071067811867E-1,7.071067811864E-1));
#4086=VECTOR('',#4085,3.200000000015E0);
#4087=CARTESIAN_POINT('',(1.096763713788E2,1.252549136157E2,-2.262741699800E0));
#4088=LINE('',#4087,#4086);
#4089=DIRECTION('',(2.424727085776E-12,7.071067811867E-1,7.071067811864E-1));
#4090=VECTOR('',#4089,3.200000000007E0);
#4091=CARTESIAN_POINT('',(1.096763713788E2,1.229921719159E2,
7.454536987694E-12));
#4092=LINE('',#4091,#4090);
#4093=DIRECTION('',(1.687538997417E-13,7.071067811888E-1,-7.071067811843E-1));
#4094=VECTOR('',#4093,3.200000000024E0);
#4095=CARTESIAN_POINT('',(1.096763713788E2,1.252549136157E2,2.262741699809E0));
#4096=LINE('',#4095,#4094);
#4097=DIRECTION('',(-2.415845301572E-12,-7.071067811888E-1,-7.071067811843E-1));
#4098=VECTOR('',#4097,3.200000000017E0);
#4099=CARTESIAN_POINT('',(1.096763713788E2,1.275176553155E2,
1.874537562211E-12));
#4100=LINE('',#4099,#4098);
#4101=DIRECTION('',(-8.164965809282E-1,3.176352536098E-12,-5.773502691889E-1));
#4102=VECTOR('',#4101,9.797958971054E-1);
#4103=CARTESIAN_POINT('',(1.096763713788E2,1.252549136157E2,-2.262741699800E0));
#4104=LINE('',#4103,#4102);
#4105=DIRECTION('',(8.164965809381E-1,5.773502691750E-1,6.013185707725E-12));
#4106=VECTOR('',#4105,9.797958970929E-1);
#4107=CARTESIAN_POINT('',(1.088763713788E2,1.224264864910E2,
1.562842302808E-12));
#4108=LINE('',#4107,#4106);
#4109=DIRECTION('',(-8.164965809272E-1,5.773502691904E-1,1.286205407566E-12));
#4110=VECTOR('',#4109,9.797958971161E-1);
#4111=CARTESIAN_POINT('',(1.096763713788E2,1.275176553155E2,
1.874537562211E-12));
#4112=LINE('',#4111,#4110);
#4113=DIRECTION('',(0.E0,7.071067811887E-1,7.071067811844E-1));
#4114=VECTOR('',#4113,4.000000000013E0);
#4115=CARTESIAN_POINT('',(1.088763713788E2,1.252549136157E2,-2.828427124744E0));
#4116=LINE('',#4115,#4114);
#4117=DIRECTION('',(8.164965809279E-1,6.758814072218E-12,-5.773502691894E-1));
#4118=VECTOR('',#4117,9.797958971093E-1);
#4119=CARTESIAN_POINT('',(1.088763713788E2,1.280833407405E2,
3.134756343393E-12));
#4120=LINE('',#4119,#4118);
#4121=DIRECTION('',(-8.164965809327E-1,-1.250235564435E-11,-5.773502691826E-1));
#4122=VECTOR('',#4121,9.797958971067E-1);
#4123=CARTESIAN_POINT('',(1.096763713788E2,1.280833407405E2,-5.091168824552E0));
#4124=LINE('',#4123,#4122);
#4125=DIRECTION('',(8.164965809209E-1,5.773502691993E-1,-6.399842723816E-13));
#4126=VECTOR('',#4125,9.797958971317E-1);
#4127=CARTESIAN_POINT('',(1.088763713788E2,1.252549136157E2,-2.828427124744E0));
#4128=LINE('',#4127,#4126);
#4129=DIRECTION('',(2.784439345746E-12,-7.071067811867E-1,7.071067811864E-1));
#4130=VECTOR('',#4129,3.200000000016E0);
#4131=CARTESIAN_POINT('',(1.096763713788E2,1.280833407405E2,-5.091168824552E0));
#4132=LINE('',#4131,#4130);
#4133=DIRECTION('',(-3.574918139286E-12,7.071067811867E-1,7.071067811864E-1));
#4134=VECTOR('',#4133,3.200000000006E0);
#4135=CARTESIAN_POINT('',(1.096763713788E2,1.258205990407E2,-2.828427124744E0));
#4136=LINE('',#4135,#4134);
#4137=DIRECTION('',(-2.793321129951E-12,7.071067811846E-1,-7.071067811885E-1));
#4138=VECTOR('',#4137,3.200000000007E0);
#4139=CARTESIAN_POINT('',(1.096763713788E2,1.280833407405E2,
-5.656854249436E-1));
#4140=LINE('',#4139,#4138);
#4141=DIRECTION('',(3.574918139297E-12,-7.071067811847E-1,-7.071067811884E-1));
#4142=VECTOR('',#4141,3.199999999997E0);
#4143=CARTESIAN_POINT('',(1.096763713788E2,1.303460824403E2,-2.828427124751E0));
#4144=LINE('',#4143,#4142);
#4145=DIRECTION('',(-8.810729923448E-13,7.071067811833E-1,-7.071067811898E-1));
#4146=VECTOR('',#4145,3.999999999990E0);
#4147=CARTESIAN_POINT('',(1.088763713788E2,1.280833407405E2,
3.134756343393E-12));
#4148=LINE('',#4147,#4146);
#4149=DIRECTION('',(-8.164965809372E-1,5.773502691762E-1,2.813755214666E-12));
#4150=VECTOR('',#4149,9.797958970915E-1);
#4151=CARTESIAN_POINT('',(1.096763713788E2,1.303460824403E2,-2.828427124751E0));
#4152=LINE('',#4151,#4150);
#4153=DIRECTION('',(-8.810729923466E-13,7.071067811843E-1,7.071067811888E-1));
#4154=VECTOR('',#4153,3.999999999982E0);
#4155=CARTESIAN_POINT('',(1.088763713788E2,1.280833407405E2,-5.656854249491E0));
#4156=LINE('',#4155,#4154);
#4157=DIRECTION('',(8.164965809270E-1,-1.169013764424E-11,-5.773502691907E-1));
#4158=VECTOR('',#4157,9.797958971081E-1);
#4159=CARTESIAN_POINT('',(1.088763713788E2,1.309117678652E2,-2.828427124749E0));
#4160=LINE('',#4159,#4158);
#4161=DIRECTION('',(-8.164965809267E-1,-6.787821857912E-12,-5.773502691911E-1));
#4162=VECTOR('',#4161,9.797958971127E-1);
#4163=CARTESIAN_POINT('',(1.096763713788E2,1.309117678652E2,-7.919595949292E0));
#4164=LINE('',#4163,#4162);
#4165=DIRECTION('',(8.164965809377E-1,5.773502691755E-1,6.593832291054E-12));
#4166=VECTOR('',#4165,9.797958970937E-1);
#4167=CARTESIAN_POINT('',(1.088763713788E2,1.280833407405E2,-5.656854249491E0));
#4168=LINE('',#4167,#4166);
#4169=DIRECTION('',(-3.907985046661E-13,-7.071067811866E-1,7.071067811865E-1));
#4170=VECTOR('',#4169,3.200000000016E0);
#4171=CARTESIAN_POINT('',(1.096763713788E2,1.309117678652E2,-7.919595949292E0));
#4172=LINE('',#4171,#4170);
#4173=DIRECTION('',(-7.283063041568E-13,7.071067811866E-1,7.071067811865E-1));
#4174=VECTOR('',#4173,3.199999999988E0);
#4175=CARTESIAN_POINT('',(1.096763713788E2,1.286490261654E2,-5.656854249484E0));
#4176=LINE('',#4175,#4174);
#4177=DIRECTION('',(4.085620730612E-13,7.071067811846E-1,-7.071067811885E-1));
#4178=VECTOR('',#4177,3.200000000007E0);
#4179=CARTESIAN_POINT('',(1.096763713788E2,1.309117678652E2,-3.394112549696E0));
#4180=LINE('',#4179,#4178);
#4181=DIRECTION('',(7.105427357648E-13,-7.071067811846E-1,-7.071067811885E-1));
#4182=VECTOR('',#4181,3.199999999979E0);
#4183=CARTESIAN_POINT('',(1.096763713788E2,1.331745095650E2,-5.656854249504E0));
#4184=LINE('',#4183,#4182);
#4185=DIRECTION('',(0.E0,7.071067811839E-1,-7.071067811892E-1));
#4186=VECTOR('',#4185,3.999999999986E0);
#4187=CARTESIAN_POINT('',(1.088763713788E2,1.309117678652E2,-2.828427124749E0));
#4188=LINE('',#4187,#4186);
#4189=DIRECTION('',(-8.164965809302E-1,5.773502691861E-1,8.518317574686E-12));
#4190=VECTOR('',#4189,9.797958971058E-1);
#4191=CARTESIAN_POINT('',(1.096763713788E2,1.331745095650E2,-5.656854249504E0));
#4192=LINE('',#4191,#4190);
#4193=DIRECTION('',(-3.907985046695E-14,7.071067811837E-1,7.071067811894E-1));
#4194=VECTOR('',#4193,3.999999999985E0);
#4195=CARTESIAN_POINT('',(1.088763713788E2,1.309117678652E2,-8.485281374243E0));
#4196=LINE('',#4195,#4194);
#4197=DIRECTION('',(8.164965809315E-1,-1.711459357345E-11,-5.773502691843E-1));
#4198=VECTOR('',#4197,9.797958971081E-1);
#4199=CARTESIAN_POINT('',(1.088763713788E2,1.337401949899E2,-5.656854249496E0));
#4200=LINE('',#4199,#4198);
#4201=DIRECTION('',(-8.164965809329E-1,1.105196635844E-11,-5.773502691824E-1));
#4202=VECTOR('',#4201,9.797958971090E-1);
#4203=CARTESIAN_POINT('',(1.096763713788E2,1.337401949899E2,-1.074802307405E1));
#4204=LINE('',#4203,#4202);
#4205=DIRECTION('',(8.164965809337E-1,5.773502691811E-1,3.861661473718E-12));
#4206=VECTOR('',#4205,9.797958970960E-1);
#4207=CARTESIAN_POINT('',(1.088763713788E2,1.309117678652E2,-8.485281374243E0));
#4208=LINE('',#4207,#4206);
#4209=DIRECTION('',(-3.219646771416E-12,-7.071067811827E-1,7.071067811904E-1));
#4210=VECTOR('',#4209,3.199999999996E0);
#4211=CARTESIAN_POINT('',(1.096763713788E2,1.337401949899E2,-1.074802307405E1));
#4212=LINE('',#4211,#4210);
#4213=DIRECTION('',(2.366995488509E-12,7.071067811825E-1,7.071067811906E-1));
#4214=VECTOR('',#4213,3.199999999989E0);
#4215=CARTESIAN_POINT('',(1.096763713788E2,1.314774532901E2,-8.485281374239E0));
#4216=LINE('',#4215,#4214);
#4217=DIRECTION('',(3.246292123978E-12,7.071067811888E-1,-7.071067811843E-1));
#4218=VECTOR('',#4217,3.200000000026E0);
#4219=CARTESIAN_POINT('',(1.096763713788E2,1.337401949899E2,-6.222539674437E0));
#4220=LINE('',#4219,#4218);
#4221=DIRECTION('',(-2.380318164784E-12,-7.071067811890E-1,-7.071067811841E-1));
#4222=VECTOR('',#4221,3.200000000017E0);
#4223=CARTESIAN_POINT('',(1.096763713788E2,1.360029366897E2,-8.485281374245E0));
#4224=LINE('',#4223,#4222);
#4225=DIRECTION('',(1.207922650788E-13,7.071067811889E-1,-7.071067811841E-1));
#4226=VECTOR('',#4225,4.000000000012E0);
#4227=CARTESIAN_POINT('',(1.088763713788E2,1.337401949899E2,-5.656854249496E0));
#4228=LINE('',#4227,#4226);
#4229=DIRECTION('',(-8.164965809264E-1,5.773502691916E-1,3.769199156625E-12));
#4230=VECTOR('',#4229,9.797958971264E-1);
#4231=CARTESIAN_POINT('',(1.096763713788E2,1.360029366897E2,-8.485281374245E0));
#4232=LINE('',#4231,#4230);
#4233=DIRECTION('',(-3.552713678790E-14,7.071067811890E-1,7.071067811840E-1));
#4234=VECTOR('',#4233,4.000000000012E0);
#4235=CARTESIAN_POINT('',(1.088763713788E2,1.337401949899E2,-1.131370849899E1));
#4236=LINE('',#4235,#4234);
#4237=DIRECTION('',(8.164965809277E-1,-6.381712857903E-13,-5.773502691896E-1));
#4238=VECTOR('',#4237,9.797958971071E-1);
#4239=CARTESIAN_POINT('',(1.088763713788E2,1.365686221147E2,-8.485281374241E0));
#4240=LINE('',#4239,#4238);
#4241=DIRECTION('',(-1.314504061160E-13,7.071067811851E-1,-7.071067811880E-1));
#4242=VECTOR('',#4241,3.999999999988E0);
#4243=CARTESIAN_POINT('',(1.088763713788E2,1.365686221147E2,-8.485281374241E0));
#4244=LINE('',#4243,#4242);
#4245=DIRECTION('',(1.278976924374E-13,7.071067811842E-1,-7.071067811889E-1));
#4246=VECTOR('',#4245,3.999999999982E0);
#4247=CARTESIAN_POINT('',(1.088763713788E2,1.309117678652E2,-8.485281374243E0));
#4248=LINE('',#4247,#4246);
#4249=DIRECTION('',(-9.272582701720E-13,7.071067811847E-1,7.071067811884E-1));
#4250=VECTOR('',#4249,3.999999999978E0);
#4251=CARTESIAN_POINT('',(1.088763713788E2,1.280833407405E2,-1.131370849898E1));
#4252=LINE('',#4251,#4250);
#4253=DIRECTION('',(8.164965809276E-1,-1.102295857275E-11,-5.773502691898E-1));
#4254=VECTOR('',#4253,9.797958971064E-1);
#4255=CARTESIAN_POINT('',(1.088763713788E2,1.309117678652E2,-8.485281374243E0));
#4256=LINE('',#4255,#4254);
#4257=DIRECTION('',(-8.164965809376E-1,5.773502691757E-1,2.980549982547E-12));
#4258=VECTOR('',#4257,9.797958970909E-1);
#4259=CARTESIAN_POINT('',(1.096763713788E2,1.303460824403E2,-8.485281374245E0));
#4260=LINE('',#4259,#4258);
#4261=DIRECTION('',(-8.164965809346E-1,-1.058784178701E-11,-5.773502691800E-1));
#4262=VECTOR('',#4261,9.797958971038E-1);
#4263=CARTESIAN_POINT('',(1.096763713788E2,1.280833407405E2,-1.074802307405E1));
#4264=LINE('',#4263,#4262);
#4265=DIRECTION('',(8.164965809213E-1,5.773502691987E-1,-1.185693241185E-12));
#4266=VECTOR('',#4265,9.797958971298E-1);
#4267=CARTESIAN_POINT('',(1.088763713788E2,1.252549136157E2,-8.485281374238E0));
#4268=LINE('',#4267,#4266);
#4269=DIRECTION('',(2.500222251443E-12,-7.071067811868E-1,7.071067811863E-1));
#4270=VECTOR('',#4269,3.200000000016E0);
#4271=CARTESIAN_POINT('',(1.096763713788E2,1.280833407405E2,-1.074802307405E1));
#4272=LINE('',#4271,#4270);
#4273=DIRECTION('',(-3.521627434103E-12,7.071067811867E-1,7.071067811864E-1));
#4274=VECTOR('',#4273,3.200000000008E0);
#4275=CARTESIAN_POINT('',(1.096763713788E2,1.258205990407E2,-8.485281374239E0));
#4276=LINE('',#4275,#4274);
#4277=DIRECTION('',(-2.495781359351E-12,7.071067811847E-1,-7.071067811884E-1));
#4278=VECTOR('',#4277,3.200000000008E0);
#4279=CARTESIAN_POINT('',(1.096763713788E2,1.280833407405E2,-6.222539674437E0));
#4280=LINE('',#4279,#4278);
#4281=DIRECTION('',(3.526068326212E-12,-7.071067811849E-1,-7.071067811882E-1));
#4282=VECTOR('',#4281,3.199999999998E0);
#4283=CARTESIAN_POINT('',(1.096763713788E2,1.303460824403E2,-8.485281374245E0));
#4284=LINE('',#4283,#4282);
#4285=DIRECTION('',(-3.552713678789E-14,7.071067811887E-1,7.071067811844E-1));
#4286=VECTOR('',#4285,4.000000000013E0);
#4287=CARTESIAN_POINT('',(1.088763713788E2,1.252549136157E2,-8.485281374238E0));
#4288=LINE('',#4287,#4286);
#4289=DIRECTION('',(8.164965809279E-1,6.671790715073E-12,-5.773502691894E-1));
#4290=VECTOR('',#4289,9.797958971082E-1);
#4291=CARTESIAN_POINT('',(1.088763713788E2,1.280833407405E2,-5.656854249491E0));
#4292=LINE('',#4291,#4290);
#4293=DIRECTION('',(-8.164965809275E-1,5.773502691899E-1,1.033402366185E-13));
#4294=VECTOR('',#4293,9.797958971163E-1);
#4295=CARTESIAN_POINT('',(1.096763713788E2,1.275176553155E2,-5.656854249491E0));
#4296=LINE('',#4295,#4294);
#4297=DIRECTION('',(-8.164965809279E-1,3.437422607553E-12,-5.773502691894E-1));
#4298=VECTOR('',#4297,9.797958971069E-1);
#4299=CARTESIAN_POINT('',(1.096763713788E2,1.252549136157E2,-7.919595949292E0));
#4300=LINE('',#4299,#4298);
#4301=DIRECTION('',(8.164965809377E-1,5.773502691756E-1,6.650941369186E-12));
#4302=VECTOR('',#4301,9.797958970938E-1);
#4303=CARTESIAN_POINT('',(1.088763713788E2,1.224264864910E2,-5.656854249491E0));
#4304=LINE('',#4303,#4302);
#4305=DIRECTION('',(-3.863576125676E-13,-7.071067811866E-1,7.071067811865E-1));
#4306=VECTOR('',#4305,3.200000000016E0);
#4307=CARTESIAN_POINT('',(1.096763713788E2,1.252549136157E2,-7.919595949292E0));
#4308=LINE('',#4307,#4306);
#4309=DIRECTION('',(2.207123372950E-12,7.071067811866E-1,7.071067811865E-1));
#4310=VECTOR('',#4309,3.200000000007E0);
#4311=CARTESIAN_POINT('',(1.096763713788E2,1.229921719159E2,-5.656854249484E0));
#4312=LINE('',#4311,#4310);
#4313=DIRECTION('',(3.996802888618E-13,7.071067811888E-1,-7.071067811843E-1));
#4314=VECTOR('',#4313,3.200000000026E0);
#4315=CARTESIAN_POINT('',(1.096763713788E2,1.252549136157E2,-3.394112549683E0));
#4316=LINE('',#4315,#4314);
#4317=DIRECTION('',(-2.216005157140E-12,-7.071067811888E-1,-7.071067811843E-1));
#4318=VECTOR('',#4317,3.200000000017E0);
#4319=CARTESIAN_POINT('',(1.096763713788E2,1.275176553155E2,-5.656854249491E0));
#4320=LINE('',#4319,#4318);
#4321=DIRECTION('',(1.065814103642E-14,7.071067811850E-1,7.071067811881E-1));
#4322=VECTOR('',#4321,3.999999999992E0);
#4323=CARTESIAN_POINT('',(1.088763713788E2,1.224264864910E2,-5.656854249491E0));
#4324=LINE('',#4323,#4322);
#4325=DIRECTION('',(8.164965809330E-1,-8.223707250971E-12,-5.773502691822E-1));
#4326=VECTOR('',#4325,9.797958971081E-1);
#4327=CARTESIAN_POINT('',(1.088763713788E2,1.252549136157E2,-2.828427124744E0));
#4328=LINE('',#4327,#4326);
#4329=DIRECTION('',(-8.164965809312E-1,5.773502691847E-1,7.847512530054E-12));
#4330=VECTOR('',#4329,9.797958970944E-1);
#4331=CARTESIAN_POINT('',(1.096763713788E2,1.246892281908E2,-2.828427124751E0));
#4332=LINE('',#4331,#4330);
#4333=DIRECTION('',(-8.164965809327E-1,-1.247334785863E-11,-5.773502691826E-1));
#4334=VECTOR('',#4333,9.797958971067E-1);
#4335=CARTESIAN_POINT('',(1.096763713788E2,1.224264864910E2,-5.091168824552E0));
#4336=LINE('',#4335,#4334);
#4337=DIRECTION('',(8.164965809209E-1,5.773502691993E-1,-1.337077622895E-13));
#4338=VECTOR('',#4337,9.797958971308E-1);
#4339=CARTESIAN_POINT('',(1.088763713788E2,1.195980593662E2,-2.828427124745E0));
#4340=LINE('',#4339,#4338);
#4341=DIRECTION('',(2.571276525020E-12,-7.071067811867E-1,7.071067811864E-1));
#4342=VECTOR('',#4341,3.200000000014E0);
#4343=CARTESIAN_POINT('',(1.096763713788E2,1.224264864910E2,-5.091168824552E0));
#4344=LINE('',#4343,#4342);
#4345=DIRECTION('',(-3.579359031385E-12,7.071067811867E-1,7.071067811864E-1));
#4346=VECTOR('',#4345,3.200000000006E0);
#4347=CARTESIAN_POINT('',(1.096763713788E2,1.201637447912E2,-2.828427124745E0));
#4348=LINE('',#4347,#4346);
#4349=DIRECTION('',(-2.557953848732E-12,7.071067811846E-1,-7.071067811885E-1));
#4350=VECTOR('',#4349,3.200000000005E0);
#4351=CARTESIAN_POINT('',(1.096763713788E2,1.224264864910E2,
-5.656854249446E-1));
#4352=LINE('',#4351,#4350);
#4353=DIRECTION('',(3.570477247198E-12,-7.071067811846E-1,-7.071067811885E-1));
#4354=VECTOR('',#4353,3.199999999997E0);
#4355=CARTESIAN_POINT('',(1.096763713788E2,1.246892281908E2,-2.828427124751E0));
#4356=LINE('',#4355,#4354);
#4357=DIRECTION('',(0.E0,7.071067811887E-1,7.071067811844E-1));
#4358=VECTOR('',#4357,4.000000000013E0);
#4359=CARTESIAN_POINT('',(1.088763713788E2,1.195980593662E2,-2.828427124745E0));
#4360=LINE('',#4359,#4358);
#4361=DIRECTION('',(8.164965809279E-1,6.222170036447E-12,-5.773502691894E-1));
#4362=VECTOR('',#4361,9.797958971084E-1);
#4363=CARTESIAN_POINT('',(1.088763713788E2,1.224264864910E2,
1.562842302808E-12));
#4364=LINE('',#4363,#4362);
#4365=DIRECTION('',(-8.164965809272E-1,5.773502691904E-1,7.732705087013E-13));
#4366=VECTOR('',#4365,9.797958971170E-1);
#4367=CARTESIAN_POINT('',(1.096763713788E2,1.218608010660E2,
8.051950310210E-13));
#4368=LINE('',#4367,#4366);
#4369=DIRECTION('',(-8.164965809282E-1,3.712996571874E-12,-5.773502691890E-1));
#4370=VECTOR('',#4369,9.797958971063E-1);
#4371=CARTESIAN_POINT('',(1.096763713788E2,1.195980593662E2,-2.262741699801E0));
#4372=LINE('',#4371,#4370);
#4373=DIRECTION('',(8.164965809356E-1,5.773502691784E-1,1.993562906270E-12));
#4374=VECTOR('',#4373,9.797958970939E-1);
#4375=CARTESIAN_POINT('',(1.088763713788E2,1.167696322415E2,
-6.863579149474E-12));
#4376=LINE('',#4375,#4374);
#4377=DIRECTION('',(-3.113065361050E-12,-7.071067811867E-1,7.071067811864E-1));
#4378=VECTOR('',#4377,3.199999999999E0);
#4379=CARTESIAN_POINT('',(1.096763713788E2,1.195980593662E2,-2.262741699801E0));
#4380=LINE('',#4379,#4378);
#4381=DIRECTION('',(2.406963517382E-12,7.071067811867E-1,7.071067811864E-1));
#4382=VECTOR('',#4381,3.200000000007E0);
#4383=CARTESIAN_POINT('',(1.096763713788E2,1.173353176664E2,
-4.910294393312E-12));
#4384=LINE('',#4383,#4382);
#4385=DIRECTION('',(3.121947145238E-12,7.071067811888E-1,-7.071067811843E-1));
#4386=VECTOR('',#4385,3.200000000008E0);
#4387=CARTESIAN_POINT('',(1.096763713788E2,1.195980593662E2,2.262741699796E0));
#4388=LINE('',#4387,#4386);
#4389=DIRECTION('',(-2.406963517375E-12,-7.071067811888E-1,-7.071067811843E-1));
#4390=VECTOR('',#4389,3.200000000016E0);
#4391=CARTESIAN_POINT('',(1.096763713788E2,1.218608010660E2,
8.051950310210E-13));
#4392=LINE('',#4391,#4390);
#4393=DIRECTION('',(8.810729923442E-13,7.071067811850E-1,7.071067811881E-1));
#4394=VECTOR('',#4393,3.999999999993E0);
#4395=CARTESIAN_POINT('',(1.088763713788E2,1.167696322415E2,
-6.863579149474E-12));
#4396=LINE('',#4395,#4394);
#4397=DIRECTION('',(8.164965809289E-1,-5.322928679206E-12,-5.773502691879E-1));
#4398=VECTOR('',#4397,9.797958971071E-1);
#4399=CARTESIAN_POINT('',(1.088763713788E2,1.195980593662E2,2.828427124740E0));
#4400=LINE('',#4399,#4398);
#4401=DIRECTION('',(-8.164965809325E-1,5.773502691828E-1,-8.872756456455E-12));
#4402=VECTOR('',#4401,9.797958971025E-1);
#4403=CARTESIAN_POINT('',(1.096763713788E2,1.190323739413E2,2.828427124749E0));
#4404=LINE('',#4403,#4402);
#4405=DIRECTION('',(9.023892744148E-13,7.071067811888E-1,-7.071067811843E-1));
#4406=VECTOR('',#4405,4.000000000002E0);
#4407=CARTESIAN_POINT('',(1.088763713788E2,1.195980593662E2,2.828427124740E0));
#4408=LINE('',#4407,#4406);
#4409=DIRECTION('',(-8.164965809329E-1,-1.196571160858E-11,-5.773502691823E-1));
#4410=VECTOR('',#4409,9.797958971059E-1);
#4411=CARTESIAN_POINT('',(1.096763713788E2,1.224264864910E2,5.656854249393E-1));
#4412=LINE('',#4411,#4410);
#4413=DIRECTION('',(8.164965809178E-1,5.773502692037E-1,-5.452103974859E-12));
#4414=VECTOR('',#4413,9.797958971288E-1);
#4415=CARTESIAN_POINT('',(1.088763713788E2,1.195980593662E2,2.828427124740E0));
#4416=LINE('',#4415,#4414);
#4417=DIRECTION('',(5.773159728053E-14,-7.071067811867E-1,7.071067811864E-1));
#4418=VECTOR('',#4417,3.199999999999E0);
#4419=CARTESIAN_POINT('',(1.096763713788E2,1.224264864910E2,5.656854249393E-1));
#4420=LINE('',#4419,#4418);
#4421=DIRECTION('',(-1.869615573459E-12,7.071067811867E-1,7.071067811864E-1));
#4422=VECTOR('',#4421,3.200000000017E0);
#4423=CARTESIAN_POINT('',(1.096763713788E2,1.201637447912E2,2.828427124735E0));
#4424=LINE('',#4423,#4422);
#4425=DIRECTION('',(-4.884981308367E-14,7.071067811846E-1,-7.071067811885E-1));
#4426=VECTOR('',#4425,3.199999999989E0);
#4427=CARTESIAN_POINT('',(1.096763713788E2,1.224264864910E2,5.091168824543E0));
#4428=LINE('',#4427,#4426);
#4429=DIRECTION('',(1.869615573464E-12,-7.071067811846E-1,-7.071067811885E-1));
#4430=VECTOR('',#4429,3.200000000008E0);
#4431=CARTESIAN_POINT('',(1.096763713788E2,1.246892281908E2,2.828427124748E0));
#4432=LINE('',#4431,#4430);
#4433=DIRECTION('',(0.E0,7.071067811887E-1,7.071067811844E-1));
#4434=VECTOR('',#4433,4.000000000014E0);
#4435=CARTESIAN_POINT('',(1.088763713788E2,1.195980593662E2,2.828427124740E0));
#4436=LINE('',#4435,#4434);
#4437=DIRECTION('',(8.164965809289E-1,1.683901960913E-11,-5.773502691879E-1));
#4438=VECTOR('',#4437,9.797958971080E-1);
#4439=CARTESIAN_POINT('',(1.088763713788E2,1.224264864910E2,5.656854249488E0));
#4440=LINE('',#4439,#4438);
#4441=DIRECTION('',(-8.164965809238E-1,5.773502691952E-1,-8.157533239665E-12));
#4442=VECTOR('',#4441,9.797958971246E-1);
#4443=CARTESIAN_POINT('',(1.096763713788E2,1.218608010660E2,5.656854249496E0));
#4444=LINE('',#4443,#4442);
#4445=DIRECTION('',(1.776356839409E-12,7.071067811850E-1,-7.071067811881E-1));
#4446=VECTOR('',#4445,3.999999999981E0);
#4447=CARTESIAN_POINT('',(1.088763713788E2,1.224264864910E2,5.656854249488E0));
#4448=LINE('',#4447,#4446);
#4449=DIRECTION('',(-8.164965809350E-1,5.773502691794E-1,8.947088907454E-13));
#4450=VECTOR('',#4449,9.797958970919E-1);
#4451=CARTESIAN_POINT('',(1.096763713788E2,1.246892281908E2,2.828427124748E0));
#4452=LINE('',#4451,#4450);
#4453=DIRECTION('',(8.739675649865E-13,7.071067811850E-1,7.071067811881E-1));
#4454=VECTOR('',#4453,3.999999999993E0);
#4455=CARTESIAN_POINT('',(1.088763713788E2,1.224264864910E2,
1.562842302808E-12));
#4456=LINE('',#4455,#4454);
#4457=DIRECTION('',(8.164965809314E-1,-9.224475858251E-12,-5.773502691845E-1));
#4458=VECTOR('',#4457,9.797958971061E-1);
#4459=CARTESIAN_POINT('',(1.088763713788E2,1.252549136157E2,2.828427124749E0));
#4460=LINE('',#4459,#4458);
#4461=DIRECTION('',(1.787014980445E-12,7.071067811852E-1,-7.071067811879E-1));
#4462=VECTOR('',#4461,3.999999999981E0);
#4463=CARTESIAN_POINT('',(1.088763713788E2,1.167696322415E2,
-6.863579149474E-12));
#4464=LINE('',#4463,#4462);
#4465=DIRECTION('',(-4.085620730622E-13,-7.071067811867E-1,7.071067811864E-1));
#4466=VECTOR('',#4465,3.199999999999E0);
#4467=CARTESIAN_POINT('',(1.096763713788E2,1.167696322415E2,-5.091168824553E0));
#4468=LINE('',#4467,#4466);
#4469=DIRECTION('',(-3.561595462991E-12,7.071067811867E-1,7.071067811864E-1));
#4470=VECTOR('',#4469,3.200000000006E0);
#4471=CARTESIAN_POINT('',(1.096763713788E2,1.145068905417E2,-2.828427124758E0));
#4472=LINE('',#4471,#4470);
#4473=DIRECTION('',(3.952393967679E-13,7.071067811846E-1,-7.071067811885E-1));
#4474=VECTOR('',#4473,3.199999999989E0);
#4475=CARTESIAN_POINT('',(1.096763713788E2,1.167696322415E2,
-5.656854249569E-1));
#4476=LINE('',#4475,#4474);
#4477=DIRECTION('',(3.566036355100E-12,-7.071067811846E-1,-7.071067811885E-1));
#4478=VECTOR('',#4477,3.199999999997E0);
#4479=CARTESIAN_POINT('',(1.096763713788E2,1.190323739413E2,-2.828427124752E0));
#4480=LINE('',#4479,#4478);
#4481=DIRECTION('',(-8.164965809327E-1,-1.192219992999E-11,-5.773502691826E-1));
#4482=VECTOR('',#4481,9.797958971076E-1);
#4483=CARTESIAN_POINT('',(1.096763713788E2,1.167696322415E2,-5.091168824553E0));
#4484=LINE('',#4483,#4482);
#4485=DIRECTION('',(8.164965809186E-1,5.773502692026E-1,-3.996275729171E-12));
#4486=VECTOR('',#4485,9.797958971316E-1);
#4487=CARTESIAN_POINT('',(1.088763713788E2,1.139412051167E2,-2.828427124754E0));
#4488=LINE('',#4487,#4486);
#4489=DIRECTION('',(-8.164965809312E-1,5.773502691848E-1,7.336703553417E-12));
#4490=VECTOR('',#4489,9.797958970953E-1);
#4491=CARTESIAN_POINT('',(1.096763713788E2,1.190323739413E2,-2.828427124752E0));
#4492=LINE('',#4491,#4490);
#4493=DIRECTION('',(2.131628207284E-14,7.071067811850E-1,7.071067811881E-1));
#4494=VECTOR('',#4493,3.999999999992E0);
#4495=CARTESIAN_POINT('',(1.088763713788E2,1.167696322415E2,-5.656854249492E0));
#4496=LINE('',#4495,#4494);
#4497=DIRECTION('',(8.164965809330E-1,-8.876382429628E-12,-5.773502691822E-1));
#4498=VECTOR('',#4497,9.797958971071E-1);
#4499=CARTESIAN_POINT('',(1.088763713788E2,1.195980593662E2,-2.828427124745E0));
#4500=LINE('',#4499,#4498);
#4501=DIRECTION('',(-8.164965809279E-1,3.480934286129E-12,-5.773502691894E-1));
#4502=VECTOR('',#4501,9.797958971069E-1);
#4503=CARTESIAN_POINT('',(1.096763713788E2,1.195980593662E2,-7.919595949292E0));
#4504=LINE('',#4503,#4502);
#4505=DIRECTION('',(8.164965809378E-1,5.773502691754E-1,7.212967217482E-12));
#4506=VECTOR('',#4505,9.797958970928E-1);
#4507=CARTESIAN_POINT('',(1.088763713788E2,1.167696322415E2,-5.656854249492E0));
#4508=LINE('',#4507,#4506);
#4509=DIRECTION('',(-6.261657858857E-13,-7.071067811866E-1,7.071067811865E-1));
#4510=VECTOR('',#4509,3.200000000015E0);
#4511=CARTESIAN_POINT('',(1.096763713788E2,1.195980593662E2,-7.919595949292E0));
#4512=LINE('',#4511,#4510);
#4513=DIRECTION('',(2.224886941344E-12,7.071067811866E-1,7.071067811865E-1));
#4514=VECTOR('',#4513,3.200000000007E0);
#4515=CARTESIAN_POINT('',(1.096763713788E2,1.173353176664E2,-5.656854249485E0));
#4516=LINE('',#4515,#4514);
#4517=DIRECTION('',(6.350475700807E-13,7.071067811888E-1,-7.071067811843E-1));
#4518=VECTOR('',#4517,3.200000000024E0);
#4519=CARTESIAN_POINT('',(1.096763713788E2,1.195980593662E2,-3.394112549684E0));
#4520=LINE('',#4519,#4518);
#4521=DIRECTION('',(-2.229327833436E-12,-7.071067811888E-1,-7.071067811843E-1));
#4522=VECTOR('',#4521,3.200000000017E0);
#4523=CARTESIAN_POINT('',(1.096763713788E2,1.218608010660E2,-5.656854249491E0));
#4524=LINE('',#4523,#4522);
#4525=DIRECTION('',(-2.486899575153E-14,7.071067811889E-1,-7.071067811842E-1));
#4526=VECTOR('',#4525,4.000000000012E0);
#4527=CARTESIAN_POINT('',(1.088763713788E2,1.195980593662E2,-2.828427124745E0));
#4528=LINE('',#4527,#4526);
#4529=DIRECTION('',(-8.164965809275E-1,5.773502691900E-1,4.713765179088E-14));
#4530=VECTOR('',#4529,9.797958971164E-1);
#4531=CARTESIAN_POINT('',(1.096763713788E2,1.218608010660E2,-5.656854249491E0));
#4532=LINE('',#4531,#4530);
#4533=DIRECTION('',(-3.552713678789E-14,7.071067811887E-1,7.071067811844E-1));
#4534=VECTOR('',#4533,4.000000000013E0);
#4535=CARTESIAN_POINT('',(1.088763713788E2,1.195980593662E2,-8.485281374238E0));
#4536=LINE('',#4535,#4534);
#4537=DIRECTION('',(8.164965809279E-1,6.715302393650E-12,-5.773502691894E-1));
#4538=VECTOR('',#4537,9.797958971081E-1);
#4539=CARTESIAN_POINT('',(1.088763713788E2,1.224264864910E2,-5.656854249491E0));
#4540=LINE('',#4539,#4538);
#4541=DIRECTION('',(-8.164965809356E-1,-1.184968046575E-11,-5.773502691785E-1));
#4542=VECTOR('',#4541,9.797958971026E-1);
#4543=CARTESIAN_POINT('',(1.096763713788E2,1.224264864910E2,-1.074802307405E1));
#4544=LINE('',#4543,#4542);
#4545=DIRECTION('',(8.164965809213E-1,5.773502691987E-1,-1.129490656358E-12));
#4546=VECTOR('',#4545,9.797958971297E-1);
#4547=CARTESIAN_POINT('',(1.088763713788E2,1.195980593662E2,-8.485281374238E0));
#4548=LINE('',#4547,#4546);
#4549=DIRECTION('',(2.486899575147E-12,-7.071067811868E-1,7.071067811863E-1));
#4550=VECTOR('',#4549,3.200000000017E0);
#4551=CARTESIAN_POINT('',(1.096763713788E2,1.224264864910E2,-1.074802307405E1));
#4552=LINE('',#4551,#4550);
#4553=DIRECTION('',(-3.521627434102E-12,7.071067811867E-1,7.071067811864E-1));
#4554=VECTOR('',#4553,3.200000000008E0);
#4555=CARTESIAN_POINT('',(1.096763713788E2,1.201637447912E2,-8.485281374239E0));
#4556=LINE('',#4555,#4554);
#4557=DIRECTION('',(-2.491340467252E-12,7.071067811847E-1,-7.071067811884E-1));
#4558=VECTOR('',#4557,3.200000000008E0);
#4559=CARTESIAN_POINT('',(1.096763713788E2,1.224264864910E2,-6.222539674437E0));
#4560=LINE('',#4559,#4558);
#4561=DIRECTION('',(3.526068326212E-12,-7.071067811848E-1,-7.071067811882E-1));
#4562=VECTOR('',#4561,3.199999999998E0);
#4563=CARTESIAN_POINT('',(1.096763713788E2,1.246892281908E2,-8.485281374245E0));
#4564=LINE('',#4563,#4562);
#4565=DIRECTION('',(3.552713678806E-14,7.071067811852E-1,-7.071067811879E-1));
#4566=VECTOR('',#4565,3.999999999993E0);
#4567=CARTESIAN_POINT('',(1.088763713788E2,1.224264864910E2,-5.656854249491E0));
#4568=LINE('',#4567,#4566);
#4569=DIRECTION('',(-8.164965809315E-1,5.773502691843E-1,8.076855335893E-12));
#4570=VECTOR('',#4569,9.797958970938E-1);
#4571=CARTESIAN_POINT('',(1.096763713788E2,1.246892281908E2,-8.485281374245E0));
#4572=LINE('',#4571,#4570);
#4573=DIRECTION('',(-4.263256414573E-14,7.071067811857E-1,7.071067811874E-1));
#4574=VECTOR('',#4573,3.999999999988E0);
#4575=CARTESIAN_POINT('',(1.088763713788E2,1.224264864910E2,-1.131370849898E1));
#4576=LINE('',#4575,#4574);
#4577=DIRECTION('',(8.164965809336E-1,-7.643551536630E-12,-5.773502691813E-1));
#4578=VECTOR('',#4577,9.797958971064E-1);
#4579=CARTESIAN_POINT('',(1.088763713788E2,1.252549136157E2,-8.485281374238E0));
#4580=LINE('',#4579,#4578);
#4581=DIRECTION('',(3.552713678789E-14,7.071067811895E-1,-7.071067811836E-1));
#4582=VECTOR('',#4581,4.000000000012E0);
#4583=CARTESIAN_POINT('',(1.088763713788E2,1.252549136157E2,-8.485281374238E0));
#4584=LINE('',#4583,#4582);
#4585=DIRECTION('',(3.907985046671E-14,7.071067811896E-1,-7.071067811835E-1));
#4586=VECTOR('',#4585,4.000000000010E0);
#4587=CARTESIAN_POINT('',(1.088763713788E2,1.195980593662E2,-8.485281374238E0));
#4588=LINE('',#4587,#4586);
#4589=DIRECTION('',(3.197442310928E-14,7.071067811852E-1,-7.071067811879E-1));
#4590=VECTOR('',#4589,3.999999999991E0);
#4591=CARTESIAN_POINT('',(1.088763713788E2,1.167696322415E2,-5.656854249492E0));
#4592=LINE('',#4591,#4590);
#4593=DIRECTION('',(2.251532293927E-12,-7.071067811863E-1,7.071067811868E-1));
#4594=VECTOR('',#4593,3.200000000018E0);
#4595=CARTESIAN_POINT('',(1.096763713788E2,1.167696322415E2,-1.074802307405E1));
#4596=LINE('',#4595,#4594);
#4597=DIRECTION('',(-3.517186542004E-12,7.071067811867E-1,7.071067811864E-1));
#4598=VECTOR('',#4597,3.200000000008E0);
#4599=CARTESIAN_POINT('',(1.096763713788E2,1.145068905417E2,-8.485281374240E0));
#4600=LINE('',#4599,#4598);
#4601=DIRECTION('',(-2.238209617640E-12,7.071067811846E-1,-7.071067811885E-1));
#4602=VECTOR('',#4601,3.200000000007E0);
#4603=CARTESIAN_POINT('',(1.096763713788E2,1.167696322415E2,-6.222539674438E0));
#4604=LINE('',#4603,#4602);
#4605=DIRECTION('',(3.508304757815E-12,-7.071067811842E-1,-7.071067811889E-1));
#4606=VECTOR('',#4605,3.200000000001E0);
#4607=CARTESIAN_POINT('',(1.096763713788E2,1.190323739413E2,-8.485281374245E0));
#4608=LINE('',#4607,#4606);
#4609=DIRECTION('',(-3.552713678789E-14,7.071067811887E-1,7.071067811844E-1));
#4610=VECTOR('',#4609,4.000000000013E0);
#4611=CARTESIAN_POINT('',(1.088763713788E2,1.139412051167E2,-8.485281374239E0));
#4612=LINE('',#4611,#4610);
#4613=DIRECTION('',(8.164965809279E-1,6.193162250737E-12,-5.773502691893E-1));
#4614=VECTOR('',#4613,9.797958971071E-1);
#4615=CARTESIAN_POINT('',(1.088763713788E2,1.167696322415E2,-5.656854249492E0));
#4616=LINE('',#4615,#4614);
#4617=DIRECTION('',(-8.164965809275E-1,5.773502691900E-1,-4.586856116570E-13));
#4618=VECTOR('',#4617,9.797958971173E-1);
#4619=CARTESIAN_POINT('',(1.096763713788E2,1.162039468165E2,-5.656854249492E0));
#4620=LINE('',#4619,#4618);
#4621=DIRECTION('',(-8.164965809279E-1,3.974066643327E-12,-5.773502691894E-1));
#4622=VECTOR('',#4621,9.797958971078E-1);
#4623=CARTESIAN_POINT('',(1.096763713788E2,1.139412051167E2,-7.919595949293E0));
#4624=LINE('',#4623,#4622);
#4625=DIRECTION('',(8.164965809390E-1,5.773502691737E-1,-1.797576221221E-12));
#4626=VECTOR('',#4625,9.797958970936E-1);
#4627=CARTESIAN_POINT('',(1.088763713788E2,1.111127779920E2,-5.656854249496E0));
#4628=LINE('',#4627,#4626);
#4629=DIRECTION('',(-3.601563491885E-12,-7.071067811866E-1,7.071067811865E-1));
#4630=VECTOR('',#4629,3.199999999999E0);
#4631=CARTESIAN_POINT('',(1.096763713788E2,1.139412051167E2,-7.919595949293E0));
#4632=LINE('',#4631,#4630);
#4633=DIRECTION('',(2.238209617639E-12,7.071067811867E-1,7.071067811864E-1));
#4634=VECTOR('',#4633,3.200000000007E0);
#4635=CARTESIAN_POINT('',(1.096763713788E2,1.116784634169E2,-5.656854249497E0));
#4636=LINE('',#4635,#4634);
#4637=DIRECTION('',(3.592681707677E-12,7.071067811888E-1,-7.071067811843E-1));
#4638=VECTOR('',#4637,3.200000000009E0);
#4639=CARTESIAN_POINT('',(1.096763713788E2,1.139412051167E2,-3.394112549696E0));
#4640=LINE('',#4639,#4638);
#4641=DIRECTION('',(-2.224886941337E-12,-7.071067811888E-1,-7.071067811843E-1));
#4642=VECTOR('',#4641,3.200000000017E0);
#4643=CARTESIAN_POINT('',(1.096763713788E2,1.162039468165E2,-5.656854249492E0));
#4644=LINE('',#4643,#4642);
#4645=DIRECTION('',(8.881784197034E-13,7.071067811850E-1,7.071067811881E-1));
#4646=VECTOR('',#4645,3.999999999985E0);
#4647=CARTESIAN_POINT('',(1.088763713788E2,1.111127779920E2,-5.656854249496E0));
#4648=LINE('',#4647,#4646);
#4649=DIRECTION('',(8.164965809306E-1,-4.902315786293E-12,-5.773502691856E-1));
#4650=VECTOR('',#4649,9.797958971081E-1);
#4651=CARTESIAN_POINT('',(1.088763713788E2,1.139412051167E2,-2.828427124754E0));
#4652=LINE('',#4651,#4650);
#4653=DIRECTION('',(-8.164965809287E-1,5.773502691882E-1,-2.405379981316E-12));
#4654=VECTOR('',#4653,9.797958971061E-1);
#4655=CARTESIAN_POINT('',(1.096763713788E2,1.133755196918E2,-2.828427124751E0));
#4656=LINE('',#4655,#4654);
#4657=DIRECTION('',(-8.164965809243E-1,-1.073288071544E-11,-5.773502691945E-1));
#4658=VECTOR('',#4657,9.797958971182E-1);
#4659=CARTESIAN_POINT('',(1.096763713788E2,1.111127779920E2,-5.091168824539E0));
#4660=LINE('',#4659,#4658);
#4661=DIRECTION('',(8.164965809126E-1,5.773502692111E-1,9.028673304365E-13));
#4662=VECTOR('',#4661,9.797958971377E-1);
#4663=CARTESIAN_POINT('',(1.088763713788E2,1.082843508672E2,-2.828427124738E0));
#4664=LINE('',#4663,#4662);
#4665=DIRECTION('',(1.412203687320E-12,-7.071067811867E-1,7.071067811864E-1));
#4666=VECTOR('',#4665,3.200000000007E0);
#4667=CARTESIAN_POINT('',(1.096763713788E2,1.111127779920E2,-5.091168824539E0));
#4668=LINE('',#4667,#4666);
#4669=DIRECTION('',(-6.039613253985E-13,7.071067811867E-1,7.071067811864E-1));
#4670=VECTOR('',#4669,3.199999999987E0);
#4671=CARTESIAN_POINT('',(1.096763713788E2,1.088500362922E2,-2.828427124737E0));
#4672=LINE('',#4671,#4670);
#4673=DIRECTION('',(-1.421085471521E-12,7.071067811846E-1,-7.071067811885E-1));
#4674=VECTOR('',#4673,3.199999999998E0);
#4675=CARTESIAN_POINT('',(1.096763713788E2,1.111127779920E2,
-5.656854249497E-1));
#4676=LINE('',#4675,#4674);
#4677=DIRECTION('',(6.084022174988E-13,-7.071067811846E-1,-7.071067811885E-1));
#4678=VECTOR('',#4677,3.199999999978E0);
#4679=CARTESIAN_POINT('',(1.096763713788E2,1.133755196918E2,-2.828427124751E0));
#4680=LINE('',#4679,#4678);
#4681=DIRECTION('',(0.E0,7.071067811887E-1,7.071067811844E-1));
#4682=VECTOR('',#4681,4.000000000013E0);
#4683=CARTESIAN_POINT('',(1.088763713788E2,1.082843508672E2,-2.828427124738E0));
#4684=LINE('',#4683,#4682);
#4685=DIRECTION('',(8.164965809243E-1,8.644320143762E-12,-5.773502691944E-1));
#4686=VECTOR('',#4685,9.797958971212E-1);
#4687=CARTESIAN_POINT('',(1.088763713788E2,1.111127779920E2,
8.836396891976E-12));
#4688=LINE('',#4687,#4686);
#4689=DIRECTION('',(-8.164965809236E-1,5.773502691955E-1,-1.067561111236E-13));
#4690=VECTOR('',#4689,9.797958971272E-1);
#4691=CARTESIAN_POINT('',(1.096763713788E2,1.105470925670E2,
8.940996091648E-12));
#4692=LINE('',#4691,#4690);
#4693=DIRECTION('',(-8.164965809294E-1,1.479397071599E-11,-5.773502691872E-1));
#4694=VECTOR('',#4693,9.797958971108E-1);
#4695=CARTESIAN_POINT('',(1.096763713788E2,1.082843508672E2,-2.262741699793E0));
#4696=LINE('',#4695,#4694);
#4697=DIRECTION('',(8.164965809375E-1,5.773502691758E-1,2.115868682473E-12));
#4698=VECTOR('',#4697,9.797958970969E-1);
#4699=CARTESIAN_POINT('',(1.088763713788E2,1.054559237425E2,
-3.782418822595E-12));
#4700=LINE('',#4699,#4698);
#4701=DIRECTION('',(-6.172840016931E-13,-7.071067811867E-1,7.071067811864E-1));
#4702=VECTOR('',#4701,3.199999999992E0);
#4703=CARTESIAN_POINT('',(1.096763713788E2,1.082843508672E2,-2.262741699793E0));
#4704=LINE('',#4703,#4702);
#4705=DIRECTION('',(2.415845301579E-12,7.071067811867E-1,7.071067811864E-1));
#4706=VECTOR('',#4705,3.200000000007E0);
#4707=CARTESIAN_POINT('',(1.096763713788E2,1.060216091674E2,
-1.709299368713E-12));
#4708=LINE('',#4707,#4706);
#4709=DIRECTION('',(6.172840016913E-13,7.071067811888E-1,-7.071067811843E-1));
#4710=VECTOR('',#4709,3.200000000001E0);
#4711=CARTESIAN_POINT('',(1.096763713788E2,1.082843508672E2,2.262741699800E0));
#4712=LINE('',#4711,#4710);
#4713=DIRECTION('',(-2.411404409473E-12,-7.071067811888E-1,-7.071067811843E-1));
#4714=VECTOR('',#4713,3.200000000016E0);
#4715=CARTESIAN_POINT('',(1.096763713788E2,1.105470925670E2,
8.940996091648E-12));
#4716=LINE('',#4715,#4714);
#4717=DIRECTION('',(0.E0,7.071067811850E-1,7.071067811881E-1));
#4718=VECTOR('',#4717,4.000000000006E0);
#4719=CARTESIAN_POINT('',(1.088763713788E2,1.054559237425E2,
-3.782418822595E-12));
#4720=LINE('',#4719,#4718);
#4721=DIRECTION('',(8.164965809271E-1,-1.598328993028E-11,-5.773502691906E-1));
#4722=VECTOR('',#4721,9.797958971190E-1);
#4723=CARTESIAN_POINT('',(1.088763713788E2,1.082843508672E2,2.828427124753E0));
#4724=LINE('',#4723,#4722);
#4725=DIRECTION('',(-8.164965809306E-1,5.773502691855E-1,3.789142009364E-12));
#4726=VECTOR('',#4725,9.797958971113E-1);
#4727=CARTESIAN_POINT('',(1.096763713788E2,1.077186654423E2,2.828427124749E0));
#4728=LINE('',#4727,#4726);
#4729=DIRECTION('',(-3.481659405222E-13,7.071067811876E-1,-7.071067811855E-1));
#4730=VECTOR('',#4729,4.000000000003E0);
#4731=CARTESIAN_POINT('',(1.088763713788E2,1.082843508672E2,2.828427124753E0));
#4732=LINE('',#4731,#4730);
#4733=DIRECTION('',(-3.659295089181E-13,7.071067811863E-1,-7.071067811868E-1));
#4734=VECTOR('',#4733,3.999999999982E0);
#4735=CARTESIAN_POINT('',(1.088763713788E2,1.054559237425E2,
-3.782418822595E-12));
#4736=LINE('',#4735,#4734);
#4737=DIRECTION('',(2.104982854695E-12,-7.071067811867E-1,7.071067811864E-1));
#4738=VECTOR('',#4737,3.199999999992E0);
#4739=CARTESIAN_POINT('',(1.096763713788E2,1.054559237425E2,-5.091168824532E0));
#4740=LINE('',#4739,#4738);
#4741=DIRECTION('',(-6.172840016941E-13,7.071067811867E-1,7.071067811864E-1));
#4742=VECTOR('',#4741,3.199999999987E0);
#4743=CARTESIAN_POINT('',(1.096763713788E2,1.031931820427E2,-2.828427124741E0));
#4744=LINE('',#4743,#4742);
#4745=DIRECTION('',(-2.100541962602E-12,7.071067811846E-1,-7.071067811885E-1));
#4746=VECTOR('',#4745,3.199999999982E0);
#4747=CARTESIAN_POINT('',(1.096763713788E2,1.054559237425E2,
-5.656854249537E-1));
#4748=LINE('',#4747,#4746);
#4749=DIRECTION('',(6.128431095973E-13,-7.071067811846E-1,-7.071067811885E-1));
#4750=VECTOR('',#4749,3.199999999978E0);
#4751=CARTESIAN_POINT('',(1.096763713788E2,1.077186654423E2,-2.828427124744E0));
#4752=LINE('',#4751,#4750);
#4753=DIRECTION('',(-8.164965809243E-1,-1.448938896594E-11,-5.773502691945E-1));
#4754=VECTOR('',#4753,9.797958971120E-1);
#4755=CARTESIAN_POINT('',(1.096763713788E2,1.054559237425E2,-5.091168824532E0));
#4756=LINE('',#4755,#4754);
#4757=DIRECTION('',(8.164965809130E-1,5.773502692104E-1,4.907301499344E-12));
#4758=VECTOR('',#4757,9.797958971319E-1);
#4759=CARTESIAN_POINT('',(1.088763713788E2,1.026274966177E2,-2.828427124746E0));
#4760=LINE('',#4759,#4758);
#4761=DIRECTION('',(-8.164965809276E-1,5.773502691898E-1,6.439275182696E-12));
#4762=VECTOR('',#4761,9.797958971056E-1);
#4763=CARTESIAN_POINT('',(1.096763713788E2,1.077186654423E2,-2.828427124744E0));
#4764=LINE('',#4763,#4762);
#4765=DIRECTION('',(0.E0,7.071067811850E-1,7.071067811881E-1));
#4766=VECTOR('',#4765,3.999999999992E0);
#4767=CARTESIAN_POINT('',(1.088763713788E2,1.054559237425E2,-5.656854249485E0));
#4768=LINE('',#4767,#4766);
#4769=DIRECTION('',(8.164965809294E-1,-6.352705072102E-12,-5.773502691872E-1));
#4770=VECTOR('',#4769,9.797958971200E-1);
#4771=CARTESIAN_POINT('',(1.088763713788E2,1.082843508672E2,-2.828427124738E0));
#4772=LINE('',#4771,#4770);
#4773=DIRECTION('',(-8.164965809285E-1,1.749169478758E-11,-5.773502691885E-1));
#4774=VECTOR('',#4773,9.797958971192E-1);
#4775=CARTESIAN_POINT('',(1.096763713788E2,1.082843508672E2,-7.919595949292E0));
#4776=LINE('',#4775,#4774);
#4777=DIRECTION('',(8.164965809390E-1,5.773502691737E-1,-5.438959822117E-12));
#4778=VECTOR('',#4777,9.797958970998E-1);
#4779=CARTESIAN_POINT('',(1.088763713788E2,1.054559237425E2,-5.656854249485E0));
#4780=LINE('',#4779,#4778);
#4781=DIRECTION('',(-1.758593271002E-12,-7.071067811866E-1,7.071067811865E-1));
#4782=VECTOR('',#4781,3.200000000008E0);
#4783=CARTESIAN_POINT('',(1.096763713788E2,1.082843508672E2,-7.919595949292E0));
#4784=LINE('',#4783,#4782);
#4785=DIRECTION('',(2.229327833443E-12,7.071067811866E-1,7.071067811865E-1));
#4786=VECTOR('',#4785,3.200000000007E0);
#4787=CARTESIAN_POINT('',(1.096763713788E2,1.060216091674E2,-5.656854249490E0));
#4788=LINE('',#4787,#4786);
#4789=DIRECTION('',(1.758593270997E-12,7.071067811888E-1,-7.071067811843E-1));
#4790=VECTOR('',#4789,3.200000000017E0);
#4791=CARTESIAN_POINT('',(1.096763713788E2,1.082843508672E2,-3.394112549689E0));
#4792=LINE('',#4791,#4790);
#4793=DIRECTION('',(-2.229327833436E-12,-7.071067811888E-1,-7.071067811843E-1));
#4794=VECTOR('',#4793,3.200000000017E0);
#4795=CARTESIAN_POINT('',(1.096763713788E2,1.105470925670E2,-5.656854249491E0));
#4796=LINE('',#4795,#4794);
#4797=DIRECTION('',(-3.197442310897E-14,7.071067811889E-1,-7.071067811842E-1));
#4798=VECTOR('',#4797,4.000000000030E0);
#4799=CARTESIAN_POINT('',(1.088763713788E2,1.082843508672E2,-2.828427124738E0));
#4800=LINE('',#4799,#4798);
#4801=DIRECTION('',(-8.164965809239E-1,5.773502691951E-1,-5.060952114305E-12));
#4802=VECTOR('',#4801,9.797958971337E-1);
#4803=CARTESIAN_POINT('',(1.096763713788E2,1.105470925670E2,-5.656854249491E0));
#4804=LINE('',#4803,#4802);
#4805=DIRECTION('',(-3.197442310909E-14,7.071067811887E-1,7.071067811844E-1));
#4806=VECTOR('',#4805,4.000000000015E0);
#4807=CARTESIAN_POINT('',(1.088763713788E2,1.082843508672E2,-8.485281374244E0));
#4808=LINE('',#4807,#4806);
#4809=DIRECTION('',(8.164965809243E-1,4.974835250558E-12,-5.773502691945E-1));
#4810=VECTOR('',#4809,9.797958971140E-1);
#4811=CARTESIAN_POINT('',(1.088763713788E2,1.111127779920E2,-5.656854249496E0));
#4812=LINE('',#4811,#4810);
#4813=DIRECTION('',(2.692956968543E-12,7.071067811840E-1,-7.071067811891E-1));
#4814=VECTOR('',#4813,3.999999999981E0);
#4815=CARTESIAN_POINT('',(1.088763713788E2,1.111127779920E2,-5.656854249496E0));
#4816=LINE('',#4815,#4814);
#4817=DIRECTION('',(-7.105427357611E-13,-7.071067811877E-1,7.071067811854E-1));
#4818=VECTOR('',#4817,3.199999999996E0);
#4819=CARTESIAN_POINT('',(1.096763713788E2,1.111127779920E2,-1.074802307403E1));
#4820=LINE('',#4819,#4818);
#4821=DIRECTION('',(-5.506706202160E-13,7.071067811867E-1,7.071067811864E-1));
#4822=VECTOR('',#4821,3.199999999989E0);
#4823=CARTESIAN_POINT('',(1.096763713788E2,1.088500362922E2,-8.485281374239E0));
#4824=LINE('',#4823,#4822);
#4825=DIRECTION('',(6.927791673681E-13,7.071067811847E-1,-7.071067811884E-1));
#4826=VECTOR('',#4825,3.199999999991E0);
#4827=CARTESIAN_POINT('',(1.096763713788E2,1.111127779920E2,-6.222539674450E0));
#4828=LINE('',#4827,#4826);
#4829=DIRECTION('',(5.773159728095E-13,-7.071067811856E-1,-7.071067811875E-1));
#4830=VECTOR('',#4829,3.199999999975E0);
#4831=CARTESIAN_POINT('',(1.096763713788E2,1.133755196918E2,-8.485281374247E0));
#4832=LINE('',#4831,#4830);
#4833=DIRECTION('',(1.776356839396E-14,7.071067811849E-1,-7.071067811882E-1));
#4834=VECTOR('',#4833,4.000000000009E0);
#4835=CARTESIAN_POINT('',(1.088763713788E2,1.054559237425E2,-5.656854249485E0));
#4836=LINE('',#4835,#4834);
#4837=DIRECTION('',(-3.907985046668E-14,7.071067811887E-1,7.071067811844E-1));
#4838=VECTOR('',#4837,4.000000000013E0);
#4839=CARTESIAN_POINT('',(1.088763713788E2,1.026274966177E2,-8.485281374232E0));
#4840=LINE('',#4839,#4838);
#4841=DIRECTION('',(8.164965809243E-1,8.571800679479E-12,-5.773502691944E-1));
#4842=VECTOR('',#4841,9.797958971200E-1);
#4843=CARTESIAN_POINT('',(1.088763713788E2,1.054559237425E2,-5.656854249485E0));
#4844=LINE('',#4843,#4842);
#4845=DIRECTION('',(-8.164965809238E-1,5.773502691951E-1,-1.395093194334E-12));
#4846=VECTOR('',#4845,9.797958971275E-1);
#4847=CARTESIAN_POINT('',(1.096763713788E2,1.048902383175E2,-5.656854249484E0));
#4848=LINE('',#4847,#4846);
#4849=DIRECTION('',(-8.164965809291E-1,1.502603300171E-11,-5.773502691877E-1));
#4850=VECTOR('',#4849,9.797958971122E-1);
#4851=CARTESIAN_POINT('',(1.096763713788E2,1.026274966177E2,-7.919595949285E0));
#4852=LINE('',#4851,#4850);
#4853=DIRECTION('',(8.164965809371E-1,5.773502691763E-1,-8.756725313630E-13));
#4854=VECTOR('',#4853,9.797958970973E-1);
#4855=CARTESIAN_POINT('',(1.088763713788E2,9.979906949298E1,-5.656854249493E0));
#4856=LINE('',#4855,#4854);
#4857=DIRECTION('',(-1.070254995741E-12,-7.071067811866E-1,7.071067811865E-1));
#4858=VECTOR('',#4857,3.199999999992E0);
#4859=CARTESIAN_POINT('',(1.096763713788E2,1.026274966177E2,-7.919595949285E0));
#4860=LINE('',#4859,#4858);
#4861=DIRECTION('',(2.216005157147E-12,7.071067811866E-1,7.071067811865E-1));
#4862=VECTOR('',#4861,3.200000000007E0);
#4863=CARTESIAN_POINT('',(1.096763713788E2,1.003647549179E2,-5.656854249494E0));
#4864=LINE('',#4863,#4862);
#4865=DIRECTION('',(1.092459456231E-12,7.071067811888E-1,-7.071067811843E-1));
#4866=VECTOR('',#4865,3.200000000001E0);
#4867=CARTESIAN_POINT('',(1.096763713788E2,1.026274966177E2,-3.394112549693E0));
#4868=LINE('',#4867,#4866);
#4869=DIRECTION('',(-2.238209617633E-12,-7.071067811888E-1,-7.071067811843E-1));
#4870=VECTOR('',#4869,3.200000000017E0);
#4871=CARTESIAN_POINT('',(1.096763713788E2,1.048902383175E2,-5.656854249484E0));
#4872=LINE('',#4871,#4870);
#4873=DIRECTION('',(1.030286966853E-13,7.071067811855E-1,7.071067811876E-1));
#4874=VECTOR('',#4873,3.999999999996E0);
#4875=CARTESIAN_POINT('',(1.088763713788E2,9.979906949298E1,-5.656854249493E0));
#4876=LINE('',#4875,#4874);
#4877=DIRECTION('',(8.164965809299E-1,-1.045730675117E-11,-5.773502691866E-1));
#4878=VECTOR('',#4877,9.797958971142E-1);
#4879=CARTESIAN_POINT('',(1.088763713788E2,1.026274966177E2,-2.828427124746E0));
#4880=LINE('',#4879,#4878);
#4881=DIRECTION('',(-8.164965809265E-1,5.773502691914E-1,5.157946897904E-12));
#4882=VECTOR('',#4881,9.797958971132E-1);
#4883=CARTESIAN_POINT('',(1.096763713788E2,1.020618111928E2,-2.828427124751E0));
#4884=LINE('',#4883,#4882);
#4885=DIRECTION('',(-8.164965809246E-1,-1.076188850118E-11,-5.773502691940E-1));
#4886=VECTOR('',#4885,9.797958971161E-1);
#4887=CARTESIAN_POINT('',(1.096763713788E2,9.979906949299E1,-5.091168824538E0));
#4888=LINE('',#4887,#4886);
#4889=DIRECTION('',(8.164965809264E-1,5.773502691915E-1,2.505094244707E-12));
#4890=VECTOR('',#4889,9.797958971115E-1);
#4891=CARTESIAN_POINT('',(1.088763713788E2,9.697064236825E1,-2.828427124745E0));
#4892=LINE('',#4891,#4890);
#4893=DIRECTION('',(-2.575717417133E-13,-7.071067811863E-1,7.071067811868E-1));
#4894=VECTOR('',#4893,3.199999999997E0);
#4895=CARTESIAN_POINT('',(1.096763713788E2,9.979906949299E1,-5.091168824538E0));
#4896=LINE('',#4895,#4894);
#4897=DIRECTION('',(-2.220446049261E-14,7.071067811863E-1,7.071067811868E-1));
#4898=VECTOR('',#4897,3.199999999985E0);
#4899=CARTESIAN_POINT('',(1.096763713788E2,9.753632779320E1,-2.828427124742E0));
#4900=LINE('',#4899,#4898);
#4901=DIRECTION('',(2.486899575167E-13,7.071067811851E-1,-7.071067811880E-1));
#4902=VECTOR('',#4901,3.199999999992E0);
#4903=CARTESIAN_POINT('',(1.096763713788E2,9.979906949299E1,
-5.656854249550E-1));
#4904=LINE('',#4903,#4902);
#4905=DIRECTION('',(4.884981308382E-14,-7.071067811851E-1,-7.071067811880E-1));
#4906=VECTOR('',#4905,3.199999999980E0);
#4907=CARTESIAN_POINT('',(1.096763713788E2,1.020618111928E2,-2.828427124751E0));
#4908=LINE('',#4907,#4906);
#4909=DIRECTION('',(-1.776356839408E-13,7.071067811854E-1,7.071067811877E-1));
#4910=VECTOR('',#4909,3.999999999984E0);
#4911=CARTESIAN_POINT('',(1.088763713788E2,9.697064236825E1,-2.828427124745E0));
#4912=LINE('',#4911,#4910);
#4913=DIRECTION('',(8.164965809270E-1,5.758045464945E-12,-5.773502691906E-1));
#4914=VECTOR('',#4913,9.797958971116E-1);
#4915=CARTESIAN_POINT('',(1.088763713788E2,9.979906949298E1,
-5.803746372379E-12));
#4916=LINE('',#4915,#4914);
#4917=DIRECTION('',(-8.164965809308E-1,5.773502691853E-1,-6.187761061471E-13));
#4918=VECTOR('',#4917,9.797958971069E-1);
#4919=CARTESIAN_POINT('',(1.096763713788E2,9.923338406804E1,
-5.197472082349E-12));
#4920=LINE('',#4919,#4918);
#4921=DIRECTION('',(-8.164965809292E-1,2.146576143100E-12,-5.773502691875E-1));
#4922=VECTOR('',#4921,9.797958971130E-1);
#4923=CARTESIAN_POINT('',(1.096763713788E2,9.697064236825E1,-2.262741699798E0));
#4924=LINE('',#4923,#4922);
#4925=DIRECTION('',(8.164965809276E-1,5.773502691898E-1,-5.993774592810E-13));
#4926=VECTOR('',#4925,9.797958971133E-1);
#4927=CARTESIAN_POINT('',(1.088763713788E2,9.414221524350E1,
-6.924430646926E-14));
#4928=LINE('',#4927,#4926);
#4929=DIRECTION('',(2.309263891220E-13,-7.071067811867E-1,7.071067811864E-1));
#4930=VECTOR('',#4929,3.200000000001E0);
#4931=CARTESIAN_POINT('',(1.096763713788E2,9.697064236825E1,-2.262741699798E0));
#4932=LINE('',#4931,#4930);
#4933=DIRECTION('',(-1.305622276961E-12,7.071067811867E-1,7.071067811864E-1));
#4934=VECTOR('',#4933,3.199999999994E0);
#4935=CARTESIAN_POINT('',(1.096763713788E2,9.470790066845E1,
-6.565118818950E-13));
#4936=LINE('',#4935,#4934);
#4937=DIRECTION('',(-2.176037128266E-13,7.071067811863E-1,-7.071067811868E-1));
#4938=VECTOR('',#4937,3.199999999999E0);
#4939=CARTESIAN_POINT('',(1.096763713788E2,9.697064236824E1,2.262741699792E0));
#4940=LINE('',#4939,#4938);
#4941=DIRECTION('',(1.301181384864E-12,-7.071067811863E-1,-7.071067811868E-1));
#4942=VECTOR('',#4941,3.199999999993E0);
#4943=CARTESIAN_POINT('',(1.096763713788E2,9.923338406804E1,
-5.197472082349E-12));
#4944=LINE('',#4943,#4942);
#4945=DIRECTION('',(-5.258016244633E-13,7.071067811868E-1,7.071067811863E-1));
#4946=VECTOR('',#4945,3.999999999993E0);
#4947=CARTESIAN_POINT('',(1.088763713788E2,9.414221524350E1,
-6.924430646926E-14));
#4948=LINE('',#4947,#4946);
#4949=DIRECTION('',(8.164965809273E-1,3.916051071879E-13,-5.773502691902E-1));
#4950=VECTOR('',#4949,9.797958971111E-1);
#4951=CARTESIAN_POINT('',(1.088763713788E2,9.697064236824E1,2.828427124741E0));
#4952=LINE('',#4951,#4950);
#4953=DIRECTION('',(-8.164965809267E-1,5.773502691911E-1,1.654350279206E-13));
#4954=VECTOR('',#4953,9.797958971123E-1);
#4955=CARTESIAN_POINT('',(1.096763713788E2,9.640495694329E1,2.828427124740E0));
#4956=LINE('',#4955,#4954);
#4957=DIRECTION('',(-1.669775429039E-13,7.071067811854E-1,-7.071067811877E-1));
#4958=VECTOR('',#4957,3.999999999994E0);
#4959=CARTESIAN_POINT('',(1.088763713788E2,9.697064236824E1,2.828427124741E0));
#4960=LINE('',#4959,#4958);
#4961=DIRECTION('',(-5.186961971047E-13,7.071067811871E-1,-7.071067811860E-1));
#4962=VECTOR('',#4961,4.000000000001E0);
#4963=CARTESIAN_POINT('',(1.088763713788E2,9.414221524350E1,
-6.924430646926E-14));
#4964=LINE('',#4963,#4962);
#4965=DIRECTION('',(0.E0,-7.071067811867E-1,7.071067811864E-1));
#4966=VECTOR('',#4965,3.200000000001E0);
#4967=CARTESIAN_POINT('',(1.096763713788E2,9.414221524350E1,-5.091168824542E0));
#4968=LINE('',#4967,#4966);
#4969=DIRECTION('',(2.708944180085E-13,7.071067811867E-1,7.071067811864E-1));
#4970=VECTOR('',#4969,3.2E0);
#4971=CARTESIAN_POINT('',(1.096763713788E2,9.187947354370E1,-2.828427124745E0));
#4972=LINE('',#4971,#4970);
#4973=DIRECTION('',(0.E0,7.071067811867E-1,-7.071067811864E-1));
#4974=VECTOR('',#4973,3.200000000001E0);
#4975=CARTESIAN_POINT('',(1.096763713788E2,9.414221524350E1,
-5.656854249486E-1));
#4976=LINE('',#4975,#4974);
#4977=DIRECTION('',(-2.620126338115E-13,-7.071067811867E-1,-7.071067811864E-1));
#4978=VECTOR('',#4977,3.2E0);
#4979=CARTESIAN_POINT('',(1.096763713788E2,9.640495694330E1,-2.828427124746E0));
#4980=LINE('',#4979,#4978);
#4981=DIRECTION('',(-8.164965809273E-1,5.076362500570E-13,-5.773502691902E-1));
#4982=VECTOR('',#4981,9.797958971137E-1);
#4983=CARTESIAN_POINT('',(1.096763713788E2,9.414221524350E1,-5.091168824542E0));
#4984=LINE('',#4983,#4982);
#4985=DIRECTION('',(8.164965809292E-1,5.773502691875E-1,4.976648237183E-13));
#4986=VECTOR('',#4985,9.797958971104E-1);
#4987=CARTESIAN_POINT('',(1.088763713788E2,9.131378811876E1,-2.828427124746E0));
#4988=LINE('',#4987,#4986);
#4989=DIRECTION('',(-8.164965809270E-1,5.773502691906E-1,6.970933505229E-13));
#4990=VECTOR('',#4989,9.797958971163E-1);
#4991=CARTESIAN_POINT('',(1.096763713788E2,9.640495694330E1,-2.828427124746E0));
#4992=LINE('',#4991,#4990);
#4993=DIRECTION('',(-2.664535259098E-13,7.071067811868E-1,7.071067811863E-1));
#4994=VECTOR('',#4993,4.000000000003E0);
#4995=CARTESIAN_POINT('',(1.088763713788E2,9.414221524350E1,-5.656854249492E0));
#4996=LINE('',#4995,#4994);
#4997=DIRECTION('',(8.164965809264E-1,-2.291615071680E-12,-5.773502691915E-1));
#4998=VECTOR('',#4997,9.797958971163E-1);
#4999=CARTESIAN_POINT('',(1.088763713788E2,9.697064236825E1,-2.828427124745E0));
#5000=LINE('',#4999,#4998);
#5001=DIRECTION('',(-8.164965809288E-1,1.624436000183E-12,-5.773502691881E-1));
#5002=VECTOR('',#5001,9.797958971135E-1);
#5003=CARTESIAN_POINT('',(1.096763713788E2,9.697064236825E1,-7.919595949289E0));
#5004=LINE('',#5003,#5002);
#5005=DIRECTION('',(8.164965809274E-1,5.773502691901E-1,-4.967583304126E-13));
#5006=VECTOR('',#5005,9.797958971143E-1);
#5007=CARTESIAN_POINT('',(1.088763713788E2,9.414221524350E1,-5.656854249492E0));
#5008=LINE('',#5007,#5006);
#5009=DIRECTION('',(7.549516567452E-14,-7.071067811867E-1,7.071067811864E-1));
#5010=VECTOR('',#5009,3.199999999999E0);
#5011=CARTESIAN_POINT('',(1.096763713788E2,9.697064236825E1,-7.919595949289E0));
#5012=LINE('',#5011,#5010);
#5013=DIRECTION('',(-1.021405182656E-13,7.071067811868E-1,7.071067811863E-1));
#5014=VECTOR('',#5013,3.199999999999E0);
#5015=CARTESIAN_POINT('',(1.096763713788E2,9.470790066845E1,-5.656854249493E0));
#5016=LINE('',#5015,#5014);
#5017=DIRECTION('',(-9.325873406861E-14,7.071067811863E-1,-7.071067811868E-1));
#5018=VECTOR('',#5017,3.199999999997E0);
#5019=CARTESIAN_POINT('',(1.096763713788E2,9.697064236825E1,-3.394112549698E0));
#5020=LINE('',#5019,#5018);
#5021=DIRECTION('',(1.243449787581E-13,-7.071067811862E-1,-7.071067811869E-1));
#5022=VECTOR('',#5021,3.199999999997E0);
#5023=CARTESIAN_POINT('',(1.096763713788E2,9.923338406804E1,-5.656854249493E0));
#5024=LINE('',#5023,#5022);
#5025=DIRECTION('',(-2.771116669469E-13,7.071067811847E-1,-7.071067811884E-1));
#5026=VECTOR('',#5025,3.999999999993E0);
#5027=CARTESIAN_POINT('',(1.088763713788E2,9.697064236825E1,-2.828427124745E0));
#5028=LINE('',#5027,#5026);
#5029=DIRECTION('',(-8.164965809319E-1,5.773502691838E-1,-1.631687946617E-13));
#5030=VECTOR('',#5029,9.797958971108E-1);
#5031=CARTESIAN_POINT('',(1.096763713788E2,9.923338406804E1,-5.656854249493E0));
#5032=LINE('',#5031,#5030);
#5033=DIRECTION('',(-2.948752353412E-13,7.071067811854E-1,7.071067811877E-1));
#5034=VECTOR('',#5033,3.999999999990E0);
#5035=CARTESIAN_POINT('',(1.088763713788E2,9.697064236825E1,-8.485281374237E0));
#5036=LINE('',#5035,#5034);
#5037=DIRECTION('',(8.164965809260E-1,3.872539393299E-12,-5.773502691921E-1));
#5038=VECTOR('',#5037,9.797958971121E-1);
#5039=CARTESIAN_POINT('',(1.088763713788E2,9.979906949298E1,-5.656854249493E0));
#5040=LINE('',#5039,#5038);
#5041=DIRECTION('',(-2.273736754441E-13,7.071067811859E-1,-7.071067811872E-1));
#5042=VECTOR('',#5041,3.999999999985E0);
#5043=CARTESIAN_POINT('',(1.088763713788E2,9.979906949298E1,-5.656854249493E0));
#5044=LINE('',#5043,#5042);
#5045=DIRECTION('',(-2.309263891220E-13,7.071067811871E-1,-7.071067811860E-1));
#5046=VECTOR('',#5045,4.000000000001E0);
#5047=CARTESIAN_POINT('',(1.088763713788E2,9.414221524350E1,-5.656854249492E0));
#5048=LINE('',#5047,#5046);
#5049=DIRECTION('',(-3.552713678803E-14,7.071067811864E-1,7.071067811867E-1));
#5050=VECTOR('',#5049,3.999999999997E0);
#5051=CARTESIAN_POINT('',(1.088763713788E2,9.131378811876E1,-8.485281374237E0));
#5052=LINE('',#5051,#5050);
#5053=DIRECTION('',(8.164965809278E-1,4.786284643398E-13,-5.773502691895E-1));
#5054=VECTOR('',#5053,9.797958971130E-1);
#5055=CARTESIAN_POINT('',(1.088763713788E2,9.414221524350E1,-5.656854249492E0));
#5056=LINE('',#5055,#5054);
#5057=DIRECTION('',(-8.164965809277E-1,5.773502691896E-1,8.049660536623E-13));
#5058=VECTOR('',#5057,9.797958971131E-1);
#5059=CARTESIAN_POINT('',(1.096763713788E2,9.357652981855E1,-5.656854249493E0));
#5060=LINE('',#5059,#5058);
#5061=DIRECTION('',(-8.164965809286E-1,-3.916051071875E-13,-5.773502691884E-1));
#5062=VECTOR('',#5061,9.797958971121E-1);
#5063=CARTESIAN_POINT('',(1.096763713788E2,9.131378811876E1,-7.919595949290E0));
#5064=LINE('',#5063,#5062);
#5065=DIRECTION('',(8.164965809274E-1,5.773502691901E-1,-1.015272500114E-13));
#5066=VECTOR('',#5065,9.797958971138E-1);
#5067=CARTESIAN_POINT('',(1.088763713788E2,8.848536099401E1,-5.656854249492E0));
#5068=LINE('',#5067,#5066);
#5069=DIRECTION('',(3.375077994859E-13,-7.071067811866E-1,7.071067811865E-1));
#5070=VECTOR('',#5069,3.200000000001E0);
#5071=CARTESIAN_POINT('',(1.096763713788E2,9.131378811876E1,-7.919595949290E0));
#5072=LINE('',#5071,#5070);
#5073=DIRECTION('',(-3.996802888651E-14,7.071067811868E-1,7.071067811863E-1));
#5074=VECTOR('',#5073,3.199999999999E0);
#5075=CARTESIAN_POINT('',(1.096763713788E2,8.905104641896E1,-5.656854249492E0));
#5076=LINE('',#5075,#5074);
#5077=DIRECTION('',(-3.330669073877E-13,7.071067811863E-1,-7.071067811868E-1));
#5078=VECTOR('',#5077,3.199999999998E0);
#5079=CARTESIAN_POINT('',(1.096763713788E2,9.131378811876E1,-3.394112549697E0));
#5080=LINE('',#5079,#5078);
#5081=DIRECTION('',(2.220446049252E-14,-7.071067811861E-1,-7.071067811870E-1));
#5082=VECTOR('',#5081,3.199999999998E0);
#5083=CARTESIAN_POINT('',(1.096763713788E2,9.357652981855E1,-5.656854249493E0));
#5084=LINE('',#5083,#5082);
#5085=DIRECTION('',(-8.171241461239E-14,7.071067811866E-1,7.071067811865E-1));
#5086=VECTOR('',#5085,4.000000000001E0);
#5087=CARTESIAN_POINT('',(1.088763713788E2,8.848536099401E1,-5.656854249492E0));
#5088=LINE('',#5087,#5086);
#5089=DIRECTION('',(8.164965809270E-1,-1.595428214464E-13,-5.773502691906E-1));
#5090=VECTOR('',#5089,9.797958971145E-1);
#5091=CARTESIAN_POINT('',(1.088763713788E2,9.131378811876E1,-2.828427124746E0));
#5092=LINE('',#5091,#5090);
#5093=DIRECTION('',(-8.164965809281E-1,5.773502691891E-1,-5.031037835390E-14));
#5094=VECTOR('',#5093,9.797958971130E-1);
#5095=CARTESIAN_POINT('',(1.096763713788E2,9.074810269381E1,-2.828427124746E0));
#5096=LINE('',#5095,#5094);
#5097=DIRECTION('',(-8.164965809284E-1,1.058784178692E-12,-5.773502691887E-1));
#5098=VECTOR('',#5097,9.797958971121E-1);
#5099=CARTESIAN_POINT('',(1.096763713788E2,8.848536099401E1,-5.091168824545E0));
#5100=LINE('',#5099,#5098);
#5101=DIRECTION('',(8.164965809278E-1,5.773502691896E-1,-7.818504744183E-13));
#5102=VECTOR('',#5101,9.797958971136E-1);
#5103=CARTESIAN_POINT('',(1.088763713788E2,8.565693386926E1,-2.828427124746E0));
#5104=LINE('',#5103,#5102);
#5105=DIRECTION('',(8.881784196996E-14,-7.071067811867E-1,7.071067811864E-1));
#5106=VECTOR('',#5105,3.200000000002E0);
#5107=CARTESIAN_POINT('',(1.096763713788E2,8.848536099401E1,-5.091168824545E0));
#5108=LINE('',#5107,#5106);
#5109=DIRECTION('',(4.884981308346E-14,7.071067811867E-1,7.071067811864E-1));
#5110=VECTOR('',#5109,3.200000000003E0);
#5111=CARTESIAN_POINT('',(1.096763713788E2,8.622261929421E1,-2.828427124747E0));
#5112=LINE('',#5111,#5110);
#5113=DIRECTION('',(-7.993605777297E-14,7.071067811867E-1,-7.071067811864E-1));
#5114=VECTOR('',#5113,3.200000000002E0);
#5115=CARTESIAN_POINT('',(1.096763713788E2,8.848536099401E1,
-5.656854249481E-1));
#5116=LINE('',#5115,#5114);
#5117=DIRECTION('',(-5.773159728045E-14,-7.071067811867E-1,-7.071067811864E-1));
#5118=VECTOR('',#5117,3.200000000003E0);
#5119=CARTESIAN_POINT('',(1.096763713788E2,9.074810269381E1,-2.828427124746E0));
#5120=LINE('',#5119,#5118);
#5121=DIRECTION('',(8.526512829116E-14,7.071067811869E-1,7.071067811862E-1));
#5122=VECTOR('',#5121,4.000000000002E0);
#5123=CARTESIAN_POINT('',(1.088763713788E2,8.565693386926E1,-2.828427124746E0));
#5124=LINE('',#5123,#5122);
#5125=DIRECTION('',(8.164965809280E-1,-1.885506071642E-13,-5.773502691893E-1));
#5126=VECTOR('',#5125,9.797958971131E-1);
#5127=CARTESIAN_POINT('',(1.088763713788E2,8.848536099401E1,
7.048250871833E-13));
#5128=LINE('',#5127,#5126);
#5129=DIRECTION('',(-8.164965809272E-1,5.773502691904E-1,1.677579170109E-13));
#5130=VECTOR('',#5129,9.797958971144E-1);
#5131=CARTESIAN_POINT('',(1.096763713788E2,8.791967556906E1,
5.404565683875E-13));
#5132=LINE('',#5131,#5130);
#5133=DIRECTION('',(-8.164965809270E-1,-1.334358143006E-12,-5.773502691906E-1));
#5134=VECTOR('',#5133,9.797958971143E-1);
#5135=CARTESIAN_POINT('',(1.096763713788E2,8.565693386926E1,-2.262741699795E0));
#5136=LINE('',#5135,#5134);
#5137=DIRECTION('',(8.164965809279E-1,5.773502691893E-1,1.892455853637E-12));
#5138=VECTOR('',#5137,9.797958971130E-1);
#5139=CARTESIAN_POINT('',(1.088763713788E2,8.282850674452E1,
-2.948752353404E-13));
#5140=LINE('',#5139,#5138);
#5141=DIRECTION('',(-1.687538997431E-13,-7.071067811863E-1,7.071067811868E-1));
#5142=VECTOR('',#5141,3.199999999998E0);
#5143=CARTESIAN_POINT('',(1.096763713788E2,8.565693386926E1,-2.262741699795E0));
#5144=LINE('',#5143,#5142);
#5145=DIRECTION('',(1.687538997432E-13,7.071067811862E-1,7.071067811869E-1));
#5146=VECTOR('',#5145,3.199999999997E0);
#5147=CARTESIAN_POINT('',(1.096763713788E2,8.339419216947E1,
1.559345245520E-12));
#5148=LINE('',#5147,#5146);
#5149=DIRECTION('',(1.643130076445E-13,7.071067811867E-1,-7.071067811864E-1));
#5150=VECTOR('',#5149,3.200000000001E0);
#5151=CARTESIAN_POINT('',(1.096763713788E2,8.565693386926E1,2.262741699798E0));
#5152=LINE('',#5151,#5150);
#5153=DIRECTION('',(-1.643130076446E-13,-7.071067811868E-1,-7.071067811863E-1));
#5154=VECTOR('',#5153,3.199999999999E0);
#5155=CARTESIAN_POINT('',(1.096763713788E2,8.791967556906E1,
5.404565683875E-13));
#5156=LINE('',#5155,#5154);
#5157=DIRECTION('',(1.705302565825E-13,7.071067811862E-1,7.071067811869E-1));
#5158=VECTOR('',#5157,3.999999999998E0);
#5159=CARTESIAN_POINT('',(1.088763713788E2,8.282850674452E1,
-2.948752353404E-13));
#5160=LINE('',#5159,#5158);
#5161=DIRECTION('',(8.164965809280E-1,-8.557296786684E-13,-5.773502691892E-1));
#5162=VECTOR('',#5161,9.797958971128E-1);
#5163=CARTESIAN_POINT('',(1.088763713788E2,8.565693386926E1,2.828427124746E0));
#5164=LINE('',#5163,#5162);
#5165=DIRECTION('',(-8.164965809288E-1,5.773502691881E-1,2.175583928821E-14));
#5166=VECTOR('',#5165,9.797958971114E-1);
#5167=CARTESIAN_POINT('',(1.096763713788E2,8.509124844432E1,2.828427124746E0));
#5168=LINE('',#5167,#5166);
#5169=DIRECTION('',(0.E0,7.071067811868E-1,-7.071067811863E-1));
#5170=VECTOR('',#5169,4.000000000001E0);
#5171=CARTESIAN_POINT('',(1.088763713788E2,8.565693386926E1,2.828427124746E0));
#5172=LINE('',#5171,#5170);
#5173=DIRECTION('',(8.881784197008E-14,7.071067811861E-1,-7.071067811870E-1));
#5174=VECTOR('',#5173,3.999999999997E0);
#5175=CARTESIAN_POINT('',(1.088763713788E2,8.282850674452E1,
-2.948752353404E-13));
#5176=LINE('',#5175,#5174);
#5177=DIRECTION('',(1.909583602355E-13,-7.071067811867E-1,7.071067811864E-1));
#5178=VECTOR('',#5177,3.200000000001E0);
#5179=CARTESIAN_POINT('',(1.096763713788E2,8.282850674452E1,-5.091168824543E0));
#5180=LINE('',#5179,#5178);
#5181=DIRECTION('',(-1.199040866595E-13,7.071067811867E-1,7.071067811864E-1));
#5182=VECTOR('',#5181,3.2E0);
#5183=CARTESIAN_POINT('',(1.096763713788E2,8.056576504472E1,-2.828427124746E0));
#5184=LINE('',#5183,#5182);
#5185=DIRECTION('',(-1.998401444326E-13,7.071067811863E-1,-7.071067811868E-1));
#5186=VECTOR('',#5185,3.199999999999E0);
#5187=CARTESIAN_POINT('',(1.096763713788E2,8.282850674452E1,
-5.656854249494E-1));
#5188=LINE('',#5187,#5186);
#5189=DIRECTION('',(1.287858708566E-13,-7.071067811863E-1,-7.071067811868E-1));
#5190=VECTOR('',#5189,3.199999999999E0);
#5191=CARTESIAN_POINT('',(1.096763713788E2,8.509124844431E1,-2.828427124747E0));
#5192=LINE('',#5191,#5190);
#5193=DIRECTION('',(-8.164965809279E-1,-9.572569286800E-13,-5.773502691893E-1));
#5194=VECTOR('',#5193,9.797958971127E-1);
#5195=CARTESIAN_POINT('',(1.096763713788E2,8.282850674452E1,-5.091168824543E0));
#5196=LINE('',#5195,#5194);
#5197=DIRECTION('',(8.164965809273E-1,5.773502691902E-1,2.456596852954E-13));
#5198=VECTOR('',#5197,9.797958971141E-1);
#5199=CARTESIAN_POINT('',(1.088763713788E2,8.000007961977E1,-2.828427124746E0));
#5200=LINE('',#5199,#5198);
#5201=DIRECTION('',(-8.164965809285E-1,5.773502691885E-1,5.624790949309E-13));
#5202=VECTOR('',#5201,9.797958971109E-1);
#5203=CARTESIAN_POINT('',(1.096763713788E2,8.509124844431E1,-2.828427124747E0));
#5204=LINE('',#5203,#5202);
#5205=DIRECTION('',(1.065814103641E-13,7.071067811861E-1,7.071067811870E-1));
#5206=VECTOR('',#5205,3.999999999998E0);
#5207=CARTESIAN_POINT('',(1.088763713788E2,8.282850674452E1,-5.656854249492E0));
#5208=LINE('',#5207,#5206);
#5209=DIRECTION('',(8.164965809281E-1,-5.511479286338E-13,-5.773502691891E-1));
#5210=VECTOR('',#5209,9.797958971129E-1);
#5211=CARTESIAN_POINT('',(1.088763713788E2,8.565693386926E1,-2.828427124746E0));
#5212=LINE('',#5211,#5210);
#5213=DIRECTION('',(-8.164965809256E-1,-1.044280285829E-12,-5.773502691927E-1));
#5214=VECTOR('',#5213,9.797958971162E-1);
#5215=CARTESIAN_POINT('',(1.096763713788E2,8.565693386926E1,-7.919595949288E0));
#5216=LINE('',#5215,#5214);
#5217=DIRECTION('',(8.164965809279E-1,5.773502691894E-1,1.961651509150E-12));
#5218=VECTOR('',#5217,9.797958971134E-1);
#5219=CARTESIAN_POINT('',(1.088763713788E2,8.282850674452E1,-5.656854249492E0));
#5220=LINE('',#5219,#5218);
#5221=DIRECTION('',(-1.687538997431E-13,-7.071067811862E-1,7.071067811869E-1));
#5222=VECTOR('',#5221,3.199999999999E0);
#5223=CARTESIAN_POINT('',(1.096763713788E2,8.565693386926E1,-7.919595949288E0));
#5224=LINE('',#5223,#5222);
#5225=DIRECTION('',(4.440892098505E-14,7.071067811862E-1,7.071067811869E-1));
#5226=VECTOR('',#5225,3.199999999997E0);
#5227=CARTESIAN_POINT('',(1.096763713788E2,8.339419216947E1,-5.656854249490E0));
#5228=LINE('',#5227,#5226);
#5229=DIRECTION('',(1.465494392504E-13,7.071067811867E-1,-7.071067811864E-1));
#5230=VECTOR('',#5229,3.200000000002E0);
#5231=CARTESIAN_POINT('',(1.096763713788E2,8.565693386926E1,-3.394112549695E0));
#5232=LINE('',#5231,#5230);
#5233=DIRECTION('',(-3.108624468952E-14,-7.071067811868E-1,-7.071067811863E-1));
#5234=VECTOR('',#5233,3.199999999999E0);
#5235=CARTESIAN_POINT('',(1.096763713788E2,8.791967556906E1,-5.656854249492E0));
#5236=LINE('',#5235,#5234);
#5237=DIRECTION('',(8.526512829117E-14,7.071067811869E-1,-7.071067811862E-1));
#5238=VECTOR('',#5237,4.000000000002E0);
#5239=CARTESIAN_POINT('',(1.088763713788E2,8.565693386926E1,-2.828427124746E0));
#5240=LINE('',#5239,#5238);
#5241=DIRECTION('',(-8.164965809271E-1,5.773502691905E-1,4.985713170200E-14));
#5242=VECTOR('',#5241,9.797958971142E-1);
#5243=CARTESIAN_POINT('',(1.096763713788E2,8.791967556906E1,-5.656854249492E0));
#5244=LINE('',#5243,#5242);
#5245=DIRECTION('',(5.684341886075E-14,7.071067811864E-1,7.071067811867E-1));
#5246=VECTOR('',#5245,4.000000000004E0);
#5247=CARTESIAN_POINT('',(1.088763713788E2,8.565693386926E1,-8.485281374242E0));
#5248=LINE('',#5247,#5246);
#5249=DIRECTION('',(8.164965809279E-1,-1.450389285878E-14,-5.773502691894E-1));
#5250=VECTOR('',#5249,9.797958971130E-1);
#5251=CARTESIAN_POINT('',(1.088763713788E2,8.848536099401E1,-5.656854249492E0));
#5252=LINE('',#5251,#5250);
#5253=DIRECTION('',(-2.131628207280E-13,7.071067811869E-1,-7.071067811862E-1));
#5254=VECTOR('',#5253,4.E0);
#5255=CARTESIAN_POINT('',(1.088763713788E2,8.848536099401E1,-5.656854249492E0));
#5256=LINE('',#5255,#5254);
#5257=DIRECTION('',(0.E0,7.071067811868E-1,-7.071067811863E-1));
#5258=VECTOR('',#5257,4.000000000001E0);
#5259=CARTESIAN_POINT('',(1.088763713788E2,8.000007961977E1,-2.828427124746E0));
#5260=LINE('',#5259,#5258);
#5261=DIRECTION('',(1.421085471520E-14,7.071067811868E-1,7.071067811863E-1));
#5262=VECTOR('',#5261,4.000000000001E0);
#5263=CARTESIAN_POINT('',(1.088763713788E2,8.000007961977E1,-2.828427124746E0));
#5264=LINE('',#5263,#5262);
#5265=DIRECTION('',(8.164965809277E-1,0.E0,-5.773502691896E-1));
#5266=VECTOR('',#5265,9.797958971131E-1);
#5267=CARTESIAN_POINT('',(1.088763713788E2,8.282850674452E1,
-2.948752353404E-13));
#5268=LINE('',#5267,#5266);
#5269=DIRECTION('',(-8.164965809272E-1,5.773502691904E-1,5.109600588370E-13));
#5270=VECTOR('',#5269,9.797958971141E-1);
#5271=CARTESIAN_POINT('',(1.096763713788E2,8.226282131957E1,
-7.955118045781E-13));
#5272=LINE('',#5271,#5270);
#5273=DIRECTION('',(-8.526512829119E-14,7.071067811866E-1,-7.071067811865E-1));
#5274=VECTOR('',#5273,4.000000000001E0);
#5275=CARTESIAN_POINT('',(1.088763713788E2,8.848536099401E1,
7.048250871833E-13));
#5276=LINE('',#5275,#5274);
#5277=DIRECTION('',(-8.164965809283E-1,-1.218327000139E-12,-5.773502691888E-1));
#5278=VECTOR('',#5277,9.797958971121E-1);
#5279=CARTESIAN_POINT('',(1.096763713788E2,9.131378811876E1,-2.262741699798E0));
#5280=LINE('',#5279,#5278);
#5281=DIRECTION('',(8.164965809276E-1,5.773502691898E-1,-8.310088508653E-13));
#5282=VECTOR('',#5281,9.797958971137E-1);
#5283=CARTESIAN_POINT('',(1.088763713788E2,8.848536099401E1,
7.048250871833E-13));
#5284=LINE('',#5283,#5282);
#5285=DIRECTION('',(3.064215547964E-13,-7.071067811867E-1,7.071067811864E-1));
#5286=VECTOR('',#5285,3.200000000002E0);
#5287=CARTESIAN_POINT('',(1.096763713788E2,9.131378811876E1,-2.262741699798E0));
#5288=LINE('',#5287,#5286);
#5289=DIRECTION('',(-1.243449787579E-13,7.071067811867E-1,7.071067811864E-1));
#5290=VECTOR('',#5289,3.200000000002E0);
#5291=CARTESIAN_POINT('',(1.096763713788E2,8.905104641896E1,
-1.093939753597E-13));
#5292=LINE('',#5291,#5290);
#5293=DIRECTION('',(-3.019806626980E-13,7.071067811863E-1,-7.071067811868E-1));
#5294=VECTOR('',#5293,3.2E0);
#5295=CARTESIAN_POINT('',(1.096763713788E2,9.131378811876E1,2.262741699798E0));
#5296=LINE('',#5295,#5294);
#5297=DIRECTION('',(1.243449787580E-13,-7.071067811863E-1,-7.071067811868E-1));
#5298=VECTOR('',#5297,3.2E0);
#5299=CARTESIAN_POINT('',(1.096763713788E2,9.357652981855E1,0.E0));
#5300=LINE('',#5299,#5298);
#5301=DIRECTION('',(0.E0,7.071067811867E-1,7.071067811864E-1));
#5302=VECTOR('',#5301,4.E0);
#5303=CARTESIAN_POINT('',(1.088763713788E2,8.848536099401E1,
7.048250871833E-13));
#5304=LINE('',#5303,#5302);
#5305=DIRECTION('',(8.164965809280E-1,2.045048893089E-12,-5.773502691892E-1));
#5306=VECTOR('',#5305,9.797958971128E-1);
#5307=CARTESIAN_POINT('',(1.088763713788E2,9.131378811876E1,2.828427124746E0));
#5308=LINE('',#5307,#5306);
#5309=DIRECTION('',(-8.164965809279E-1,5.773502691894E-1,3.716622545065E-14));
#5310=VECTOR('',#5309,9.797958971124E-1);
#5311=CARTESIAN_POINT('',(1.096763713788E2,9.074810269381E1,2.828427124746E0));
#5312=LINE('',#5311,#5310);
#5313=DIRECTION('',(0.E0,7.071067811863E-1,-7.071067811868E-1));
#5314=VECTOR('',#5313,3.999999999999E0);
#5315=CARTESIAN_POINT('',(1.088763713788E2,9.131378811876E1,2.828427124746E0));
#5316=LINE('',#5315,#5314);
#5317=DIRECTION('',(-8.164965809288E-1,5.773502691881E-1,-7.079138766335E-14));
#5318=VECTOR('',#5317,9.797958971106E-1);
#5319=CARTESIAN_POINT('',(1.096763713788E2,9.357652981855E1,0.E0));
#5320=LINE('',#5319,#5318);
#5321=DIRECTION('',(8.881784197006E-14,7.071067811863E-1,7.071067811868E-1));
#5322=VECTOR('',#5321,3.999999999998E0);
#5323=CARTESIAN_POINT('',(1.088763713788E2,9.131378811876E1,-2.828427124746E0));
#5324=LINE('',#5323,#5322);
#5325=DIRECTION('',(8.164965809280E-1,-4.496206786224E-13,-5.773502691893E-1));
#5326=VECTOR('',#5325,9.797958971126E-1);
#5327=CARTESIAN_POINT('',(1.088763713788E2,9.414221524350E1,
-6.924430646926E-14));
#5328=LINE('',#5327,#5326);
#5329=DIRECTION('',(-1.740829702613E-13,7.071067811862E-1,-7.071067811869E-1));
#5330=VECTOR('',#5329,3.999999999999E0);
#5331=CARTESIAN_POINT('',(1.088763713788E2,9.131378811876E1,-2.828427124746E0));
#5332=LINE('',#5331,#5330);
#5333=DIRECTION('',(0.E0,7.071067811869E-1,-7.071067811862E-1));
#5334=VECTOR('',#5333,3.999999999993E0);
#5335=CARTESIAN_POINT('',(1.088763713788E2,9.979906949298E1,
-5.803746372379E-12));
#5336=LINE('',#5335,#5334);
#5337=DIRECTION('',(-8.164965809299E-1,1.611382496609E-11,-5.773502691865E-1));
#5338=VECTOR('',#5337,9.797958971142E-1);
#5339=CARTESIAN_POINT('',(1.096763713788E2,1.026274966177E2,-2.262741699799E0));
#5340=LINE('',#5339,#5338);
#5341=DIRECTION('',(8.164965809353E-1,5.773502691789E-1,2.818835354202E-12));
#5342=VECTOR('',#5341,9.797958970984E-1);
#5343=CARTESIAN_POINT('',(1.088763713788E2,9.979906949298E1,
-5.803746372379E-12));
#5344=LINE('',#5343,#5342);
#5345=DIRECTION('',(-2.375877272698E-12,-7.071067811867E-1,7.071067811864E-1));
#5346=VECTOR('',#5345,3.2E0);
#5347=CARTESIAN_POINT('',(1.096763713788E2,1.026274966177E2,-2.262741699799E0));
#5348=LINE('',#5347,#5346);
#5349=DIRECTION('',(1.048050535247E-12,7.071067811867E-1,7.071067811864E-1));
#5350=VECTOR('',#5349,3.199999999998E0);
#5351=CARTESIAN_POINT('',(1.096763713788E2,1.003647549179E2,
-3.041863057736E-12));
#5352=LINE('',#5351,#5350);
#5353=DIRECTION('',(2.380318164790E-12,7.071067811888E-1,-7.071067811843E-1));
#5354=VECTOR('',#5353,3.200000000009E0);
#5355=CARTESIAN_POINT('',(1.096763713788E2,1.026274966177E2,2.262741699792E0));
#5356=LINE('',#5355,#5354);
#5357=DIRECTION('',(-1.052491427342E-12,-7.071067811888E-1,-7.071067811843E-1));
#5358=VECTOR('',#5357,3.200000000008E0);
#5359=CARTESIAN_POINT('',(1.096763713788E2,1.048902383175E2,
-3.863576125696E-12));
#5360=LINE('',#5359,#5358);
#5361=DIRECTION('',(0.E0,7.071067811855E-1,7.071067811876E-1));
#5362=VECTOR('',#5361,3.999999999996E0);
#5363=CARTESIAN_POINT('',(1.088763713788E2,9.979906949298E1,
-5.803746372379E-12));
#5364=LINE('',#5363,#5362);
#5365=DIRECTION('',(8.164965809271E-1,-1.350312425153E-11,-5.773502691906E-1));
#5366=VECTOR('',#5365,9.797958971124E-1);
#5367=CARTESIAN_POINT('',(1.088763713788E2,1.026274966177E2,2.828427124742E0));
#5368=LINE('',#5367,#5366);
#5369=DIRECTION('',(-8.164965809291E-1,5.773502691877E-1,-7.841167076793E-14));
#5370=VECTOR('',#5369,9.797958971113E-1);
#5371=CARTESIAN_POINT('',(1.096763713788E2,1.020618111928E2,2.828427124742E0));
#5372=LINE('',#5371,#5370);
#5373=DIRECTION('',(0.E0,7.071067811887E-1,-7.071067811844E-1));
#5374=VECTOR('',#5373,4.000000000011E0);
#5375=CARTESIAN_POINT('',(1.088763713788E2,1.026274966177E2,2.828427124742E0));
#5376=LINE('',#5375,#5374);
#5377=DIRECTION('',(-8.164965809219E-1,5.773502691979E-1,8.283082562194E-14));
#5378=VECTOR('',#5377,9.797958971280E-1);
#5379=CARTESIAN_POINT('',(1.096763713788E2,1.048902383175E2,
-3.863576125696E-12));
#5380=LINE('',#5379,#5378);
#5381=DIRECTION('',(0.E0,7.071067811887E-1,7.071067811844E-1));
#5382=VECTOR('',#5381,4.000000000007E0);
#5383=CARTESIAN_POINT('',(1.088763713788E2,1.026274966177E2,-2.828427124746E0));
#5384=LINE('',#5383,#5382);
#5385=DIRECTION('',(8.164965809270E-1,9.311499215341E-12,-5.773502691906E-1));
#5386=VECTOR('',#5385,9.797958971128E-1);
#5387=CARTESIAN_POINT('',(1.088763713788E2,1.054559237425E2,
-3.782418822595E-12));
#5388=LINE('',#5387,#5386);
#5389=DIRECTION('',(-3.623767952374E-13,7.071067811889E-1,-7.071067811842E-1));
#5390=VECTOR('',#5389,4.000000000003E0);
#5391=CARTESIAN_POINT('',(1.088763713788E2,1.026274966177E2,-2.828427124746E0));
#5392=LINE('',#5391,#5390);
#5393=DIRECTION('',(8.739675649831E-13,7.071067811839E-1,-7.071067811892E-1));
#5394=VECTOR('',#5393,4.000000000008E0);
#5395=CARTESIAN_POINT('',(1.088763713788E2,1.111127779920E2,
8.836396891976E-12));
#5396=LINE('',#5395,#5394);
#5397=DIRECTION('',(-8.164965809258E-1,1.334358143003E-11,-5.773502691924E-1));
#5398=VECTOR('',#5397,9.797958971170E-1);
#5399=CARTESIAN_POINT('',(1.096763713788E2,1.139412051167E2,-2.262741699800E0));
#5400=LINE('',#5399,#5398);
#5401=DIRECTION('',(8.164965809393E-1,5.773502691733E-1,-6.624107750959E-12));
#5402=VECTOR('',#5401,9.797958971E-1);
#5403=CARTESIAN_POINT('',(1.088763713788E2,1.111127779920E2,
8.836396891976E-12));
#5404=LINE('',#5403,#5402);
#5405=DIRECTION('',(-1.314504061153E-12,-7.071067811867E-1,7.071067811864E-1));
#5406=VECTOR('',#5405,3.200000000008E0);
#5407=CARTESIAN_POINT('',(1.096763713788E2,1.139412051167E2,-2.262741699800E0));
#5408=LINE('',#5407,#5406);
#5409=DIRECTION('',(2.415845301579E-12,7.071067811867E-1,7.071067811864E-1));
#5410=VECTOR('',#5409,3.200000000007E0);
#5411=CARTESIAN_POINT('',(1.096763713788E2,1.116784634169E2,
2.346123295638E-12));
#5412=LINE('',#5411,#5410);
#5413=DIRECTION('',(1.301181384854E-12,7.071067811888E-1,-7.071067811843E-1));
#5414=VECTOR('',#5413,3.200000000017E0);
#5415=CARTESIAN_POINT('',(1.096763713788E2,1.139412051167E2,2.262741699804E0));
#5416=LINE('',#5415,#5414);
#5417=DIRECTION('',(-2.415845301572E-12,-7.071067811887E-1,-7.071067811843E-1));
#5418=VECTOR('',#5417,3.200000000016E0);
#5419=CARTESIAN_POINT('',(1.096763713788E2,1.162039468165E2,
1.868246298405E-12));
#5420=LINE('',#5419,#5418);
#5421=DIRECTION('',(1.762145984691E-12,7.071067811850E-1,7.071067811881E-1));
#5422=VECTOR('',#5421,3.999999999986E0);
#5423=CARTESIAN_POINT('',(1.088763713788E2,1.111127779920E2,
8.836396891976E-12));
#5424=LINE('',#5423,#5422);
#5425=DIRECTION('',(8.164965809290E-1,-1.740467143054E-12,-5.773502691879E-1));
#5426=VECTOR('',#5425,9.797958971132E-1);
#5427=CARTESIAN_POINT('',(1.088763713788E2,1.139412051167E2,2.828427124751E0));
#5428=LINE('',#5427,#5426);
#5429=DIRECTION('',(-8.164965809326E-1,5.773502691828E-1,-5.033304068735E-12));
#5430=VECTOR('',#5429,9.797958970963E-1);
#5431=CARTESIAN_POINT('',(1.096763713788E2,1.133755196918E2,2.828427124756E0));
#5432=LINE('',#5431,#5430);
#5433=DIRECTION('',(-9.059419880875E-13,7.071067811888E-1,-7.071067811843E-1));
#5434=VECTOR('',#5433,4.000000000029E0);
#5435=CARTESIAN_POINT('',(1.088763713788E2,1.139412051167E2,2.828427124751E0));
#5436=LINE('',#5435,#5434);
#5437=DIRECTION('',(-8.164965809247E-1,5.773502691939E-1,-8.911882029181E-12));
#5438=VECTOR('',#5437,9.797958971279E-1);
#5439=CARTESIAN_POINT('',(1.096763713788E2,1.162039468165E2,
1.868246298405E-12));
#5440=LINE('',#5439,#5438);
#5441=DIRECTION('',(0.E0,7.071067811887E-1,7.071067811844E-1));
#5442=VECTOR('',#5441,4.000000000013E0);
#5443=CARTESIAN_POINT('',(1.088763713788E2,1.139412051167E2,-2.828427124754E0));
#5444=LINE('',#5443,#5442);
#5445=DIRECTION('',(8.164965809255E-1,1.015272500119E-11,-5.773502691928E-1));
#5446=VECTOR('',#5445,9.797958971093E-1);
#5447=CARTESIAN_POINT('',(1.088763713788E2,1.167696322415E2,
-6.863579149474E-12));
#5448=LINE('',#5447,#5446);
#5449=DIRECTION('',(1.762145984684E-12,7.071067811889E-1,-7.071067811842E-1));
#5450=VECTOR('',#5449,4.000000000002E0);
#5451=CARTESIAN_POINT('',(1.088763713788E2,1.139412051167E2,-2.828427124754E0));
#5452=LINE('',#5451,#5450);
#5453=DIRECTION('',(0.E0,7.071067811852E-1,-7.071067811879E-1));
#5454=VECTOR('',#5453,3.999999999991E0);
#5455=CARTESIAN_POINT('',(1.088763713788E2,1.224264864910E2,
1.562842302808E-12));
#5456=LINE('',#5455,#5454);
#5457=DIRECTION('',(0.E0,7.071067811889E-1,-7.071067811842E-1));
#5458=VECTOR('',#5457,4.000000000014E0);
#5459=CARTESIAN_POINT('',(1.088763713788E2,1.252549136157E2,-2.828427124744E0));
#5460=LINE('',#5459,#5458);
#5461=DIRECTION('',(-8.490985692355E-13,7.071067811833E-1,-7.071067811898E-1));
#5462=VECTOR('',#5461,3.999999999990E0);
#5463=CARTESIAN_POINT('',(1.088763713788E2,1.280833407405E2,-5.656854249491E0));
#5464=LINE('',#5463,#5462);
#5465=DIRECTION('',(0.E0,7.071067811851E-1,-7.071067811880E-1));
#5466=VECTOR('',#5465,3.999999999986E0);
#5467=CARTESIAN_POINT('',(1.088763713788E2,1.309117678652E2,2.828427124740E0));
#5468=LINE('',#5467,#5466);
#5469=DIRECTION('',(-8.164965809237E-1,-5.598502643382E-12,-5.773502691953E-1));
#5470=VECTOR('',#5469,9.797958971320E-1);
#5471=CARTESIAN_POINT('',(1.096763713788E2,1.337401949899E2,5.656854249637E-1));
#5472=LINE('',#5471,#5470);
#5473=DIRECTION('',(8.164965809234E-1,5.773502691958E-1,2.515609567002E-11));
#5474=VECTOR('',#5473,9.797958971221E-1);
#5475=CARTESIAN_POINT('',(1.088763713788E2,1.309117678652E2,2.828427124740E0));
#5476=LINE('',#5475,#5474);
#5477=DIRECTION('',(-2.646771690716E-12,-7.071067811825E-1,7.071067811906E-1));
#5478=VECTOR('',#5477,3.199999999988E0);
#5479=CARTESIAN_POINT('',(1.096763713788E2,1.337401949899E2,5.656854249637E-1));
#5480=LINE('',#5479,#5478);
#5481=DIRECTION('',(-1.869615573497E-12,7.071067811815E-1,7.071067811916E-1));
#5482=VECTOR('',#5481,3.199999999951E0);
#5483=CARTESIAN_POINT('',(1.096763713788E2,1.314774532902E2,2.828427124765E0));
#5484=LINE('',#5483,#5482);
#5485=DIRECTION('',(2.655653474882E-12,7.071067811888E-1,-7.071067811843E-1));
#5486=VECTOR('',#5485,3.200000000026E0);
#5487=CARTESIAN_POINT('',(1.096763713788E2,1.337401949899E2,5.091168824543E0));
#5488=LINE('',#5487,#5486);
#5489=DIRECTION('',(1.865174681382E-12,-7.071067811898E-1,-7.071067811833E-1));
#5490=VECTOR('',#5489,3.199999999979E0);
#5491=CARTESIAN_POINT('',(1.096763713788E2,1.360029366897E2,2.828427124736E0));
#5492=LINE('',#5491,#5490);
#5493=DIRECTION('',(0.E0,7.071067811837E-1,7.071067811894E-1));
#5494=VECTOR('',#5493,3.999999999986E0);
#5495=CARTESIAN_POINT('',(1.088763713788E2,1.309117678652E2,2.828427124740E0));
#5496=LINE('',#5495,#5494);
#5497=DIRECTION('',(8.164965809289E-1,-1.888406850223E-11,-5.773502691879E-1));
#5498=VECTOR('',#5497,9.797958971080E-1);
#5499=CARTESIAN_POINT('',(1.088763713788E2,1.337401949899E2,5.656854249488E0));
#5500=LINE('',#5499,#5498);
#5501=DIRECTION('',(-8.164965809326E-1,5.773502691827E-1,5.462528647998E-12));
#5502=VECTOR('',#5501,9.797958971024E-1);
#5503=CARTESIAN_POINT('',(1.096763713788E2,1.331745095650E2,5.656854249483E0));
#5504=LINE('',#5503,#5502);
#5505=DIRECTION('',(0.E0,7.071067811887E-1,-7.071067811844E-1));
#5506=VECTOR('',#5505,4.000000000014E0);
#5507=CARTESIAN_POINT('',(1.088763713788E2,1.337401949899E2,5.656854249488E0));
#5508=LINE('',#5507,#5506);
#5509=DIRECTION('',(-8.164965809237E-1,5.773502691953E-1,4.905035266121E-12));
#5510=VECTOR('',#5509,9.797958971247E-1);
#5511=CARTESIAN_POINT('',(1.096763713788E2,1.360029366897E2,2.828427124736E0));
#5512=LINE('',#5511,#5510);
#5513=DIRECTION('',(0.E0,7.071067811887E-1,7.071067811844E-1));
#5514=VECTOR('',#5513,4.000000000007E0);
#5515=CARTESIAN_POINT('',(1.088763713788E2,1.337401949899E2,
-1.862808518549E-12));
#5516=LINE('',#5515,#5514);
#5517=DIRECTION('',(8.164965809290E-1,3.190856428952E-12,-5.773502691879E-1));
#5518=VECTOR('',#5517,9.797958971071E-1);
#5519=CARTESIAN_POINT('',(1.088763713788E2,1.365686221147E2,2.828427124740E0));
#5520=LINE('',#5519,#5518);
#5521=DIRECTION('',(0.E0,7.071067811889E-1,-7.071067811842E-1));
#5522=VECTOR('',#5521,4.000000000014E0);
#5523=CARTESIAN_POINT('',(1.088763713788E2,1.337401949899E2,
-1.862808518549E-12));
#5524=LINE('',#5523,#5522);
#5525=DIRECTION('',(7.815970093379E-14,7.071067811851E-1,-7.071067811880E-1));
#5526=VECTOR('',#5525,3.999999999991E0);
#5527=CARTESIAN_POINT('',(1.088763713788E2,1.365686221147E2,-2.828427124749E0));
#5528=LINE('',#5527,#5526);
#5529=DIRECTION('',(-1.421085471516E-13,7.071067811889E-1,-7.071067811841E-1));
#5530=VECTOR('',#5529,4.000000000013E0);
#5531=CARTESIAN_POINT('',(1.088763713788E2,1.393970492394E2,-5.656854249494E0));
#5532=LINE('',#5531,#5530);
#5533=DIRECTION('',(9.947598300664E-14,7.071067811863E-1,-7.071067811868E-1));
#5534=VECTOR('',#5533,3.999999999991E0);
#5535=CARTESIAN_POINT('',(1.088763713788E2,1.422254763642E2,2.828427124740E0));
#5536=LINE('',#5535,#5534);
#5537=DIRECTION('',(-1.669775429031E-13,7.071067811891E-1,-7.071067811840E-1));
#5538=VECTOR('',#5537,4.000000000013E0);
#5539=CARTESIAN_POINT('',(1.088763713788E2,1.450539034889E2,
-1.793976729060E-13));
#5540=LINE('',#5539,#5538);
#5541=DIRECTION('',(-1.356585201739E-13,-7.071067811884E-1,7.071067811847E-1));
#5542=VECTOR('',#5541,2.514110523451E0);
#5543=CARTESIAN_POINT('',(1.096763713788E2,1.502257606384E2,-4.606171724518E0));
#5544=LINE('',#5543,#5542);
#5545=DIRECTION('',(0.E0,7.071067811880E-1,7.071067811851E-1));
#5546=VECTOR('',#5545,2.514110523448E0);
#5547=CARTESIAN_POINT('',(1.096763713788E2,1.484480160386E2,-2.828427124738E0));
#5548=LINE('',#5547,#5546);
#5549=DIRECTION('',(1.039188145027E-13,8.953005557155E-13,-1.E0));
#5550=VECTOR('',#5549,3.555489199558E0);
#5551=CARTESIAN_POINT('',(1.096763713788E2,1.502257606384E2,-1.050682524960E0));
#5552=LINE('',#5551,#5550);
#5553=DIRECTION('',(8.164965809381E-1,5.773502691749E-1,3.714356311867E-12));
#5554=VECTOR('',#5553,9.797958970965E-1);
#5555=CARTESIAN_POINT('',(1.088763713788E2,1.478823306137E2,2.828427124742E0));
#5556=LINE('',#5555,#5554);
#5557=DIRECTION('',(1.110587997960E-12,7.071067811857E-1,7.071067811874E-1));
#5558=VECTOR('',#5557,3.314110523432E0);
#5559=CARTESIAN_POINT('',(1.088763713788E2,1.478823306137E2,2.828427124742E0));
#5560=LINE('',#5559,#5558);
#5561=DIRECTION('',(8.164965809293E-1,-6.381712857911E-12,-5.773502691874E-1));
#5562=VECTOR('',#5561,9.797958971059E-1);
#5563=CARTESIAN_POINT('',(1.088763713788E2,1.502257606384E2,5.171857149465E0));
#5564=LINE('',#5563,#5562);
#5565=DIRECTION('',(1.187012051520E-12,-7.071067811881E-1,7.071067811850E-1));
#5566=VECTOR('',#5565,2.514110523454E0);
#5567=CARTESIAN_POINT('',(1.096763713788E2,1.502257606384E2,1.050682524963E0));
#5568=LINE('',#5567,#5566);
#5569=DIRECTION('',(1.085268161393E-12,7.071067811884E-1,7.071067811847E-1));
#5570=VECTOR('',#5569,2.514110523446E0);
#5571=CARTESIAN_POINT('',(1.096763713788E2,1.484480160386E2,2.828427124746E0));
#5572=LINE('',#5571,#5570);
#5573=DIRECTION('',(-1.598750992349E-12,1.223044509147E-12,-1.E0));
#5574=VECTOR('',#5573,3.555489199559E0);
#5575=CARTESIAN_POINT('',(1.096763713788E2,1.502257606384E2,4.606171724522E0));
#5576=LINE('',#5575,#5574);
#5577=DIRECTION('',(0.E0,7.071067811850E-1,7.071067811881E-1));
#5578=VECTOR('',#5577,3.999999999993E0);
#5579=CARTESIAN_POINT('',(1.088763713788E2,1.422254763642E2,2.828427124740E0));
#5580=LINE('',#5579,#5578);
#5581=DIRECTION('',(8.164965809289E-1,-1.891307628795E-11,-5.773502691879E-1));
#5582=VECTOR('',#5581,9.797958971080E-1);
#5583=CARTESIAN_POINT('',(1.088763713788E2,1.450539034889E2,5.656854249488E0));
#5584=LINE('',#5583,#5582);
#5585=DIRECTION('',(-8.164965809326E-1,5.773502691827E-1,5.443492288621E-12));
#5586=VECTOR('',#5585,9.797958971023E-1);
#5587=CARTESIAN_POINT('',(1.096763713788E2,1.444882180640E2,5.656854249483E0));
#5588=LINE('',#5587,#5586);
#5589=DIRECTION('',(1.068310846368E-12,-7.071067811880E-1,7.071067811851E-1));
#5590=VECTOR('',#5589,2.514110523453E0);
#5591=CARTESIAN_POINT('',(1.096763713788E2,1.502257606384E2,6.707536774457E0));
#5592=LINE('',#5591,#5590);
#5593=DIRECTION('',(1.345280325061E-12,7.071067811885E-1,7.071067811846E-1));
#5594=VECTOR('',#5593,2.514110523444E0);
#5595=CARTESIAN_POINT('',(1.096763713788E2,1.484480160386E2,8.485281374239E0));
#5596=LINE('',#5595,#5594);
#5597=DIRECTION('',(-1.710663561814E-12,1.366932098459E-12,-1.E0));
#5598=VECTOR('',#5597,3.555489199557E0);
#5599=CARTESIAN_POINT('',(1.096763713788E2,1.502257606384E2,1.026302597401E1));
#5600=LINE('',#5599,#5598);
#5601=DIRECTION('',(1.669775429035E-13,7.071067811868E-1,-7.071067811862E-1));
#5602=VECTOR('',#5601,4.000000000002E0);
#5603=CARTESIAN_POINT('',(1.088763713788E2,7.717165249502E1,
2.212674488078E-13));
#5604=LINE('',#5603,#5602);
#5605=DIRECTION('',(8.164965809308E-1,6.787821857915E-12,-5.773502691853E-1));
#5606=VECTOR('',#5605,9.797958971123E-1);
#5607=CARTESIAN_POINT('',(1.088763713788E2,1.502257606384E2,-1.179870559900E1));
#5608=LINE('',#5607,#5606);
#5609=DIRECTION('',(0.E0,7.071067811887E-1,7.071067811844E-1));
#5610=VECTOR('',#5609,2.449657531899E0);
#5611=CARTESIAN_POINT('',(1.096763713788E2,1.484935911860E2,-1.409656047633E1));
#5612=LINE('',#5611,#5610);
#5613=DIRECTION('',(4.823347328754E-13,1.416858277822E-12,-1.E0));
#5614=VECTOR('',#5613,1.885608976055E0);
#5615=CARTESIAN_POINT('',(1.096763713788E2,1.502257606384E2,-1.236439102395E1));
#5616=LINE('',#5615,#5614);
#5617=DIRECTION('',(-5.393572173385E-13,-9.960995293875E-1,8.823676985222E-2));
#5618=VECTOR('',#5617,1.738952184290E0);
#5619=CARTESIAN_POINT('',(1.096763713788E2,1.502257606384E2,-1.425E1));
#5620=LINE('',#5619,#5618);
#5621=DIRECTION('',(8.376350080312E-1,5.440997928034E-1,4.819760151702E-2));
#5622=VECTOR('',#5621,9.550699198545E-1);
#5623=CARTESIAN_POINT('',(1.088763713788E2,1.479739378405E2,1.405052839691E1));
#5624=LINE('',#5623,#5622);
#5625=DIRECTION('',(-1.740347929882E-14,-7.071067811886E-1,7.071067811844E-1));
#5626=VECTOR('',#5625,2.449657531899E0);
#5627=CARTESIAN_POINT('',(1.096763713788E2,1.502257606384E2,1.236439102394E1));
#5628=LINE('',#5627,#5626);
#5629=DIRECTION('',(-4.903247430343E-13,9.960995293874E-1,8.823676985354E-2));
#5630=VECTOR('',#5629,1.738952184292E0);
#5631=CARTESIAN_POINT('',(1.096763713788E2,1.484935911860E2,1.409656047633E1));
#5632=LINE('',#5631,#5630);
#5633=DIRECTION('',(4.672617724725E-13,-2.773424714030E-12,-1.E0));
#5634=VECTOR('',#5633,1.885608976057E0);
#5635=CARTESIAN_POINT('',(1.096763713788E2,1.502257606384E2,1.425E1));
#5636=LINE('',#5635,#5634);
#5637=DIRECTION('',(-6.756224246016E-1,7.343722006536E-1,6.505236569638E-2));
#5638=VECTOR('',#5637,2.622562483111E0);
#5639=CARTESIAN_POINT('',(1.119763713788E2,7.023648189891E1,7.164367118324E0));
#5640=LINE('',#5639,#5638);
#5641=DIRECTION('',(0.E0,9.960995293874E-1,8.823676985314E-2));
#5642=VECTOR('',#5641,5.521536591218E0);
#5643=CARTESIAN_POINT('',(1.119763713788E2,6.473648189890E1,6.677164564889E0));
#5644=LINE('',#5643,#5642);
#5645=DIRECTION('',(0.E0,0.E0,-1.E0));
#5646=VECTOR('',#5645,1.432873423665E1);
#5647=CARTESIAN_POINT('',(1.119763713788E2,7.023648189891E1,7.164367118324E0));
#5648=LINE('',#5647,#5646);
#5649=DIRECTION('',(0.E0,-9.960995293874E-1,8.823676985314E-2));
#5650=VECTOR('',#5649,5.521536591218E0);
#5651=CARTESIAN_POINT('',(1.119763713788E2,7.023648189891E1,-7.164367118324E0));
#5652=LINE('',#5651,#5650);
#5653=DIRECTION('',(0.E0,0.E0,1.E0));
#5654=VECTOR('',#5653,1.300000000001E1);
#5655=CARTESIAN_POINT('',(1.099763713788E2,6.273648189890E1,-6.500000000004E0));
#5656=LINE('',#5655,#5654);
#5657=DIRECTION('',(0.E0,0.E0,-1.E0));
#5658=VECTOR('',#5657,1.335432912978E1);
#5659=CARTESIAN_POINT('',(1.119763713788E2,6.473648189890E1,6.677164564889E0));
#5660=LINE('',#5659,#5658);
#5661=DIRECTION('',(-1.E0,0.E0,0.E0));
#5662=VECTOR('',#5661,1.962762850600E0);
#5663=CARTESIAN_POINT('',(1.099763713788E2,6.273648189890E1,-6.500000000004E0));
#5664=LINE('',#5663,#5662);
#5665=DIRECTION('',(1.E0,0.E0,0.E0));
#5666=VECTOR('',#5665,1.962762850600E0);
#5667=CARTESIAN_POINT('',(1.080136085282E2,6.273648189890E1,6.500000000004E0));
#5668=LINE('',#5667,#5666);
#5669=DIRECTION('',(0.E0,0.E0,1.E0));
#5670=VECTOR('',#5669,1.317951181165E1);
#5671=CARTESIAN_POINT('',(1.062739756960E2,6.374973086185E1,-6.589755905824E0));
#5672=LINE('',#5671,#5670);
#5673=DIRECTION('',(0.E0,0.E0,-1.E0));
#5674=VECTOR('',#5673,1.300000000001E1);
#5675=CARTESIAN_POINT('',(1.080136085282E2,6.273648189890E1,6.500000000004E0));
#5676=LINE('',#5675,#5674);
#5677=CARTESIAN_POINT('',(1.062739756960E2,6.374973086186E1,-6.589755905826E0));
#5678=CARTESIAN_POINT('',(1.005019832613E2,7.392569943917E1,-7.491166428467E0));
#5679=CARTESIAN_POINT('',(9.104145068172E1,9.498956045195E1,-9.357051314031E0));
#5680=CARTESIAN_POINT('',(8.553445684381E1,1.174043612333E2,-1.134260552774E1));
#5681=CARTESIAN_POINT('',(8.382005447701E1,1.289668243274E2,-1.236683489927E1));
#5683=CARTESIAN_POINT('',(8.295455086480E1,1.311231370307E2,1.255784600019E1));
#5684=CARTESIAN_POINT('',(8.341504032934E1,1.304728903639E2,1.250024566629E1));
#5685=CARTESIAN_POINT('',(8.370333214804E1,1.297540360387E2,1.243656790942E1));
#5686=CARTESIAN_POINT('',(8.382005447701E1,1.289668243274E2,1.236683489927E1));
#5688=DIRECTION('',(0.E0,0.E0,-1.E0));
#5689=VECTOR('',#5688,2.473366979854E1);
#5690=CARTESIAN_POINT('',(8.382005447702E1,1.289668243274E2,1.236683489927E1));
#5691=LINE('',#5690,#5689);
#5692=DIRECTION('',(0.E0,0.E0,1.E0));
#5693=VECTOR('',#5692,2.554359280972E1);
#5694=CARTESIAN_POINT('',(8.264181374160E1,1.335384101391E2,-1.277179640486E1));
#5695=LINE('',#5694,#5693);
#5696=CARTESIAN_POINT('',(8.264181374160E1,1.335384101391E2,1.277179640486E1));
#5697=CARTESIAN_POINT('',(8.260527871307E1,1.334409503447E2,1.276316319382E1));
#5698=CARTESIAN_POINT('',(8.254440853264E1,1.332433265281E2,1.274565722507E1));
#5699=CARTESIAN_POINT('',(8.248876454689E1,1.329363779566E2,1.271846702005E1));
#5700=CARTESIAN_POINT('',(8.247635786043E1,1.327298947767E2,1.270017626861E1));
#5701=CARTESIAN_POINT('',(8.247635786043E1,1.326257606378E2,1.269095182891E1));
#5703=CARTESIAN_POINT('',(8.247635786043E1,1.326257606378E2,1.269095182891E1));
#5704=CARTESIAN_POINT('',(8.247635786043E1,1.324451478346E2,1.267495273456E1));
#5705=CARTESIAN_POINT('',(8.251293898223E1,1.320928412811E2,1.264374461601E1));
#5706=CARTESIAN_POINT('',(8.267663132911E1,1.315786728883E2,1.259819840619E1));
#5707=CARTESIAN_POINT('',(8.285030405956E1,1.312703415660E2,1.257088571391E1));
#5708=CARTESIAN_POINT('',(8.295455086479E1,1.311231370307E2,1.255784600019E1));
#5710=DIRECTION('',(0.E0,0.E0,-1.E0));
#5711=VECTOR('',#5710,2.511569200038E1);
#5712=CARTESIAN_POINT('',(8.295455086479E1,1.311231370307E2,1.255784600019E1));
#5713=LINE('',#5712,#5711);
#5714=CARTESIAN_POINT('',(8.264181374159E1,1.335384101391E2,-1.277179640485E1));
#5715=CARTESIAN_POINT('',(8.292139166392E1,1.342842041876E2,-1.283786054390E1));
#5716=CARTESIAN_POINT('',(8.301723086765E1,1.350527608180E2,-1.290594104441E1));
#5717=CARTESIAN_POINT('',(8.292956970249E1,1.358440505024E2,-1.297603529073E1));
#5719=DIRECTION('',(0.E0,0.E0,1.E0));
#5720=VECTOR('',#5719,2.595207058144E1);
#5721=CARTESIAN_POINT('',(8.292956970249E1,1.358440505024E2,-1.297603529072E1));
#5722=LINE('',#5721,#5720);
#5723=DIRECTION('',(9.491266440870E-1,3.136663697863E-1,-2.778528296109E-2));
#5724=VECTOR('',#5723,1.863297453594E1);
#5725=CARTESIAN_POINT('',(8.978171878814E1,1.233148447084E2,-1.186616964430E1));
#5726=LINE('',#5725,#5724);
#5727=DIRECTION('',(0.E0,9.960995293874E-1,-8.823676985384E-2));
#5728=VECTOR('',#5727,1.573375315477E0);
#5729=CARTESIAN_POINT('',(1.074667713788E2,1.291593821894E2,-1.238389211419E1));
#5730=LINE('',#5729,#5728);
#5731=DIRECTION('',(0.E0,-9.960995293874E-1,-8.823676985385E-2));
#5732=VECTOR('',#5731,1.573375315477E0);
#5733=CARTESIAN_POINT('',(1.074667713788E2,1.307266206007E2,1.252272166979E1));
#5734=LINE('',#5733,#5732);
#5735=DIRECTION('',(0.E0,0.E0,-1.E0));
#5736=VECTOR('',#5735,2.476778422838E1);
#5737=CARTESIAN_POINT('',(1.074667713788E2,1.291593821894E2,1.238389211419E1));
#5738=LINE('',#5737,#5736);
#5739=DIRECTION('',(-9.711632491443E-1,-2.374855524566E-1,2.103701228357E-2));
#5740=VECTOR('',#5739,1.871146755677E1);
#5741=CARTESIAN_POINT('',(1.074667713788E2,1.307266206007E2,-1.252272166979E1));
#5742=LINE('',#5741,#5740);
#5743=DIRECTION('',(0.E0,0.E0,-1.E0));
#5744=VECTOR('',#5743,2.504544333959E1);
#5745=CARTESIAN_POINT('',(1.074667713788E2,1.307266206007E2,1.252272166979E1));
#5746=LINE('',#5745,#5744);
#5747=DIRECTION('',(0.E0,0.E0,1.E0));
#5748=VECTOR('',#5747,2.373233928860E1);
#5749=CARTESIAN_POINT('',(8.978171878814E1,1.233148447084E2,-1.186616964430E1));
#5750=LINE('',#5749,#5748);
#5751=CARTESIAN_POINT('',(8.978171878814E1,1.233148447084E2,1.186616964430E1));
#5752=CARTESIAN_POINT('',(8.961281023655E1,1.243031233273E2,1.195371362006E1));
#5753=CARTESIAN_POINT('',(8.945053133436E1,1.252924809061E2,1.204135317253E1));
#5754=CARTESIAN_POINT('',(8.929488175011E1,1.262829173907E2,1.212908829696E1));
#5756=DIRECTION('',(0.E0,0.E0,-1.E0));
#5757=VECTOR('',#5756,2.425817659392E1);
#5758=CARTESIAN_POINT('',(8.929488175011E1,1.262829173907E2,1.212908829696E1));
#5759=LINE('',#5758,#5757);
#5760=DIRECTION('',(9.212786435267E-1,3.873862458470E-1,-3.431555784401E-2));
#5761=VECTOR('',#5760,1.832219488720E1);
#5762=CARTESIAN_POINT('',(9.058692452669E1,1.188732874682E2,-1.147272636636E1));
#5763=LINE('',#5762,#5761);
#5764=DIRECTION('',(-2.525673855125E-14,9.960995293873E-1,-8.823676985436E-2));
#5765=VECTOR('',#5764,1.687967908410E0);
#5766=CARTESIAN_POINT('',(1.074667713788E2,1.259710537612E2,-1.210146270484E1));
#5767=LINE('',#5766,#5765);
#5768=DIRECTION('',(2.525673855125E-14,-9.960995293873E-1,-8.823676985435E-2));
#5769=VECTOR('',#5768,1.687967908410E0);
#5770=CARTESIAN_POINT('',(1.074667713788E2,1.276524378004E2,1.225040354070E1));
#5771=LINE('',#5770,#5769);
#5772=DIRECTION('',(0.E0,0.E0,-1.E0));
#5773=VECTOR('',#5772,2.420292540968E1);
#5774=CARTESIAN_POINT('',(1.074667713788E2,1.259710537612E2,1.210146270484E1));
#5775=LINE('',#5774,#5773);
#5776=DIRECTION('',(-9.491266440883E-1,-3.136663697824E-1,2.778528296062E-2));
#5777=VECTOR('',#5776,1.837140409880E1);
#5778=CARTESIAN_POINT('',(1.074667713788E2,1.276524378004E2,-1.225040354070E1));
#5779=LINE('',#5778,#5777);
#5780=DIRECTION('',(0.E0,0.E0,-1.E0));
#5781=VECTOR('',#5780,2.450080708139E1);
#5782=CARTESIAN_POINT('',(1.074667713788E2,1.276524378004E2,1.225040354070E1));
#5783=LINE('',#5782,#5781);
#5784=DIRECTION('',(0.E0,0.E0,1.E0));
#5785=VECTOR('',#5784,2.294545273272E1);
#5786=CARTESIAN_POINT('',(9.058692452669E1,1.188732874682E2,-1.147272636636E1));
#5787=LINE('',#5786,#5785);
#5788=CARTESIAN_POINT('',(9.058692452668E1,1.188732874682E2,1.147272636636E1));
#5789=CARTESIAN_POINT('',(9.039439396559E1,1.198775794815E2,1.156168884514E1));
#5790=CARTESIAN_POINT('',(9.020874667411E1,1.208831324057E2,1.165076301829E1));
#5791=CARTESIAN_POINT('',(9.002998225932E1,1.218899461689E2,1.173994887942E1));
#5793=DIRECTION('',(0.E0,0.E0,-1.E0));
#5794=VECTOR('',#5793,2.347989775886E1);
#5795=CARTESIAN_POINT('',(9.002998225932E1,1.218899461689E2,1.173994887943E1));
#5796=LINE('',#5795,#5794);
#5797=DIRECTION('',(8.879530500916E-1,4.581401454216E-1,-4.058309975985E-2));
#5798=VECTOR('',#5797,1.797931694264E1);
#5799=CARTESIAN_POINT('',(9.150198206102E1,1.143524627728E2,-1.107226139633E1));
#5800=LINE('',#5799,#5798);
#5801=DIRECTION('',(0.E0,9.960995293875E-1,-8.823676985203E-2));
#5802=VECTOR('',#5801,1.841802686647E0);
#5803=CARTESIAN_POINT('',(1.074667713788E2,1.225895096515E2,-1.180191780943E1));
#5804=LINE('',#5803,#5802);
#5805=DIRECTION('',(0.E0,-9.960995293875E-1,-8.823676985203E-2));
#5806=VECTOR('',#5805,1.841802686647E0);
#5807=CARTESIAN_POINT('',(1.074667713788E2,1.244241284409E2,1.196443252920E1));
#5808=LINE('',#5807,#5806);
#5809=DIRECTION('',(0.E0,0.E0,-1.E0));
#5810=VECTOR('',#5809,2.360383561885E1);
#5811=CARTESIAN_POINT('',(1.074667713788E2,1.225895096515E2,1.180191780943E1));
#5812=LINE('',#5811,#5810);
#5813=DIRECTION('',(-9.212786435281E-1,-3.873862458437E-1,3.431555784363E-2));
#5814=VECTOR('',#5813,1.801946435807E1);
#5815=CARTESIAN_POINT('',(1.074667713788E2,1.244241284409E2,-1.196443252920E1));
#5816=LINE('',#5815,#5814);
#5817=DIRECTION('',(0.E0,0.E0,-1.E0));
#5818=VECTOR('',#5817,2.392886505840E1);
#5819=CARTESIAN_POINT('',(1.074667713788E2,1.244241284409E2,1.196443252920E1));
#5820=LINE('',#5819,#5818);
#5821=DIRECTION('',(0.E0,0.E0,1.E0));
#5822=VECTOR('',#5821,2.214452279266E1);
#5823=CARTESIAN_POINT('',(9.150198206102E1,1.143524627728E2,-1.107226139633E1));
#5824=LINE('',#5823,#5822);
#5825=CARTESIAN_POINT('',(9.150198206102E1,1.143524627728E2,1.107226139633E1));
#5826=CARTESIAN_POINT('',(9.128266003972E1,1.153813694294E2,1.116340429638E1));
#5827=CARTESIAN_POINT('',(9.107060740966E1,1.164117604676E2,1.125467868636E1));
#5828=CARTESIAN_POINT('',(9.086582369790E1,1.174436357911E2,1.134608455771E1));
#5830=DIRECTION('',(0.E0,0.E0,-1.E0));
#5831=VECTOR('',#5830,2.269216911542E1);
#5832=CARTESIAN_POINT('',(9.086582369789E1,1.174436357911E2,1.134608455771E1));
#5833=LINE('',#5832,#5831);
#5834=DIRECTION('',(8.495281053210E-1,5.254856941283E-1,-4.654872217673E-2));
#5835=VECTOR('',#5834,1.757002853812E1);
#5836=CARTESIAN_POINT('',(9.254053832437E1,1.097219763959E2,-1.066208234424E1));
#5837=LINE('',#5836,#5835);
#5838=DIRECTION('',(0.E0,9.960995293875E-1,-8.823676985244E-2));
#5839=VECTOR('',#5838,2.044442273604E0);
#5840=CARTESIAN_POINT('',(1.074667713788E2,1.189547750381E2,-1.147994472130E1));
#5841=LINE('',#5840,#5839);
#5842=DIRECTION('',(0.E0,-9.960995293875E-1,-8.823676985245E-2));
#5843=VECTOR('',#5842,2.044442273604E0);
#5844=CARTESIAN_POINT('',(1.074667713788E2,1.209912430247E2,1.166033970367E1));
#5845=LINE('',#5844,#5843);
#5846=DIRECTION('',(0.E0,0.E0,-1.E0));
#5847=VECTOR('',#5846,2.295988944260E1);
#5848=CARTESIAN_POINT('',(1.074667713788E2,1.189547750381E2,1.147994472130E1));
#5849=LINE('',#5848,#5847);
#5850=DIRECTION('',(-8.879530500921E-1,-4.581401454206E-1,4.058309975989E-2));
#5851=VECTOR('',#5850,1.762863492323E1);
#5852=CARTESIAN_POINT('',(1.074667713788E2,1.209912430247E2,-1.166033970367E1));
#5853=LINE('',#5852,#5851);
#5854=DIRECTION('',(0.E0,0.E0,-1.E0));
#5855=VECTOR('',#5854,2.332067940734E1);
#5856=CARTESIAN_POINT('',(1.074667713788E2,1.209912430247E2,1.166033970367E1));
#5857=LINE('',#5856,#5855);
#5858=DIRECTION('',(0.E0,0.E0,1.E0));
#5859=VECTOR('',#5858,2.132416468848E1);
#5860=CARTESIAN_POINT('',(9.254053832437E1,1.097219763959E2,-1.066208234424E1));
#5861=LINE('',#5860,#5859);
#5862=CARTESIAN_POINT('',(9.254053832437E1,1.097219763959E2,1.066208234424E1));
#5863=CARTESIAN_POINT('',(9.229034270403E1,1.107845060692E2,1.075620364786E1));
#5864=CARTESIAN_POINT('',(9.204795386553E1,1.118487998667E2,1.085048122163E1));
#5865=CARTESIAN_POINT('',(9.181337122976E1,1.129148576574E2,1.094491505395E1));
#5867=DIRECTION('',(0.E0,0.E0,-1.E0));
#5868=VECTOR('',#5867,2.188983010790E1);
#5869=CARTESIAN_POINT('',(9.181337122976E1,1.129148576574E2,1.094491505395E1));
#5870=LINE('',#5869,#5868);
#5871=DIRECTION('',(8.064127713375E-1,5.890465053174E-1,-5.217908390579E-2));
#5872=VECTOR('',#5871,1.704694840215E1);
#5873=CARTESIAN_POINT('',(9.371989447497E1,1.049498755512E2,-1.023935875937E1));
#5874=LINE('',#5873,#5872);
#5875=DIRECTION('',(-7.383179772724E-14,9.960995293874E-1,-8.823676985347E-2));
#5876=VECTOR('',#5875,2.309712912754E0);
#5877=CARTESIAN_POINT('',(1.074667713788E2,1.149913209338E2,-1.112885291038E1));
#5878=LINE('',#5877,#5876);
#5879=DIRECTION('',(7.383179772724E-14,-9.960995293874E-1,-8.823676985347E-2));
#5880=VECTOR('',#5879,2.309712912754E0);
#5881=CARTESIAN_POINT('',(1.074667713788E2,1.172920248792E2,1.133265451709E1));
#5882=LINE('',#5881,#5880);
#5883=DIRECTION('',(0.E0,0.E0,-1.E0));
#5884=VECTOR('',#5883,2.225770582076E1);
#5885=CARTESIAN_POINT('',(1.074667713788E2,1.149913209338E2,1.112885291038E1));
#5886=LINE('',#5885,#5884);
#5887=DIRECTION('',(-8.495281053199E-1,-5.254856941300E-1,4.654872217697E-2));
#5888=VECTOR('',#5887,1.716249403203E1);
#5889=CARTESIAN_POINT('',(1.074667713788E2,1.172920248792E2,-1.133265451709E1));
#5890=LINE('',#5889,#5888);
#5891=DIRECTION('',(0.E0,0.E0,-1.E0));
#5892=VECTOR('',#5891,2.266530903418E1);
#5893=CARTESIAN_POINT('',(1.074667713788E2,1.172920248792E2,1.133265451709E1));
#5894=LINE('',#5893,#5892);
#5895=DIRECTION('',(0.E0,0.E0,1.E0));
#5896=VECTOR('',#5895,2.047871751874E1);
#5897=CARTESIAN_POINT('',(9.371989447497E1,1.049498755512E2,-1.023935875937E1));
#5898=LINE('',#5897,#5896);
#5899=CARTESIAN_POINT('',(9.371989447497E1,1.049498755512E2,1.023935875937E1));
#5900=CARTESIAN_POINT('',(9.343365785916E1,1.060555906372E2,1.033730552542E1));
#5901=CARTESIAN_POINT('',(9.315594338864E1,1.071634254433E2,1.043544006111E1));
#5902=CARTESIAN_POINT('',(9.288675034119E1,1.082733797898E2,1.053376235053E1));
#5904=DIRECTION('',(0.E0,0.E0,-1.E0));
#5905=VECTOR('',#5904,2.106752470106E1);
#5906=CARTESIAN_POINT('',(9.288675034120E1,1.082733797898E2,1.053376235053E1));
#5907=LINE('',#5906,#5905);
#5908=DIRECTION('',(7.590334789768E-1,6.485121861934E-1,-5.744668964481E-2));
#5909=VECTOR('',#5908,1.634326280483E1);
#5910=CARTESIAN_POINT('',(9.506168775422E1,1.000022831644E2,-9.801089733154E0));
#5911=LINE('',#5910,#5909);
#5912=DIRECTION('',(2.673436426043E-14,9.960995293875E-1,-8.823676985245E-2));
#5913=VECTOR('',#5912,2.657788039538E0);
#5914=CARTESIAN_POINT('',(1.074667713788E2,1.106010882555E2,-1.073995607929E1));
#5915=LINE('',#5914,#5913);
#5916=DIRECTION('',(-2.673436426043E-14,-9.960995293875E-1,-8.823676985245E-2));
#5917=VECTOR('',#5916,2.657788039538E0);
#5918=CARTESIAN_POINT('',(1.074667713788E2,1.132485096709E2,1.097447071085E1));
#5919=LINE('',#5918,#5917);
#5920=DIRECTION('',(0.E0,0.E0,-1.E0));
#5921=VECTOR('',#5920,2.147991215857E1);
#5922=CARTESIAN_POINT('',(1.074667713788E2,1.106010882555E2,1.073995607929E1));
#5923=LINE('',#5922,#5921);
#5924=DIRECTION('',(-8.064127713362E-1,-5.890465053191E-1,5.217908390598E-2));
#5925=VECTOR('',#5924,1.657091566396E1);
#5926=CARTESIAN_POINT('',(1.074667713788E2,1.132485096709E2,-1.097447071085E1));
#5927=LINE('',#5926,#5925);
#5928=DIRECTION('',(0.E0,0.E0,-1.E0));
#5929=VECTOR('',#5928,2.194894142170E1);
#5930=CARTESIAN_POINT('',(1.074667713788E2,1.132485096709E2,1.097447071085E1));
#5931=LINE('',#5930,#5929);
#5932=DIRECTION('',(0.E0,0.E0,1.E0));
#5933=VECTOR('',#5932,1.960217946631E1);
#5934=CARTESIAN_POINT('',(9.506168775422E1,1.000022831644E2,-9.801089733154E0));
#5935=LINE('',#5934,#5933);
#5936=CARTESIAN_POINT('',(9.506168775422E1,1.000022831644E2,9.801089733153E0));
#5937=CARTESIAN_POINT('',(9.473293145101E1,1.011614344617E2,9.903770000762E0));
#5938=CARTESIAN_POINT('',(9.441362695710E1,1.023231633934E2,1.000667860111E1));
#5939=CARTESIAN_POINT('',(9.410377335465E1,1.034874697091E2,1.010981551202E1));
#5941=DIRECTION('',(0.E0,0.E0,-1.E0));
#5942=VECTOR('',#5941,2.021963102404E1);
#5943=CARTESIAN_POINT('',(9.410377335465E1,1.034874697091E2,1.010981551202E1));
#5944=LINE('',#5943,#5942);
#5945=DIRECTION('',(7.078166102516E-1,7.036409610728E-1,-6.233012235179E-2));
#5946=VECTOR('',#5945,1.536251319391E1);
#5947=CARTESIAN_POINT('',(9.659292936494E1,9.484257216604E1,-9.344030756172E0));
#5948=LINE('',#5947,#5946);
#5949=DIRECTION('',(3.644747698558E-14,9.960995293874E-1,-8.823676985328E-2));
#5950=VECTOR('',#5949,3.119196364856E0);
#5951=CARTESIAN_POINT('',(1.074667713788E2,1.056522657143E2,-1.030157808318E1));
#5952=LINE('',#5951,#5950);
#5953=DIRECTION('',(-3.644747698558E-14,-9.960995293874E-1,-8.823676985328E-2));
#5954=VECTOR('',#5953,3.119196364856E0);
#5955=CARTESIAN_POINT('',(1.074667713788E2,1.087592957454E2,1.057680589495E1));
#5956=LINE('',#5955,#5954);
#5957=DIRECTION('',(0.E0,0.E0,-1.E0));
#5958=VECTOR('',#5957,2.060315616636E1);
#5959=CARTESIAN_POINT('',(1.074667713788E2,1.056522657143E2,1.030157808318E1));
#5960=LINE('',#5959,#5958);
#5961=DIRECTION('',(-7.590334789761E-1,-6.485121861941E-1,5.744668964478E-2));
#5962=VECTOR('',#5961,1.578342220345E1);
#5963=CARTESIAN_POINT('',(1.074667713788E2,1.087592957454E2,-1.057680589495E1));
#5964=LINE('',#5963,#5962);
#5965=DIRECTION('',(0.E0,0.E0,-1.E0));
#5966=VECTOR('',#5965,2.115361178991E1);
#5967=CARTESIAN_POINT('',(1.074667713788E2,1.087592957454E2,1.057680589495E1));
#5968=LINE('',#5967,#5966);
#5969=DIRECTION('',(0.E0,0.E0,1.E0));
#5970=VECTOR('',#5969,1.868806151235E1);
#5971=CARTESIAN_POINT('',(9.659292936494E1,9.484257216604E1,-9.344030756172E0));
#5972=LINE('',#5971,#5970);
#5973=CARTESIAN_POINT('',(9.659292936494E1,9.484257216604E1,9.344030756174E0));
#5974=CARTESIAN_POINT('',(9.621351472588E1,9.606639123920E1,9.452439442971E0));
#5975=CARTESIAN_POINT('',(9.584474717191E1,9.729338533762E1,9.561129380753E0));
#5976=CARTESIAN_POINT('',(9.548662551357E1,9.852355410662E1,9.670100538100E0));
#5978=DIRECTION('',(0.E0,0.E0,-1.E0));
#5979=VECTOR('',#5978,1.934020107620E1);
#5980=CARTESIAN_POINT('',(9.548662551357E1,9.852355410662E1,9.670100538099E0));
#5981=LINE('',#5980,#5979);
#5982=DIRECTION('',(6.597086589445E-1,7.485901596897E-1,-6.631182495925E-2));
#5983=VECTOR('',#5982,1.400610583241E1);
#5984=CARTESIAN_POINT('',(9.822682208307E1,8.978778524509E1,-8.896266193455E0));
#5985=LINE('',#5984,#5983);
#5986=DIRECTION('',(-2.695607228617E-14,9.960995293874E-1,-8.823676985308E-2));
#5987=VECTOR('',#5986,4.217485266944E0);
#5988=CARTESIAN_POINT('',(1.074667713788E2,1.002726182468E2,-9.825036631774E0));
#5989=LINE('',#5988,#5987);
#5990=DIRECTION('',(2.695607228617E-14,-9.960995293874E-1,-8.823676985307E-2));
#5991=VECTOR('',#5990,4.217485266944E0);
#5992=CARTESIAN_POINT('',(1.074667713788E2,1.044736533364E2,1.019717390863E1));
#5993=LINE('',#5992,#5991);
#5994=DIRECTION('',(0.E0,0.E0,-1.E0));
#5995=VECTOR('',#5994,1.965007326355E1);
#5996=CARTESIAN_POINT('',(1.074667713788E2,1.002726182468E2,9.825036631774E0));
#5997=LINE('',#5996,#5995);
#5998=DIRECTION('',(-7.078166102554E-1,-7.036409610690E-1,6.233012235149E-2));
#5999=VECTOR('',#5998,1.496562782174E1);
#6000=CARTESIAN_POINT('',(1.074667713788E2,1.044736533364E2,-1.019717390863E1));
#6001=LINE('',#6000,#5999);
#6002=DIRECTION('',(0.E0,0.E0,-1.E0));
#6003=VECTOR('',#6002,2.039434781726E1);
#6004=CARTESIAN_POINT('',(1.074667713788E2,1.044736533364E2,1.019717390863E1));
#6005=LINE('',#6004,#6003);
#6006=DIRECTION('',(0.E0,0.E0,1.E0));
#6007=VECTOR('',#6006,1.779253238691E1);
#6008=CARTESIAN_POINT('',(9.822682208307E1,8.978778524509E1,-8.896266193455E0));
#6009=LINE('',#6008,#6007);
#6010=CARTESIAN_POINT('',(9.822682208307E1,8.978778524509E1,8.896266193455E0));
#6011=CARTESIAN_POINT('',(9.776212506449E1,9.116850363669E1,9.018573379994E0));
#6012=CARTESIAN_POINT('',(9.731113546636E1,9.255365028680E1,9.141272831778E0));
#6013=CARTESIAN_POINT('',(9.687385142367E1,9.394322459291E1,9.264364495437E0));
#6015=DIRECTION('',(0.E0,0.E0,-1.E0));
#6016=VECTOR('',#6015,1.852872899087E1);
#6017=CARTESIAN_POINT('',(9.687385142367E1,9.394322459291E1,9.264364495436E0));
#6018=LINE('',#6017,#6016);
#6019=DIRECTION('',(6.092279883904E-1,7.899020644681E-1,-6.997132777666E-2));
#6020=VECTOR('',#6019,1.212476251611E1);
#6021=CARTESIAN_POINT('',(1.000800267014E2,8.450436380394E1,-8.428248663092E0));
#6022=LINE('',#6021,#6020);
#6023=DIRECTION('',(2.295914842712E-14,9.960995293875E-1,-8.823676985303E-2));
#6024=VECTOR('',#6023,4.951700978044E0);
#6025=CARTESIAN_POINT('',(1.074667713788E2,9.408173874660E1,-9.276634395321E0));
#6026=LINE('',#6025,#6024);
#6027=DIRECTION('',(-2.295914842712E-14,-9.960995293875E-1,-8.823676985303E-2));
#6028=VECTOR('',#6027,4.951700978044E0);
#6029=CARTESIAN_POINT('',(1.074667713788E2,9.901412576050E1,9.713556494902E0));
#6030=LINE('',#6029,#6028);
#6031=DIRECTION('',(0.E0,0.E0,-1.E0));
#6032=VECTOR('',#6031,1.855326879064E1);
#6033=CARTESIAN_POINT('',(1.074667713788E2,9.408173874660E1,9.276634395321E0));
#6034=LINE('',#6033,#6032);
#6035=DIRECTION('',(-6.597086589483E-1,-7.485901596863E-1,6.631182495904E-2));
#6036=VECTOR('',#6035,1.353908121793E1);
#6037=CARTESIAN_POINT('',(1.074667713788E2,9.901412576050E1,-9.713556494902E0));
#6038=LINE('',#6037,#6036);
#6039=DIRECTION('',(0.E0,0.E0,-1.E0));
#6040=VECTOR('',#6039,1.942711298980E1);
#6041=CARTESIAN_POINT('',(1.074667713788E2,9.901412576050E1,9.713556494902E0));
#6042=LINE('',#6041,#6040);
#6043=DIRECTION('',(0.E0,0.E0,1.E0));
#6044=VECTOR('',#6043,1.685649732618E1);
#6045=CARTESIAN_POINT('',(1.000800267014E2,8.450436380394E1,-8.428248663092E0));
#6046=LINE('',#6045,#6044);
#6047=CARTESIAN_POINT('',(1.000800267014E2,8.450436380394E1,8.428248663093E0));
#6048=CARTESIAN_POINT('',(9.954961987385E1,8.595715627689E1,8.556940336262E0));
#6049=CARTESIAN_POINT('',(9.903458585403E1,8.741533621642E1,8.686109243517E0));
#6050=CARTESIAN_POINT('',(9.853492226513E1,8.887890278956E1,8.815755311072E0));
#6052=DIRECTION('',(0.E0,0.E0,-1.E0));
#6053=VECTOR('',#6052,1.763151062214E1);
#6054=CARTESIAN_POINT('',(9.853492226513E1,8.887890278956E1,8.815755311072E0));
#6055=LINE('',#6054,#6053);
#6056=DIRECTION('',(5.566499649832E-1,8.275068387107E-1,-7.330244450984E-2));
#6057=VECTOR('',#6056,9.483743388427E0);
#6058=CARTESIAN_POINT('',(1.021876459537E2,7.896469462280E1,-7.937532123050E0));
#6059=LINE('',#6058,#6057);
#6060=DIRECTION('',(1.197007615999E-14,9.960995293875E-1,-8.823676985299E-2));
#6061=VECTOR('',#6060,5.935991770338E0);
#6062=CARTESIAN_POINT('',(1.074667713788E2,8.681255713330E1,-8.632713696525E0));
#6063=LINE('',#6062,#6061);
#6064=DIRECTION('',(-1.197007615999E-14,-9.960995293875E-1,-8.823676985299E-2));
#6065=VECTOR('',#6064,5.935991770338E0);
#6066=CARTESIAN_POINT('',(1.074667713788E2,9.272539574218E1,9.156486436214E0));
#6067=LINE('',#6066,#6065);
#6068=DIRECTION('',(0.E0,0.E0,-1.E0));
#6069=VECTOR('',#6068,1.726542739305E1);
#6070=CARTESIAN_POINT('',(1.074667713788E2,8.681255713330E1,8.632713696525E0));
#6071=LINE('',#6070,#6069);
#6072=DIRECTION('',(-6.092279883900E-1,-7.899020644684E-1,6.997132777665E-2));
#6073=VECTOR('',#6072,1.157049912324E1);
#6074=CARTESIAN_POINT('',(1.074667713788E2,9.272539574218E1,-9.156486436214E0));
#6075=LINE('',#6074,#6073);
#6076=DIRECTION('',(0.E0,0.E0,-1.E0));
#6077=VECTOR('',#6076,1.831297287243E1);
#6078=CARTESIAN_POINT('',(1.074667713788E2,9.272539574218E1,9.156486436214E0));
#6079=LINE('',#6078,#6077);
#6080=DIRECTION('',(0.E0,0.E0,1.E0));
#6081=VECTOR('',#6080,1.587506424610E1);
#6082=CARTESIAN_POINT('',(1.021876459537E2,7.896469462280E1,-7.937532123050E0));
#6083=LINE('',#6082,#6081);
#6084=CARTESIAN_POINT('',(1.021876459537E2,7.896469462279E1,7.937532123050E0));
#6085=CARTESIAN_POINT('',(1.015802751311E2,8.049846641582E1,8.073397129222E0));
#6086=CARTESIAN_POINT('',(1.009902939917E2,8.203884679539E1,8.209847539075E0));
#6087=CARTESIAN_POINT('',(1.004176994733E2,8.358583459779E1,8.346883249521E0));
#6089=DIRECTION('',(0.E0,0.E0,-1.E0));
#6090=VECTOR('',#6089,1.669376649904E1);
#6091=CARTESIAN_POINT('',(1.004176994733E2,8.358583459780E1,8.346883249522E0));
#6092=LINE('',#6091,#6090);
#6093=DIRECTION('',(5.022364454744E-1,8.613574800677E-1,-7.630101158326E-2));
#6094=VECTOR('',#6093,5.725422077255E0);
#6095=CARTESIAN_POINT('',(1.045912557459E2,7.314129670971E1,-7.421682244338E0));
#6096=LINE('',#6095,#6094);
#6097=DIRECTION('',(-1.559411169097E-14,9.960995293874E-1,-8.823676985316E-2));
#6098=VECTOR('',#6097,7.290369594278E0);
#6099=CARTESIAN_POINT('',(1.074667713788E2,7.807293184250E1,-7.858537740574E0));
#6100=LINE('',#6099,#6098);
#6101=DIRECTION('',(1.559411169097E-14,-9.960995293874E-1,-8.823676985316E-2));
#6102=VECTOR('',#6101,7.290369594278E0);
#6103=CARTESIAN_POINT('',(1.074667713788E2,8.533486556442E1,8.501816404609E0));
#6104=LINE('',#6103,#6102);
#6105=DIRECTION('',(0.E0,0.E0,-1.E0));
#6106=VECTOR('',#6105,1.571707548115E1);
#6107=CARTESIAN_POINT('',(1.074667713788E2,7.807293184250E1,7.858537740574E0));
#6108=LINE('',#6107,#6106);
#6109=DIRECTION('',(-5.566499649809E-1,-8.275068387123E-1,7.330244450997E-2));
#6110=VECTOR('',#6109,8.819272865392E0);
#6111=CARTESIAN_POINT('',(1.074667713788E2,8.533486556442E1,-8.501816404609E0));
#6112=LINE('',#6111,#6110);
#6113=DIRECTION('',(0.E0,0.E0,-1.E0));
#6114=VECTOR('',#6113,1.700363280922E1);
#6115=CARTESIAN_POINT('',(1.074667713788E2,8.533486556442E1,8.501816404609E0));
#6116=LINE('',#6115,#6114);
#6117=DIRECTION('',(0.E0,0.E0,1.E0));
#6118=VECTOR('',#6117,1.484336448868E1);
#6119=CARTESIAN_POINT('',(1.045912557459E2,7.314129670971E1,-7.421682244338E0));
#6120=LINE('',#6119,#6118);
#6121=CARTESIAN_POINT('',(1.045912557459E2,7.314129670972E1,7.421682244339E0));
#6122=CARTESIAN_POINT('',(1.038935231950E2,7.476497978552E1,7.565511797156E0));
#6123=CARTESIAN_POINT('',(1.032156137567E2,7.639683374828E1,7.710065145790E0));
#6124=CARTESIAN_POINT('',(1.025575234471E2,7.803685695586E1,7.855342144776E0));
#6126=DIRECTION('',(0.E0,0.E0,-1.E0));
#6127=VECTOR('',#6126,1.571068428955E1);
#6128=CARTESIAN_POINT('',(1.025575234471E2,7.803685695584E1,7.855342144775E0));
#6129=LINE('',#6128,#6127);
#6130=DIRECTION('',(0.E0,0.E0,1.E0));
#6131=VECTOR('',#6130,1.370864473473E1);
#6132=CARTESIAN_POINT('',(1.074667713788E2,6.673640555847E1,-6.854322367365E0));
#6133=LINE('',#6132,#6131);
#6134=CARTESIAN_POINT('',(1.074667713788E2,6.673640555847E1,6.854322367365E0));
#6135=CARTESIAN_POINT('',(1.066180378549E2,6.854799214200E1,7.014796841776E0));
#6136=CARTESIAN_POINT('',(1.057945116259E2,7.037087802717E1,7.176272234117E0));
#6137=CARTESIAN_POINT('',(1.049961865850E2,7.220506047657E1,7.338748301901E0));
#6139=DIRECTION('',(0.E0,0.E0,-1.E0));
#6140=VECTOR('',#6139,1.467749660380E1);
#6141=CARTESIAN_POINT('',(1.049961865850E2,7.220506047655E1,7.338748301898E0));
#6142=LINE('',#6141,#6140);
#6143=DIRECTION('',(-5.687946333232E-14,9.960995293874E-1,-8.823676985311E-2));
#6144=VECTOR('',#6143,9.743821432611E0);
#6145=CARTESIAN_POINT('',(1.074667713788E2,6.673640555847E1,-6.854322367365E0));
#6146=LINE('',#6145,#6144);
#6147=DIRECTION('',(5.542101555457E-14,-9.960995293874E-1,-8.823676985311E-2));
#6148=VECTOR('',#6147,9.743821432611E0);
#6149=CARTESIAN_POINT('',(1.074667713788E2,7.644222150193E1,7.714085696604E0));
#6150=LINE('',#6149,#6148);
#6151=DIRECTION('',(-5.022364454688E-1,-8.613574800709E-1,7.630101158380E-2));
#6152=VECTOR('',#6151,4.919166691433E0);
#6153=CARTESIAN_POINT('',(1.074667713788E2,7.644222150193E1,-7.714085696604E0));
#6154=LINE('',#6153,#6152);
#6155=DIRECTION('',(0.E0,0.E0,-1.E0));
#6156=VECTOR('',#6155,1.542817139321E1);
#6157=CARTESIAN_POINT('',(1.074667713788E2,7.644222150193E1,7.714085696604E0));
#6158=LINE('',#6157,#6156);
#6159=DIRECTION('',(0.E0,0.E0,1.E0));
#6160=VECTOR('',#6159,2.684173967268E1);
#6161=CARTESIAN_POINT('',(8.748908393649E1,1.408657606384E2,-1.342086983634E1));
#6162=LINE('',#6161,#6160);
#6163=CARTESIAN_POINT('',(8.748908393649E1,1.408657606384E2,1.342086983634E1));
#6164=CARTESIAN_POINT('',(8.742371921841E1,1.415854650322E2,1.348462289423E1));
#6165=CARTESIAN_POINT('',(8.736181993248E1,1.423054650341E2,1.354840213776E1));
#6166=CARTESIAN_POINT('',(8.730338601220E1,1.430257606384E2,1.361220756641E1));
#6168=DIRECTION('',(0.E0,0.E0,-1.E0));
#6169=VECTOR('',#6168,2.722441513282E1);
#6170=CARTESIAN_POINT('',(8.730338601220E1,1.430257606384E2,1.361220756641E1));
#6171=LINE('',#6170,#6169);
#6172=DIRECTION('',(1.E0,0.E0,9.798657841013E-14));
#6173=VECTOR('',#6172,1.997768744231E1);
#6174=CARTESIAN_POINT('',(8.748908393649E1,1.408657606384E2,-1.342086983634E1));
#6175=LINE('',#6174,#6173);
#6176=DIRECTION('',(0.E0,9.960995293875E-1,-8.823676985218E-2));
#6177=VECTOR('',#6176,2.168458006729E0);
#6178=CARTESIAN_POINT('',(1.074667713788E2,1.408657606384E2,-1.342086983634E1));
#6179=LINE('',#6178,#6177);
#6180=DIRECTION('',(0.E0,-9.960995293875E-1,-8.823676985218E-2));
#6181=VECTOR('',#6180,2.168458006729E0);
#6182=CARTESIAN_POINT('',(1.074667713788E2,1.430257606384E2,1.361220756641E1));
#6183=LINE('',#6182,#6181);
#6184=DIRECTION('',(0.E0,0.E0,-1.E0));
#6185=VECTOR('',#6184,2.684173967267E1);
#6186=CARTESIAN_POINT('',(1.074667713788E2,1.408657606384E2,1.342086983634E1));
#6187=LINE('',#6186,#6185);
#6188=DIRECTION('',(-1.E0,0.E0,0.E0));
#6189=VECTOR('',#6188,2.016338536660E1);
#6190=CARTESIAN_POINT('',(1.074667713788E2,1.430257606384E2,-1.361220756641E1));
#6191=LINE('',#6190,#6189);
#6192=DIRECTION('',(0.E0,0.E0,-1.E0));
#6193=VECTOR('',#6192,2.722441513282E1);
#6194=CARTESIAN_POINT('',(1.074667713788E2,1.430257606384E2,1.361220756641E1));
#6195=LINE('',#6194,#6193);
#6196=DIRECTION('',(9.967672511374E-1,8.002993078987E-2,-7.089233933126E-3));
#6197=VECTOR('',#6196,1.959651476285E1);
#6198=CARTESIAN_POINT('',(8.793360722676E1,1.364534014719E2,-1.303001299041E1));
#6199=LINE('',#6198,#6197);
#6200=DIRECTION('',(0.E0,9.960995293874E-1,-8.823676985307E-2));
#6201=VECTOR('',#6200,1.409549352125E0);
#6202=CARTESIAN_POINT('',(1.074667713788E2,1.380217091921E2,-1.316893726784E1));
#6203=LINE('',#6202,#6201);
#6204=DIRECTION('',(0.E0,-9.960995293874E-1,-8.823676985308E-2));
#6205=VECTOR('',#6204,1.409549352125E0);
#6206=CARTESIAN_POINT('',(1.074667713788E2,1.394257606384E2,1.329331134962E1));
#6207=LINE('',#6206,#6205);
#6208=DIRECTION('',(0.E0,0.E0,-1.E0));
#6209=VECTOR('',#6208,2.633787453568E1);
#6210=CARTESIAN_POINT('',(1.074667713788E2,1.380217091921E2,1.316893726784E1));
#6211=LINE('',#6210,#6209);
#6212=DIRECTION('',(-1.E0,0.E0,0.E0));
#6213=VECTOR('',#6212,1.984225876057E1);
#6214=CARTESIAN_POINT('',(1.074667713788E2,1.394257606384E2,-1.329331134962E1));
#6215=LINE('',#6214,#6213);
#6216=DIRECTION('',(0.E0,0.E0,-1.E0));
#6217=VECTOR('',#6216,2.658662269924E1);
#6218=CARTESIAN_POINT('',(1.074667713788E2,1.394257606384E2,1.329331134962E1));
#6219=LINE('',#6218,#6217);
#6220=DIRECTION('',(0.E0,0.E0,1.E0));
#6221=VECTOR('',#6220,2.606002598082E1);
#6222=CARTESIAN_POINT('',(8.793360722676E1,1.364534014719E2,-1.303001299041E1));
#6223=LINE('',#6222,#6221);
#6224=CARTESIAN_POINT('',(8.793360722676E1,1.364534014719E2,1.303001299041E1));
#6225=CARTESIAN_POINT('',(8.782400311909E1,1.374435097024E2,1.311771903734E1));
#6226=CARTESIAN_POINT('',(8.772097165275E1,1.384342960985E2,1.320548515771E1));
#6227=CARTESIAN_POINT('',(8.762451261823E1,1.394257606384E2,1.329331134962E1));
#6229=DIRECTION('',(0.E0,0.E0,-1.E0));
#6230=VECTOR('',#6229,2.658662269924E1);
#6231=CARTESIAN_POINT('',(8.762451261823E1,1.394257606384E2,1.329331134962E1));
#6232=LINE('',#6231,#6230);
#6233=DIRECTION('',(9.871123431963E-1,1.594046281788E-1,-1.412042579593E-2));
#6234=VECTOR('',#6233,1.925333471464E1);
#6235=CARTESIAN_POINT('',(8.846156703429E1,1.320764649773E2,-1.264229396562E1));
#6236=LINE('',#6235,#6234);
#6237=DIRECTION('',(0.E0,9.960995293874E-1,-8.823676985411E-2));
#6238=VECTOR('',#6237,1.437743908459E0);
#6239=CARTESIAN_POINT('',(1.074667713788E2,1.351455356387E2,-1.291415924978E1));
#6240=LINE('',#6239,#6238);
#6241=DIRECTION('',(0.E0,-9.960995293874E-1,-8.823676985412E-2));
#6242=VECTOR('',#6241,1.437743908459E0);
#6243=CARTESIAN_POINT('',(1.074667713788E2,1.365776716693E2,1.304102112814E1));
#6244=LINE('',#6243,#6242);
#6245=DIRECTION('',(0.E0,0.E0,-1.E0));
#6246=VECTOR('',#6245,2.582831849956E1);
#6247=CARTESIAN_POINT('',(1.074667713788E2,1.351455356387E2,1.291415924978E1));
#6248=LINE('',#6247,#6246);
#6249=DIRECTION('',(-9.967672511373E-1,-8.002993079096E-2,7.089233933105E-3));
#6250=VECTOR('',#6249,1.943294617051E1);
#6251=CARTESIAN_POINT('',(1.074667713788E2,1.365776716693E2,-1.304102112814E1));
#6252=LINE('',#6251,#6250);
#6253=DIRECTION('',(0.E0,0.E0,-1.E0));
#6254=VECTOR('',#6253,2.608204225628E1);
#6255=CARTESIAN_POINT('',(1.074667713788E2,1.365776716693E2,1.304102112814E1));
#6256=LINE('',#6255,#6254);
#6257=DIRECTION('',(0.E0,0.E0,1.E0));
#6258=VECTOR('',#6257,2.528458793124E1);
#6259=CARTESIAN_POINT('',(8.846156703429E1,1.320764649773E2,-1.264229396562E1));
#6260=LINE('',#6259,#6258);
#6261=CARTESIAN_POINT('',(8.846156703429E1,1.320764649773E2,1.264229396562E1));
#6262=CARTESIAN_POINT('',(8.833344945219E1,1.330576652967E2,1.272921092944E1));
#6263=CARTESIAN_POINT('',(8.821180953623E1,1.340396617583E2,1.281619841736E1));
#6264=CARTESIAN_POINT('',(8.809664704292E1,1.350224543322E2,1.290325642672E1));
#6266=DIRECTION('',(0.E0,0.E0,-1.E0));
#6267=VECTOR('',#6266,2.580651285346E1);
#6268=CARTESIAN_POINT('',(8.809664704292E1,1.350224543322E2,1.290325642673E1));
#6269=LINE('',#6268,#6267);
#6270=CARTESIAN_POINT('',(1.064263713788E2,1.466257606384E2,-1.393110378321E1));
#6271=CARTESIAN_POINT('',(1.064263713788E2,1.467848596642E2,-1.394519713804E1));
#6272=CARTESIAN_POINT('',(1.063684453173E2,1.471285642076E2,-1.397564327099E1));
#6273=CARTESIAN_POINT('',(1.060603978327E2,1.476088667550E2,-1.401818956690E1));
#6274=CARTESIAN_POINT('',(1.055757565522E2,1.479180975304E2,-1.404558193479E1));
#6275=CARTESIAN_POINT('',(1.050763713788E2,1.480045921924E2,-1.405324382936E1));
#6276=CARTESIAN_POINT('',(1.045769862054E2,1.479180975304E2,-1.404558193478E1));
#6277=CARTESIAN_POINT('',(1.040923449249E2,1.476088667550E2,-1.401818956690E1));
#6278=CARTESIAN_POINT('',(1.037842974403E2,1.471285642076E2,-1.397564327099E1));
#6279=CARTESIAN_POINT('',(1.037263713788E2,1.467848596642E2,-1.394519713804E1));
#6280=CARTESIAN_POINT('',(1.037263713788E2,1.466257606384E2,-1.393110378321E1));
#6282=DIRECTION('',(0.E0,0.E0,-1.E0));
#6283=VECTOR('',#6282,2.786220756642E1);
#6284=CARTESIAN_POINT('',(1.064263713788E2,1.466257606384E2,1.393110378321E1));
#6285=LINE('',#6284,#6283);
#6286=CARTESIAN_POINT('',(1.037263713788E2,1.466257606384E2,-1.393110378321E1));
#6287=CARTESIAN_POINT('',(1.037263713788E2,1.464666616126E2,-1.391701042837E1));
#6288=CARTESIAN_POINT('',(1.037842974403E2,1.461229570692E2,-1.388656429543E1));
#6289=CARTESIAN_POINT('',(1.040923449249E2,1.456426545218E2,-1.384401799952E1));
#6290=CARTESIAN_POINT('',(1.045769862054E2,1.453334237464E2,-1.381662563163E1));
#6291=CARTESIAN_POINT('',(1.050763713788E2,1.452469290844E2,-1.380896373705E1));
#6292=CARTESIAN_POINT('',(1.055757565522E2,1.453334237464E2,-1.381662563163E1));
#6293=CARTESIAN_POINT('',(1.060603978327E2,1.456426545218E2,-1.384401799951E1));
#6294=CARTESIAN_POINT('',(1.063684453173E2,1.461229570692E2,-1.388656429543E1));
#6295=CARTESIAN_POINT('',(1.064263713788E2,1.464666616126E2,-1.391701042837E1));
#6296=CARTESIAN_POINT('',(1.064263713788E2,1.466257606384E2,-1.393110378321E1));
#6298=DIRECTION('',(0.E0,0.E0,-1.E0));
#6299=VECTOR('',#6298,2.786220756642E1);
#6300=CARTESIAN_POINT('',(1.037263713788E2,1.466257606384E2,1.393110378321E1));
#6301=LINE('',#6300,#6299);
#6302=CARTESIAN_POINT('',(8.642637137880E1,1.466257606384E2,-1.393110378321E1));
#6303=CARTESIAN_POINT('',(8.642637137880E1,1.467848596642E2,-1.394519713804E1));
#6304=CARTESIAN_POINT('',(8.636844531728E1,1.471285642076E2,-1.397564327099E1));
#6305=CARTESIAN_POINT('',(8.606039783274E1,1.476088667550E2,-1.401818956690E1));
#6306=CARTESIAN_POINT('',(8.557575655218E1,1.479180975304E2,-1.404558193479E1));
#6307=CARTESIAN_POINT('',(8.507637137880E1,1.480045921924E2,-1.405324382936E1));
#6308=CARTESIAN_POINT('',(8.457698620542E1,1.479180975304E2,-1.404558193478E1));
#6309=CARTESIAN_POINT('',(8.409234492486E1,1.476088667550E2,-1.401818956690E1));
#6310=CARTESIAN_POINT('',(8.378429744032E1,1.471285642076E2,-1.397564327099E1));
#6311=CARTESIAN_POINT('',(8.372637137880E1,1.467848596642E2,-1.394519713804E1));
#6312=CARTESIAN_POINT('',(8.372637137880E1,1.466257606384E2,-1.393110378321E1));
#6314=DIRECTION('',(0.E0,0.E0,-1.E0));
#6315=VECTOR('',#6314,2.786220756642E1);
#6316=CARTESIAN_POINT('',(8.642637137880E1,1.466257606384E2,1.393110378321E1));
#6317=LINE('',#6316,#6315);
#6318=CARTESIAN_POINT('',(8.372637137880E1,1.466257606384E2,-1.393110378321E1));
#6319=CARTESIAN_POINT('',(8.372637137880E1,1.464666616126E2,-1.391701042837E1));
#6320=CARTESIAN_POINT('',(8.378429744032E1,1.461229570692E2,-1.388656429543E1));
#6321=CARTESIAN_POINT('',(8.409234492486E1,1.456426545218E2,-1.384401799952E1));
#6322=CARTESIAN_POINT('',(8.457698620542E1,1.453334237464E2,-1.381662563163E1));
#6323=CARTESIAN_POINT('',(8.507637137880E1,1.452469290844E2,-1.380896373705E1));
#6324=CARTESIAN_POINT('',(8.557575655218E1,1.453334237464E2,-1.381662563163E1));
#6325=CARTESIAN_POINT('',(8.606039783274E1,1.456426545218E2,-1.384401799951E1));
#6326=CARTESIAN_POINT('',(8.636844531728E1,1.461229570692E2,-1.388656429543E1));
#6327=CARTESIAN_POINT('',(8.642637137880E1,1.464666616126E2,-1.391701042837E1));
#6328=CARTESIAN_POINT('',(8.642637137880E1,1.466257606384E2,-1.393110378321E1));
#6330=DIRECTION('',(0.E0,0.E0,-1.E0));
#6331=VECTOR('',#6330,2.786220756642E1);
#6332=CARTESIAN_POINT('',(8.372637137880E1,1.466257606384E2,1.393110378321E1));
#6333=LINE('',#6332,#6331);
#6334=CARTESIAN_POINT('',(8.642637137880E1,1.326257606384E2,-1.269095182901E1));
#6335=CARTESIAN_POINT('',(8.642637137880E1,1.327848596642E2,-1.270504518385E1));
#6336=CARTESIAN_POINT('',(8.636844531728E1,1.331285642076E2,-1.273549131679E1));
#6337=CARTESIAN_POINT('',(8.606039783274E1,1.336088667550E2,-1.277803761270E1));
#6338=CARTESIAN_POINT('',(8.557575655218E1,1.339180975304E2,-1.280542998059E1));
#6339=CARTESIAN_POINT('',(8.507637137880E1,1.340045921924E2,-1.281309187517E1));
#6340=CARTESIAN_POINT('',(8.457698620542E1,1.339180975304E2,-1.280542998059E1));
#6341=CARTESIAN_POINT('',(8.409234492486E1,1.336088667550E2,-1.277803761270E1));
#6342=CARTESIAN_POINT('',(8.378429744032E1,1.331285642076E2,-1.273549131679E1));
#6343=CARTESIAN_POINT('',(8.372637137880E1,1.327848596642E2,-1.270504518385E1));
#6344=CARTESIAN_POINT('',(8.372637137880E1,1.326257606384E2,-1.269095182901E1));
#6346=DIRECTION('',(0.E0,0.E0,-1.E0));
#6347=VECTOR('',#6346,2.538190365802E1);
#6348=CARTESIAN_POINT('',(8.642637137880E1,1.326257606384E2,1.269095182901E1));
#6349=LINE('',#6348,#6347);
#6350=CARTESIAN_POINT('',(8.372637137880E1,1.326257606384E2,-1.269095182901E1));
#6351=CARTESIAN_POINT('',(8.372637137880E1,1.324666616126E2,-1.267685847417E1));
#6352=CARTESIAN_POINT('',(8.378429744032E1,1.321229570692E2,-1.264641234123E1));
#6353=CARTESIAN_POINT('',(8.409234492486E1,1.316426545218E2,-1.260386604532E1));
#6354=CARTESIAN_POINT('',(8.457698620542E1,1.313334237464E2,-1.257647367743E1));
#6355=CARTESIAN_POINT('',(8.507637137880E1,1.312469290844E2,-1.256881178285E1));
#6356=CARTESIAN_POINT('',(8.557575655218E1,1.313334237464E2,-1.257647367743E1));
#6357=CARTESIAN_POINT('',(8.606039783274E1,1.316426545218E2,-1.260386604532E1));
#6358=CARTESIAN_POINT('',(8.636844531728E1,1.321229570692E2,-1.264641234123E1));
#6359=CARTESIAN_POINT('',(8.642637137880E1,1.324666616126E2,-1.267685847417E1));
#6360=CARTESIAN_POINT('',(8.642637137880E1,1.326257606384E2,-1.269095182901E1));
#6362=DIRECTION('',(0.E0,0.E0,-1.E0));
#6363=VECTOR('',#6362,2.538190365802E1);
#6364=CARTESIAN_POINT('',(8.372637137880E1,1.326257606384E2,1.269095182901E1));
#6365=LINE('',#6364,#6363);
#6366=DIRECTION('',(-9.711632491444E-1,-2.374855524564E-1,-2.103701228369E-2));
#6367=VECTOR('',#6366,1.893700082133E1);
#6368=CARTESIAN_POINT('',(1.074667713788E2,1.322036500820E2,1.265356031248E1));
#6369=LINE('',#6368,#6367);
#6370=DIRECTION('',(0.E0,9.960995293874E-1,-8.823676985326E-2));
#6371=VECTOR('',#6370,1.491438806026E0);
#6372=CARTESIAN_POINT('',(1.074667713788E2,1.322036500820E2,-1.265356031248E1));
#6373=LINE('',#6372,#6371);
#6374=DIRECTION('',(0.E0,-9.960995293874E-1,-8.823676985327E-2));
#6375=VECTOR('',#6374,1.491438806026E0);
#6376=CARTESIAN_POINT('',(1.074667713788E2,1.336892715748E2,1.278516005516E1));
#6377=LINE('',#6376,#6375);
#6378=DIRECTION('',(0.E0,0.E0,-1.E0));
#6379=VECTOR('',#6378,2.530712062497E1);
#6380=CARTESIAN_POINT('',(1.074667713788E2,1.322036500820E2,1.265356031248E1));
#6381=LINE('',#6380,#6379);
#6382=DIRECTION('',(-9.871123431968E-1,-1.594046281761E-1,1.412042579567E-2));
#6383=VECTOR('',#6382,1.906008076722E1);
#6384=CARTESIAN_POINT('',(1.074667713788E2,1.336892715748E2,-1.278516005516E1));
#6385=LINE('',#6384,#6383);
#6386=DIRECTION('',(0.E0,0.E0,-1.E0));
#6387=VECTOR('',#6386,2.557032011032E1);
#6388=CARTESIAN_POINT('',(1.074667713788E2,1.336892715748E2,1.278516005516E1));
#6389=LINE('',#6388,#6387);
#6390=DIRECTION('',(0.E0,0.E0,1.E0));
#6391=VECTOR('',#6390,2.451036478718E1);
#6392=CARTESIAN_POINT('',(8.907585213211E1,1.277063859801E2,-1.225518239359E1));
#6393=LINE('',#6392,#6391);
#6394=CARTESIAN_POINT('',(8.907585213211E1,1.277063859801E2,1.225518239359E1));
#6395=CARTESIAN_POINT('',(8.892818182854E1,1.286869990544E2,1.234204733791E1));
#6396=CARTESIAN_POINT('',(8.878700800922E1,1.296685392369E2,1.242899440758E1));
#6397=CARTESIAN_POINT('',(8.865233039114E1,1.306510064871E2,1.251602359903E1));
#6399=DIRECTION('',(0.E0,0.E0,-1.E0));
#6400=VECTOR('',#6399,2.503204719806E1);
#6401=CARTESIAN_POINT('',(8.865233039115E1,1.306510064871E2,1.251602359903E1));
#6402=LINE('',#6401,#6400);
#6403=DIRECTION('',(2.431032206020E-13,7.071067811873E-1,7.071067811858E-1));
#6404=VECTOR('',#6403,1.169121057303E0);
#6405=CARTESIAN_POINT('',(1.088763713788E2,7.351653194263E1,-3.655120552392E0));
#6406=LINE('',#6405,#6404);
#6407=DIRECTION('',(8.164965809276E-1,1.044280285832E-12,-5.773502691898E-1));
#6408=VECTOR('',#6407,9.797958971135E-1);
#6409=CARTESIAN_POINT('',(1.088763713788E2,7.434322537028E1,-2.828427124746E0));
#6410=LINE('',#6409,#6408);
#6411=CARTESIAN_POINT('',(8.197433783673E1,1.481362375642E2,-1.406490527687E1));
#6412=CARTESIAN_POINT('',(8.197433783673E1,1.481362375642E2,1.406490527687E1));
#6413=VERTEX_POINT('',#6411);
#6414=VERTEX_POINT('',#6412);
#6415=VERTEX_POINT('',#624);
#6416=CARTESIAN_POINT('',(8.292956970249E1,1.358440505024E2,-1.297603529072E1));
#6417=VERTEX_POINT('',#6416);
#6418=CARTESIAN_POINT('',(1.062739756960E2,6.374973086185E1,-6.589755905824E0));
#6419=CARTESIAN_POINT('',(1.062739756960E2,6.374973086185E1,6.589755905824E0));
#6420=VERTEX_POINT('',#6418);
#6421=VERTEX_POINT('',#6419);
#6422=VERTEX_POINT('',#5681);
#6423=CARTESIAN_POINT('',(8.382005447702E1,1.289668243274E2,1.236683489927E1));
#6424=VERTEX_POINT('',#6423);
#6425=VERTEX_POINT('',#16);
#6426=CARTESIAN_POINT('',(8.397233323692E1,1.502257606384E2,1.425E1));
#6427=VERTEX_POINT('',#6426);
#6428=CARTESIAN_POINT('',(1.088763713788E2,7.949972453981E1,-7.984926294274E0));
#6429=CARTESIAN_POINT('',(1.095212987039E2,8.000007961977E1,-8.029248889289E0));
#6430=VERTEX_POINT('',#6428);
#6431=VERTEX_POINT('',#6429);
#6432=CARTESIAN_POINT('',(1.088763713788E2,8.041900292240E1,-8.066358071604E0));
#6433=VERTEX_POINT('',#6432);
#6434=CARTESIAN_POINT('',(1.096763713788E2,8.093865626793E1,-8.112390151029E0));
#6435=VERTEX_POINT('',#6434);
#6436=CARTESIAN_POINT('',(1.096763713788E2,8.508571296913E1,-8.479745899044E0));
#6437=VERTEX_POINT('',#6436);
#6438=CARTESIAN_POINT('',(1.095958260225E2,8.514820261195E1,-8.485281374235E0));
#6439=VERTEX_POINT('',#6438);
#6440=CARTESIAN_POINT('',(1.088763713788E2,8.561553637765E1,-8.526678865856E0));
#6441=VERTEX_POINT('',#6440);
#6442=CARTESIAN_POINT('',(1.089401023132E2,8.565693386927E1,-8.530345950149E0));
#6443=VERTEX_POINT('',#6442);
#6444=CARTESIAN_POINT('',(1.088763713788E2,8.570637835015E1,-8.534725855124E0));
#6445=VERTEX_POINT('',#6444);
#6446=CARTESIAN_POINT('',(1.096763713788E2,8.632704373118E1,-8.589705811209E0));
#6447=VERTEX_POINT('',#6446);
#6448=CARTESIAN_POINT('',(1.096763713788E2,9.029241648736E1,-8.940967580687E0));
#6449=VERTEX_POINT('',#6448);
#6450=CARTESIAN_POINT('',(1.088763713788E2,9.081206983288E1,-8.986999660114E0));
#6451=VERTEX_POINT('',#6450);
#6452=CARTESIAN_POINT('',(1.096487605728E2,9.131378811876E1,-9.031443011019E0));
#6453=VERTEX_POINT('',#6452);
#6454=CARTESIAN_POINT('',(1.088763713788E2,9.191303216049E1,-9.084525415974E0));
#6455=VERTEX_POINT('',#6454);
#6456=CARTESIAN_POINT('',(1.096763713788E2,9.253369754153E1,-9.139505372060E0));
#6457=VERTEX_POINT('',#6456);
#6458=CARTESIAN_POINT('',(1.096763713788E2,9.548894994260E1,-9.401288374940E0));
#6459=VERTEX_POINT('',#6458);
#6460=CARTESIAN_POINT('',(1.088763713788E2,9.600860328812E1,-9.447320454367E0));
#6461=VERTEX_POINT('',#6460);
#6462=CARTESIAN_POINT('',(1.096763713788E2,9.652825663364E1,-9.493352533793E0));
#6463=VERTEX_POINT('',#6462);
#6464=CARTESIAN_POINT('',(1.096763713788E2,9.749902058980E1,-9.579345020740E0));
#6465=VERTEX_POINT('',#6464);
#6466=CARTESIAN_POINT('',(1.088763713788E2,9.811968597084E1,-9.634324976821E0));
#6467=VERTEX_POINT('',#6466);
#6468=CARTESIAN_POINT('',(1.096763713788E2,9.874035135187E1,-9.689304932907E0));
#6469=VERTEX_POINT('',#6468);
#6470=CARTESIAN_POINT('',(1.096763713788E2,1.006854833978E2,-9.861609169183E0));
#6471=VERTEX_POINT('',#6470);
#6472=CARTESIAN_POINT('',(1.088763713788E2,1.012051367434E2,-9.907641248604E0));
#6473=VERTEX_POINT('',#6472);
#6474=CARTESIAN_POINT('',(1.096763713788E2,1.017247900889E2,-9.953673328039E0));
#6475=VERTEX_POINT('',#6474);
#6476=CARTESIAN_POINT('',(1.096763713788E2,1.037056744001E2,-1.012914458159E1));
#6477=VERTEX_POINT('',#6476);
#6478=CARTESIAN_POINT('',(1.088763713788E2,1.043263397812E2,-1.018412453767E1));
#6479=VERTEX_POINT('',#6478);
#6480=CARTESIAN_POINT('',(1.096763713788E2,1.049470051622E2,-1.023910449375E1));
#6481=VERTEX_POINT('',#6480);
#6482=CARTESIAN_POINT('',(1.096763713788E2,1.058820168531E2,-1.032192996345E1));
#6483=VERTEX_POINT('',#6482);
#6484=CARTESIAN_POINT('',(1.088763713788E2,1.064016701986E2,-1.036796204288E1));
#6485=VERTEX_POINT('',#6484);
#6486=CARTESIAN_POINT('',(1.096763713788E2,1.069213235441E2,-1.041399412231E1));
#6487=VERTEX_POINT('',#6486);
#6488=CARTESIAN_POINT('',(1.096763713788E2,1.099123282105E2,-1.067894414244E1));
#6489=VERTEX_POINT('',#6488);
#6490=CARTESIAN_POINT('',(1.088763713788E2,1.105329935915E2,-1.073392409852E1));
#6491=VERTEX_POINT('',#6490);
#6492=CARTESIAN_POINT('',(1.096236782764E2,1.111127779920E2,-1.078528272405E1));
#6493=VERTEX_POINT('',#6492);
#6494=CARTESIAN_POINT('',(1.088763713788E2,1.115982036538E2,-1.082828283713E1));
#6495=VERTEX_POINT('',#6494);
#6496=CARTESIAN_POINT('',(1.096763713788E2,1.121178569994E2,-1.087431491654E1));
#6497=VERTEX_POINT('',#6496);
#6498=CARTESIAN_POINT('',(1.096763713788E2,1.161189820208E2,-1.122874370329E1));
#6499=VERTEX_POINT('',#6498);
#6500=CARTESIAN_POINT('',(1.088763713788E2,1.167396474019E2,-1.128372365939E1));
#6501=VERTEX_POINT('',#6500);
#6502=CARTESIAN_POINT('',(1.089150200169E2,1.167696322415E2,-1.128637978492E1));
#6503=VERTEX_POINT('',#6502);
#6504=CARTESIAN_POINT('',(1.088763713788E2,1.167947371091E2,-1.128860363137E1));
#6505=VERTEX_POINT('',#6504);
#6506=CARTESIAN_POINT('',(1.093126735043E2,1.170781444330E2,-1.131370849899E1));
#6507=VERTEX_POINT('',#6506);
#6508=CARTESIAN_POINT('',(1.096763713788E2,1.173603127829E2,-1.133870361546E1));
#6509=VERTEX_POINT('',#6508);
#6510=CARTESIAN_POINT('',(1.096763713788E2,1.214716172188E2,-1.170289234622E1));
#6511=VERTEX_POINT('',#6510);
#6512=CARTESIAN_POINT('',(1.088763713788E2,1.219912705643E2,-1.174892442564E1));
#6513=VERTEX_POINT('',#6512);
#6514=CARTESIAN_POINT('',(1.095463810003E2,1.224264864910E2,-1.178747684577E1));
#6515=VERTEX_POINT('',#6514);
#6516=CARTESIAN_POINT('',(1.088763713788E2,1.229463012122E2,-1.183352322022E1));
#6517=VERTEX_POINT('',#6516);
#6518=CARTESIAN_POINT('',(1.096763713788E2,1.235669665932E2,-1.188850317630E1));
#6519=VERTEX_POINT('',#6518);
#6520=CARTESIAN_POINT('',(1.096763713788E2,1.266681506740E2,-1.216321314046E1));
#6521=VERTEX_POINT('',#6520);
#6522=CARTESIAN_POINT('',(1.088763713788E2,1.271878040196E2,-1.220924521988E1));
#6523=VERTEX_POINT('',#6522);
#6524=CARTESIAN_POINT('',(1.096763713788E2,1.277074573651E2,-1.225527729931E1));
#6525=VERTEX_POINT('',#6524);
#6526=CARTESIAN_POINT('',(1.096763713788E2,1.285322896415E2,-1.232834282500E1));
#6527=VERTEX_POINT('',#6526);
#6528=CARTESIAN_POINT('',(1.088763713788E2,1.291529550226E2,-1.238332278109E1));
#6529=VERTEX_POINT('',#6528);
#6530=CARTESIAN_POINT('',(1.096763713788E2,1.297736204036E2,-1.243830273717E1));
#6531=VERTEX_POINT('',#6530);
#6532=CARTESIAN_POINT('',(1.096763713788E2,1.318646841293E2,-1.262353393473E1));
#6533=VERTEX_POINT('',#6532);
#6534=CARTESIAN_POINT('',(1.088763713788E2,1.323843374748E2,-1.266956601415E1));
#6535=VERTEX_POINT('',#6534);
#6536=CARTESIAN_POINT('',(1.096763713788E2,1.329039908203E2,-1.271559809357E1));
#6537=VERTEX_POINT('',#6536);
#6538=CARTESIAN_POINT('',(1.096763713788E2,1.347389434519E2,-1.287814238585E1));
#6539=VERTEX_POINT('',#6538);
#6540=CARTESIAN_POINT('',(1.088763713788E2,1.353596088329E2,-1.293312234192E1));
#6541=VERTEX_POINT('',#6540);
#6542=CARTESIAN_POINT('',(1.096763713788E2,1.359802742139E2,-1.298810229801E1));
#6543=VERTEX_POINT('',#6542);
#6544=CARTESIAN_POINT('',(1.096763713788E2,1.370612175845E2,-1.308385472898E1));
#6545=VERTEX_POINT('',#6544);
#6546=CARTESIAN_POINT('',(1.088763713788E2,1.375808709300E2,-1.312988680840E1));
#6547=VERTEX_POINT('',#6546);
#6548=CARTESIAN_POINT('',(1.096763713788E2,1.381005242756E2,-1.317591888781E1));
#6549=VERTEX_POINT('',#6548);
#6550=CARTESIAN_POINT('',(1.096763713788E2,1.409455972622E2,-1.342794194669E1));
#6551=VERTEX_POINT('',#6550);
#6552=CARTESIAN_POINT('',(1.088763713788E2,1.415662626432E2,-1.348292190277E1));
#6553=VERTEX_POINT('',#6552);
#6554=CARTESIAN_POINT('',(1.096763713788E2,1.421869280243E2,-1.353790185887E1));
#6555=VERTEX_POINT('',#6554);
#6556=CARTESIAN_POINT('',(1.096763713788E2,1.422577510397E2,-1.354417552322E1));
#6557=VERTEX_POINT('',#6556);
#6558=CARTESIAN_POINT('',(1.088763713788E2,1.427774043853E2,-1.359020760265E1));
#6559=VERTEX_POINT('',#6558);
#6560=CARTESIAN_POINT('',(1.096763713788E2,1.432970577308E2,-1.363623968208E1));
#6561=VERTEX_POINT('',#6560);
#6562=CARTESIAN_POINT('',(1.096763713788E2,1.471522510725E2,-1.397774150755E1));
#6563=VERTEX_POINT('',#6562);
#6564=CARTESIAN_POINT('',(1.088763713788E2,1.477729164536E2,-1.403272146363E1));
#6565=VERTEX_POINT('',#6564);
#6566=CARTESIAN_POINT('',(1.090173995894E2,1.478823306137E2,-1.404241361966E1));
#6567=VERTEX_POINT('',#6566);
#6568=CARTESIAN_POINT('',(1.088763713788E2,1.479739378405E2,-1.405052839690E1));
#6569=VERTEX_POINT('',#6568);
#6570=CARTESIAN_POINT('',(1.096763713788E2,1.484935911860E2,-1.409656047633E1));
#6571=VERTEX_POINT('',#6570);
#6572=CARTESIAN_POINT('',(1.096763713788E2,1.502257606384E2,-1.425E1));
#6573=VERTEX_POINT('',#6572);
#6574=VERTEX_POINT('',#5714);
#6575=VERTEX_POINT('',#253);
#6576=VERTEX_POINT('',#258);
#6577=VERTEX_POINT('',#269);
#6578=CARTESIAN_POINT('',(1.099763713788E2,6.273648189890E1,-6.500000000004E0));
#6579=VERTEX_POINT('',#6578);
#6580=VERTEX_POINT('',#277);
#6581=CARTESIAN_POINT('',(1.119763713788E2,7.023648189891E1,-7.164367118324E0));
#6582=VERTEX_POINT('',#6581);
#6583=CARTESIAN_POINT('',(1.102045093553E2,7.216241888098E1,-7.334971012037E0));
#6584=VERTEX_POINT('',#6583);
#6585=VERTEX_POINT('',#287);
#6586=CARTESIAN_POINT('',(1.096763713788E2,7.470281612164E1,-7.560005197925E0));
#6587=VERTEX_POINT('',#6586);
#6588=CARTESIAN_POINT('',(1.088763713788E2,7.522246946717E1,-7.606037277350E0));
#6589=VERTEX_POINT('',#6588);
#6590=CARTESIAN_POINT('',(1.096763713788E2,7.574212281269E1,-7.652069356776E0));
#6591=VERTEX_POINT('',#6590);
#6592=CARTESIAN_POINT('',(1.096763713788E2,7.887905915877E1,-7.929946338189E0));
#6593=VERTEX_POINT('',#6592);
#6594=CARTESIAN_POINT('',(8.978171878814E1,1.233148447084E2,-1.186616964430E1));
#6595=CARTESIAN_POINT('',(1.074667713788E2,1.291593821894E2,-1.238389211419E1));
#6596=VERTEX_POINT('',#6594);
#6597=VERTEX_POINT('',#6595);
#6598=VERTEX_POINT('',#304);
#6599=CARTESIAN_POINT('',(1.074667713788E2,1.307266206007E2,-1.252272166979E1));
#6600=VERTEX_POINT('',#6599);
#6601=CARTESIAN_POINT('',(9.058692452669E1,1.188732874682E2,-1.147272636636E1));
#6602=CARTESIAN_POINT('',(1.074667713788E2,1.259710537612E2,-1.210146270484E1));
#6603=VERTEX_POINT('',#6601);
#6604=VERTEX_POINT('',#6602);
#6605=VERTEX_POINT('',#309);
#6606=CARTESIAN_POINT('',(1.074667713788E2,1.276524378004E2,-1.225040354070E1));
#6607=VERTEX_POINT('',#6606);
#6608=CARTESIAN_POINT('',(9.150198206102E1,1.143524627728E2,-1.107226139633E1));
#6609=CARTESIAN_POINT('',(1.074667713788E2,1.225895096515E2,-1.180191780943E1));
#6610=VERTEX_POINT('',#6608);
#6611=VERTEX_POINT('',#6609);
#6612=VERTEX_POINT('',#314);
#6613=CARTESIAN_POINT('',(1.074667713788E2,1.244241284409E2,-1.196443252920E1));
#6614=VERTEX_POINT('',#6613);
#6615=CARTESIAN_POINT('',(9.254053832437E1,1.097219763959E2,-1.066208234424E1));
#6616=CARTESIAN_POINT('',(1.074667713788E2,1.189547750381E2,-1.147994472130E1));
#6617=VERTEX_POINT('',#6615);
#6618=VERTEX_POINT('',#6616);
#6619=VERTEX_POINT('',#319);
#6620=CARTESIAN_POINT('',(1.074667713788E2,1.209912430247E2,-1.166033970367E1));
#6621=VERTEX_POINT('',#6620);
#6622=CARTESIAN_POINT('',(9.371989447497E1,1.049498755512E2,-1.023935875937E1));
#6623=CARTESIAN_POINT('',(1.074667713788E2,1.149913209338E2,-1.112885291038E1));
#6624=VERTEX_POINT('',#6622);
#6625=VERTEX_POINT('',#6623);
#6626=VERTEX_POINT('',#324);
#6627=CARTESIAN_POINT('',(1.074667713788E2,1.172920248792E2,-1.133265451709E1));
#6628=VERTEX_POINT('',#6627);
#6629=CARTESIAN_POINT('',(9.506168775422E1,1.000022831644E2,-9.801089733154E0));
#6630=CARTESIAN_POINT('',(1.074667713788E2,1.106010882555E2,-1.073995607929E1));
#6631=VERTEX_POINT('',#6629);
#6632=VERTEX_POINT('',#6630);
#6633=VERTEX_POINT('',#329);
#6634=CARTESIAN_POINT('',(1.074667713788E2,1.132485096709E2,-1.097447071085E1));
#6635=VERTEX_POINT('',#6634);
#6636=CARTESIAN_POINT('',(9.659292936494E1,9.484257216604E1,-9.344030756172E0));
#6637=CARTESIAN_POINT('',(1.074667713788E2,1.056522657143E2,-1.030157808318E1));
#6638=VERTEX_POINT('',#6636);
#6639=VERTEX_POINT('',#6637);
#6640=VERTEX_POINT('',#334);
#6641=CARTESIAN_POINT('',(1.074667713788E2,1.087592957454E2,-1.057680589495E1));
#6642=VERTEX_POINT('',#6641);
#6643=CARTESIAN_POINT('',(9.822682208307E1,8.978778524509E1,-8.896266193455E0));
#6644=CARTESIAN_POINT('',(1.074667713788E2,1.002726182468E2,-9.825036631774E0));
#6645=VERTEX_POINT('',#6643);
#6646=VERTEX_POINT('',#6644);
#6647=VERTEX_POINT('',#339);
#6648=CARTESIAN_POINT('',(1.074667713788E2,1.044736533364E2,-1.019717390863E1));
#6649=VERTEX_POINT('',#6648);
#6650=CARTESIAN_POINT('',(1.000800267014E2,8.450436380394E1,-8.428248663092E0));
#6651=CARTESIAN_POINT('',(1.074667713788E2,9.408173874660E1,-9.276634395321E0));
#6652=VERTEX_POINT('',#6650);
#6653=VERTEX_POINT('',#6651);
#6654=VERTEX_POINT('',#344);
#6655=CARTESIAN_POINT('',(1.074667713788E2,9.901412576050E1,-9.713556494902E0));
#6656=VERTEX_POINT('',#6655);
#6657=CARTESIAN_POINT('',(1.021876459537E2,7.896469462280E1,-7.937532123050E0));
#6658=CARTESIAN_POINT('',(1.074667713788E2,8.681255713330E1,-8.632713696525E0));
#6659=VERTEX_POINT('',#6657);
#6660=VERTEX_POINT('',#6658);
#6661=VERTEX_POINT('',#349);
#6662=CARTESIAN_POINT('',(1.074667713788E2,9.272539574218E1,-9.156486436214E0));
#6663=VERTEX_POINT('',#6662);
#6664=CARTESIAN_POINT('',(1.045912557459E2,7.314129670971E1,-7.421682244338E0));
#6665=CARTESIAN_POINT('',(1.074667713788E2,7.807293184250E1,-7.858537740574E0));
#6666=VERTEX_POINT('',#6664);
#6667=VERTEX_POINT('',#6665);
#6668=VERTEX_POINT('',#354);
#6669=CARTESIAN_POINT('',(1.074667713788E2,8.533486556442E1,-8.501816404609E0));
#6670=VERTEX_POINT('',#6669);
#6671=VERTEX_POINT('',#356);
#6672=VERTEX_POINT('',#359);
#6673=CARTESIAN_POINT('',(1.074667713788E2,7.644222150193E1,-7.714085696604E0));
#6674=VERTEX_POINT('',#6673);
#6675=VERTEX_POINT('',#361);
#6676=VERTEX_POINT('',#364);
#6677=CARTESIAN_POINT('',(1.074667713788E2,1.430257606384E2,-1.361220756641E1));
#6678=VERTEX_POINT('',#6677);
#6679=CARTESIAN_POINT('',(1.074667713788E2,1.408657606384E2,-1.342086983634E1));
#6680=VERTEX_POINT('',#6679);
#6681=CARTESIAN_POINT('',(8.793360722676E1,1.364534014719E2,-1.303001299041E1));
#6682=CARTESIAN_POINT('',(1.074667713788E2,1.380217091921E2,-1.316893726784E1));
#6683=VERTEX_POINT('',#6681);
#6684=VERTEX_POINT('',#6682);
#6685=VERTEX_POINT('',#369);
#6686=CARTESIAN_POINT('',(1.074667713788E2,1.394257606384E2,-1.329331134962E1));
#6687=VERTEX_POINT('',#6686);
#6688=CARTESIAN_POINT('',(8.846156703429E1,1.320764649773E2,-1.264229396562E1));
#6689=CARTESIAN_POINT('',(1.074667713788E2,1.351455356387E2,-1.291415924978E1));
#6690=VERTEX_POINT('',#6688);
#6691=VERTEX_POINT('',#6689);
#6692=VERTEX_POINT('',#374);
#6693=CARTESIAN_POINT('',(1.074667713788E2,1.365776716693E2,-1.304102112814E1));
#6694=VERTEX_POINT('',#6693);
#6695=VERTEX_POINT('',#6270);
#6696=VERTEX_POINT('',#6280);
#6697=VERTEX_POINT('',#6302);
#6698=VERTEX_POINT('',#6312);
#6699=VERTEX_POINT('',#6334);
#6700=VERTEX_POINT('',#6344);
#6701=CARTESIAN_POINT('',(1.074667713788E2,1.322036500820E2,-1.265356031248E1));
#6702=CARTESIAN_POINT('',(8.907585213211E1,1.277063859801E2,-1.225518239359E1));
#6703=VERTEX_POINT('',#6701);
#6704=VERTEX_POINT('',#6702);
#6705=VERTEX_POINT('',#383);
#6706=CARTESIAN_POINT('',(1.074667713788E2,1.336892715748E2,-1.278516005516E1));
#6707=VERTEX_POINT('',#6706);
#6708=CARTESIAN_POINT('',(1.074667713788E2,1.322036500820E2,1.265356031248E1));
#6709=VERTEX_POINT('',#6708);
#6710=CARTESIAN_POINT('',(8.907585213211E1,1.277063859801E2,1.225518239359E1));
#6711=VERTEX_POINT('',#6710);
#6712=CARTESIAN_POINT('',(1.074667713788E2,1.336892715748E2,1.278516005516E1));
#6713=VERTEX_POINT('',#6712);
#6714=CARTESIAN_POINT('',(8.865233039115E1,1.306510064871E2,1.251602359903E1));
#6715=VERTEX_POINT('',#6714);
#6716=CARTESIAN_POINT('',(1.088763713788E2,7.522246946717E1,7.606037277350E0));
#6717=CARTESIAN_POINT('',(1.096763713788E2,7.574212281269E1,7.652069356776E0));
#6718=VERTEX_POINT('',#6716);
#6719=VERTEX_POINT('',#6717);
#6720=CARTESIAN_POINT('',(1.096763713788E2,7.470281612164E1,7.560005197924E0));
#6721=VERTEX_POINT('',#6720);
#6722=CARTESIAN_POINT('',(1.096763713788E2,7.351653194263E1,7.454921437723E0));
#6723=VERTEX_POINT('',#6722);
#6724=VERTEX_POINT('',#597);
#6725=CARTESIAN_POINT('',(1.119763713788E2,7.023648189891E1,7.164367118324E0));
#6726=VERTEX_POINT('',#6725);
#6727=CARTESIAN_POINT('',(1.119763713788E2,6.473648189890E1,6.677164564889E0));
#6728=VERTEX_POINT('',#6727);
#6729=VERTEX_POINT('',#605);
#6730=CARTESIAN_POINT('',(1.080136085282E2,6.273648189890E1,6.500000000004E0));
#6731=VERTEX_POINT('',#6730);
#6732=VERTEX_POINT('',#5683);
#6733=VERTEX_POINT('',#5703);
#6734=VERTEX_POINT('',#5696);
#6735=CARTESIAN_POINT('',(1.096763713788E2,1.502257606384E2,1.425E1));
#6736=VERTEX_POINT('',#6735);
#6737=CARTESIAN_POINT('',(1.096763713788E2,1.484935911860E2,1.409656047633E1));
#6738=VERTEX_POINT('',#6737);
#6739=CARTESIAN_POINT('',(1.088763713788E2,1.479739378405E2,1.405052839691E1));
#6740=VERTEX_POINT('',#6739);
#6741=CARTESIAN_POINT('',(1.090173995894E2,1.478823306137E2,1.404241361968E1));
#6742=VERTEX_POINT('',#6741);
#6743=CARTESIAN_POINT('',(1.088763713788E2,1.477729164536E2,1.403272146364E1));
#6744=VERTEX_POINT('',#6743);
#6745=CARTESIAN_POINT('',(1.096763713788E2,1.471522510725E2,1.397774150755E1));
#6746=VERTEX_POINT('',#6745);
#6747=CARTESIAN_POINT('',(1.096763713788E2,1.432970577308E2,1.363623968208E1));
#6748=VERTEX_POINT('',#6747);
#6749=CARTESIAN_POINT('',(1.088763713788E2,1.427774043853E2,1.359020760265E1));
#6750=VERTEX_POINT('',#6749);
#6751=CARTESIAN_POINT('',(1.096763713788E2,1.422577510397E2,1.354417552322E1));
#6752=VERTEX_POINT('',#6751);
#6753=CARTESIAN_POINT('',(1.096763713788E2,1.421869280243E2,1.353790185888E1));
#6754=VERTEX_POINT('',#6753);
#6755=CARTESIAN_POINT('',(1.088763713788E2,1.415662626432E2,1.348292190278E1));
#6756=VERTEX_POINT('',#6755);
#6757=CARTESIAN_POINT('',(1.096763713788E2,1.409455972622E2,1.342794194669E1));
#6758=VERTEX_POINT('',#6757);
#6759=CARTESIAN_POINT('',(1.096763713788E2,1.381005242756E2,1.317591888782E1));
#6760=VERTEX_POINT('',#6759);
#6761=CARTESIAN_POINT('',(1.088763713788E2,1.375808709300E2,1.312988680839E1));
#6762=VERTEX_POINT('',#6761);
#6763=CARTESIAN_POINT('',(1.096763713788E2,1.370612175845E2,1.308385472897E1));
#6764=VERTEX_POINT('',#6763);
#6765=CARTESIAN_POINT('',(1.096763713788E2,1.359802742139E2,1.298810229802E1));
#6766=VERTEX_POINT('',#6765);
#6767=CARTESIAN_POINT('',(1.088763713788E2,1.353596088329E2,1.293312234193E1));
#6768=VERTEX_POINT('',#6767);
#6769=CARTESIAN_POINT('',(1.096763713788E2,1.347389434518E2,1.287814238584E1));
#6770=VERTEX_POINT('',#6769);
#6771=CARTESIAN_POINT('',(1.096763713788E2,1.329039908203E2,1.271559809357E1));
#6772=VERTEX_POINT('',#6771);
#6773=CARTESIAN_POINT('',(1.088763713788E2,1.323843374748E2,1.266956601414E1));
#6774=VERTEX_POINT('',#6773);
#6775=CARTESIAN_POINT('',(1.096763713788E2,1.318646841293E2,1.262353393471E1));
#6776=VERTEX_POINT('',#6775);
#6777=CARTESIAN_POINT('',(1.096763713788E2,1.297736204036E2,1.243830273716E1));
#6778=VERTEX_POINT('',#6777);
#6779=CARTESIAN_POINT('',(1.088763713788E2,1.291529550226E2,1.238332278108E1));
#6780=VERTEX_POINT('',#6779);
#6781=CARTESIAN_POINT('',(1.096763713788E2,1.285322896416E2,1.232834282501E1));
#6782=VERTEX_POINT('',#6781);
#6783=CARTESIAN_POINT('',(1.096763713788E2,1.277074573651E2,1.225527729931E1));
#6784=VERTEX_POINT('',#6783);
#6785=CARTESIAN_POINT('',(1.088763713788E2,1.271878040196E2,1.220924521987E1));
#6786=VERTEX_POINT('',#6785);
#6787=CARTESIAN_POINT('',(1.096763713788E2,1.266681506740E2,1.216321314045E1));
#6788=VERTEX_POINT('',#6787);
#6789=CARTESIAN_POINT('',(1.096763713788E2,1.235669665932E2,1.188850317631E1));
#6790=VERTEX_POINT('',#6789);
#6791=CARTESIAN_POINT('',(1.088763713788E2,1.229463012122E2,1.183352322023E1));
#6792=VERTEX_POINT('',#6791);
#6793=CARTESIAN_POINT('',(1.095463810002E2,1.224264864910E2,1.178747684578E1));
#6794=VERTEX_POINT('',#6793);
#6795=CARTESIAN_POINT('',(1.088763713788E2,1.219912705643E2,1.174892442563E1));
#6796=VERTEX_POINT('',#6795);
#6797=CARTESIAN_POINT('',(1.096763713788E2,1.214716172188E2,1.170289234621E1));
#6798=VERTEX_POINT('',#6797);
#6799=CARTESIAN_POINT('',(1.096763713788E2,1.173603127829E2,1.133870361546E1));
#6800=VERTEX_POINT('',#6799);
#6801=CARTESIAN_POINT('',(1.093126735043E2,1.170781444330E2,1.131370849899E1));
#6802=VERTEX_POINT('',#6801);
#6803=CARTESIAN_POINT('',(1.088763713788E2,1.167947371091E2,1.128860363137E1));
#6804=VERTEX_POINT('',#6803);
#6805=CARTESIAN_POINT('',(1.089150200169E2,1.167696322415E2,1.128637978491E1));
#6806=VERTEX_POINT('',#6805);
#6807=CARTESIAN_POINT('',(1.088763713788E2,1.167396474019E2,1.128372365939E1));
#6808=VERTEX_POINT('',#6807);
#6809=CARTESIAN_POINT('',(1.096763713788E2,1.161189820208E2,1.122874370330E1));
#6810=VERTEX_POINT('',#6809);
#6811=CARTESIAN_POINT('',(1.096763713788E2,1.121178569994E2,1.087431491654E1));
#6812=VERTEX_POINT('',#6811);
#6813=CARTESIAN_POINT('',(1.088763713788E2,1.115982036538E2,1.082828283713E1));
#6814=VERTEX_POINT('',#6813);
#6815=CARTESIAN_POINT('',(1.096236782764E2,1.111127779920E2,1.078528272406E1));
#6816=VERTEX_POINT('',#6815);
#6817=CARTESIAN_POINT('',(1.088763713788E2,1.105329935915E2,1.073392409853E1));
#6818=VERTEX_POINT('',#6817);
#6819=CARTESIAN_POINT('',(1.096763713788E2,1.099123282105E2,1.067894414244E1));
#6820=VERTEX_POINT('',#6819);
#6821=CARTESIAN_POINT('',(1.096763713788E2,1.069213235441E2,1.041399412229E1));
#6822=VERTEX_POINT('',#6821);
#6823=CARTESIAN_POINT('',(1.088763713788E2,1.064016701986E2,1.036796204287E1));
#6824=VERTEX_POINT('',#6823);
#6825=CARTESIAN_POINT('',(1.096763713788E2,1.058820168531E2,1.032192996345E1));
#6826=VERTEX_POINT('',#6825);
#6827=CARTESIAN_POINT('',(1.096763713788E2,1.049470051622E2,1.023910449376E1));
#6828=VERTEX_POINT('',#6827);
#6829=CARTESIAN_POINT('',(1.088763713788E2,1.043263397812E2,1.018412453768E1));
#6830=VERTEX_POINT('',#6829);
#6831=CARTESIAN_POINT('',(1.096763713788E2,1.037056744001E2,1.012914458159E1));
#6832=VERTEX_POINT('',#6831);
#6833=CARTESIAN_POINT('',(1.096763713788E2,1.017247900889E2,9.953673328051E0));
#6834=VERTEX_POINT('',#6833);
#6835=CARTESIAN_POINT('',(1.088763713788E2,1.012051367434E2,9.907641248622E0));
#6836=VERTEX_POINT('',#6835);
#6837=CARTESIAN_POINT('',(1.096763713788E2,1.006854833978E2,9.861609169193E0));
#6838=VERTEX_POINT('',#6837);
#6839=CARTESIAN_POINT('',(1.096763713788E2,9.874035135187E1,9.689304932913E0));
#6840=VERTEX_POINT('',#6839);
#6841=CARTESIAN_POINT('',(1.088763713788E2,9.811968597083E1,9.634324976826E0));
#6842=VERTEX_POINT('',#6841);
#6843=CARTESIAN_POINT('',(1.096763713788E2,9.749902058980E1,9.579345020740E0));
#6844=VERTEX_POINT('',#6843);
#6845=CARTESIAN_POINT('',(1.096763713788E2,9.652825663364E1,9.493352533791E0));
#6846=VERTEX_POINT('',#6845);
#6847=CARTESIAN_POINT('',(1.088763713788E2,9.600860328811E1,9.447320454362E0));
#6848=VERTEX_POINT('',#6847);
#6849=CARTESIAN_POINT('',(1.096763713788E2,9.548894994259E1,9.401288374937E0));
#6850=VERTEX_POINT('',#6849);
#6851=CARTESIAN_POINT('',(1.096763713788E2,9.253369754153E1,9.139505372061E0));
#6852=VERTEX_POINT('',#6851);
#6853=CARTESIAN_POINT('',(1.088763713788E2,9.191303216049E1,9.084525415975E0));
#6854=VERTEX_POINT('',#6853);
#6855=CARTESIAN_POINT('',(1.096487605728E2,9.131378811875E1,9.031443011016E0));
#6856=VERTEX_POINT('',#6855);
#6857=CARTESIAN_POINT('',(1.088763713788E2,9.081206983287E1,8.986999660106E0));
#6858=VERTEX_POINT('',#6857);
#6859=CARTESIAN_POINT('',(1.096763713788E2,9.029241648735E1,8.940967580682E0));
#6860=VERTEX_POINT('',#6859);
#6861=CARTESIAN_POINT('',(1.096763713788E2,8.632704373118E1,8.589705811209E0));
#6862=VERTEX_POINT('',#6861);
#6863=CARTESIAN_POINT('',(1.088763713788E2,8.570637835015E1,8.534725855124E0));
#6864=VERTEX_POINT('',#6863);
#6865=CARTESIAN_POINT('',(1.089401023132E2,8.565693386927E1,8.530345950151E0));
#6866=VERTEX_POINT('',#6865);
#6867=CARTESIAN_POINT('',(1.088763713788E2,8.561553637765E1,8.526678865856E0));
#6868=VERTEX_POINT('',#6867);
#6869=CARTESIAN_POINT('',(1.095958260225E2,8.514820261195E1,8.485281374235E0));
#6870=VERTEX_POINT('',#6869);
#6871=CARTESIAN_POINT('',(1.096763713788E2,8.508571296913E1,8.479745899045E0));
#6872=VERTEX_POINT('',#6871);
#6873=CARTESIAN_POINT('',(1.096763713788E2,8.093865626793E1,8.112390151030E0));
#6874=VERTEX_POINT('',#6873);
#6875=CARTESIAN_POINT('',(1.088763713788E2,8.041900292240E1,8.066358071605E0));
#6876=VERTEX_POINT('',#6875);
#6877=CARTESIAN_POINT('',(1.095212987039E2,8.000007961977E1,8.029248889289E0));
#6878=VERTEX_POINT('',#6877);
#6879=CARTESIAN_POINT('',(1.088763713788E2,7.949972453981E1,7.984926294274E0));
#6880=VERTEX_POINT('',#6879);
#6881=CARTESIAN_POINT('',(1.096763713788E2,7.887905915877E1,7.929946338189E0));
#6882=VERTEX_POINT('',#6881);
#6883=CARTESIAN_POINT('',(8.978171878814E1,1.233148447084E2,1.186616964430E1));
#6884=CARTESIAN_POINT('',(1.074667713788E2,1.291593821894E2,1.238389211419E1));
#6885=VERTEX_POINT('',#6883);
#6886=VERTEX_POINT('',#6884);
#6887=CARTESIAN_POINT('',(1.074667713788E2,1.307266206007E2,1.252272166979E1));
#6888=VERTEX_POINT('',#6887);
#6889=CARTESIAN_POINT('',(8.929488175011E1,1.262829173907E2,1.212908829696E1));
#6890=VERTEX_POINT('',#6889);
#6891=CARTESIAN_POINT('',(9.058692452669E1,1.188732874682E2,1.147272636636E1));
#6892=CARTESIAN_POINT('',(1.074667713788E2,1.259710537612E2,1.210146270484E1));
#6893=VERTEX_POINT('',#6891);
#6894=VERTEX_POINT('',#6892);
#6895=CARTESIAN_POINT('',(1.074667713788E2,1.276524378004E2,1.225040354070E1));
#6896=VERTEX_POINT('',#6895);
#6897=CARTESIAN_POINT('',(9.002998225932E1,1.218899461689E2,1.173994887943E1));
#6898=VERTEX_POINT('',#6897);
#6899=CARTESIAN_POINT('',(9.150198206102E1,1.143524627728E2,1.107226139633E1));
#6900=CARTESIAN_POINT('',(1.074667713788E2,1.225895096515E2,1.180191780943E1));
#6901=VERTEX_POINT('',#6899);
#6902=VERTEX_POINT('',#6900);
#6903=CARTESIAN_POINT('',(1.074667713788E2,1.244241284409E2,1.196443252920E1));
#6904=VERTEX_POINT('',#6903);
#6905=CARTESIAN_POINT('',(9.086582369789E1,1.174436357911E2,1.134608455771E1));
#6906=VERTEX_POINT('',#6905);
#6907=CARTESIAN_POINT('',(9.254053832437E1,1.097219763959E2,1.066208234424E1));
#6908=CARTESIAN_POINT('',(1.074667713788E2,1.189547750381E2,1.147994472130E1));
#6909=VERTEX_POINT('',#6907);
#6910=VERTEX_POINT('',#6908);
#6911=CARTESIAN_POINT('',(1.074667713788E2,1.209912430247E2,1.166033970367E1));
#6912=VERTEX_POINT('',#6911);
#6913=CARTESIAN_POINT('',(9.181337122976E1,1.129148576574E2,1.094491505395E1));
#6914=VERTEX_POINT('',#6913);
#6915=CARTESIAN_POINT('',(9.371989447497E1,1.049498755512E2,1.023935875937E1));
#6916=CARTESIAN_POINT('',(1.074667713788E2,1.149913209338E2,1.112885291038E1));
#6917=VERTEX_POINT('',#6915);
#6918=VERTEX_POINT('',#6916);
#6919=CARTESIAN_POINT('',(1.074667713788E2,1.172920248792E2,1.133265451709E1));
#6920=VERTEX_POINT('',#6919);
#6921=CARTESIAN_POINT('',(9.288675034120E1,1.082733797898E2,1.053376235053E1));
#6922=VERTEX_POINT('',#6921);
#6923=CARTESIAN_POINT('',(9.506168775422E1,1.000022831644E2,9.801089733155E0));
#6924=CARTESIAN_POINT('',(1.074667713788E2,1.106010882555E2,1.073995607929E1));
#6925=VERTEX_POINT('',#6923);
#6926=VERTEX_POINT('',#6924);
#6927=CARTESIAN_POINT('',(1.074667713788E2,1.132485096709E2,1.097447071085E1));
#6928=VERTEX_POINT('',#6927);
#6929=CARTESIAN_POINT('',(9.410377335465E1,1.034874697091E2,1.010981551202E1));
#6930=VERTEX_POINT('',#6929);
#6931=CARTESIAN_POINT('',(9.659292936494E1,9.484257216604E1,9.344030756173E0));
#6932=CARTESIAN_POINT('',(1.074667713788E2,1.056522657143E2,1.030157808318E1));
#6933=VERTEX_POINT('',#6931);
#6934=VERTEX_POINT('',#6932);
#6935=CARTESIAN_POINT('',(1.074667713788E2,1.087592957454E2,1.057680589495E1));
#6936=VERTEX_POINT('',#6935);
#6937=CARTESIAN_POINT('',(9.548662551357E1,9.852355410662E1,9.670100538099E0));
#6938=VERTEX_POINT('',#6937);
#6939=CARTESIAN_POINT('',(9.822682208307E1,8.978778524509E1,8.896266193455E0));
#6940=CARTESIAN_POINT('',(1.074667713788E2,1.002726182468E2,9.825036631774E0));
#6941=VERTEX_POINT('',#6939);
#6942=VERTEX_POINT('',#6940);
#6943=CARTESIAN_POINT('',(1.074667713788E2,1.044736533364E2,1.019717390863E1));
#6944=VERTEX_POINT('',#6943);
#6945=CARTESIAN_POINT('',(9.687385142367E1,9.394322459291E1,9.264364495436E0));
#6946=VERTEX_POINT('',#6945);
#6947=CARTESIAN_POINT('',(1.000800267014E2,8.450436380394E1,8.428248663092E0));
#6948=CARTESIAN_POINT('',(1.074667713788E2,9.408173874660E1,9.276634395321E0));
#6949=VERTEX_POINT('',#6947);
#6950=VERTEX_POINT('',#6948);
#6951=CARTESIAN_POINT('',(1.074667713788E2,9.901412576050E1,9.713556494902E0));
#6952=VERTEX_POINT('',#6951);
#6953=CARTESIAN_POINT('',(9.853492226513E1,8.887890278956E1,8.815755311072E0));
#6954=VERTEX_POINT('',#6953);
#6955=CARTESIAN_POINT('',(1.021876459537E2,7.896469462280E1,7.937532123050E0));
#6956=CARTESIAN_POINT('',(1.074667713788E2,8.681255713330E1,8.632713696525E0));
#6957=VERTEX_POINT('',#6955);
#6958=VERTEX_POINT('',#6956);
#6959=CARTESIAN_POINT('',(1.074667713788E2,9.272539574218E1,9.156486436214E0));
#6960=VERTEX_POINT('',#6959);
#6961=CARTESIAN_POINT('',(1.004176994733E2,8.358583459780E1,8.346883249522E0));
#6962=VERTEX_POINT('',#6961);
#6963=CARTESIAN_POINT('',(1.045912557459E2,7.314129670971E1,7.421682244338E0));
#6964=CARTESIAN_POINT('',(1.074667713788E2,7.807293184250E1,7.858537740574E0));
#6965=VERTEX_POINT('',#6963);
#6966=VERTEX_POINT('',#6964);
#6967=CARTESIAN_POINT('',(1.074667713788E2,8.533486556442E1,8.501816404609E0));
#6968=VERTEX_POINT('',#6967);
#6969=CARTESIAN_POINT('',(1.025575234471E2,7.803685695584E1,7.855342144775E0));
#6970=VERTEX_POINT('',#6969);
#6971=VERTEX_POINT('',#6134);
#6972=VERTEX_POINT('',#6137);
#6973=CARTESIAN_POINT('',(1.074667713788E2,7.644222150193E1,7.714085696604E0));
#6974=VERTEX_POINT('',#6973);
#6975=VERTEX_POINT('',#6163);
#6976=VERTEX_POINT('',#6166);
#6977=CARTESIAN_POINT('',(1.074667713788E2,1.408657606384E2,1.342086983634E1));
#6978=VERTEX_POINT('',#6977);
#6979=CARTESIAN_POINT('',(1.074667713788E2,1.430257606384E2,1.361220756641E1));
#6980=VERTEX_POINT('',#6979);
#6981=CARTESIAN_POINT('',(8.793360722676E1,1.364534014719E2,1.303001299041E1));
#6982=CARTESIAN_POINT('',(1.074667713788E2,1.380217091921E2,1.316893726784E1));
#6983=VERTEX_POINT('',#6981);
#6984=VERTEX_POINT('',#6982);
#6985=CARTESIAN_POINT('',(1.074667713788E2,1.394257606384E2,1.329331134962E1));
#6986=VERTEX_POINT('',#6985);
#6987=CARTESIAN_POINT('',(8.762451261823E1,1.394257606384E2,1.329331134962E1));
#6988=VERTEX_POINT('',#6987);
#6989=CARTESIAN_POINT('',(8.846156703429E1,1.320764649773E2,1.264229396562E1));
#6990=CARTESIAN_POINT('',(1.074667713788E2,1.351455356387E2,1.291415924978E1));
#6991=VERTEX_POINT('',#6989);
#6992=VERTEX_POINT('',#6990);
#6993=CARTESIAN_POINT('',(1.074667713788E2,1.365776716693E2,1.304102112814E1));
#6994=VERTEX_POINT('',#6993);
#6995=CARTESIAN_POINT('',(8.809664704292E1,1.350224543322E2,1.290325642673E1));
#6996=VERTEX_POINT('',#6995);
#6997=VERTEX_POINT('',#753);
#6998=VERTEX_POINT('',#763);
#6999=VERTEX_POINT('',#777);
#7000=VERTEX_POINT('',#787);
#7001=VERTEX_POINT('',#801);
#7002=VERTEX_POINT('',#811);
#7003=CARTESIAN_POINT('',(1.096763713788E2,7.717165249502E1,6.222539674442E0));
#7004=VERTEX_POINT('',#7003);
#7005=CARTESIAN_POINT('',(1.088763713788E2,7.717165249502E1,5.656854249492E0));
#7006=VERTEX_POINT('',#7005);
#7007=CARTESIAN_POINT('',(1.096763713788E2,8.000007961977E1,3.394112549695E0));
#7008=CARTESIAN_POINT('',(1.096763713788E2,7.773733791997E1,5.656854249491E0));
#7009=VERTEX_POINT('',#7007);
#7010=VERTEX_POINT('',#7008);
#7011=CARTESIAN_POINT('',(1.088763713788E2,8.000007961977E1,2.828427124746E0));
#7012=VERTEX_POINT('',#7011);
#7013=CARTESIAN_POINT('',(1.096763713788E2,8.282850674452E1,5.656854249483E-1));
#7014=CARTESIAN_POINT('',(1.096763713788E2,8.056576504472E1,2.828427124746E0));
#7015=VERTEX_POINT('',#7013);
#7016=VERTEX_POINT('',#7014);
#7017=CARTESIAN_POINT('',(1.088763713788E2,8.282850674452E1,
-2.948752353404E-13));
#7018=VERTEX_POINT('',#7017);
#7019=CARTESIAN_POINT('',(1.096763713788E2,8.565693386926E1,-2.262741699795E0));
#7020=CARTESIAN_POINT('',(1.096763713788E2,8.339419216947E1,
1.559197215784E-12));
#7021=VERTEX_POINT('',#7019);
#7022=VERTEX_POINT('',#7020);
#7023=CARTESIAN_POINT('',(1.088763713788E2,8.565693386926E1,-2.828427124746E0));
#7024=VERTEX_POINT('',#7023);
#7025=CARTESIAN_POINT('',(1.096763713788E2,1.502257606384E2,-1.236439102395E1));
#7026=VERTEX_POINT('',#7025);
#7027=CARTESIAN_POINT('',(1.096763713788E2,1.450539034889E2,1.187939392394E1));
#7028=VERTEX_POINT('',#7027);
#7029=CARTESIAN_POINT('',(1.096763713788E2,1.502257606384E2,6.707536774457E0));
#7030=CARTESIAN_POINT('',(1.096763713788E2,1.484480160386E2,8.485281374239E0));
#7031=VERTEX_POINT('',#7029);
#7032=VERTEX_POINT('',#7030);
#7033=CARTESIAN_POINT('',(1.096763713788E2,1.502257606384E2,1.026302597401E1));
#7034=VERTEX_POINT('',#7033);
#7035=CARTESIAN_POINT('',(1.096763713788E2,1.393970492394E2,1.187939392395E1));
#7036=VERTEX_POINT('',#7035);
#7037=CARTESIAN_POINT('',(1.096763713788E2,1.422254763642E2,9.050966799181E0));
#7038=CARTESIAN_POINT('',(1.096763713788E2,1.399627346644E2,1.131370849899E1));
#7039=VERTEX_POINT('',#7037);
#7040=VERTEX_POINT('',#7038);
#7041=CARTESIAN_POINT('',(1.096763713788E2,1.444882180640E2,1.131370849897E1));
#7042=VERTEX_POINT('',#7041);
#7043=CARTESIAN_POINT('',(1.096763713788E2,1.450539034889E2,6.222539674435E0));
#7044=CARTESIAN_POINT('',(1.096763713788E2,1.427911617891E2,8.485281374244E0));
#7045=VERTEX_POINT('',#7043);
#7046=VERTEX_POINT('',#7044);
#7047=CARTESIAN_POINT('',(1.096763713788E2,1.450539034889E2,1.074802307404E1));
#7048=VERTEX_POINT('',#7047);
#7049=CARTESIAN_POINT('',(1.096763713788E2,1.473166451887E2,8.485281374231E0));
#7050=VERTEX_POINT('',#7049);
#7051=CARTESIAN_POINT('',(1.096763713788E2,1.478823306137E2,3.394112549688E0));
#7052=CARTESIAN_POINT('',(1.096763713788E2,1.456195889139E2,5.656854249495E0));
#7053=VERTEX_POINT('',#7051);
#7054=VERTEX_POINT('',#7052);
#7055=CARTESIAN_POINT('',(1.096763713788E2,1.478823306137E2,7.919595949291E0));
#7056=VERTEX_POINT('',#7055);
#7057=CARTESIAN_POINT('',(1.096763713788E2,1.501450723135E2,5.656854249483E0));
#7058=VERTEX_POINT('',#7057);
#7059=CARTESIAN_POINT('',(1.096763713788E2,1.502257606384E2,1.050682524963E0));
#7060=CARTESIAN_POINT('',(1.096763713788E2,1.484480160386E2,2.828427124746E0));
#7061=VERTEX_POINT('',#7059);
#7062=VERTEX_POINT('',#7060);
#7063=CARTESIAN_POINT('',(1.096763713788E2,1.502257606384E2,4.606171724522E0));
#7064=VERTEX_POINT('',#7063);
#7065=CARTESIAN_POINT('',(1.096763713788E2,1.502257606384E2,1.236439102394E1));
#7066=VERTEX_POINT('',#7065);
#7067=CARTESIAN_POINT('',(1.096763713788E2,1.478823306137E2,1.357645019879E1));
#7068=CARTESIAN_POINT('',(1.096763713788E2,1.501450723135E2,1.131370849898E1));
#7069=VERTEX_POINT('',#7067);
#7070=VERTEX_POINT('',#7068);
#7071=CARTESIAN_POINT('',(1.096763713788E2,1.478823306137E2,9.050966799181E0));
#7072=VERTEX_POINT('',#7071);
#7073=CARTESIAN_POINT('',(1.096763713788E2,1.456195889139E2,1.131370849899E1));
#7074=VERTEX_POINT('',#7073);
#7075=CARTESIAN_POINT('',(1.096763713788E2,1.337401949899E2,1.187939392394E1));
#7076=VERTEX_POINT('',#7075);
#7077=CARTESIAN_POINT('',(1.096763713788E2,1.365686221147E2,9.050966799181E0));
#7078=CARTESIAN_POINT('',(1.096763713788E2,1.343058804149E2,1.131370849899E1));
#7079=VERTEX_POINT('',#7077);
#7080=VERTEX_POINT('',#7078);
#7081=CARTESIAN_POINT('',(1.096763713788E2,1.388313638145E2,1.131370849897E1));
#7082=VERTEX_POINT('',#7081);
#7083=CARTESIAN_POINT('',(1.096763713788E2,1.393970492394E2,6.222539674435E0));
#7084=CARTESIAN_POINT('',(1.096763713788E2,1.371343075396E2,8.485281374244E0));
#7085=VERTEX_POINT('',#7083);
#7086=VERTEX_POINT('',#7084);
#7087=CARTESIAN_POINT('',(1.096763713788E2,1.393970492394E2,1.074802307404E1));
#7088=VERTEX_POINT('',#7087);
#7089=CARTESIAN_POINT('',(1.096763713788E2,1.416597909392E2,8.485281374231E0));
#7090=VERTEX_POINT('',#7089);
#7091=CARTESIAN_POINT('',(1.096763713788E2,1.422254763642E2,3.394112549687E0));
#7092=CARTESIAN_POINT('',(1.096763713788E2,1.399627346644E2,5.656854249495E0));
#7093=VERTEX_POINT('',#7091);
#7094=VERTEX_POINT('',#7092);
#7095=CARTESIAN_POINT('',(1.096763713788E2,1.422254763642E2,7.919595949291E0));
#7096=VERTEX_POINT('',#7095);
#7097=CARTESIAN_POINT('',(1.096763713788E2,1.444882180640E2,5.656854249483E0));
#7098=VERTEX_POINT('',#7097);
#7099=CARTESIAN_POINT('',(1.096763713788E2,1.450539034889E2,5.656854249412E-1));
#7100=CARTESIAN_POINT('',(1.096763713788E2,1.427911617891E2,2.828427124748E0));
#7101=VERTEX_POINT('',#7099);
#7102=VERTEX_POINT('',#7100);
#7103=CARTESIAN_POINT('',(1.096763713788E2,1.450539034889E2,5.091168824543E0));
#7104=VERTEX_POINT('',#7103);
#7105=CARTESIAN_POINT('',(1.096763713788E2,1.473166451887E2,2.828427124736E0));
#7106=VERTEX_POINT('',#7105);
#7107=CARTESIAN_POINT('',(1.096763713788E2,1.478823306137E2,-2.262741699798E0));
#7108=CARTESIAN_POINT('',(1.096763713788E2,1.456195889139E2,
9.888978524941E-12));
#7109=VERTEX_POINT('',#7107);
#7110=VERTEX_POINT('',#7108);
#7111=CARTESIAN_POINT('',(1.096763713788E2,1.478823306137E2,2.262741699798E0));
#7112=VERTEX_POINT('',#7111);
#7113=CARTESIAN_POINT('',(1.096763713788E2,1.501450723135E2,
-9.828138303192E-12));
#7114=VERTEX_POINT('',#7113);
#7115=CARTESIAN_POINT('',(1.096763713788E2,1.502257606384E2,-4.606171724518E0));
#7116=CARTESIAN_POINT('',(1.096763713788E2,1.484480160386E2,-2.828427124738E0));
#7117=VERTEX_POINT('',#7115);
#7118=VERTEX_POINT('',#7116);
#7119=CARTESIAN_POINT('',(1.096763713788E2,1.502257606384E2,-1.050682524960E0));
#7120=VERTEX_POINT('',#7119);
#7121=CARTESIAN_POINT('',(1.096763713788E2,1.280833407405E2,1.187939392392E1));
#7122=VERTEX_POINT('',#7121);
#7123=CARTESIAN_POINT('',(1.096763713788E2,1.309117678652E2,9.050966799180E0));
#7124=CARTESIAN_POINT('',(1.096763713788E2,1.286490261654E2,1.131370849897E1));
#7125=VERTEX_POINT('',#7123);
#7126=VERTEX_POINT('',#7124);
#7127=CARTESIAN_POINT('',(1.096763713788E2,1.331745095650E2,1.131370849898E1));
#7128=VERTEX_POINT('',#7127);
#7129=CARTESIAN_POINT('',(1.096763713788E2,1.337401949899E2,6.222539674458E0));
#7130=CARTESIAN_POINT('',(1.096763713788E2,1.314774532902E2,8.485281374260E0));
#7131=VERTEX_POINT('',#7129);
#7132=VERTEX_POINT('',#7130);
#7133=CARTESIAN_POINT('',(1.096763713788E2,1.337401949899E2,1.074802307404E1));
#7134=VERTEX_POINT('',#7133);
#7135=CARTESIAN_POINT('',(1.096763713788E2,1.360029366897E2,8.485281374231E0));
#7136=VERTEX_POINT('',#7135);
#7137=CARTESIAN_POINT('',(1.096763713788E2,1.365686221147E2,3.394112549687E0));
#7138=CARTESIAN_POINT('',(1.096763713788E2,1.343058804149E2,5.656854249495E0));
#7139=VERTEX_POINT('',#7137);
#7140=VERTEX_POINT('',#7138);
#7141=CARTESIAN_POINT('',(1.096763713788E2,1.365686221147E2,7.919595949291E0));
#7142=VERTEX_POINT('',#7141);
#7143=CARTESIAN_POINT('',(1.096763713788E2,1.388313638145E2,5.656854249483E0));
#7144=VERTEX_POINT('',#7143);
#7145=CARTESIAN_POINT('',(1.096763713788E2,1.393970492394E2,5.656854249405E-1));
#7146=CARTESIAN_POINT('',(1.096763713788E2,1.371343075396E2,2.828427124748E0));
#7147=VERTEX_POINT('',#7145);
#7148=VERTEX_POINT('',#7146);
#7149=CARTESIAN_POINT('',(1.096763713788E2,1.393970492394E2,5.091168824544E0));
#7150=VERTEX_POINT('',#7149);
#7151=CARTESIAN_POINT('',(1.096763713788E2,1.416597909392E2,2.828427124736E0));
#7152=VERTEX_POINT('',#7151);
#7153=CARTESIAN_POINT('',(1.096763713788E2,1.422254763642E2,-2.262741699799E0));
#7154=CARTESIAN_POINT('',(1.096763713788E2,1.399627346644E2,
8.469669410260E-12));
#7155=VERTEX_POINT('',#7153);
#7156=VERTEX_POINT('',#7154);
#7157=CARTESIAN_POINT('',(1.096763713788E2,1.422254763642E2,2.262741699796E0));
#7158=VERTEX_POINT('',#7157);
#7159=CARTESIAN_POINT('',(1.096763713788E2,1.444882180640E2,
-1.071143174158E-11));
#7160=VERTEX_POINT('',#7159);
#7161=CARTESIAN_POINT('',(1.096763713788E2,1.450539034889E2,-5.091168824551E0));
#7162=CARTESIAN_POINT('',(1.096763713788E2,1.427911617891E2,-2.828427124743E0));
#7163=VERTEX_POINT('',#7161);
#7164=VERTEX_POINT('',#7162);
#7165=CARTESIAN_POINT('',(1.096763713788E2,1.450539034889E2,
-5.656854249421E-1));
#7166=VERTEX_POINT('',#7165);
#7167=CARTESIAN_POINT('',(1.096763713788E2,1.473166451887E2,-2.828427124750E0));
#7168=VERTEX_POINT('',#7167);
#7169=CARTESIAN_POINT('',(1.096763713788E2,1.478823306137E2,-7.919595949283E0));
#7170=CARTESIAN_POINT('',(1.096763713788E2,1.456195889139E2,-5.656854249482E0));
#7171=VERTEX_POINT('',#7169);
#7172=VERTEX_POINT('',#7170);
#7173=CARTESIAN_POINT('',(1.096763713788E2,1.478823306137E2,-3.394112549694E0));
#7174=VERTEX_POINT('',#7173);
#7175=CARTESIAN_POINT('',(1.096763713788E2,1.501450723135E2,-5.656854249495E0));
#7176=VERTEX_POINT('',#7175);
#7177=CARTESIAN_POINT('',(1.096763713788E2,1.502257606384E2,-1.026302597401E1));
#7178=CARTESIAN_POINT('',(1.096763713788E2,1.484480160386E2,-8.485281374237E0));
#7179=VERTEX_POINT('',#7177);
#7180=VERTEX_POINT('',#7178);
#7181=CARTESIAN_POINT('',(1.096763713788E2,1.502257606384E2,-6.707536774459E0));
#7182=VERTEX_POINT('',#7181);
#7183=CARTESIAN_POINT('',(1.096763713788E2,1.252549136157E2,9.050966799181E0));
#7184=CARTESIAN_POINT('',(1.096763713788E2,1.229921719159E2,1.131370849899E1));
#7185=VERTEX_POINT('',#7183);
#7186=VERTEX_POINT('',#7184);
#7187=CARTESIAN_POINT('',(1.096763713788E2,1.275176553155E2,1.131370849897E1));
#7188=VERTEX_POINT('',#7187);
#7189=CARTESIAN_POINT('',(1.096763713788E2,1.280833407405E2,6.222539674434E0));
#7190=CARTESIAN_POINT('',(1.096763713788E2,1.258205990407E2,8.485281374231E0));
#7191=VERTEX_POINT('',#7189);
#7192=VERTEX_POINT('',#7190);
#7193=CARTESIAN_POINT('',(1.096763713788E2,1.280833407405E2,1.074802307403E1));
#7194=VERTEX_POINT('',#7193);
#7195=CARTESIAN_POINT('',(1.096763713788E2,1.303460824403E2,8.485281374230E0));
#7196=VERTEX_POINT('',#7195);
#7197=CARTESIAN_POINT('',(1.096763713788E2,1.309117678652E2,3.394112549687E0));
#7198=CARTESIAN_POINT('',(1.096763713788E2,1.286490261654E2,5.656854249494E0));
#7199=VERTEX_POINT('',#7197);
#7200=VERTEX_POINT('',#7198);
#7201=CARTESIAN_POINT('',(1.096763713788E2,1.309117678652E2,7.919595949290E0));
#7202=VERTEX_POINT('',#7201);
#7203=CARTESIAN_POINT('',(1.096763713788E2,1.331745095650E2,5.656854249483E0));
#7204=VERTEX_POINT('',#7203);
#7205=CARTESIAN_POINT('',(1.096763713788E2,1.337401949899E2,5.656854249637E-1));
#7206=CARTESIAN_POINT('',(1.096763713788E2,1.314774532902E2,2.828427124765E0));
#7207=VERTEX_POINT('',#7205);
#7208=VERTEX_POINT('',#7206);
#7209=CARTESIAN_POINT('',(1.096763713788E2,1.337401949899E2,5.091168824543E0));
#7210=VERTEX_POINT('',#7209);
#7211=CARTESIAN_POINT('',(1.096763713788E2,1.360029366897E2,2.828427124736E0));
#7212=VERTEX_POINT('',#7211);
#7213=CARTESIAN_POINT('',(1.096763713788E2,1.365686221147E2,-2.262741699800E0));
#7214=CARTESIAN_POINT('',(1.096763713788E2,1.343058804149E2,
8.423040043226E-12));
#7215=VERTEX_POINT('',#7213);
#7216=VERTEX_POINT('',#7214);
#7217=CARTESIAN_POINT('',(1.096763713788E2,1.365686221147E2,2.262741699796E0));
#7218=VERTEX_POINT('',#7217);
#7219=CARTESIAN_POINT('',(1.096763713788E2,1.388313638145E2,
-1.145794570334E-11));
#7220=VERTEX_POINT('',#7219);
#7221=CARTESIAN_POINT('',(1.096763713788E2,1.393970492394E2,-5.091168824551E0));
#7222=CARTESIAN_POINT('',(1.096763713788E2,1.371343075396E2,-2.828427124744E0));
#7223=VERTEX_POINT('',#7221);
#7224=VERTEX_POINT('',#7222);
#7225=CARTESIAN_POINT('',(1.096763713788E2,1.393970492394E2,
-5.656854249436E-1));
#7226=VERTEX_POINT('',#7225);
#7227=CARTESIAN_POINT('',(1.096763713788E2,1.416597909392E2,-2.828427124751E0));
#7228=VERTEX_POINT('',#7227);
#7229=CARTESIAN_POINT('',(1.096763713788E2,1.422254763642E2,-7.919595949291E0));
#7230=CARTESIAN_POINT('',(1.096763713788E2,1.399627346644E2,-5.656854249483E0));
#7231=VERTEX_POINT('',#7229);
#7232=VERTEX_POINT('',#7230);
#7233=CARTESIAN_POINT('',(1.096763713788E2,1.422254763642E2,-3.394112549694E0));
#7234=VERTEX_POINT('',#7233);
#7235=CARTESIAN_POINT('',(1.096763713788E2,1.444882180640E2,-5.656854249502E0));
#7236=VERTEX_POINT('',#7235);
#7237=CARTESIAN_POINT('',(1.096763713788E2,1.450539034889E2,-1.074802307404E1));
#7238=CARTESIAN_POINT('',(1.096763713788E2,1.427911617891E2,-8.485281374237E0));
#7239=VERTEX_POINT('',#7237);
#7240=VERTEX_POINT('',#7238);
#7241=CARTESIAN_POINT('',(1.096763713788E2,1.450539034889E2,-6.222539674435E0));
#7242=VERTEX_POINT('',#7241);
#7243=CARTESIAN_POINT('',(1.096763713788E2,1.473166451887E2,-8.485281374237E0));
#7244=VERTEX_POINT('',#7243);
#7245=CARTESIAN_POINT('',(1.096763713788E2,1.478823306137E2,-1.357645019877E1));
#7246=CARTESIAN_POINT('',(1.096763713788E2,1.456195889139E2,-1.131370849898E1));
#7247=VERTEX_POINT('',#7245);
#7248=VERTEX_POINT('',#7246);
#7249=CARTESIAN_POINT('',(1.096763713788E2,1.478823306137E2,-9.050966799190E0));
#7250=VERTEX_POINT('',#7249);
#7251=CARTESIAN_POINT('',(1.096763713788E2,1.501450723135E2,-1.131370849898E1));
#7252=VERTEX_POINT('',#7251);
#7253=CARTESIAN_POINT('',(1.096763713788E2,1.450539034889E2,-1.187939392395E1));
#7254=VERTEX_POINT('',#7253);
#7255=CARTESIAN_POINT('',(1.096763713788E2,1.195980593662E2,9.050966799188E0));
#7256=CARTESIAN_POINT('',(1.096763713788E2,1.173353176664E2,1.131370849897E1));
#7257=VERTEX_POINT('',#7255);
#7258=VERTEX_POINT('',#7256);
#7259=CARTESIAN_POINT('',(1.096763713788E2,1.218608010660E2,1.131370849899E1));
#7260=VERTEX_POINT('',#7259);
#7261=CARTESIAN_POINT('',(1.096763713788E2,1.224264864910E2,6.222539674435E0));
#7262=CARTESIAN_POINT('',(1.096763713788E2,1.201637447912E2,8.485281374238E0));
#7263=VERTEX_POINT('',#7261);
#7264=VERTEX_POINT('',#7262);
#7265=CARTESIAN_POINT('',(1.096763713788E2,1.224264864910E2,1.074802307404E1));
#7266=VERTEX_POINT('',#7265);
#7267=CARTESIAN_POINT('',(1.096763713788E2,1.246892281908E2,8.485281374231E0));
#7268=VERTEX_POINT('',#7267);
#7269=CARTESIAN_POINT('',(1.096763713788E2,1.252549136157E2,3.394112549686E0));
#7270=CARTESIAN_POINT('',(1.096763713788E2,1.229921719159E2,5.656854249482E0));
#7271=VERTEX_POINT('',#7269);
#7272=VERTEX_POINT('',#7270);
#7273=CARTESIAN_POINT('',(1.096763713788E2,1.252549136157E2,7.919595949277E0));
#7274=VERTEX_POINT('',#7273);
#7275=CARTESIAN_POINT('',(1.096763713788E2,1.275176553155E2,5.656854249482E0));
#7276=VERTEX_POINT('',#7275);
#7277=CARTESIAN_POINT('',(1.096763713788E2,1.280833407405E2,5.656854249404E-1));
#7278=CARTESIAN_POINT('',(1.096763713788E2,1.258205990407E2,2.828427124747E0));
#7279=VERTEX_POINT('',#7277);
#7280=VERTEX_POINT('',#7278);
#7281=CARTESIAN_POINT('',(1.096763713788E2,1.280833407405E2,5.091168824542E0));
#7282=VERTEX_POINT('',#7281);
#7283=CARTESIAN_POINT('',(1.096763713788E2,1.303460824403E2,2.828427124736E0));
#7284=VERTEX_POINT('',#7283);
#7285=CARTESIAN_POINT('',(1.096763713788E2,1.309117678652E2,-2.262741699800E0));
#7286=CARTESIAN_POINT('',(1.096763713788E2,1.286490261654E2,
8.416822794288E-12));
#7287=VERTEX_POINT('',#7285);
#7288=VERTEX_POINT('',#7286);
#7289=CARTESIAN_POINT('',(1.096763713788E2,1.309117678652E2,2.262741699796E0));
#7290=VERTEX_POINT('',#7289);
#7291=CARTESIAN_POINT('',(1.096763713788E2,1.331745095650E2,
-1.140731953342E-11));
#7292=VERTEX_POINT('',#7291);
#7293=CARTESIAN_POINT('',(1.096763713788E2,1.337401949899E2,-5.091168824552E0));
#7294=CARTESIAN_POINT('',(1.096763713788E2,1.314774532901E2,-2.828427124744E0));
#7295=VERTEX_POINT('',#7293);
#7296=VERTEX_POINT('',#7294);
#7297=CARTESIAN_POINT('',(1.096763713788E2,1.337401949899E2,
-5.656854249436E-1));
#7298=VERTEX_POINT('',#7297);
#7299=CARTESIAN_POINT('',(1.096763713788E2,1.360029366897E2,-2.828427124751E0));
#7300=VERTEX_POINT('',#7299);
#7301=CARTESIAN_POINT('',(1.096763713788E2,1.365686221147E2,-7.919595949291E0));
#7302=CARTESIAN_POINT('',(1.096763713788E2,1.343058804149E2,-5.656854249484E0));
#7303=VERTEX_POINT('',#7301);
#7304=VERTEX_POINT('',#7302);
#7305=CARTESIAN_POINT('',(1.096763713788E2,1.365686221147E2,-3.394112549696E0));
#7306=VERTEX_POINT('',#7305);
#7307=CARTESIAN_POINT('',(1.096763713788E2,1.388313638145E2,-5.656854249503E0));
#7308=VERTEX_POINT('',#7307);
#7309=CARTESIAN_POINT('',(1.096763713788E2,1.393970492394E2,-1.074802307404E1));
#7310=CARTESIAN_POINT('',(1.096763713788E2,1.371343075396E2,-8.485281374237E0));
#7311=VERTEX_POINT('',#7309);
#7312=VERTEX_POINT('',#7310);
#7313=CARTESIAN_POINT('',(1.096763713788E2,1.393970492394E2,-6.222539674435E0));
#7314=VERTEX_POINT('',#7313);
#7315=CARTESIAN_POINT('',(1.096763713788E2,1.416597909392E2,-8.485281374243E0));
#7316=VERTEX_POINT('',#7315);
#7317=CARTESIAN_POINT('',(1.096763713788E2,1.399627346644E2,-1.131370849897E1));
#7318=VERTEX_POINT('',#7317);
#7319=CARTESIAN_POINT('',(1.096763713788E2,1.422254763642E2,-9.050966799185E0));
#7320=VERTEX_POINT('',#7319);
#7321=CARTESIAN_POINT('',(1.096763713788E2,1.444882180640E2,-1.131370849898E1));
#7322=VERTEX_POINT('',#7321);
#7323=CARTESIAN_POINT('',(1.096763713788E2,1.393970492394E2,-1.187939392394E1));
#7324=VERTEX_POINT('',#7323);
#7325=CARTESIAN_POINT('',(1.096763713788E2,1.139412051167E2,9.050966799198E0));
#7326=VERTEX_POINT('',#7325);
#7327=CARTESIAN_POINT('',(1.096763713788E2,1.167696322415E2,6.222539674442E0));
#7328=CARTESIAN_POINT('',(1.096763713788E2,1.145068905417E2,8.485281374234E0));
#7329=VERTEX_POINT('',#7327);
#7330=VERTEX_POINT('',#7328);
#7331=CARTESIAN_POINT('',(1.096763713788E2,1.167696322415E2,1.074802307404E1));
#7332=VERTEX_POINT('',#7331);
#7333=CARTESIAN_POINT('',(1.096763713788E2,1.190323739413E2,8.485281374252E0));
#7334=VERTEX_POINT('',#7333);
#7335=CARTESIAN_POINT('',(1.096763713788E2,1.195980593662E2,3.394112549687E0));
#7336=CARTESIAN_POINT('',(1.096763713788E2,1.173353176664E2,5.656854249489E0));
#7337=VERTEX_POINT('',#7335);
#7338=VERTEX_POINT('',#7336);
#7339=CARTESIAN_POINT('',(1.096763713788E2,1.195980593662E2,7.919595949298E0));
#7340=VERTEX_POINT('',#7339);
#7341=CARTESIAN_POINT('',(1.096763713788E2,1.218608010660E2,5.656854249496E0));
#7342=VERTEX_POINT('',#7341);
#7343=CARTESIAN_POINT('',(1.096763713788E2,1.224264864910E2,5.656854249393E-1));
#7344=CARTESIAN_POINT('',(1.096763713788E2,1.201637447912E2,2.828427124735E0));
#7345=VERTEX_POINT('',#7343);
#7346=VERTEX_POINT('',#7344);
#7347=CARTESIAN_POINT('',(1.096763713788E2,1.224264864910E2,5.091168824543E0));
#7348=VERTEX_POINT('',#7347);
#7349=CARTESIAN_POINT('',(1.096763713788E2,1.246892281908E2,2.828427124748E0));
#7350=VERTEX_POINT('',#7349);
#7351=CARTESIAN_POINT('',(1.096763713788E2,1.252549136157E2,-2.262741699800E0));
#7352=CARTESIAN_POINT('',(1.096763713788E2,1.229921719159E2,
7.454481476543E-12));
#7353=VERTEX_POINT('',#7351);
#7354=VERTEX_POINT('',#7352);
#7355=CARTESIAN_POINT('',(1.096763713788E2,1.252549136157E2,2.262741699809E0));
#7356=VERTEX_POINT('',#7355);
#7357=CARTESIAN_POINT('',(1.096763713788E2,1.275176553155E2,
1.874500554777E-12));
#7358=VERTEX_POINT('',#7357);
#7359=CARTESIAN_POINT('',(1.096763713788E2,1.280833407405E2,-5.091168824552E0));
#7360=CARTESIAN_POINT('',(1.096763713788E2,1.258205990407E2,-2.828427124744E0));
#7361=VERTEX_POINT('',#7359);
#7362=VERTEX_POINT('',#7360);
#7363=CARTESIAN_POINT('',(1.096763713788E2,1.280833407405E2,
-5.656854249436E-1));
#7364=VERTEX_POINT('',#7363);
#7365=CARTESIAN_POINT('',(1.096763713788E2,1.303460824403E2,-2.828427124751E0));
#7366=VERTEX_POINT('',#7365);
#7367=CARTESIAN_POINT('',(1.096763713788E2,1.309117678652E2,-7.919595949292E0));
#7368=CARTESIAN_POINT('',(1.096763713788E2,1.286490261654E2,-5.656854249484E0));
#7369=VERTEX_POINT('',#7367);
#7370=VERTEX_POINT('',#7368);
#7371=CARTESIAN_POINT('',(1.096763713788E2,1.309117678652E2,-3.394112549696E0));
#7372=VERTEX_POINT('',#7371);
#7373=CARTESIAN_POINT('',(1.096763713788E2,1.331745095650E2,-5.656854249504E0));
#7374=VERTEX_POINT('',#7373);
#7375=CARTESIAN_POINT('',(1.096763713788E2,1.337401949899E2,-1.074802307405E1));
#7376=CARTESIAN_POINT('',(1.096763713788E2,1.314774532901E2,-8.485281374239E0));
#7377=VERTEX_POINT('',#7375);
#7378=VERTEX_POINT('',#7376);
#7379=CARTESIAN_POINT('',(1.096763713788E2,1.337401949899E2,-6.222539674437E0));
#7380=VERTEX_POINT('',#7379);
#7381=CARTESIAN_POINT('',(1.096763713788E2,1.360029366897E2,-8.485281374245E0));
#7382=VERTEX_POINT('',#7381);
#7383=CARTESIAN_POINT('',(1.096763713788E2,1.343058804149E2,-1.131370849898E1));
#7384=VERTEX_POINT('',#7383);
#7385=CARTESIAN_POINT('',(1.096763713788E2,1.365686221147E2,-9.050966799187E0));
#7386=VERTEX_POINT('',#7385);
#7387=CARTESIAN_POINT('',(1.096763713788E2,1.388313638145E2,-1.131370849899E1));
#7388=VERTEX_POINT('',#7387);
#7389=CARTESIAN_POINT('',(1.096763713788E2,1.337401949899E2,-1.187939392391E1));
#7390=VERTEX_POINT('',#7389);
#7391=CARTESIAN_POINT('',(1.096763713788E2,1.082843508672E2,9.050966799185E0));
#7392=VERTEX_POINT('',#7391);
#7393=CARTESIAN_POINT('',(1.096763713788E2,1.111127779920E2,6.222539674435E0));
#7394=CARTESIAN_POINT('',(1.096763713788E2,1.088500362922E2,8.485281374233E0));
#7395=VERTEX_POINT('',#7393);
#7396=VERTEX_POINT('',#7394);
#7397=CARTESIAN_POINT('',(1.096763713788E2,1.111127779920E2,1.074802307404E1));
#7398=VERTEX_POINT('',#7397);
#7399=CARTESIAN_POINT('',(1.096763713788E2,1.133755196918E2,8.485281374245E0));
#7400=VERTEX_POINT('',#7399);
#7401=CARTESIAN_POINT('',(1.096763713788E2,1.139412051167E2,3.394112549694E0));
#7402=CARTESIAN_POINT('',(1.096763713788E2,1.116784634169E2,5.656854249485E0));
#7403=VERTEX_POINT('',#7401);
#7404=VERTEX_POINT('',#7402);
#7405=CARTESIAN_POINT('',(1.096763713788E2,1.139412051167E2,7.919595949294E0));
#7406=VERTEX_POINT('',#7405);
#7407=CARTESIAN_POINT('',(1.096763713788E2,1.162039468165E2,5.656854249503E0));
#7408=VERTEX_POINT('',#7407);
#7409=CARTESIAN_POINT('',(1.096763713788E2,1.167696322415E2,5.656854249404E-1));
#7410=CARTESIAN_POINT('',(1.096763713788E2,1.145068905417E2,2.828427124742E0));
#7411=VERTEX_POINT('',#7409);
#7412=VERTEX_POINT('',#7410);
#7413=CARTESIAN_POINT('',(1.096763713788E2,1.167696322415E2,5.091168824551E0));
#7414=VERTEX_POINT('',#7413);
#7415=CARTESIAN_POINT('',(1.096763713788E2,1.190323739413E2,2.828427124749E0));
#7416=VERTEX_POINT('',#7415);
#7417=CARTESIAN_POINT('',(1.096763713788E2,1.195980593662E2,-2.262741699801E0));
#7418=CARTESIAN_POINT('',(1.096763713788E2,1.173353176664E2,
-4.910294393312E-12));
#7419=VERTEX_POINT('',#7417);
#7420=VERTEX_POINT('',#7418);
#7421=CARTESIAN_POINT('',(1.096763713788E2,1.195980593662E2,2.262741699796E0));
#7422=VERTEX_POINT('',#7421);
#7423=CARTESIAN_POINT('',(1.096763713788E2,1.218608010660E2,
8.051337374582E-13));
#7424=VERTEX_POINT('',#7423);
#7425=CARTESIAN_POINT('',(1.096763713788E2,1.224264864910E2,-5.091168824552E0));
#7426=CARTESIAN_POINT('',(1.096763713788E2,1.201637447912E2,-2.828427124745E0));
#7427=VERTEX_POINT('',#7425);
#7428=VERTEX_POINT('',#7426);
#7429=CARTESIAN_POINT('',(1.096763713788E2,1.224264864910E2,
-5.656854249446E-1));
#7430=VERTEX_POINT('',#7429);
#7431=CARTESIAN_POINT('',(1.096763713788E2,1.246892281908E2,-2.828427124751E0));
#7432=VERTEX_POINT('',#7431);
#7433=CARTESIAN_POINT('',(1.096763713788E2,1.252549136157E2,-7.919595949292E0));
#7434=CARTESIAN_POINT('',(1.096763713788E2,1.229921719159E2,-5.656854249484E0));
#7435=VERTEX_POINT('',#7433);
#7436=VERTEX_POINT('',#7434);
#7437=CARTESIAN_POINT('',(1.096763713788E2,1.252549136157E2,-3.394112549683E0));
#7438=VERTEX_POINT('',#7437);
#7439=CARTESIAN_POINT('',(1.096763713788E2,1.275176553155E2,-5.656854249491E0));
#7440=VERTEX_POINT('',#7439);
#7441=CARTESIAN_POINT('',(1.096763713788E2,1.280833407405E2,-1.074802307405E1));
#7442=CARTESIAN_POINT('',(1.096763713788E2,1.258205990407E2,-8.485281374239E0));
#7443=VERTEX_POINT('',#7441);
#7444=VERTEX_POINT('',#7442);
#7445=CARTESIAN_POINT('',(1.096763713788E2,1.280833407405E2,-6.222539674437E0));
#7446=VERTEX_POINT('',#7445);
#7447=CARTESIAN_POINT('',(1.096763713788E2,1.303460824403E2,-8.485281374245E0));
#7448=VERTEX_POINT('',#7447);
#7449=CARTESIAN_POINT('',(1.096763713788E2,1.286490261654E2,-1.131370849897E1));
#7450=VERTEX_POINT('',#7449);
#7451=CARTESIAN_POINT('',(1.096763713788E2,1.309117678652E2,-9.050966799188E0));
#7452=VERTEX_POINT('',#7451);
#7453=CARTESIAN_POINT('',(1.096763713788E2,1.331745095650E2,-1.131370849900E1));
#7454=VERTEX_POINT('',#7453);
#7455=CARTESIAN_POINT('',(1.096763713788E2,1.280833407405E2,-1.187939392394E1));
#7456=VERTEX_POINT('',#7455);
#7457=CARTESIAN_POINT('',(1.096763713788E2,1.026274966177E2,9.050966799207E0));
#7458=VERTEX_POINT('',#7457);
#7459=CARTESIAN_POINT('',(1.096763713788E2,1.054559237425E2,6.222539674447E0));
#7460=CARTESIAN_POINT('',(1.096763713788E2,1.031931820427E2,8.485281374249E0));
#7461=VERTEX_POINT('',#7459);
#7462=VERTEX_POINT('',#7460);
#7463=CARTESIAN_POINT('',(1.096763713788E2,1.077186654423E2,8.485281374245E0));
#7464=VERTEX_POINT('',#7463);
#7465=CARTESIAN_POINT('',(1.096763713788E2,1.082843508672E2,3.394112549701E0));
#7466=CARTESIAN_POINT('',(1.096763713788E2,1.060216091674E2,5.656854249497E0));
#7467=VERTEX_POINT('',#7465);
#7468=VERTEX_POINT('',#7466);
#7469=CARTESIAN_POINT('',(1.096763713788E2,1.082843508672E2,7.919595949292E0));
#7470=VERTEX_POINT('',#7469);
#7471=CARTESIAN_POINT('',(1.096763713788E2,1.105470925670E2,5.656854249496E0));
#7472=VERTEX_POINT('',#7471);
#7473=CARTESIAN_POINT('',(1.096763713788E2,1.111127779920E2,5.656854249609E-1));
#7474=CARTESIAN_POINT('',(1.096763713788E2,1.088500362922E2,2.828427124752E0));
#7475=VERTEX_POINT('',#7473);
#7476=VERTEX_POINT('',#7474);
#7477=CARTESIAN_POINT('',(1.096763713788E2,1.111127779920E2,5.091168824547E0));
#7478=VERTEX_POINT('',#7477);
#7479=CARTESIAN_POINT('',(1.096763713788E2,1.133755196918E2,2.828427124756E0));
#7480=VERTEX_POINT('',#7479);
#7481=CARTESIAN_POINT('',(1.096763713788E2,1.139412051167E2,-2.262741699800E0));
#7482=CARTESIAN_POINT('',(1.096763713788E2,1.116784634169E2,
2.346123295638E-12));
#7483=VERTEX_POINT('',#7481);
#7484=VERTEX_POINT('',#7482);
#7485=CARTESIAN_POINT('',(1.096763713788E2,1.139412051167E2,2.262741699804E0));
#7486=VERTEX_POINT('',#7485);
#7487=CARTESIAN_POINT('',(1.096763713788E2,1.162039468165E2,
1.868283305839E-12));
#7488=VERTEX_POINT('',#7487);
#7489=CARTESIAN_POINT('',(1.096763713788E2,1.167696322415E2,-5.091168824553E0));
#7490=CARTESIAN_POINT('',(1.096763713788E2,1.145068905417E2,-2.828427124758E0));
#7491=VERTEX_POINT('',#7489);
#7492=VERTEX_POINT('',#7490);
#7493=CARTESIAN_POINT('',(1.096763713788E2,1.167696322415E2,
-5.656854249569E-1));
#7494=VERTEX_POINT('',#7493);
#7495=CARTESIAN_POINT('',(1.096763713788E2,1.190323739413E2,-2.828427124752E0));
#7496=VERTEX_POINT('',#7495);
#7497=CARTESIAN_POINT('',(1.096763713788E2,1.195980593662E2,-7.919595949292E0));
#7498=CARTESIAN_POINT('',(1.096763713788E2,1.173353176664E2,-5.656854249485E0));
#7499=VERTEX_POINT('',#7497);
#7500=VERTEX_POINT('',#7498);
#7501=CARTESIAN_POINT('',(1.096763713788E2,1.195980593662E2,-3.394112549684E0));
#7502=VERTEX_POINT('',#7501);
#7503=CARTESIAN_POINT('',(1.096763713788E2,1.218608010660E2,-5.656854249491E0));
#7504=VERTEX_POINT('',#7503);
#7505=CARTESIAN_POINT('',(1.096763713788E2,1.224264864910E2,-1.074802307405E1));
#7506=CARTESIAN_POINT('',(1.096763713788E2,1.201637447912E2,-8.485281374239E0));
#7507=VERTEX_POINT('',#7505);
#7508=VERTEX_POINT('',#7506);
#7509=CARTESIAN_POINT('',(1.096763713788E2,1.224264864910E2,-6.222539674437E0));
#7510=VERTEX_POINT('',#7509);
#7511=CARTESIAN_POINT('',(1.096763713788E2,1.246892281908E2,-8.485281374245E0));
#7512=VERTEX_POINT('',#7511);
#7513=CARTESIAN_POINT('',(1.096763713788E2,1.229921719159E2,-1.131370849898E1));
#7514=VERTEX_POINT('',#7513);
#7515=CARTESIAN_POINT('',(1.096763713788E2,1.252549136157E2,-9.050966799175E0));
#7516=VERTEX_POINT('',#7515);
#7517=CARTESIAN_POINT('',(1.096763713788E2,1.275176553155E2,-1.131370849898E1));
#7518=VERTEX_POINT('',#7517);
#7519=CARTESIAN_POINT('',(1.096763713788E2,9.697064236825E1,9.050966799185E0));
#7520=VERTEX_POINT('',#7519);
#7521=CARTESIAN_POINT('',(1.096763713788E2,9.979906949299E1,6.222539674442E0));
#7522=CARTESIAN_POINT('',(1.096763713788E2,9.753632779320E1,8.485281374239E0));
#7523=VERTEX_POINT('',#7521);
#7524=VERTEX_POINT('',#7522);
#7525=CARTESIAN_POINT('',(1.096763713788E2,1.020618111928E2,8.485281374236E0));
#7526=VERTEX_POINT('',#7525);
#7527=CARTESIAN_POINT('',(1.096763713788E2,1.026274966177E2,3.394112549694E0));
#7528=CARTESIAN_POINT('',(1.096763713788E2,1.003647549179E2,5.656854249491E0));
#7529=VERTEX_POINT('',#7527);
#7530=VERTEX_POINT('',#7528);
#7531=CARTESIAN_POINT('',(1.096763713788E2,1.026274966177E2,7.919595949292E0));
#7532=VERTEX_POINT('',#7531);
#7533=CARTESIAN_POINT('',(1.096763713788E2,1.048902383175E2,5.656854249495E0));
#7534=VERTEX_POINT('',#7533);
#7535=CARTESIAN_POINT('',(1.096763713788E2,1.054559237425E2,5.656854249478E-1));
#7536=CARTESIAN_POINT('',(1.096763713788E2,1.031931820427E2,2.828427124744E0));
#7537=VERTEX_POINT('',#7535);
#7538=VERTEX_POINT('',#7536);
#7539=CARTESIAN_POINT('',(1.096763713788E2,1.054559237425E2,5.091168824545E0));
#7540=VERTEX_POINT('',#7539);
#7541=CARTESIAN_POINT('',(1.096763713788E2,1.077186654423E2,2.828427124749E0));
#7542=VERTEX_POINT('',#7541);
#7543=CARTESIAN_POINT('',(1.096763713788E2,1.082843508672E2,-2.262741699793E0));
#7544=CARTESIAN_POINT('',(1.096763713788E2,1.060216091674E2,
-1.709299368713E-12));
#7545=VERTEX_POINT('',#7543);
#7546=VERTEX_POINT('',#7544);
#7547=CARTESIAN_POINT('',(1.096763713788E2,1.082843508672E2,2.262741699800E0));
#7548=VERTEX_POINT('',#7547);
#7549=CARTESIAN_POINT('',(1.096763713788E2,1.105470925670E2,
8.940848061911E-12));
#7550=VERTEX_POINT('',#7549);
#7551=CARTESIAN_POINT('',(1.096763713788E2,1.111127779920E2,-5.091168824539E0));
#7552=CARTESIAN_POINT('',(1.096763713788E2,1.088500362922E2,-2.828427124737E0));
#7553=VERTEX_POINT('',#7551);
#7554=VERTEX_POINT('',#7552);
#7555=CARTESIAN_POINT('',(1.096763713788E2,1.111127779920E2,
-5.656854249497E-1));
#7556=VERTEX_POINT('',#7555);
#7557=CARTESIAN_POINT('',(1.096763713788E2,1.133755196918E2,-2.828427124751E0));
#7558=VERTEX_POINT('',#7557);
#7559=CARTESIAN_POINT('',(1.096763713788E2,1.139412051167E2,-7.919595949293E0));
#7560=CARTESIAN_POINT('',(1.096763713788E2,1.116784634169E2,-5.656854249497E0));
#7561=VERTEX_POINT('',#7559);
#7562=VERTEX_POINT('',#7560);
#7563=CARTESIAN_POINT('',(1.096763713788E2,1.139412051167E2,-3.394112549696E0));
#7564=VERTEX_POINT('',#7563);
#7565=CARTESIAN_POINT('',(1.096763713788E2,1.162039468165E2,-5.656854249492E0));
#7566=VERTEX_POINT('',#7565);
#7567=CARTESIAN_POINT('',(1.096763713788E2,1.167696322415E2,-1.074802307405E1));
#7568=CARTESIAN_POINT('',(1.096763713788E2,1.145068905417E2,-8.485281374240E0));
#7569=VERTEX_POINT('',#7567);
#7570=VERTEX_POINT('',#7568);
#7571=CARTESIAN_POINT('',(1.096763713788E2,1.167696322415E2,-6.222539674438E0));
#7572=VERTEX_POINT('',#7571);
#7573=CARTESIAN_POINT('',(1.096763713788E2,1.190323739413E2,-8.485281374245E0));
#7574=VERTEX_POINT('',#7573);
#7575=CARTESIAN_POINT('',(1.096763713788E2,1.139412051167E2,-9.050966799178E0));
#7576=VERTEX_POINT('',#7575);
#7577=CARTESIAN_POINT('',(1.096763713788E2,1.173353176664E2,-1.131370849897E1));
#7578=VERTEX_POINT('',#7577);
#7579=CARTESIAN_POINT('',(1.096763713788E2,1.195980593662E2,-9.050966799175E0));
#7580=VERTEX_POINT('',#7579);
#7581=CARTESIAN_POINT('',(1.096763713788E2,1.218608010660E2,-1.131370849899E1));
#7582=VERTEX_POINT('',#7581);
#7583=CARTESIAN_POINT('',(1.096763713788E2,9.414221524350E1,6.222539674439E0));
#7584=CARTESIAN_POINT('',(1.096763713788E2,9.187947354370E1,8.485281374235E0));
#7585=VERTEX_POINT('',#7583);
#7586=VERTEX_POINT('',#7584);
#7587=CARTESIAN_POINT('',(1.096763713788E2,9.640495694330E1,8.485281374235E0));
#7588=VERTEX_POINT('',#7587);
#7589=CARTESIAN_POINT('',(1.096763713788E2,9.697064236825E1,3.394112549692E0));
#7590=CARTESIAN_POINT('',(1.096763713788E2,9.470790066845E1,5.656854249490E0));
#7591=VERTEX_POINT('',#7589);
#7592=VERTEX_POINT('',#7590);
#7593=CARTESIAN_POINT('',(1.096763713788E2,9.697064236824E1,7.919595949285E0));
#7594=VERTEX_POINT('',#7593);
#7595=CARTESIAN_POINT('',(1.096763713788E2,9.923338406804E1,5.656854249487E0));
#7596=VERTEX_POINT('',#7595);
#7597=CARTESIAN_POINT('',(1.096763713788E2,9.979906949299E1,5.656854249489E-1));
#7598=CARTESIAN_POINT('',(1.096763713788E2,9.753632779320E1,2.828427124745E0));
#7599=VERTEX_POINT('',#7597);
#7600=VERTEX_POINT('',#7598);
#7601=CARTESIAN_POINT('',(1.096763713788E2,9.979906949299E1,5.091168824539E0));
#7602=VERTEX_POINT('',#7601);
#7603=CARTESIAN_POINT('',(1.096763713788E2,1.020618111928E2,2.828427124742E0));
#7604=VERTEX_POINT('',#7603);
#7605=CARTESIAN_POINT('',(1.096763713788E2,1.026274966177E2,-2.262741699799E0));
#7606=CARTESIAN_POINT('',(1.096763713788E2,1.003647549179E2,
-3.042011087473E-12));
#7607=VERTEX_POINT('',#7605);
#7608=VERTEX_POINT('',#7606);
#7609=CARTESIAN_POINT('',(1.096763713788E2,1.026274966177E2,2.262741699792E0));
#7610=VERTEX_POINT('',#7609);
#7611=CARTESIAN_POINT('',(1.096763713788E2,1.048902383175E2,
-3.863576125696E-12));
#7612=VERTEX_POINT('',#7611);
#7613=CARTESIAN_POINT('',(1.096763713788E2,1.054559237425E2,-5.091168824532E0));
#7614=CARTESIAN_POINT('',(1.096763713788E2,1.031931820427E2,-2.828427124741E0));
#7615=VERTEX_POINT('',#7613);
#7616=VERTEX_POINT('',#7614);
#7617=CARTESIAN_POINT('',(1.096763713788E2,1.054559237425E2,
-5.656854249537E-1));
#7618=VERTEX_POINT('',#7617);
#7619=CARTESIAN_POINT('',(1.096763713788E2,1.077186654423E2,-2.828427124744E0));
#7620=VERTEX_POINT('',#7619);
#7621=CARTESIAN_POINT('',(1.096763713788E2,1.082843508672E2,-7.919595949292E0));
#7622=CARTESIAN_POINT('',(1.096763713788E2,1.060216091674E2,-5.656854249490E0));
#7623=VERTEX_POINT('',#7621);
#7624=VERTEX_POINT('',#7622);
#7625=CARTESIAN_POINT('',(1.096763713788E2,1.082843508672E2,-3.394112549689E0));
#7626=VERTEX_POINT('',#7625);
#7627=CARTESIAN_POINT('',(1.096763713788E2,1.105470925670E2,-5.656854249491E0));
#7628=VERTEX_POINT('',#7627);
#7629=CARTESIAN_POINT('',(1.096763713788E2,1.111127779920E2,-1.074802307403E1));
#7630=CARTESIAN_POINT('',(1.096763713788E2,1.088500362922E2,-8.485281374239E0));
#7631=VERTEX_POINT('',#7629);
#7632=VERTEX_POINT('',#7630);
#7633=CARTESIAN_POINT('',(1.096763713788E2,1.111127779920E2,-6.222539674450E0));
#7634=VERTEX_POINT('',#7633);
#7635=CARTESIAN_POINT('',(1.096763713788E2,1.133755196918E2,-8.485281374247E0));
#7636=VERTEX_POINT('',#7635);
#7637=CARTESIAN_POINT('',(1.096763713788E2,1.082843508672E2,-9.050966799179E0));
#7638=VERTEX_POINT('',#7637);
#7639=CARTESIAN_POINT('',(1.096763713788E2,8.848536099401E1,6.222539674440E0));
#7640=CARTESIAN_POINT('',(1.096763713788E2,8.622261929421E1,8.485281374238E0));
#7641=VERTEX_POINT('',#7639);
#7642=VERTEX_POINT('',#7640);
#7643=CARTESIAN_POINT('',(1.096763713788E2,9.074810269380E1,8.485281374233E0));
#7644=VERTEX_POINT('',#7643);
#7645=CARTESIAN_POINT('',(1.096763713788E2,9.131378811876E1,3.394112549694E0));
#7646=CARTESIAN_POINT('',(1.096763713788E2,8.905104641896E1,5.656854249491E0));
#7647=VERTEX_POINT('',#7645);
#7648=VERTEX_POINT('',#7646);
#7649=CARTESIAN_POINT('',(1.096763713788E2,9.131378811875E1,7.919595949284E0));
#7650=VERTEX_POINT('',#7649);
#7651=CARTESIAN_POINT('',(1.096763713788E2,9.357652981855E1,5.656854249487E0));
#7652=VERTEX_POINT('',#7651);
#7653=CARTESIAN_POINT('',(1.096763713788E2,9.414221524350E1,5.656854249478E-1));
#7654=CARTESIAN_POINT('',(1.096763713788E2,9.187947354370E1,2.828427124746E0));
#7655=VERTEX_POINT('',#7653);
#7656=VERTEX_POINT('',#7654);
#7657=CARTESIAN_POINT('',(1.096763713788E2,9.414221524349E1,5.091168824538E0));
#7658=VERTEX_POINT('',#7657);
#7659=CARTESIAN_POINT('',(1.096763713788E2,9.640495694329E1,2.828427124740E0));
#7660=VERTEX_POINT('',#7659);
#7661=CARTESIAN_POINT('',(1.096763713788E2,9.697064236825E1,-2.262741699798E0));
#7662=CARTESIAN_POINT('',(1.096763713788E2,9.470790066845E1,
-6.563638521584E-13));
#7663=VERTEX_POINT('',#7661);
#7664=VERTEX_POINT('',#7662);
#7665=CARTESIAN_POINT('',(1.096763713788E2,9.697064236824E1,2.262741699792E0));
#7666=VERTEX_POINT('',#7665);
#7667=CARTESIAN_POINT('',(1.096763713788E2,9.923338406804E1,
-5.197620112085E-12));
#7668=VERTEX_POINT('',#7667);
#7669=CARTESIAN_POINT('',(1.096763713788E2,9.979906949299E1,-5.091168824538E0));
#7670=CARTESIAN_POINT('',(1.096763713788E2,9.753632779320E1,-2.828427124742E0));
#7671=VERTEX_POINT('',#7669);
#7672=VERTEX_POINT('',#7670);
#7673=CARTESIAN_POINT('',(1.096763713788E2,9.979906949299E1,
-5.656854249550E-1));
#7674=VERTEX_POINT('',#7673);
#7675=CARTESIAN_POINT('',(1.096763713788E2,1.020618111928E2,-2.828427124751E0));
#7676=VERTEX_POINT('',#7675);
#7677=CARTESIAN_POINT('',(1.096763713788E2,1.026274966177E2,-7.919595949285E0));
#7678=CARTESIAN_POINT('',(1.096763713788E2,1.003647549179E2,-5.656854249494E0));
#7679=VERTEX_POINT('',#7677);
#7680=VERTEX_POINT('',#7678);
#7681=CARTESIAN_POINT('',(1.096763713788E2,1.026274966177E2,-3.394112549693E0));
#7682=VERTEX_POINT('',#7681);
#7683=CARTESIAN_POINT('',(1.096763713788E2,1.048902383175E2,-5.656854249484E0));
#7684=VERTEX_POINT('',#7683);
#7685=CARTESIAN_POINT('',(1.096763713788E2,1.031931820427E2,-8.485281374235E0));
#7686=VERTEX_POINT('',#7685);
#7687=CARTESIAN_POINT('',(1.096763713788E2,1.054559237425E2,-6.222539674443E0));
#7688=VERTEX_POINT('',#7687);
#7689=CARTESIAN_POINT('',(1.096763713788E2,1.077186654423E2,-8.485281374247E0));
#7690=VERTEX_POINT('',#7689);
#7691=CARTESIAN_POINT('',(1.096763713788E2,1.026274966177E2,-9.050966799183E0));
#7692=VERTEX_POINT('',#7691);
#7693=CARTESIAN_POINT('',(1.096763713788E2,8.282850674452E1,6.222539674442E0));
#7694=VERTEX_POINT('',#7693);
#7695=CARTESIAN_POINT('',(1.096763713788E2,8.565693386926E1,3.394112549696E0));
#7696=CARTESIAN_POINT('',(1.096763713788E2,8.339419216947E1,5.656854249493E0));
#7697=VERTEX_POINT('',#7695);
#7698=VERTEX_POINT('',#7696);
#7699=CARTESIAN_POINT('',(1.096763713788E2,8.565693386926E1,7.919595949289E0));
#7700=VERTEX_POINT('',#7699);
#7701=CARTESIAN_POINT('',(1.096763713788E2,8.791967556906E1,5.656854249492E0));
#7702=VERTEX_POINT('',#7701);
#7703=CARTESIAN_POINT('',(1.096763713788E2,8.848536099401E1,5.656854249483E-1));
#7704=CARTESIAN_POINT('',(1.096763713788E2,8.622261929421E1,2.828427124746E0));
#7705=VERTEX_POINT('',#7703);
#7706=VERTEX_POINT('',#7704);
#7707=CARTESIAN_POINT('',(1.096763713788E2,8.848536099401E1,5.091168824543E0));
#7708=VERTEX_POINT('',#7707);
#7709=CARTESIAN_POINT('',(1.096763713788E2,9.074810269381E1,2.828427124746E0));
#7710=VERTEX_POINT('',#7709);
#7711=CARTESIAN_POINT('',(1.096763713788E2,9.131378811876E1,-2.262741699798E0));
#7712=CARTESIAN_POINT('',(1.096763713788E2,8.905104641896E1,
-1.092459456231E-13));
#7713=VERTEX_POINT('',#7711);
#7714=VERTEX_POINT('',#7712);
#7715=CARTESIAN_POINT('',(1.096763713788E2,9.131378811876E1,2.262741699798E0));
#7716=VERTEX_POINT('',#7715);
#7717=CARTESIAN_POINT('',(1.096763713788E2,9.357652981855E1,0.E0));
#7718=VERTEX_POINT('',#7717);
#7719=CARTESIAN_POINT('',(1.096763713788E2,9.414221524350E1,-5.091168824542E0));
#7720=CARTESIAN_POINT('',(1.096763713788E2,9.187947354370E1,-2.828427124745E0));
#7721=VERTEX_POINT('',#7719);
#7722=VERTEX_POINT('',#7720);
#7723=CARTESIAN_POINT('',(1.096763713788E2,9.414221524350E1,
-5.656854249486E-1));
#7724=VERTEX_POINT('',#7723);
#7725=CARTESIAN_POINT('',(1.096763713788E2,9.640495694330E1,-2.828427124746E0));
#7726=VERTEX_POINT('',#7725);
#7727=CARTESIAN_POINT('',(1.096763713788E2,9.697064236825E1,-7.919595949289E0));
#7728=CARTESIAN_POINT('',(1.096763713788E2,9.470790066845E1,-5.656854249493E0));
#7729=VERTEX_POINT('',#7727);
#7730=VERTEX_POINT('',#7728);
#7731=CARTESIAN_POINT('',(1.096763713788E2,9.697064236825E1,-3.394112549698E0));
#7732=VERTEX_POINT('',#7731);
#7733=CARTESIAN_POINT('',(1.096763713788E2,9.923338406804E1,-5.656854249493E0));
#7734=VERTEX_POINT('',#7733);
#7735=CARTESIAN_POINT('',(1.096763713788E2,9.753632779320E1,-8.485281374234E0));
#7736=VERTEX_POINT('',#7735);
#7737=CARTESIAN_POINT('',(1.096763713788E2,9.979906949299E1,-6.222539674444E0));
#7738=VERTEX_POINT('',#7737);
#7739=CARTESIAN_POINT('',(1.096763713788E2,1.020618111928E2,-8.485281374231E0));
#7740=VERTEX_POINT('',#7739);
#7741=CARTESIAN_POINT('',(1.096763713788E2,9.697064236825E1,-9.050966799189E0));
#7742=VERTEX_POINT('',#7741);
#7743=CARTESIAN_POINT('',(1.096763713788E2,8.000007961977E1,7.919595949289E0));
#7744=VERTEX_POINT('',#7743);
#7745=CARTESIAN_POINT('',(1.096763713788E2,8.226282131957E1,5.656854249493E0));
#7746=VERTEX_POINT('',#7745);
#7747=CARTESIAN_POINT('',(1.096763713788E2,8.282850674452E1,5.091168824543E0));
#7748=VERTEX_POINT('',#7747);
#7749=CARTESIAN_POINT('',(1.096763713788E2,8.509124844432E1,2.828427124746E0));
#7750=VERTEX_POINT('',#7749);
#7751=CARTESIAN_POINT('',(1.096763713788E2,8.565693386926E1,2.262741699798E0));
#7752=VERTEX_POINT('',#7751);
#7753=CARTESIAN_POINT('',(1.096763713788E2,8.791967556906E1,
5.404565683875E-13));
#7754=VERTEX_POINT('',#7753);
#7755=CARTESIAN_POINT('',(1.096763713788E2,8.848536099401E1,-5.091168824545E0));
#7756=CARTESIAN_POINT('',(1.096763713788E2,8.622261929421E1,-2.828427124747E0));
#7757=VERTEX_POINT('',#7755);
#7758=VERTEX_POINT('',#7756);
#7759=CARTESIAN_POINT('',(1.096763713788E2,8.848536099401E1,
-5.656854249481E-1));
#7760=VERTEX_POINT('',#7759);
#7761=CARTESIAN_POINT('',(1.096763713788E2,9.074810269381E1,-2.828427124746E0));
#7762=VERTEX_POINT('',#7761);
#7763=CARTESIAN_POINT('',(1.096763713788E2,9.131378811876E1,-7.919595949290E0));
#7764=CARTESIAN_POINT('',(1.096763713788E2,8.905104641896E1,-5.656854249492E0));
#7765=VERTEX_POINT('',#7763);
#7766=VERTEX_POINT('',#7764);
#7767=CARTESIAN_POINT('',(1.096763713788E2,9.131378811876E1,-3.394112549697E0));
#7768=VERTEX_POINT('',#7767);
#7769=CARTESIAN_POINT('',(1.096763713788E2,9.357652981855E1,-5.656854249493E0));
#7770=VERTEX_POINT('',#7769);
#7771=CARTESIAN_POINT('',(1.096763713788E2,9.187947354370E1,-8.485281374238E0));
#7772=VERTEX_POINT('',#7771);
#7773=CARTESIAN_POINT('',(1.096763713788E2,9.414221524350E1,-6.222539674441E0));
#7774=VERTEX_POINT('',#7773);
#7775=CARTESIAN_POINT('',(1.096763713788E2,9.640495694330E1,-8.485281374239E0));
#7776=VERTEX_POINT('',#7775);
#7777=CARTESIAN_POINT('',(1.096763713788E2,7.717165249502E1,5.656854249517E-1));
#7778=CARTESIAN_POINT('',(1.096763713788E2,7.490891079523E1,2.828427124747E0));
#7779=VERTEX_POINT('',#7777);
#7780=VERTEX_POINT('',#7778);
#7781=CARTESIAN_POINT('',(1.096763713788E2,7.717165249502E1,5.091168824542E0));
#7782=VERTEX_POINT('',#7781);
#7783=CARTESIAN_POINT('',(1.096763713788E2,7.943439419482E1,2.828427124746E0));
#7784=VERTEX_POINT('',#7783);
#7785=CARTESIAN_POINT('',(1.096763713788E2,8.000007961977E1,-2.262741699798E0));
#7786=CARTESIAN_POINT('',(1.096763713788E2,7.773733791997E1,
-3.157474282034E-13));
#7787=VERTEX_POINT('',#7785);
#7788=VERTEX_POINT('',#7786);
#7789=CARTESIAN_POINT('',(1.096763713788E2,8.000007961977E1,2.262741699796E0));
#7790=VERTEX_POINT('',#7789);
#7791=CARTESIAN_POINT('',(1.096763713788E2,8.226282131957E1,
-7.953637748415E-13));
#7792=VERTEX_POINT('',#7791);
#7793=CARTESIAN_POINT('',(1.096763713788E2,8.282850674452E1,-5.091168824543E0));
#7794=CARTESIAN_POINT('',(1.096763713788E2,8.056576504472E1,-2.828427124746E0));
#7795=VERTEX_POINT('',#7793);
#7796=VERTEX_POINT('',#7794);
#7797=CARTESIAN_POINT('',(1.096763713788E2,8.282850674452E1,
-5.656854249494E-1));
#7798=VERTEX_POINT('',#7797);
#7799=CARTESIAN_POINT('',(1.096763713788E2,8.509124844431E1,-2.828427124747E0));
#7800=VERTEX_POINT('',#7799);
#7801=CARTESIAN_POINT('',(1.096763713788E2,8.565693386926E1,-7.919595949288E0));
#7802=CARTESIAN_POINT('',(1.096763713788E2,8.339419216947E1,-5.656854249490E0));
#7803=VERTEX_POINT('',#7801);
#7804=VERTEX_POINT('',#7802);
#7805=CARTESIAN_POINT('',(1.096763713788E2,8.565693386926E1,-3.394112549695E0));
#7806=VERTEX_POINT('',#7805);
#7807=CARTESIAN_POINT('',(1.096763713788E2,8.791967556906E1,-5.656854249492E0));
#7808=VERTEX_POINT('',#7807);
#7809=CARTESIAN_POINT('',(1.096763713788E2,8.282850674452E1,-6.222539674442E0));
#7810=VERTEX_POINT('',#7809);
#7811=CARTESIAN_POINT('',(1.096763713788E2,8.622261929421E1,-8.485281374240E0));
#7812=VERTEX_POINT('',#7811);
#7813=CARTESIAN_POINT('',(1.096763713788E2,8.848536099401E1,-6.222539674441E0));
#7814=VERTEX_POINT('',#7813);
#7815=CARTESIAN_POINT('',(1.096763713788E2,9.074810269381E1,-8.485281374238E0));
#7816=VERTEX_POINT('',#7815);
#7817=CARTESIAN_POINT('',(1.096763713788E2,7.717165249502E1,-5.091168824542E0));
#7818=CARTESIAN_POINT('',(1.096763713788E2,7.490891079523E1,-2.828427124745E0));
#7819=VERTEX_POINT('',#7817);
#7820=VERTEX_POINT('',#7818);
#7821=CARTESIAN_POINT('',(1.096763713788E2,7.717165249502E1,
-5.656854249498E-1));
#7822=VERTEX_POINT('',#7821);
#7823=CARTESIAN_POINT('',(1.096763713788E2,7.943439419482E1,-2.828427124747E0));
#7824=VERTEX_POINT('',#7823);
#7825=CARTESIAN_POINT('',(1.096763713788E2,8.000007961977E1,-7.919595949290E0));
#7826=CARTESIAN_POINT('',(1.096763713788E2,7.773733791997E1,-5.656854249493E0));
#7827=VERTEX_POINT('',#7825);
#7828=VERTEX_POINT('',#7826);
#7829=CARTESIAN_POINT('',(1.096763713788E2,8.000007961977E1,-3.394112549695E0));
#7830=VERTEX_POINT('',#7829);
#7831=CARTESIAN_POINT('',(1.096763713788E2,8.226282131957E1,-5.656854249493E0));
#7832=VERTEX_POINT('',#7831);
#7833=CARTESIAN_POINT('',(1.096763713788E2,7.717165249502E1,-6.222539674442E0));
#7834=VERTEX_POINT('',#7833);
#7835=CARTESIAN_POINT('',(1.096763713788E2,7.351653194263E1,-4.220805977343E0));
#7836=VERTEX_POINT('',#7835);
#7837=CARTESIAN_POINT('',(1.096763713788E2,7.434322537028E1,-3.394112549696E0));
#7838=VERTEX_POINT('',#7837);
#7839=CARTESIAN_POINT('',(1.096763713788E2,7.660596707007E1,-5.656854249492E0));
#7840=VERTEX_POINT('',#7839);
#7841=CARTESIAN_POINT('',(1.096763713788E2,7.434322537028E1,3.394112549696E0));
#7842=CARTESIAN_POINT('',(1.096763713788E2,7.351653194263E1,4.220805977341E0));
#7843=VERTEX_POINT('',#7841);
#7844=VERTEX_POINT('',#7842);
#7845=CARTESIAN_POINT('',(1.096763713788E2,7.660596707007E1,5.656854249493E0));
#7846=VERTEX_POINT('',#7845);
#7847=CARTESIAN_POINT('',(1.096763713788E2,7.351653194263E1,3.089435127442E0));
#7848=CARTESIAN_POINT('',(1.096763713788E2,7.377753994533E1,2.828427124745E0));
#7849=VERTEX_POINT('',#7847);
#7850=VERTEX_POINT('',#7848);
#7851=CARTESIAN_POINT('',(1.096763713788E2,7.351653194263E1,2.567419122049E0));
#7852=VERTEX_POINT('',#7851);
#7853=CARTESIAN_POINT('',(1.096763713788E2,7.351653194263E1,1.436048272150E0));
#7854=CARTESIAN_POINT('',(1.096763713788E2,7.434322537028E1,2.262741699796E0));
#7855=VERTEX_POINT('',#7853);
#7856=VERTEX_POINT('',#7854);
#7857=CARTESIAN_POINT('',(1.096763713788E2,7.660596707007E1,
1.465494392505E-13));
#7858=VERTEX_POINT('',#7857);
#7859=CARTESIAN_POINT('',(1.096763713788E2,7.434322537028E1,-2.262741699798E0));
#7860=VERTEX_POINT('',#7859);
#7861=CARTESIAN_POINT('',(1.096763713788E2,7.351653194263E1,-1.436048272152E0));
#7862=VERTEX_POINT('',#7861);
#7863=CARTESIAN_POINT('',(1.096763713788E2,7.351653194263E1,-2.567419122050E0));
#7864=CARTESIAN_POINT('',(1.096763713788E2,7.377753994533E1,-2.828427124746E0));
#7865=VERTEX_POINT('',#7863);
#7866=VERTEX_POINT('',#7864);
#7867=CARTESIAN_POINT('',(1.096763713788E2,7.351653194263E1,-3.089435127442E0));
#7868=VERTEX_POINT('',#7867);
#7869=CARTESIAN_POINT('',(1.088763713788E2,1.502257606384E2,-1.179870559900E1));
#7870=VERTEX_POINT('',#7869);
#7871=CARTESIAN_POINT('',(1.088763713788E2,1.502257606384E2,-1.082871139896E1));
#7872=VERTEX_POINT('',#7871);
#7873=CARTESIAN_POINT('',(1.088763713788E2,1.502257606384E2,-6.141851349524E0));
#7874=VERTEX_POINT('',#7873);
#7875=CARTESIAN_POINT('',(1.095622608554E2,1.502257606384E2,-5.656854249496E0));
#7876=VERTEX_POINT('',#7875);
#7877=CARTESIAN_POINT('',(1.088763713788E2,1.502257606384E2,-5.171857149470E0));
#7878=VERTEX_POINT('',#7877);
#7879=CARTESIAN_POINT('',(1.088763713788E2,1.502257606384E2,
-4.849971000304E-1));
#7880=VERTEX_POINT('',#7879);
#7881=CARTESIAN_POINT('',(1.095622608554E2,1.502257606384E2,
-9.320424062172E-12));
#7882=VERTEX_POINT('',#7881);
#7883=CARTESIAN_POINT('',(1.088763713788E2,1.502257606384E2,4.849971000216E-1));
#7884=VERTEX_POINT('',#7883);
#7885=CARTESIAN_POINT('',(1.088763713788E2,1.502257606384E2,5.171857149465E0));
#7886=VERTEX_POINT('',#7885);
#7887=CARTESIAN_POINT('',(1.095622608554E2,1.502257606384E2,5.656854249483E0));
#7888=VERTEX_POINT('',#7887);
#7889=CARTESIAN_POINT('',(1.088763713788E2,1.502257606384E2,6.141851349516E0));
#7890=VERTEX_POINT('',#7889);
#7891=CARTESIAN_POINT('',(1.088763713788E2,1.502257606384E2,1.082871139896E1));
#7892=VERTEX_POINT('',#7891);
#7893=CARTESIAN_POINT('',(1.095622608554E2,1.502257606384E2,1.131370849898E1));
#7894=VERTEX_POINT('',#7893);
#7895=CARTESIAN_POINT('',(1.088763713788E2,1.502257606384E2,1.179870559901E1));
#7896=VERTEX_POINT('',#7895);
#7897=CARTESIAN_POINT('',(1.095622608554E2,1.502257606384E2,-1.131370849898E1));
#7898=VERTEX_POINT('',#7897);
#7899=CARTESIAN_POINT('',(1.088763713788E2,1.478823306137E2,-8.485281374238E0));
#7900=VERTEX_POINT('',#7899);
#7901=CARTESIAN_POINT('',(1.088763713788E2,1.450539034889E2,-1.131370849898E1));
#7902=VERTEX_POINT('',#7901);
#7903=CARTESIAN_POINT('',(1.088763713788E2,1.450539034889E2,-5.656854249493E0));
#7904=VERTEX_POINT('',#7903);
#7905=CARTESIAN_POINT('',(1.088763713788E2,1.478823306137E2,-2.828427124745E0));
#7906=VERTEX_POINT('',#7905);
#7907=CARTESIAN_POINT('',(1.088763713788E2,1.422254763642E2,-8.485281374240E0));
#7908=VERTEX_POINT('',#7907);
#7909=CARTESIAN_POINT('',(1.088763713788E2,1.393970492394E2,-1.131370849898E1));
#7910=VERTEX_POINT('',#7909);
#7911=CARTESIAN_POINT('',(1.088763713788E2,1.450539034889E2,
-1.793976729060E-13));
#7912=VERTEX_POINT('',#7911);
#7913=CARTESIAN_POINT('',(1.088763713788E2,1.478823306137E2,2.828427124742E0));
#7914=VERTEX_POINT('',#7913);
#7915=CARTESIAN_POINT('',(1.088763713788E2,1.422254763642E2,-2.828427124747E0));
#7916=VERTEX_POINT('',#7915);
#7917=CARTESIAN_POINT('',(1.088763713788E2,1.393970492394E2,-5.656854249494E0));
#7918=VERTEX_POINT('',#7917);
#7919=CARTESIAN_POINT('',(1.088763713788E2,1.365686221147E2,-8.485281374241E0));
#7920=VERTEX_POINT('',#7919);
#7921=CARTESIAN_POINT('',(1.088763713788E2,1.337401949899E2,-1.131370849899E1));
#7922=VERTEX_POINT('',#7921);
#7923=CARTESIAN_POINT('',(1.088763713788E2,1.393970492394E2,1.131370849898E1));
#7924=VERTEX_POINT('',#7923);
#7925=CARTESIAN_POINT('',(1.088763713788E2,1.422254763642E2,8.485281374236E0));
#7926=VERTEX_POINT('',#7925);
#7927=CARTESIAN_POINT('',(1.088763713788E2,1.450539034889E2,5.656854249488E0));
#7928=VERTEX_POINT('',#7927);
#7929=CARTESIAN_POINT('',(1.088763713788E2,1.365686221147E2,8.485281374236E0));
#7930=VERTEX_POINT('',#7929);
#7931=CARTESIAN_POINT('',(1.088763713788E2,1.337401949899E2,5.656854249488E0));
#7932=VERTEX_POINT('',#7931);
#7933=CARTESIAN_POINT('',(1.088763713788E2,1.309117678652E2,2.828427124740E0));
#7934=VERTEX_POINT('',#7933);
#7935=CARTESIAN_POINT('',(1.088763713788E2,1.280833407405E2,
3.134756343393E-12));
#7936=VERTEX_POINT('',#7935);
#7937=CARTESIAN_POINT('',(1.088763713788E2,1.252549136157E2,-2.828427124744E0));
#7938=VERTEX_POINT('',#7937);
#7939=CARTESIAN_POINT('',(1.088763713788E2,1.224264864910E2,-5.656854249491E0));
#7940=VERTEX_POINT('',#7939);
#7941=CARTESIAN_POINT('',(1.088763713788E2,1.195980593662E2,-8.485281374238E0));
#7942=VERTEX_POINT('',#7941);
#7943=CARTESIAN_POINT('',(1.088763713788E2,1.337401949899E2,1.131370849898E1));
#7944=VERTEX_POINT('',#7943);
#7945=CARTESIAN_POINT('',(1.088763713788E2,1.393970492394E2,5.656854249488E0));
#7946=VERTEX_POINT('',#7945);
#7947=CARTESIAN_POINT('',(1.088763713788E2,1.422254763642E2,2.828427124740E0));
#7948=VERTEX_POINT('',#7947);
#7949=CARTESIAN_POINT('',(1.088763713788E2,1.309117678652E2,8.485281374234E0));
#7950=VERTEX_POINT('',#7949);
#7951=CARTESIAN_POINT('',(1.088763713788E2,1.280833407405E2,5.656854249486E0));
#7952=VERTEX_POINT('',#7951);
#7953=CARTESIAN_POINT('',(1.088763713788E2,1.252549136157E2,2.828427124749E0));
#7954=VERTEX_POINT('',#7953);
#7955=CARTESIAN_POINT('',(1.088763713788E2,1.224264864910E2,
1.562842302808E-12));
#7956=VERTEX_POINT('',#7955);
#7957=CARTESIAN_POINT('',(1.088763713788E2,1.195980593662E2,-2.828427124745E0));
#7958=VERTEX_POINT('',#7957);
#7959=CARTESIAN_POINT('',(1.088763713788E2,1.167696322415E2,-5.656854249492E0));
#7960=VERTEX_POINT('',#7959);
#7961=CARTESIAN_POINT('',(1.088763713788E2,1.139412051167E2,-8.485281374239E0));
#7962=VERTEX_POINT('',#7961);
#7963=CARTESIAN_POINT('',(1.088763713788E2,1.280833407405E2,1.131370849897E1));
#7964=VERTEX_POINT('',#7963);
#7965=CARTESIAN_POINT('',(1.088763713788E2,1.365686221147E2,2.828427124740E0));
#7966=VERTEX_POINT('',#7965);
#7967=CARTESIAN_POINT('',(1.088763713788E2,1.393970492394E2,
-1.846411912254E-12));
#7968=VERTEX_POINT('',#7967);
#7969=CARTESIAN_POINT('',(1.088763713788E2,1.252549136157E2,8.485281374226E0));
#7970=VERTEX_POINT('',#7969);
#7971=CARTESIAN_POINT('',(1.088763713788E2,1.224264864910E2,5.656854249488E0));
#7972=VERTEX_POINT('',#7971);
#7973=CARTESIAN_POINT('',(1.088763713788E2,1.195980593662E2,2.828427124740E0));
#7974=VERTEX_POINT('',#7973);
#7975=CARTESIAN_POINT('',(1.088763713788E2,1.167696322415E2,
-6.863579149474E-12));
#7976=VERTEX_POINT('',#7975);
#7977=CARTESIAN_POINT('',(1.088763713788E2,1.139412051167E2,-2.828427124754E0));
#7978=VERTEX_POINT('',#7977);
#7979=CARTESIAN_POINT('',(1.088763713788E2,1.111127779920E2,-5.656854249496E0));
#7980=VERTEX_POINT('',#7979);
#7981=CARTESIAN_POINT('',(1.088763713788E2,1.082843508672E2,-8.485281374244E0));
#7982=VERTEX_POINT('',#7981);
#7983=CARTESIAN_POINT('',(1.088763713788E2,1.224264864910E2,1.131370849898E1));
#7984=VERTEX_POINT('',#7983);
#7985=CARTESIAN_POINT('',(1.088763713788E2,1.337401949899E2,
-1.862843213019E-12));
#7986=VERTEX_POINT('',#7985);
#7987=CARTESIAN_POINT('',(1.088763713788E2,1.195980593662E2,8.485281374247E0));
#7988=VERTEX_POINT('',#7987);
#7989=CARTESIAN_POINT('',(1.088763713788E2,1.167696322415E2,5.656854249499E0));
#7990=VERTEX_POINT('',#7989);
#7991=CARTESIAN_POINT('',(1.088763713788E2,1.139412051167E2,2.828427124751E0));
#7992=VERTEX_POINT('',#7991);
#7993=CARTESIAN_POINT('',(1.088763713788E2,1.111127779920E2,
8.836396891976E-12));
#7994=VERTEX_POINT('',#7993);
#7995=CARTESIAN_POINT('',(1.088763713788E2,1.082843508672E2,-2.828427124738E0));
#7996=VERTEX_POINT('',#7995);
#7997=CARTESIAN_POINT('',(1.088763713788E2,1.054559237425E2,-5.656854249485E0));
#7998=VERTEX_POINT('',#7997);
#7999=CARTESIAN_POINT('',(1.088763713788E2,1.026274966177E2,-8.485281374232E0));
#8000=VERTEX_POINT('',#7999);
#8001=CARTESIAN_POINT('',(1.088763713788E2,1.139412051167E2,8.485281374239E0));
#8002=VERTEX_POINT('',#8001);
#8003=CARTESIAN_POINT('',(1.088763713788E2,1.111127779920E2,5.656854249491E0));
#8004=VERTEX_POINT('',#8003);
#8005=CARTESIAN_POINT('',(1.088763713788E2,1.082843508672E2,2.828427124753E0));
#8006=VERTEX_POINT('',#8005);
#8007=CARTESIAN_POINT('',(1.088763713788E2,1.054559237425E2,
-3.782418822595E-12));
#8008=VERTEX_POINT('',#8007);
#8009=CARTESIAN_POINT('',(1.088763713788E2,1.026274966177E2,-2.828427124746E0));
#8010=VERTEX_POINT('',#8009);
#8011=CARTESIAN_POINT('',(1.088763713788E2,9.979906949298E1,-5.656854249493E0));
#8012=VERTEX_POINT('',#8011);
#8013=CARTESIAN_POINT('',(1.088763713788E2,9.697064236825E1,-8.485281374237E0));
#8014=VERTEX_POINT('',#8013);
#8015=CARTESIAN_POINT('',(1.088763713788E2,1.082843508672E2,8.485281374238E0));
#8016=VERTEX_POINT('',#8015);
#8017=CARTESIAN_POINT('',(1.088763713788E2,1.054559237425E2,5.656854249499E0));
#8018=VERTEX_POINT('',#8017);
#8019=CARTESIAN_POINT('',(1.088763713788E2,1.026274966177E2,2.828427124742E0));
#8020=VERTEX_POINT('',#8019);
#8021=CARTESIAN_POINT('',(1.088763713788E2,9.979906949298E1,
-5.803801883530E-12));
#8022=VERTEX_POINT('',#8021);
#8023=CARTESIAN_POINT('',(1.088763713788E2,9.697064236825E1,-2.828427124745E0));
#8024=VERTEX_POINT('',#8023);
#8025=CARTESIAN_POINT('',(1.088763713788E2,9.414221524350E1,-5.656854249492E0));
#8026=VERTEX_POINT('',#8025);
#8027=CARTESIAN_POINT('',(1.088763713788E2,9.131378811876E1,-8.485281374237E0));
#8028=VERTEX_POINT('',#8027);
#8029=CARTESIAN_POINT('',(1.088763713788E2,1.026274966177E2,8.485281374245E0));
#8030=VERTEX_POINT('',#8029);
#8031=CARTESIAN_POINT('',(1.088763713788E2,9.979906949298E1,5.656854249488E0));
#8032=VERTEX_POINT('',#8031);
#8033=CARTESIAN_POINT('',(1.088763713788E2,9.697064236824E1,2.828427124741E0));
#8034=VERTEX_POINT('',#8033);
#8035=CARTESIAN_POINT('',(1.088763713788E2,9.414221524350E1,
-6.927791673661E-14));
#8036=VERTEX_POINT('',#8035);
#8037=CARTESIAN_POINT('',(1.088763713788E2,9.131378811876E1,-2.828427124746E0));
#8038=VERTEX_POINT('',#8037);
#8039=CARTESIAN_POINT('',(1.088763713788E2,8.848536099401E1,-5.656854249492E0));
#8040=VERTEX_POINT('',#8039);
#8041=CARTESIAN_POINT('',(1.088763713788E2,8.565693386926E1,-8.485281374242E0));
#8042=VERTEX_POINT('',#8041);
#8043=CARTESIAN_POINT('',(1.088763713788E2,9.697064236824E1,8.485281374235E0));
#8044=VERTEX_POINT('',#8043);
#8045=CARTESIAN_POINT('',(1.088763713788E2,9.414221524350E1,5.656854249487E0));
#8046=VERTEX_POINT('',#8045);
#8047=CARTESIAN_POINT('',(1.088763713788E2,9.131378811876E1,2.828427124746E0));
#8048=VERTEX_POINT('',#8047);
#8049=CARTESIAN_POINT('',(1.088763713788E2,8.848536099401E1,
7.047695760320E-13));
#8050=VERTEX_POINT('',#8049);
#8051=CARTESIAN_POINT('',(1.088763713788E2,8.282850674452E1,-5.656854249492E0));
#8052=VERTEX_POINT('',#8051);
#8053=CARTESIAN_POINT('',(1.088763713788E2,9.131378811875E1,8.485281374233E0));
#8054=VERTEX_POINT('',#8053);
#8055=CARTESIAN_POINT('',(1.088763713788E2,8.848536099401E1,5.656854249492E0));
#8056=VERTEX_POINT('',#8055);
#8057=CARTESIAN_POINT('',(1.088763713788E2,8.565693386926E1,2.828427124746E0));
#8058=VERTEX_POINT('',#8057);
#8059=CARTESIAN_POINT('',(1.088763713788E2,8.000007961977E1,-2.828427124746E0));
#8060=VERTEX_POINT('',#8059);
#8061=CARTESIAN_POINT('',(1.088763713788E2,7.717165249502E1,-5.656854249493E0));
#8062=VERTEX_POINT('',#8061);
#8063=CARTESIAN_POINT('',(1.088763713788E2,8.565693386926E1,8.485281374239E0));
#8064=VERTEX_POINT('',#8063);
#8065=CARTESIAN_POINT('',(1.088763713788E2,8.282850674452E1,5.656854249493E0));
#8066=VERTEX_POINT('',#8065);
#8067=CARTESIAN_POINT('',(1.088763713788E2,7.717165249502E1,
2.212674488078E-13));
#8068=VERTEX_POINT('',#8067);
#8069=CARTESIAN_POINT('',(1.088763713788E2,7.434322537028E1,-2.828427124746E0));
#8070=VERTEX_POINT('',#8069);
#8071=CARTESIAN_POINT('',(1.088763713788E2,7.351653194263E1,-3.655120552392E0));
#8072=VERTEX_POINT('',#8071);
#8073=CARTESIAN_POINT('',(1.088763713788E2,7.434322537028E1,2.828427124746E0));
#8074=VERTEX_POINT('',#8073);
#8075=CARTESIAN_POINT('',(1.088763713788E2,7.351653194263E1,2.001733697099E0));
#8076=VERTEX_POINT('',#8075);
#8077=CARTESIAN_POINT('',(1.088763713788E2,7.351653194263E1,3.655120552393E0));
#8078=VERTEX_POINT('',#8077);
#8079=CARTESIAN_POINT('',(1.088763713788E2,7.351653194263E1,-2.001733697100E0));
#8080=VERTEX_POINT('',#8079);
#8081=CARTESIAN_POINT('',(1.088763713788E2,1.450539034889E2,1.131370849898E1));
#8082=VERTEX_POINT('',#8081);
#8083=CARTESIAN_POINT('',(1.088763713788E2,1.309117678652E2,-2.828427124749E0));
#8084=VERTEX_POINT('',#8083);
#8085=CARTESIAN_POINT('',(1.088763713788E2,1.280833407405E2,-5.656854249491E0));
#8086=VERTEX_POINT('',#8085);
#8087=CARTESIAN_POINT('',(1.088763713788E2,1.252549136157E2,-8.485281374238E0));
#8088=VERTEX_POINT('',#8087);
#8089=CARTESIAN_POINT('',(1.088763713788E2,1.224264864910E2,-1.131370849898E1));
#8090=VERTEX_POINT('',#8089);
#8091=CARTESIAN_POINT('',(1.088763713788E2,1.478823306137E2,8.485281374236E0));
#8092=VERTEX_POINT('',#8091);
#8093=CARTESIAN_POINT('',(1.088763713788E2,1.365686221147E2,-2.828427124749E0));
#8094=VERTEX_POINT('',#8093);
#8095=CARTESIAN_POINT('',(1.088763713788E2,1.337401949899E2,-5.656854249496E0));
#8096=VERTEX_POINT('',#8095);
#8097=CARTESIAN_POINT('',(1.088763713788E2,1.309117678652E2,-8.485281374243E0));
#8098=VERTEX_POINT('',#8097);
#8099=CARTESIAN_POINT('',(1.088763713788E2,1.280833407405E2,-1.131370849898E1));
#8100=VERTEX_POINT('',#8099);
#8101=CARTESIAN_POINT('',(2.698907416963E2,1.565561038748E2,-1.425E1));
#8102=DIRECTION('',(0.E0,0.E0,1.E0));
#8103=DIRECTION('',(1.E0,0.E0,0.E0));
#8104=AXIS2_PLACEMENT_3D('',#8101,#8102,#8103);
#8105=CYLINDRICAL_SURFACE('',#8104,1.881049414242E2);
#8107=ORIENTED_EDGE('',*,*,#8106,.T.);
#8109=ORIENTED_EDGE('',*,*,#8108,.F.);
#8111=ORIENTED_EDGE('',*,*,#8110,.F.);
#8113=ORIENTED_EDGE('',*,*,#8112,.T.);
#8114=EDGE_LOOP('',(#8107,#8109,#8111,#8113));
#8115=FACE_OUTER_BOUND('',#8114,.F.);
#8116=ADVANCED_FACE('',(#8115),#8105,.T.);
#8117=CARTESIAN_POINT('',(8.397233323692E1,1.482257606384E2,5.14026E1));
#8118=DIRECTION('',(0.E0,0.E0,-1.E0));
#8119=DIRECTION('',(-9.989977000966E-1,-4.476153708038E-2,0.E0));
#8120=AXIS2_PLACEMENT_3D('',#8117,#8118,#8119);
#8121=CYLINDRICAL_SURFACE('',#8120,2.E0);
#8123=ORIENTED_EDGE('',*,*,#8122,.T.);
#8125=ORIENTED_EDGE('',*,*,#8124,.T.);
#8127=ORIENTED_EDGE('',*,*,#8126,.T.);
#8128=ORIENTED_EDGE('',*,*,#8106,.F.);
#8129=EDGE_LOOP('',(#8123,#8125,#8127,#8128));
#8130=FACE_OUTER_BOUND('',#8129,.F.);
#8131=ADVANCED_FACE('',(#8130),#8121,.T.);
#8132=CARTESIAN_POINT('',(1.086763713788E2,1.502257606384E2,-1.425E1));
#8133=DIRECTION('',(0.E0,8.823676985307E-2,9.960995293874E-1));
#8134=DIRECTION('',(0.E0,-9.960995293874E-1,8.823676985307E-2));
#8135=AXIS2_PLACEMENT_3D('',#8132,#8133,#8134);
#8136=PLANE('',#8135);
#8138=ORIENTED_EDGE('',*,*,#8137,.T.);
#8140=ORIENTED_EDGE('',*,*,#8139,.T.);
#8142=ORIENTED_EDGE('',*,*,#8141,.T.);
#8144=ORIENTED_EDGE('',*,*,#8143,.F.);
#8146=ORIENTED_EDGE('',*,*,#8145,.T.);
#8148=ORIENTED_EDGE('',*,*,#8147,.T.);
#8150=ORIENTED_EDGE('',*,*,#8149,.T.);
#8152=ORIENTED_EDGE('',*,*,#8151,.T.);
#8154=ORIENTED_EDGE('',*,*,#8153,.T.);
#8156=ORIENTED_EDGE('',*,*,#8155,.F.);
#8158=ORIENTED_EDGE('',*,*,#8157,.T.);
#8160=ORIENTED_EDGE('',*,*,#8159,.T.);
#8162=ORIENTED_EDGE('',*,*,#8161,.T.);
#8164=ORIENTED_EDGE('',*,*,#8163,.T.);
#8166=ORIENTED_EDGE('',*,*,#8165,.F.);
#8168=ORIENTED_EDGE('',*,*,#8167,.T.);
#8170=ORIENTED_EDGE('',*,*,#8169,.T.);
#8172=ORIENTED_EDGE('',*,*,#8171,.F.);
#8174=ORIENTED_EDGE('',*,*,#8173,.T.);
#8176=ORIENTED_EDGE('',*,*,#8175,.T.);
#8178=ORIENTED_EDGE('',*,*,#8177,.F.);
#8180=ORIENTED_EDGE('',*,*,#8179,.T.);
#8182=ORIENTED_EDGE('',*,*,#8181,.T.);
#8184=ORIENTED_EDGE('',*,*,#8183,.F.);
#8186=ORIENTED_EDGE('',*,*,#8185,.T.);
#8188=ORIENTED_EDGE('',*,*,#8187,.T.);
#8190=ORIENTED_EDGE('',*,*,#8189,.F.);
#8192=ORIENTED_EDGE('',*,*,#8191,.T.);
#8194=ORIENTED_EDGE('',*,*,#8193,.T.);
#8196=ORIENTED_EDGE('',*,*,#8195,.F.);
#8198=ORIENTED_EDGE('',*,*,#8197,.T.);
#8200=ORIENTED_EDGE('',*,*,#8199,.T.);
#8202=ORIENTED_EDGE('',*,*,#8201,.T.);
#8204=ORIENTED_EDGE('',*,*,#8203,.T.);
#8206=ORIENTED_EDGE('',*,*,#8205,.F.);
#8208=ORIENTED_EDGE('',*,*,#8207,.T.);
#8210=ORIENTED_EDGE('',*,*,#8209,.T.);
#8212=ORIENTED_EDGE('',*,*,#8211,.T.);
#8214=ORIENTED_EDGE('',*,*,#8213,.T.);
#8216=ORIENTED_EDGE('',*,*,#8215,.T.);
#8218=ORIENTED_EDGE('',*,*,#8217,.F.);
#8220=ORIENTED_EDGE('',*,*,#8219,.T.);
#8222=ORIENTED_EDGE('',*,*,#8221,.T.);
#8224=ORIENTED_EDGE('',*,*,#8223,.T.);
#8226=ORIENTED_EDGE('',*,*,#8225,.T.);
#8228=ORIENTED_EDGE('',*,*,#8227,.F.);
#8230=ORIENTED_EDGE('',*,*,#8229,.T.);
#8232=ORIENTED_EDGE('',*,*,#8231,.T.);
#8234=ORIENTED_EDGE('',*,*,#8233,.F.);
#8236=ORIENTED_EDGE('',*,*,#8235,.T.);
#8238=ORIENTED_EDGE('',*,*,#8237,.T.);
#8240=ORIENTED_EDGE('',*,*,#8239,.F.);
#8242=ORIENTED_EDGE('',*,*,#8241,.T.);
#8244=ORIENTED_EDGE('',*,*,#8243,.T.);
#8246=ORIENTED_EDGE('',*,*,#8245,.F.);
#8248=ORIENTED_EDGE('',*,*,#8247,.T.);
#8250=ORIENTED_EDGE('',*,*,#8249,.T.);
#8252=ORIENTED_EDGE('',*,*,#8251,.F.);
#8254=ORIENTED_EDGE('',*,*,#8253,.T.);
#8256=ORIENTED_EDGE('',*,*,#8255,.T.);
#8258=ORIENTED_EDGE('',*,*,#8257,.F.);
#8260=ORIENTED_EDGE('',*,*,#8259,.T.);
#8262=ORIENTED_EDGE('',*,*,#8261,.T.);
#8264=ORIENTED_EDGE('',*,*,#8263,.F.);
#8266=ORIENTED_EDGE('',*,*,#8265,.T.);
#8268=ORIENTED_EDGE('',*,*,#8267,.T.);
#8270=ORIENTED_EDGE('',*,*,#8269,.F.);
#8272=ORIENTED_EDGE('',*,*,#8271,.T.);
#8274=ORIENTED_EDGE('',*,*,#8273,.T.);
#8276=ORIENTED_EDGE('',*,*,#8275,.T.);
#8278=ORIENTED_EDGE('',*,*,#8277,.T.);
#8280=ORIENTED_EDGE('',*,*,#8279,.F.);
#8282=ORIENTED_EDGE('',*,*,#8281,.T.);
#8283=ORIENTED_EDGE('',*,*,#8122,.F.);
#8284=ORIENTED_EDGE('',*,*,#8112,.F.);
#8286=ORIENTED_EDGE('',*,*,#8285,.F.);
#8288=ORIENTED_EDGE('',*,*,#8287,.T.);
#8290=ORIENTED_EDGE('',*,*,#8289,.T.);
#8292=ORIENTED_EDGE('',*,*,#8291,.T.);
#8294=ORIENTED_EDGE('',*,*,#8293,.F.);
#8296=ORIENTED_EDGE('',*,*,#8295,.T.);
#8298=ORIENTED_EDGE('',*,*,#8297,.F.);
#8300=ORIENTED_EDGE('',*,*,#8299,.T.);
#8302=ORIENTED_EDGE('',*,*,#8301,.F.);
#8304=ORIENTED_EDGE('',*,*,#8303,.T.);
#8306=ORIENTED_EDGE('',*,*,#8305,.T.);
#8308=ORIENTED_EDGE('',*,*,#8307,.F.);
#8310=ORIENTED_EDGE('',*,*,#8309,.T.);
#8312=ORIENTED_EDGE('',*,*,#8311,.T.);
#8314=ORIENTED_EDGE('',*,*,#8313,.F.);
#8316=ORIENTED_EDGE('',*,*,#8315,.T.);
#8317=EDGE_LOOP('',(#8138,#8140,#8142,#8144,#8146,#8148,#8150,#8152,#8154,#8156,
#8158,#8160,#8162,#8164,#8166,#8168,#8170,#8172,#8174,#8176,#8178,#8180,#8182,
#8184,#8186,#8188,#8190,#8192,#8194,#8196,#8198,#8200,#8202,#8204,#8206,#8208,
#8210,#8212,#8214,#8216,#8218,#8220,#8222,#8224,#8226,#8228,#8230,#8232,#8234,
#8236,#8238,#8240,#8242,#8244,#8246,#8248,#8250,#8252,#8254,#8256,#8258,#8260,
#8262,#8264,#8266,#8268,#8270,#8272,#8274,#8276,#8278,#8280,#8282,#8283,#8284,
#8286,#8288,#8290,#8292,#8294,#8296,#8298,#8300,#8302,#8304,#8306,#8308,#8310,
#8312,#8314,#8316));
#8318=FACE_OUTER_BOUND('',#8317,.F.);
#8320=ORIENTED_EDGE('',*,*,#8319,.F.);
#8322=ORIENTED_EDGE('',*,*,#8321,.T.);
#8324=ORIENTED_EDGE('',*,*,#8323,.F.);
#8326=ORIENTED_EDGE('',*,*,#8325,.F.);
#8327=EDGE_LOOP('',(#8320,#8322,#8324,#8326));
#8328=FACE_BOUND('',#8327,.F.);
#8330=ORIENTED_EDGE('',*,*,#8329,.F.);
#8332=ORIENTED_EDGE('',*,*,#8331,.T.);
#8334=ORIENTED_EDGE('',*,*,#8333,.F.);
#8336=ORIENTED_EDGE('',*,*,#8335,.F.);
#8337=EDGE_LOOP('',(#8330,#8332,#8334,#8336));
#8338=FACE_BOUND('',#8337,.F.);
#8340=ORIENTED_EDGE('',*,*,#8339,.F.);
#8342=ORIENTED_EDGE('',*,*,#8341,.T.);
#8344=ORIENTED_EDGE('',*,*,#8343,.F.);
#8346=ORIENTED_EDGE('',*,*,#8345,.F.);
#8347=EDGE_LOOP('',(#8340,#8342,#8344,#8346));
#8348=FACE_BOUND('',#8347,.F.);
#8350=ORIENTED_EDGE('',*,*,#8349,.F.);
#8352=ORIENTED_EDGE('',*,*,#8351,.T.);
#8354=ORIENTED_EDGE('',*,*,#8353,.F.);
#8356=ORIENTED_EDGE('',*,*,#8355,.F.);
#8357=EDGE_LOOP('',(#8350,#8352,#8354,#8356));
#8358=FACE_BOUND('',#8357,.F.);
#8360=ORIENTED_EDGE('',*,*,#8359,.F.);
#8362=ORIENTED_EDGE('',*,*,#8361,.T.);
#8364=ORIENTED_EDGE('',*,*,#8363,.F.);
#8366=ORIENTED_EDGE('',*,*,#8365,.F.);
#8367=EDGE_LOOP('',(#8360,#8362,#8364,#8366));
#8368=FACE_BOUND('',#8367,.F.);
#8370=ORIENTED_EDGE('',*,*,#8369,.F.);
#8372=ORIENTED_EDGE('',*,*,#8371,.T.);
#8374=ORIENTED_EDGE('',*,*,#8373,.F.);
#8376=ORIENTED_EDGE('',*,*,#8375,.F.);
#8377=EDGE_LOOP('',(#8370,#8372,#8374,#8376));
#8378=FACE_BOUND('',#8377,.F.);
#8380=ORIENTED_EDGE('',*,*,#8379,.F.);
#8382=ORIENTED_EDGE('',*,*,#8381,.T.);
#8384=ORIENTED_EDGE('',*,*,#8383,.F.);
#8386=ORIENTED_EDGE('',*,*,#8385,.F.);
#8387=EDGE_LOOP('',(#8380,#8382,#8384,#8386));
#8388=FACE_BOUND('',#8387,.F.);
#8390=ORIENTED_EDGE('',*,*,#8389,.F.);
#8392=ORIENTED_EDGE('',*,*,#8391,.T.);
#8394=ORIENTED_EDGE('',*,*,#8393,.F.);
#8396=ORIENTED_EDGE('',*,*,#8395,.F.);
#8397=EDGE_LOOP('',(#8390,#8392,#8394,#8396));
#8398=FACE_BOUND('',#8397,.F.);
#8400=ORIENTED_EDGE('',*,*,#8399,.F.);
#8402=ORIENTED_EDGE('',*,*,#8401,.T.);
#8404=ORIENTED_EDGE('',*,*,#8403,.F.);
#8406=ORIENTED_EDGE('',*,*,#8405,.F.);
#8407=EDGE_LOOP('',(#8400,#8402,#8404,#8406));
#8408=FACE_BOUND('',#8407,.F.);
#8410=ORIENTED_EDGE('',*,*,#8409,.F.);
#8412=ORIENTED_EDGE('',*,*,#8411,.T.);
#8414=ORIENTED_EDGE('',*,*,#8413,.F.);
#8416=ORIENTED_EDGE('',*,*,#8415,.F.);
#8417=EDGE_LOOP('',(#8410,#8412,#8414,#8416));
#8418=FACE_BOUND('',#8417,.F.);
#8420=ORIENTED_EDGE('',*,*,#8419,.F.);
#8422=ORIENTED_EDGE('',*,*,#8421,.T.);
#8424=ORIENTED_EDGE('',*,*,#8423,.F.);
#8426=ORIENTED_EDGE('',*,*,#8425,.F.);
#8427=EDGE_LOOP('',(#8420,#8422,#8424,#8426));
#8428=FACE_BOUND('',#8427,.F.);
#8430=ORIENTED_EDGE('',*,*,#8429,.T.);
#8432=ORIENTED_EDGE('',*,*,#8431,.F.);
#8434=ORIENTED_EDGE('',*,*,#8433,.F.);
#8435=EDGE_LOOP('',(#8430,#8432,#8434));
#8436=FACE_BOUND('',#8435,.F.);
#8438=ORIENTED_EDGE('',*,*,#8437,.T.);
#8440=ORIENTED_EDGE('',*,*,#8439,.F.);
#8442=ORIENTED_EDGE('',*,*,#8441,.F.);
#8444=ORIENTED_EDGE('',*,*,#8443,.F.);
#8445=EDGE_LOOP('',(#8438,#8440,#8442,#8444));
#8446=FACE_BOUND('',#8445,.F.);
#8448=ORIENTED_EDGE('',*,*,#8447,.F.);
#8450=ORIENTED_EDGE('',*,*,#8449,.T.);
#8452=ORIENTED_EDGE('',*,*,#8451,.F.);
#8454=ORIENTED_EDGE('',*,*,#8453,.F.);
#8455=EDGE_LOOP('',(#8448,#8450,#8452,#8454));
#8456=FACE_BOUND('',#8455,.F.);
#8458=ORIENTED_EDGE('',*,*,#8457,.F.);
#8460=ORIENTED_EDGE('',*,*,#8459,.T.);
#8462=ORIENTED_EDGE('',*,*,#8461,.F.);
#8464=ORIENTED_EDGE('',*,*,#8463,.F.);
#8465=EDGE_LOOP('',(#8458,#8460,#8462,#8464));
#8466=FACE_BOUND('',#8465,.F.);
#8468=ORIENTED_EDGE('',*,*,#8467,.F.);
#8470=ORIENTED_EDGE('',*,*,#8469,.F.);
#8471=EDGE_LOOP('',(#8468,#8470));
#8472=FACE_BOUND('',#8471,.F.);
#8474=ORIENTED_EDGE('',*,*,#8473,.F.);
#8476=ORIENTED_EDGE('',*,*,#8475,.F.);
#8477=EDGE_LOOP('',(#8474,#8476));
#8478=FACE_BOUND('',#8477,.F.);
#8480=ORIENTED_EDGE('',*,*,#8479,.F.);
#8482=ORIENTED_EDGE('',*,*,#8481,.F.);
#8483=EDGE_LOOP('',(#8480,#8482));
#8484=FACE_BOUND('',#8483,.F.);
#8486=ORIENTED_EDGE('',*,*,#8485,.T.);
#8488=ORIENTED_EDGE('',*,*,#8487,.T.);
#8490=ORIENTED_EDGE('',*,*,#8489,.F.);
#8492=ORIENTED_EDGE('',*,*,#8491,.F.);
#8493=EDGE_LOOP('',(#8486,#8488,#8490,#8492));
#8494=FACE_BOUND('',#8493,.F.);
#8495=ADVANCED_FACE('',(#8318,#8328,#8338,#8348,#8358,#8368,#8378,#8388,#8398,
#8408,#8418,#8428,#8436,#8446,#8456,#8466,#8472,#8478,#8484,#8494),#8136,.F.);
#8496=CARTESIAN_POINT('',(1.096763713788E2,8.593977658174E1,-1.385929291126E1));
#8497=DIRECTION('',(-4.472135955E-1,6.324555320337E-1,6.324555320337E-1));
#8498=DIRECTION('',(-8.944271909999E-1,-3.162277660169E-1,-3.162277660169E-1));
#8499=AXIS2_PLACEMENT_3D('',#8496,#8497,#8498);
#8500=PLANE('',#8499);
#8501=ORIENTED_EDGE('',*,*,#8137,.F.);
#8503=ORIENTED_EDGE('',*,*,#8502,.F.);
#8505=ORIENTED_EDGE('',*,*,#8504,.T.);
#8507=ORIENTED_EDGE('',*,*,#8506,.F.);
#8509=ORIENTED_EDGE('',*,*,#8508,.T.);
#8510=EDGE_LOOP('',(#8501,#8503,#8505,#8507,#8509));
#8511=FACE_OUTER_BOUND('',#8510,.F.);
#8512=ADVANCED_FACE('',(#8511),#8500,.F.);
#8513=CARTESIAN_POINT('',(1.088763713788E2,8.565693386926E1,-1.414213562373E1));
#8514=DIRECTION('',(-4.472135955E-1,-6.324555320337E-1,-6.324555320337E-1));
#8515=DIRECTION('',(8.944271909999E-1,-3.162277660169E-1,-3.162277660169E-1));
#8516=AXIS2_PLACEMENT_3D('',#8513,#8514,#8515);
#8517=PLANE('',#8516);
#8518=ORIENTED_EDGE('',*,*,#8315,.F.);
#8520=ORIENTED_EDGE('',*,*,#8519,.F.);
#8522=ORIENTED_EDGE('',*,*,#8521,.F.);
#8523=ORIENTED_EDGE('',*,*,#8502,.T.);
#8524=EDGE_LOOP('',(#8518,#8520,#8522,#8523));
#8525=FACE_OUTER_BOUND('',#8524,.F.);
#8526=ADVANCED_FACE('',(#8525),#8517,.F.);
#8527=CARTESIAN_POINT('',(1.096763713788E2,0.E0,-1.425E1));
#8528=DIRECTION('',(1.E0,0.E0,0.E0));
#8529=DIRECTION('',(0.E0,0.E0,1.E0));
#8530=AXIS2_PLACEMENT_3D('',#8527,#8528,#8529);
#8531=PLANE('',#8530);
#8532=ORIENTED_EDGE('',*,*,#8519,.T.);
#8533=ORIENTED_EDGE('',*,*,#8313,.T.);
#8535=ORIENTED_EDGE('',*,*,#8534,.T.);
#8536=EDGE_LOOP('',(#8532,#8533,#8535));
#8537=FACE_OUTER_BOUND('',#8536,.F.);
#8538=ADVANCED_FACE('',(#8537),#8531,.T.);
#8539=CARTESIAN_POINT('',(1.096763713788E2,8.029197188685E1,-3.102220282615E0));
#8540=DIRECTION('',(-4.472135955E-1,6.324555320337E-1,-6.324555320337E-1));
#8541=DIRECTION('',(-8.944271909999E-1,-3.162277660169E-1,3.162277660169E-1));
#8542=AXIS2_PLACEMENT_3D('',#8539,#8540,#8541);
#8543=PLANE('',#8542);
#8544=ORIENTED_EDGE('',*,*,#8521,.T.);
#8545=ORIENTED_EDGE('',*,*,#8534,.F.);
#8546=ORIENTED_EDGE('',*,*,#8311,.F.);
#8548=ORIENTED_EDGE('',*,*,#8547,.T.);
#8549=EDGE_LOOP('',(#8544,#8545,#8546,#8548));
#8550=FACE_OUTER_BOUND('',#8549,.F.);
#8551=ADVANCED_FACE('',(#8550),#8543,.F.);
#8552=CARTESIAN_POINT('',(1.088763713788E2,8.000912917438E1,-2.819377570140E0));
#8553=DIRECTION('',(-4.472135955E-1,-6.324555320337E-1,6.324555320337E-1));
#8554=DIRECTION('',(8.944271909999E-1,-3.162277660169E-1,3.162277660169E-1));
#8555=AXIS2_PLACEMENT_3D('',#8552,#8553,#8554);
#8556=PLANE('',#8555);
#8558=ORIENTED_EDGE('',*,*,#8557,.T.);
#8559=ORIENTED_EDGE('',*,*,#8547,.F.);
#8560=ORIENTED_EDGE('',*,*,#8309,.F.);
#8562=ORIENTED_EDGE('',*,*,#8561,.F.);
#8563=EDGE_LOOP('',(#8558,#8559,#8560,#8562));
#8564=FACE_OUTER_BOUND('',#8563,.F.);
#8565=ADVANCED_FACE('',(#8564),#8556,.F.);
#8566=CARTESIAN_POINT('',(1.088763713788E2,8.565693386926E1,-1.414213562373E1));
#8567=DIRECTION('',(-4.472135955E-1,-6.324555320337E-1,-6.324555320337E-1));
#8568=DIRECTION('',(8.944271909999E-1,-3.162277660169E-1,-3.162277660169E-1));
#8569=AXIS2_PLACEMENT_3D('',#8566,#8567,#8568);
#8570=PLANE('',#8569);
#8572=ORIENTED_EDGE('',*,*,#8571,.F.);
#8574=ORIENTED_EDGE('',*,*,#8573,.F.);
#8576=ORIENTED_EDGE('',*,*,#8575,.T.);
#8577=ORIENTED_EDGE('',*,*,#8557,.F.);
#8578=EDGE_LOOP('',(#8572,#8574,#8576,#8577));
#8579=FACE_OUTER_BOUND('',#8578,.F.);
#8580=ADVANCED_FACE('',(#8579),#8570,.F.);
#8581=CARTESIAN_POINT('',(1.096763713788E2,0.E0,-1.425E1));
#8582=DIRECTION('',(1.E0,0.E0,0.E0));
#8583=DIRECTION('',(0.E0,0.E0,1.E0));
#8584=AXIS2_PLACEMENT_3D('',#8581,#8582,#8583);
#8585=PLANE('',#8584);
#8587=ORIENTED_EDGE('',*,*,#8586,.F.);
#8589=ORIENTED_EDGE('',*,*,#8588,.T.);
#8590=ORIENTED_EDGE('',*,*,#8571,.T.);
#8591=ORIENTED_EDGE('',*,*,#8561,.T.);
#8592=ORIENTED_EDGE('',*,*,#8307,.T.);
#8593=EDGE_LOOP('',(#8587,#8589,#8590,#8591,#8592));
#8594=FACE_OUTER_BOUND('',#8593,.F.);
#8595=ADVANCED_FACE('',(#8594),#8585,.T.);
#8596=CARTESIAN_POINT('',(1.116763713788E2,7.351653194263E1,-5.14026E1));
#8597=DIRECTION('',(0.E0,0.E0,1.E0));
#8598=DIRECTION('',(-1.E0,0.E0,0.E0));
#8599=AXIS2_PLACEMENT_3D('',#8596,#8597,#8598);
#8600=CYLINDRICAL_SURFACE('',#8599,2.E0);
#8602=ORIENTED_EDGE('',*,*,#8601,.T.);
#8603=ORIENTED_EDGE('',*,*,#8586,.T.);
#8604=ORIENTED_EDGE('',*,*,#8305,.F.);
#8606=ORIENTED_EDGE('',*,*,#8605,.T.);
#8608=ORIENTED_EDGE('',*,*,#8607,.F.);
#8610=ORIENTED_EDGE('',*,*,#8609,.T.);
#8612=ORIENTED_EDGE('',*,*,#8611,.T.);
#8614=ORIENTED_EDGE('',*,*,#8613,.T.);
#8616=ORIENTED_EDGE('',*,*,#8615,.T.);
#8618=ORIENTED_EDGE('',*,*,#8617,.T.);
#8620=ORIENTED_EDGE('',*,*,#8619,.T.);
#8622=ORIENTED_EDGE('',*,*,#8621,.T.);
#8623=EDGE_LOOP('',(#8602,#8603,#8604,#8606,#8608,#8610,#8612,#8614,#8616,#8618,
#8620,#8622));
#8624=FACE_OUTER_BOUND('',#8623,.F.);
#8625=ADVANCED_FACE('',(#8624),#8600,.F.);
#8626=CARTESIAN_POINT('',(1.096763713788E2,7.351653194263E1,-7.012335081529E0));
#8627=DIRECTION('',(0.E0,1.E0,0.E0));
#8628=DIRECTION('',(-1.E0,0.E0,0.E0));
#8629=AXIS2_PLACEMENT_3D('',#8626,#8627,#8628);
#8630=PLANE('',#8629);
#8631=ORIENTED_EDGE('',*,*,#8601,.F.);
#8633=ORIENTED_EDGE('',*,*,#8632,.T.);
#8635=ORIENTED_EDGE('',*,*,#8634,.T.);
#8636=EDGE_LOOP('',(#8631,#8633,#8635));
#8637=FACE_OUTER_BOUND('',#8636,.F.);
#8638=ADVANCED_FACE('',(#8637),#8630,.T.);
#8639=CARTESIAN_POINT('',(1.088763713788E2,7.435227492488E1,-2.819377570140E0));
#8640=DIRECTION('',(-4.472135955E-1,-6.324555320337E-1,6.324555320337E-1));
#8641=DIRECTION('',(8.944271909999E-1,-3.162277660169E-1,3.162277660169E-1));
#8642=AXIS2_PLACEMENT_3D('',#8639,#8640,#8641);
#8643=PLANE('',#8642);
#8644=ORIENTED_EDGE('',*,*,#8632,.F.);
#8646=ORIENTED_EDGE('',*,*,#8645,.F.);
#8648=ORIENTED_EDGE('',*,*,#8647,.T.);
#8650=ORIENTED_EDGE('',*,*,#8649,.F.);
#8651=EDGE_LOOP('',(#8644,#8646,#8648,#8650));
#8652=FACE_OUTER_BOUND('',#8651,.F.);
#8653=ADVANCED_FACE('',(#8652),#8643,.F.);
#8654=CARTESIAN_POINT('',(1.096763713788E2,0.E0,-1.425E1));
#8655=DIRECTION('',(1.E0,0.E0,0.E0));
#8656=DIRECTION('',(0.E0,0.E0,1.E0));
#8657=AXIS2_PLACEMENT_3D('',#8654,#8655,#8656);
#8658=PLANE('',#8657);
#8660=ORIENTED_EDGE('',*,*,#8659,.T.);
#8661=ORIENTED_EDGE('',*,*,#8645,.T.);
#8662=ORIENTED_EDGE('',*,*,#8621,.F.);
#8663=EDGE_LOOP('',(#8660,#8661,#8662));
#8664=FACE_OUTER_BOUND('',#8663,.F.);
#8665=ADVANCED_FACE('',(#8664),#8658,.T.);
#8666=CARTESIAN_POINT('',(1.088763713788E2,8.565693386926E1,-1.414213562373E1));
#8667=DIRECTION('',(-4.472135955E-1,-6.324555320337E-1,-6.324555320337E-1));
#8668=DIRECTION('',(8.944271909999E-1,-3.162277660169E-1,-3.162277660169E-1));
#8669=AXIS2_PLACEMENT_3D('',#8666,#8667,#8668);
#8670=PLANE('',#8669);
#8672=ORIENTED_EDGE('',*,*,#8671,.T.);
#8674=ORIENTED_EDGE('',*,*,#8673,.T.);
#8675=ORIENTED_EDGE('',*,*,#8647,.F.);
#8676=ORIENTED_EDGE('',*,*,#8659,.F.);
#8677=EDGE_LOOP('',(#8672,#8674,#8675,#8676));
#8678=FACE_OUTER_BOUND('',#8677,.F.);
#8679=ADVANCED_FACE('',(#8678),#8670,.F.);
#8680=CARTESIAN_POINT('',(1.096763713788E2,7.351653194263E1,-7.012335081529E0));
#8681=DIRECTION('',(0.E0,1.E0,0.E0));
#8682=DIRECTION('',(-1.E0,0.E0,0.E0));
#8683=AXIS2_PLACEMENT_3D('',#8680,#8681,#8682);
#8684=PLANE('',#8683);
#8685=ORIENTED_EDGE('',*,*,#8619,.F.);
#8687=ORIENTED_EDGE('',*,*,#8686,.F.);
#8688=ORIENTED_EDGE('',*,*,#8671,.F.);
#8689=EDGE_LOOP('',(#8685,#8687,#8688));
#8690=FACE_OUTER_BOUND('',#8689,.F.);
#8691=ADVANCED_FACE('',(#8690),#8684,.T.);
#8692=CARTESIAN_POINT('',(1.096763713788E2,8.593977658174E1,-1.385929291126E1));
#8693=DIRECTION('',(-4.472135955E-1,6.324555320337E-1,6.324555320337E-1));
#8694=DIRECTION('',(-8.944271909999E-1,-3.162277660169E-1,-3.162277660169E-1));
#8695=AXIS2_PLACEMENT_3D('',#8692,#8693,#8694);
#8696=PLANE('',#8695);
#8697=ORIENTED_EDGE('',*,*,#8686,.T.);
#8699=ORIENTED_EDGE('',*,*,#8698,.F.);
#8701=ORIENTED_EDGE('',*,*,#8700,.T.);
#8702=ORIENTED_EDGE('',*,*,#8673,.F.);
#8703=EDGE_LOOP('',(#8697,#8699,#8701,#8702));
#8704=FACE_OUTER_BOUND('',#8703,.F.);
#8705=ADVANCED_FACE('',(#8704),#8696,.F.);
#8706=CARTESIAN_POINT('',(1.096763713788E2,0.E0,-1.425E1));
#8707=DIRECTION('',(1.E0,0.E0,0.E0));
#8708=DIRECTION('',(0.E0,0.E0,1.E0));
#8709=AXIS2_PLACEMENT_3D('',#8706,#8707,#8708);
#8710=PLANE('',#8709);
#8712=ORIENTED_EDGE('',*,*,#8711,.T.);
#8714=ORIENTED_EDGE('',*,*,#8713,.T.);
#8716=ORIENTED_EDGE('',*,*,#8715,.T.);
#8717=ORIENTED_EDGE('',*,*,#8698,.T.);
#8718=ORIENTED_EDGE('',*,*,#8617,.F.);
#8719=EDGE_LOOP('',(#8712,#8714,#8716,#8717,#8718));
#8720=FACE_OUTER_BOUND('',#8719,.F.);
#8721=ADVANCED_FACE('',(#8720),#8710,.T.);
#8722=CARTESIAN_POINT('',(1.096763713788E2,6.897826338787E1,-3.102220282615E0));
#8723=DIRECTION('',(-4.472135955E-1,6.324555320337E-1,-6.324555320337E-1));
#8724=DIRECTION('',(-8.944271909999E-1,-3.162277660169E-1,3.162277660169E-1));
#8725=AXIS2_PLACEMENT_3D('',#8722,#8723,#8724);
#8726=PLANE('',#8725);
#8728=ORIENTED_EDGE('',*,*,#8727,.F.);
#8730=ORIENTED_EDGE('',*,*,#8729,.T.);
#8732=ORIENTED_EDGE('',*,*,#8731,.T.);
#8733=ORIENTED_EDGE('',*,*,#8711,.F.);
#8734=EDGE_LOOP('',(#8728,#8730,#8732,#8733));
#8735=FACE_OUTER_BOUND('',#8734,.F.);
#8736=ADVANCED_FACE('',(#8735),#8726,.F.);
#8737=CARTESIAN_POINT('',(1.096763713788E2,7.351653194263E1,-7.012335081529E0));
#8738=DIRECTION('',(0.E0,1.E0,0.E0));
#8739=DIRECTION('',(-1.E0,0.E0,0.E0));
#8740=AXIS2_PLACEMENT_3D('',#8737,#8738,#8739);
#8741=PLANE('',#8740);
#8742=ORIENTED_EDGE('',*,*,#8615,.F.);
#8744=ORIENTED_EDGE('',*,*,#8743,.T.);
#8745=ORIENTED_EDGE('',*,*,#8727,.T.);
#8746=EDGE_LOOP('',(#8742,#8744,#8745));
#8747=FACE_OUTER_BOUND('',#8746,.F.);
#8748=ADVANCED_FACE('',(#8747),#8741,.T.);
#8749=CARTESIAN_POINT('',(1.088763713788E2,6.869542067539E1,-2.819377570140E0));
#8750=DIRECTION('',(-4.472135955E-1,-6.324555320337E-1,6.324555320337E-1));
#8751=DIRECTION('',(8.944271909999E-1,-3.162277660169E-1,3.162277660169E-1));
#8752=AXIS2_PLACEMENT_3D('',#8749,#8750,#8751);
#8753=PLANE('',#8752);
#8754=ORIENTED_EDGE('',*,*,#8743,.F.);
#8756=ORIENTED_EDGE('',*,*,#8755,.F.);
#8758=ORIENTED_EDGE('',*,*,#8757,.T.);
#8759=ORIENTED_EDGE('',*,*,#8729,.F.);
#8760=EDGE_LOOP('',(#8754,#8756,#8758,#8759));
#8761=FACE_OUTER_BOUND('',#8760,.F.);
#8762=ADVANCED_FACE('',(#8761),#8753,.F.);
#8763=CARTESIAN_POINT('',(1.096763713788E2,0.E0,-1.425E1));
#8764=DIRECTION('',(1.E0,0.E0,0.E0));
#8765=DIRECTION('',(0.E0,0.E0,1.E0));
#8766=AXIS2_PLACEMENT_3D('',#8763,#8764,#8765);
#8767=PLANE('',#8766);
#8769=ORIENTED_EDGE('',*,*,#8768,.T.);
#8770=ORIENTED_EDGE('',*,*,#8755,.T.);
#8771=ORIENTED_EDGE('',*,*,#8613,.F.);
#8772=EDGE_LOOP('',(#8769,#8770,#8771));
#8773=FACE_OUTER_BOUND('',#8772,.F.);
#8774=ADVANCED_FACE('',(#8773),#8767,.T.);
#8775=CARTESIAN_POINT('',(1.088763713788E2,8.565693386926E1,-8.485281374239E0));
#8776=DIRECTION('',(-4.472135955E-1,-6.324555320337E-1,-6.324555320337E-1));
#8777=DIRECTION('',(8.944271909999E-1,-3.162277660169E-1,-3.162277660169E-1));
#8778=AXIS2_PLACEMENT_3D('',#8775,#8776,#8777);
#8779=PLANE('',#8778);
#8781=ORIENTED_EDGE('',*,*,#8780,.T.);
#8783=ORIENTED_EDGE('',*,*,#8782,.T.);
#8784=ORIENTED_EDGE('',*,*,#8757,.F.);
#8785=ORIENTED_EDGE('',*,*,#8768,.F.);
#8786=EDGE_LOOP('',(#8781,#8783,#8784,#8785));
#8787=FACE_OUTER_BOUND('',#8786,.F.);
#8788=ADVANCED_FACE('',(#8787),#8779,.F.);
#8789=CARTESIAN_POINT('',(1.096763713788E2,7.351653194263E1,-7.012335081529E0));
#8790=DIRECTION('',(0.E0,1.E0,0.E0));
#8791=DIRECTION('',(-1.E0,0.E0,0.E0));
#8792=AXIS2_PLACEMENT_3D('',#8789,#8790,#8791);
#8793=PLANE('',#8792);
#8794=ORIENTED_EDGE('',*,*,#8611,.F.);
#8796=ORIENTED_EDGE('',*,*,#8795,.F.);
#8797=ORIENTED_EDGE('',*,*,#8780,.F.);
#8798=EDGE_LOOP('',(#8794,#8796,#8797));
#8799=FACE_OUTER_BOUND('',#8798,.F.);
#8800=ADVANCED_FACE('',(#8799),#8793,.T.);
#8801=CARTESIAN_POINT('',(1.096763713788E2,8.593977658174E1,-8.202438661764E0));
#8802=DIRECTION('',(-4.472135955E-1,6.324555320337E-1,6.324555320337E-1));
#8803=DIRECTION('',(-8.944271909999E-1,-3.162277660169E-1,-3.162277660169E-1));
#8804=AXIS2_PLACEMENT_3D('',#8801,#8802,#8803);
#8805=PLANE('',#8804);
#8806=ORIENTED_EDGE('',*,*,#8795,.T.);
#8808=ORIENTED_EDGE('',*,*,#8807,.F.);
#8810=ORIENTED_EDGE('',*,*,#8809,.T.);
#8811=ORIENTED_EDGE('',*,*,#8782,.F.);
#8812=EDGE_LOOP('',(#8806,#8808,#8810,#8811));
#8813=FACE_OUTER_BOUND('',#8812,.F.);
#8814=ADVANCED_FACE('',(#8813),#8805,.F.);
#8815=CARTESIAN_POINT('',(1.096763713788E2,0.E0,-1.425E1));
#8816=DIRECTION('',(1.E0,0.E0,0.E0));
#8817=DIRECTION('',(0.E0,0.E0,1.E0));
#8818=AXIS2_PLACEMENT_3D('',#8815,#8816,#8817);
#8819=PLANE('',#8818);
#8820=ORIENTED_EDGE('',*,*,#8807,.T.);
#8821=ORIENTED_EDGE('',*,*,#8609,.F.);
#8823=ORIENTED_EDGE('',*,*,#8822,.T.);
#8825=ORIENTED_EDGE('',*,*,#8824,.T.);
#8827=ORIENTED_EDGE('',*,*,#8826,.T.);
#8828=EDGE_LOOP('',(#8820,#8821,#8823,#8825,#8827));
#8829=FACE_OUTER_BOUND('',#8828,.F.);
#8830=ADVANCED_FACE('',(#8829),#8819,.T.);
#8831=CARTESIAN_POINT('',(1.086763713788E2,6.273648189885E1,6.5E0));
#8832=DIRECTION('',(0.E0,8.823676985307E-2,-9.960995293874E-1));
#8833=DIRECTION('',(0.E0,9.960995293874E-1,8.823676985307E-2));
#8834=AXIS2_PLACEMENT_3D('',#8831,#8832,#8833);
#8835=PLANE('',#8834);
#8837=ORIENTED_EDGE('',*,*,#8836,.F.);
#8839=ORIENTED_EDGE('',*,*,#8838,.F.);
#8840=ORIENTED_EDGE('',*,*,#8822,.F.);
#8841=ORIENTED_EDGE('',*,*,#8607,.T.);
#8843=ORIENTED_EDGE('',*,*,#8842,.F.);
#8845=ORIENTED_EDGE('',*,*,#8844,.F.);
#8847=ORIENTED_EDGE('',*,*,#8846,.T.);
#8849=ORIENTED_EDGE('',*,*,#8848,.F.);
#8851=ORIENTED_EDGE('',*,*,#8850,.T.);
#8853=ORIENTED_EDGE('',*,*,#8852,.T.);
#8855=ORIENTED_EDGE('',*,*,#8854,.F.);
#8857=ORIENTED_EDGE('',*,*,#8856,.F.);
#8859=ORIENTED_EDGE('',*,*,#8858,.F.);
#8861=ORIENTED_EDGE('',*,*,#8860,.T.);
#8862=ORIENTED_EDGE('',*,*,#8108,.T.);
#8863=ORIENTED_EDGE('',*,*,#8126,.F.);
#8865=ORIENTED_EDGE('',*,*,#8864,.T.);
#8867=ORIENTED_EDGE('',*,*,#8866,.F.);
#8869=ORIENTED_EDGE('',*,*,#8868,.F.);
#8871=ORIENTED_EDGE('',*,*,#8870,.F.);
#8873=ORIENTED_EDGE('',*,*,#8872,.F.);
#8875=ORIENTED_EDGE('',*,*,#8874,.F.);
#8877=ORIENTED_EDGE('',*,*,#8876,.F.);
#8879=ORIENTED_EDGE('',*,*,#8878,.F.);
#8881=ORIENTED_EDGE('',*,*,#8880,.F.);
#8883=ORIENTED_EDGE('',*,*,#8882,.F.);
#8885=ORIENTED_EDGE('',*,*,#8884,.F.);
#8887=ORIENTED_EDGE('',*,*,#8886,.F.);
#8889=ORIENTED_EDGE('',*,*,#8888,.F.);
#8891=ORIENTED_EDGE('',*,*,#8890,.F.);
#8893=ORIENTED_EDGE('',*,*,#8892,.F.);
#8895=ORIENTED_EDGE('',*,*,#8894,.F.);
#8897=ORIENTED_EDGE('',*,*,#8896,.F.);
#8899=ORIENTED_EDGE('',*,*,#8898,.F.);
#8901=ORIENTED_EDGE('',*,*,#8900,.F.);
#8903=ORIENTED_EDGE('',*,*,#8902,.F.);
#8905=ORIENTED_EDGE('',*,*,#8904,.F.);
#8907=ORIENTED_EDGE('',*,*,#8906,.F.);
#8909=ORIENTED_EDGE('',*,*,#8908,.F.);
#8911=ORIENTED_EDGE('',*,*,#8910,.F.);
#8913=ORIENTED_EDGE('',*,*,#8912,.F.);
#8915=ORIENTED_EDGE('',*,*,#8914,.F.);
#8917=ORIENTED_EDGE('',*,*,#8916,.F.);
#8919=ORIENTED_EDGE('',*,*,#8918,.F.);
#8921=ORIENTED_EDGE('',*,*,#8920,.F.);
#8923=ORIENTED_EDGE('',*,*,#8922,.F.);
#8925=ORIENTED_EDGE('',*,*,#8924,.F.);
#8927=ORIENTED_EDGE('',*,*,#8926,.F.);
#8929=ORIENTED_EDGE('',*,*,#8928,.F.);
#8931=ORIENTED_EDGE('',*,*,#8930,.F.);
#8933=ORIENTED_EDGE('',*,*,#8932,.F.);
#8935=ORIENTED_EDGE('',*,*,#8934,.T.);
#8937=ORIENTED_EDGE('',*,*,#8936,.F.);
#8939=ORIENTED_EDGE('',*,*,#8938,.F.);
#8941=ORIENTED_EDGE('',*,*,#8940,.F.);
#8943=ORIENTED_EDGE('',*,*,#8942,.F.);
#8945=ORIENTED_EDGE('',*,*,#8944,.F.);
#8947=ORIENTED_EDGE('',*,*,#8946,.F.);
#8949=ORIENTED_EDGE('',*,*,#8948,.F.);
#8951=ORIENTED_EDGE('',*,*,#8950,.F.);
#8953=ORIENTED_EDGE('',*,*,#8952,.F.);
#8955=ORIENTED_EDGE('',*,*,#8954,.F.);
#8957=ORIENTED_EDGE('',*,*,#8956,.F.);
#8959=ORIENTED_EDGE('',*,*,#8958,.F.);
#8961=ORIENTED_EDGE('',*,*,#8960,.F.);
#8963=ORIENTED_EDGE('',*,*,#8962,.F.);
#8965=ORIENTED_EDGE('',*,*,#8964,.F.);
#8967=ORIENTED_EDGE('',*,*,#8966,.F.);
#8969=ORIENTED_EDGE('',*,*,#8968,.F.);
#8971=ORIENTED_EDGE('',*,*,#8970,.F.);
#8973=ORIENTED_EDGE('',*,*,#8972,.F.);
#8975=ORIENTED_EDGE('',*,*,#8974,.F.);
#8977=ORIENTED_EDGE('',*,*,#8976,.F.);
#8979=ORIENTED_EDGE('',*,*,#8978,.F.);
#8981=ORIENTED_EDGE('',*,*,#8980,.F.);
#8983=ORIENTED_EDGE('',*,*,#8982,.F.);
#8985=ORIENTED_EDGE('',*,*,#8984,.F.);
#8987=ORIENTED_EDGE('',*,*,#8986,.F.);
#8989=ORIENTED_EDGE('',*,*,#8988,.F.);
#8991=ORIENTED_EDGE('',*,*,#8990,.F.);
#8993=ORIENTED_EDGE('',*,*,#8992,.F.);
#8995=ORIENTED_EDGE('',*,*,#8994,.F.);
#8997=ORIENTED_EDGE('',*,*,#8996,.F.);
#8999=ORIENTED_EDGE('',*,*,#8998,.F.);
#9001=ORIENTED_EDGE('',*,*,#9000,.F.);
#9003=ORIENTED_EDGE('',*,*,#9002,.F.);
#9005=ORIENTED_EDGE('',*,*,#9004,.F.);
#9007=ORIENTED_EDGE('',*,*,#9006,.F.);
#9009=ORIENTED_EDGE('',*,*,#9008,.F.);
#9011=ORIENTED_EDGE('',*,*,#9010,.F.);
#9013=ORIENTED_EDGE('',*,*,#9012,.F.);
#9014=EDGE_LOOP('',(#8837,#8839,#8840,#8841,#8843,#8845,#8847,#8849,#8851,#8853,
#8855,#8857,#8859,#8861,#8862,#8863,#8865,#8867,#8869,#8871,#8873,#8875,#8877,
#8879,#8881,#8883,#8885,#8887,#8889,#8891,#8893,#8895,#8897,#8899,#8901,#8903,
#8905,#8907,#8909,#8911,#8913,#8915,#8917,#8919,#8921,#8923,#8925,#8927,#8929,
#8931,#8933,#8935,#8937,#8939,#8941,#8943,#8945,#8947,#8949,#8951,#8953,#8955,
#8957,#8959,#8961,#8963,#8965,#8967,#8969,#8971,#8973,#8975,#8977,#8979,#8981,
#8983,#8985,#8987,#8989,#8991,#8993,#8995,#8997,#8999,#9001,#9003,#9005,#9007,
#9009,#9011,#9013));
#9015=FACE_OUTER_BOUND('',#9014,.F.);
#9017=ORIENTED_EDGE('',*,*,#9016,.T.);
#9019=ORIENTED_EDGE('',*,*,#9018,.F.);
#9021=ORIENTED_EDGE('',*,*,#9020,.T.);
#9023=ORIENTED_EDGE('',*,*,#9022,.F.);
#9024=EDGE_LOOP('',(#9017,#9019,#9021,#9023));
#9025=FACE_BOUND('',#9024,.F.);
#9027=ORIENTED_EDGE('',*,*,#9026,.T.);
#9029=ORIENTED_EDGE('',*,*,#9028,.F.);
#9031=ORIENTED_EDGE('',*,*,#9030,.T.);
#9033=ORIENTED_EDGE('',*,*,#9032,.F.);
#9034=EDGE_LOOP('',(#9027,#9029,#9031,#9033));
#9035=FACE_BOUND('',#9034,.F.);
#9037=ORIENTED_EDGE('',*,*,#9036,.T.);
#9039=ORIENTED_EDGE('',*,*,#9038,.F.);
#9041=ORIENTED_EDGE('',*,*,#9040,.T.);
#9043=ORIENTED_EDGE('',*,*,#9042,.F.);
#9044=EDGE_LOOP('',(#9037,#9039,#9041,#9043));
#9045=FACE_BOUND('',#9044,.F.);
#9047=ORIENTED_EDGE('',*,*,#9046,.T.);
#9049=ORIENTED_EDGE('',*,*,#9048,.F.);
#9051=ORIENTED_EDGE('',*,*,#9050,.T.);
#9053=ORIENTED_EDGE('',*,*,#9052,.F.);
#9054=EDGE_LOOP('',(#9047,#9049,#9051,#9053));
#9055=FACE_BOUND('',#9054,.F.);
#9057=ORIENTED_EDGE('',*,*,#9056,.T.);
#9059=ORIENTED_EDGE('',*,*,#9058,.F.);
#9061=ORIENTED_EDGE('',*,*,#9060,.T.);
#9063=ORIENTED_EDGE('',*,*,#9062,.F.);
#9064=EDGE_LOOP('',(#9057,#9059,#9061,#9063));
#9065=FACE_BOUND('',#9064,.F.);
#9067=ORIENTED_EDGE('',*,*,#9066,.T.);
#9069=ORIENTED_EDGE('',*,*,#9068,.F.);
#9071=ORIENTED_EDGE('',*,*,#9070,.T.);
#9073=ORIENTED_EDGE('',*,*,#9072,.F.);
#9074=EDGE_LOOP('',(#9067,#9069,#9071,#9073));
#9075=FACE_BOUND('',#9074,.F.);
#9077=ORIENTED_EDGE('',*,*,#9076,.T.);
#9079=ORIENTED_EDGE('',*,*,#9078,.F.);
#9081=ORIENTED_EDGE('',*,*,#9080,.T.);
#9083=ORIENTED_EDGE('',*,*,#9082,.F.);
#9084=EDGE_LOOP('',(#9077,#9079,#9081,#9083));
#9085=FACE_BOUND('',#9084,.F.);
#9087=ORIENTED_EDGE('',*,*,#9086,.T.);
#9089=ORIENTED_EDGE('',*,*,#9088,.F.);
#9091=ORIENTED_EDGE('',*,*,#9090,.T.);
#9093=ORIENTED_EDGE('',*,*,#9092,.F.);
#9094=EDGE_LOOP('',(#9087,#9089,#9091,#9093));
#9095=FACE_BOUND('',#9094,.F.);
#9097=ORIENTED_EDGE('',*,*,#9096,.T.);
#9099=ORIENTED_EDGE('',*,*,#9098,.F.);
#9101=ORIENTED_EDGE('',*,*,#9100,.T.);
#9103=ORIENTED_EDGE('',*,*,#9102,.F.);
#9104=EDGE_LOOP('',(#9097,#9099,#9101,#9103));
#9105=FACE_BOUND('',#9104,.F.);
#9107=ORIENTED_EDGE('',*,*,#9106,.T.);
#9109=ORIENTED_EDGE('',*,*,#9108,.F.);
#9111=ORIENTED_EDGE('',*,*,#9110,.T.);
#9113=ORIENTED_EDGE('',*,*,#9112,.F.);
#9114=EDGE_LOOP('',(#9107,#9109,#9111,#9113));
#9115=FACE_BOUND('',#9114,.F.);
#9117=ORIENTED_EDGE('',*,*,#9116,.T.);
#9119=ORIENTED_EDGE('',*,*,#9118,.F.);
#9121=ORIENTED_EDGE('',*,*,#9120,.T.);
#9123=ORIENTED_EDGE('',*,*,#9122,.F.);
#9124=EDGE_LOOP('',(#9117,#9119,#9121,#9123));
#9125=FACE_BOUND('',#9124,.F.);
#9127=ORIENTED_EDGE('',*,*,#9126,.F.);
#9129=ORIENTED_EDGE('',*,*,#9128,.F.);
#9131=ORIENTED_EDGE('',*,*,#9130,.T.);
#9132=EDGE_LOOP('',(#9127,#9129,#9131));
#9133=FACE_BOUND('',#9132,.F.);
#9135=ORIENTED_EDGE('',*,*,#9134,.F.);
#9137=ORIENTED_EDGE('',*,*,#9136,.T.);
#9139=ORIENTED_EDGE('',*,*,#9138,.F.);
#9141=ORIENTED_EDGE('',*,*,#9140,.T.);
#9142=EDGE_LOOP('',(#9135,#9137,#9139,#9141));
#9143=FACE_BOUND('',#9142,.F.);
#9145=ORIENTED_EDGE('',*,*,#9144,.T.);
#9147=ORIENTED_EDGE('',*,*,#9146,.F.);
#9149=ORIENTED_EDGE('',*,*,#9148,.T.);
#9151=ORIENTED_EDGE('',*,*,#9150,.F.);
#9152=EDGE_LOOP('',(#9145,#9147,#9149,#9151));
#9153=FACE_BOUND('',#9152,.F.);
#9155=ORIENTED_EDGE('',*,*,#9154,.T.);
#9157=ORIENTED_EDGE('',*,*,#9156,.F.);
#9159=ORIENTED_EDGE('',*,*,#9158,.T.);
#9161=ORIENTED_EDGE('',*,*,#9160,.F.);
#9162=EDGE_LOOP('',(#9155,#9157,#9159,#9161));
#9163=FACE_BOUND('',#9162,.F.);
#9165=ORIENTED_EDGE('',*,*,#9164,.T.);
#9167=ORIENTED_EDGE('',*,*,#9166,.T.);
#9168=EDGE_LOOP('',(#9165,#9167));
#9169=FACE_BOUND('',#9168,.F.);
#9171=ORIENTED_EDGE('',*,*,#9170,.T.);
#9173=ORIENTED_EDGE('',*,*,#9172,.T.);
#9174=EDGE_LOOP('',(#9171,#9173));
#9175=FACE_BOUND('',#9174,.F.);
#9177=ORIENTED_EDGE('',*,*,#9176,.T.);
#9179=ORIENTED_EDGE('',*,*,#9178,.T.);
#9180=EDGE_LOOP('',(#9177,#9179));
#9181=FACE_BOUND('',#9180,.F.);
#9183=ORIENTED_EDGE('',*,*,#9182,.F.);
#9185=ORIENTED_EDGE('',*,*,#9184,.F.);
#9187=ORIENTED_EDGE('',*,*,#9186,.T.);
#9189=ORIENTED_EDGE('',*,*,#9188,.F.);
#9190=EDGE_LOOP('',(#9183,#9185,#9187,#9189));
#9191=FACE_BOUND('',#9190,.F.);
#9192=ADVANCED_FACE('',(#9015,#9025,#9035,#9045,#9055,#9065,#9075,#9085,#9095,
#9105,#9115,#9125,#9133,#9143,#9153,#9163,#9169,#9175,#9181,#9191),#8835,.F.);
#9193=CARTESIAN_POINT('',(1.096763713788E2,8.593977658174E1,-2.545584412272E0));
#9194=DIRECTION('',(-4.472135955E-1,6.324555320337E-1,6.324555320337E-1));
#9195=DIRECTION('',(-8.944271909999E-1,-3.162277660169E-1,-3.162277660169E-1));
#9196=AXIS2_PLACEMENT_3D('',#9193,#9194,#9195);
#9197=PLANE('',#9196);
#9198=ORIENTED_EDGE('',*,*,#8836,.T.);
#9200=ORIENTED_EDGE('',*,*,#9199,.F.);
#9202=ORIENTED_EDGE('',*,*,#9201,.T.);
#9204=ORIENTED_EDGE('',*,*,#9203,.F.);
#9205=EDGE_LOOP('',(#9198,#9200,#9202,#9204));
#9206=FACE_OUTER_BOUND('',#9205,.F.);
#9207=ADVANCED_FACE('',(#9206),#9197,.F.);
#9208=CARTESIAN_POINT('',(1.096763713788E2,0.E0,-1.425E1));
#9209=DIRECTION('',(1.E0,0.E0,0.E0));
#9210=DIRECTION('',(0.E0,0.E0,1.E0));
#9211=AXIS2_PLACEMENT_3D('',#9208,#9209,#9210);
#9212=PLANE('',#9211);
#9213=ORIENTED_EDGE('',*,*,#9199,.T.);
#9214=ORIENTED_EDGE('',*,*,#9012,.T.);
#9216=ORIENTED_EDGE('',*,*,#9215,.T.);
#9217=EDGE_LOOP('',(#9213,#9214,#9216));
#9218=FACE_OUTER_BOUND('',#9217,.F.);
#9219=ADVANCED_FACE('',(#9218),#9212,.T.);
#9220=CARTESIAN_POINT('',(1.088763713788E2,6.869542067539E1,-2.819377570140E0));
#9221=DIRECTION('',(-4.472135955E-1,-6.324555320337E-1,6.324555320337E-1));
#9222=DIRECTION('',(8.944271909999E-1,-3.162277660169E-1,3.162277660169E-1));
#9223=AXIS2_PLACEMENT_3D('',#9220,#9221,#9222);
#9224=PLANE('',#9223);
#9225=ORIENTED_EDGE('',*,*,#9201,.F.);
#9226=ORIENTED_EDGE('',*,*,#9215,.F.);
#9227=ORIENTED_EDGE('',*,*,#9010,.T.);
#9229=ORIENTED_EDGE('',*,*,#9228,.F.);
#9230=EDGE_LOOP('',(#9225,#9226,#9227,#9229));
#9231=FACE_OUTER_BOUND('',#9230,.F.);
#9232=ADVANCED_FACE('',(#9231),#9224,.F.);
#9233=CARTESIAN_POINT('',(1.096763713788E2,6.897826338787E1,-3.102220282615E0));
#9234=DIRECTION('',(-4.472135955E-1,6.324555320337E-1,-6.324555320337E-1));
#9235=DIRECTION('',(-8.944271909999E-1,-3.162277660169E-1,3.162277660169E-1));
#9236=AXIS2_PLACEMENT_3D('',#9233,#9234,#9235);
#9237=PLANE('',#9236);
#9239=ORIENTED_EDGE('',*,*,#9238,.F.);
#9240=ORIENTED_EDGE('',*,*,#9228,.T.);
#9241=ORIENTED_EDGE('',*,*,#9008,.T.);
#9243=ORIENTED_EDGE('',*,*,#9242,.T.);
#9245=ORIENTED_EDGE('',*,*,#9244,.F.);
#9246=EDGE_LOOP('',(#9239,#9240,#9241,#9243,#9245));
#9247=FACE_OUTER_BOUND('',#9246,.F.);
#9248=ADVANCED_FACE('',(#9247),#9237,.F.);
#9249=CARTESIAN_POINT('',(1.096763713788E2,8.593977658174E1,-2.545584412272E0));
#9250=DIRECTION('',(-4.472135955E-1,6.324555320337E-1,6.324555320337E-1));
#9251=DIRECTION('',(-8.944271909999E-1,-3.162277660169E-1,-3.162277660169E-1));
#9252=AXIS2_PLACEMENT_3D('',#9249,#9250,#9251);
#9253=PLANE('',#9252);
#9255=ORIENTED_EDGE('',*,*,#9254,.F.);
#9257=ORIENTED_EDGE('',*,*,#9256,.T.);
#9259=ORIENTED_EDGE('',*,*,#9258,.F.);
#9260=ORIENTED_EDGE('',*,*,#9238,.T.);
#9261=EDGE_LOOP('',(#9255,#9257,#9259,#9260));
#9262=FACE_OUTER_BOUND('',#9261,.F.);
#9263=ADVANCED_FACE('',(#9262),#9253,.F.);
#9264=CARTESIAN_POINT('',(1.096763713788E2,0.E0,-1.425E1));
#9265=DIRECTION('',(1.E0,0.E0,0.E0));
#9266=DIRECTION('',(0.E0,0.E0,1.E0));
#9267=AXIS2_PLACEMENT_3D('',#9264,#9265,#9266);
#9268=PLANE('',#9267);
#9269=ORIENTED_EDGE('',*,*,#9254,.T.);
#9270=ORIENTED_EDGE('',*,*,#9244,.T.);
#9272=ORIENTED_EDGE('',*,*,#9271,.T.);
#9274=ORIENTED_EDGE('',*,*,#9273,.T.);
#9275=EDGE_LOOP('',(#9269,#9270,#9272,#9274));
#9276=FACE_OUTER_BOUND('',#9275,.F.);
#9277=ADVANCED_FACE('',(#9276),#9268,.T.);
#9278=CARTESIAN_POINT('',(1.088763713788E2,9.131378811876E1,-2.828427124746E0));
#9279=DIRECTION('',(-4.472135955E-1,-6.324555320337E-1,-6.324555320337E-1));
#9280=DIRECTION('',(8.944271909999E-1,-3.162277660169E-1,-3.162277660169E-1));
#9281=AXIS2_PLACEMENT_3D('',#9278,#9279,#9280);
#9282=PLANE('',#9281);
#9283=ORIENTED_EDGE('',*,*,#9006,.T.);
#9285=ORIENTED_EDGE('',*,*,#9284,.T.);
#9287=ORIENTED_EDGE('',*,*,#9286,.F.);
#9288=ORIENTED_EDGE('',*,*,#9271,.F.);
#9289=ORIENTED_EDGE('',*,*,#9242,.F.);
#9290=EDGE_LOOP('',(#9283,#9285,#9287,#9288,#9289));
#9291=FACE_OUTER_BOUND('',#9290,.F.);
#9292=ADVANCED_FACE('',(#9291),#9282,.F.);
#9293=CARTESIAN_POINT('',(1.096763713788E2,9.159663083123E1,-2.545584412272E0));
#9294=DIRECTION('',(-4.472135955E-1,6.324555320337E-1,6.324555320337E-1));
#9295=DIRECTION('',(-8.944271909999E-1,-3.162277660169E-1,-3.162277660169E-1));
#9296=AXIS2_PLACEMENT_3D('',#9293,#9294,#9295);
#9297=PLANE('',#9296);
#9298=ORIENTED_EDGE('',*,*,#9004,.T.);
#9300=ORIENTED_EDGE('',*,*,#9299,.F.);
#9302=ORIENTED_EDGE('',*,*,#9301,.T.);
#9303=ORIENTED_EDGE('',*,*,#9284,.F.);
#9304=EDGE_LOOP('',(#9298,#9300,#9302,#9303));
#9305=FACE_OUTER_BOUND('',#9304,.F.);
#9306=ADVANCED_FACE('',(#9305),#9297,.F.);
#9307=CARTESIAN_POINT('',(1.096763713788E2,0.E0,-1.425E1));
#9308=DIRECTION('',(1.E0,0.E0,0.E0));
#9309=DIRECTION('',(0.E0,0.E0,1.E0));
#9310=AXIS2_PLACEMENT_3D('',#9307,#9308,#9309);
#9311=PLANE('',#9310);
#9312=ORIENTED_EDGE('',*,*,#9299,.T.);
#9313=ORIENTED_EDGE('',*,*,#9002,.T.);
#9315=ORIENTED_EDGE('',*,*,#9314,.T.);
#9316=EDGE_LOOP('',(#9312,#9313,#9315));
#9317=FACE_OUTER_BOUND('',#9316,.F.);
#9318=ADVANCED_FACE('',(#9317),#9311,.T.);
#9319=CARTESIAN_POINT('',(1.088763713788E2,7.435227492488E1,-2.819377570140E0));
#9320=DIRECTION('',(-4.472135955E-1,-6.324555320337E-1,6.324555320337E-1));
#9321=DIRECTION('',(8.944271909999E-1,-3.162277660169E-1,3.162277660169E-1));
#9322=AXIS2_PLACEMENT_3D('',#9319,#9320,#9321);
#9323=PLANE('',#9322);
#9324=ORIENTED_EDGE('',*,*,#9301,.F.);
#9325=ORIENTED_EDGE('',*,*,#9314,.F.);
#9326=ORIENTED_EDGE('',*,*,#9000,.T.);
#9328=ORIENTED_EDGE('',*,*,#9327,.T.);
#9330=ORIENTED_EDGE('',*,*,#9329,.F.);
#9331=EDGE_LOOP('',(#9324,#9325,#9326,#9328,#9330));
#9332=FACE_OUTER_BOUND('',#9331,.F.);
#9333=ADVANCED_FACE('',(#9332),#9323,.F.);
#9334=CARTESIAN_POINT('',(1.088763713788E2,9.697064236825E1,-2.828427124746E0));
#9335=DIRECTION('',(-4.472135955E-1,-6.324555320337E-1,-6.324555320337E-1));
#9336=DIRECTION('',(8.944271909999E-1,-3.162277660169E-1,-3.162277660169E-1));
#9337=AXIS2_PLACEMENT_3D('',#9334,#9335,#9336);
#9338=PLANE('',#9337);
#9339=ORIENTED_EDGE('',*,*,#8998,.T.);
#9341=ORIENTED_EDGE('',*,*,#9340,.T.);
#9342=ORIENTED_EDGE('',*,*,#9327,.F.);
#9343=EDGE_LOOP('',(#9339,#9341,#9342));
#9344=FACE_OUTER_BOUND('',#9343,.F.);
#9345=ADVANCED_FACE('',(#9344),#9338,.F.);
#9346=CARTESIAN_POINT('',(1.096763713788E2,9.725348508072E1,-2.545584412272E0));
#9347=DIRECTION('',(-4.472135955E-1,6.324555320337E-1,6.324555320337E-1));
#9348=DIRECTION('',(-8.944271909999E-1,-3.162277660169E-1,-3.162277660169E-1));
#9349=AXIS2_PLACEMENT_3D('',#9346,#9347,#9348);
#9350=PLANE('',#9349);
#9351=ORIENTED_EDGE('',*,*,#8996,.T.);
#9353=ORIENTED_EDGE('',*,*,#9352,.T.);
#9354=ORIENTED_EDGE('',*,*,#9340,.F.);
#9355=EDGE_LOOP('',(#9351,#9353,#9354));
#9356=FACE_OUTER_BOUND('',#9355,.F.);
#9357=ADVANCED_FACE('',(#9356),#9350,.F.);
#9358=CARTESIAN_POINT('',(1.088763713788E2,7.435227492488E1,-2.819377570140E0));
#9359=DIRECTION('',(-4.472135955E-1,-6.324555320337E-1,6.324555320337E-1));
#9360=DIRECTION('',(8.944271909999E-1,-3.162277660169E-1,3.162277660169E-1));
#9361=AXIS2_PLACEMENT_3D('',#9358,#9359,#9360);
#9362=PLANE('',#9361);
#9363=ORIENTED_EDGE('',*,*,#9352,.F.);
#9364=ORIENTED_EDGE('',*,*,#8994,.T.);
#9366=ORIENTED_EDGE('',*,*,#9365,.F.);
#9367=EDGE_LOOP('',(#9363,#9364,#9366));
#9368=FACE_OUTER_BOUND('',#9367,.F.);
#9369=ADVANCED_FACE('',(#9368),#9362,.F.);
#9370=CARTESIAN_POINT('',(1.096763713788E2,7.463511763736E1,-3.102220282615E0));
#9371=DIRECTION('',(-4.472135955E-1,6.324555320337E-1,-6.324555320337E-1));
#9372=DIRECTION('',(-8.944271909999E-1,-3.162277660169E-1,3.162277660169E-1));
#9373=AXIS2_PLACEMENT_3D('',#9370,#9371,#9372);
#9374=PLANE('',#9373);
#9376=ORIENTED_EDGE('',*,*,#9375,.F.);
#9377=ORIENTED_EDGE('',*,*,#9365,.T.);
#9378=ORIENTED_EDGE('',*,*,#8992,.T.);
#9380=ORIENTED_EDGE('',*,*,#9379,.F.);
#9381=EDGE_LOOP('',(#9376,#9377,#9378,#9380));
#9382=FACE_OUTER_BOUND('',#9381,.F.);
#9383=ADVANCED_FACE('',(#9382),#9374,.F.);
#9384=CARTESIAN_POINT('',(1.096763713788E2,9.725348508072E1,-2.545584412272E0));
#9385=DIRECTION('',(-4.472135955E-1,6.324555320337E-1,6.324555320337E-1));
#9386=DIRECTION('',(-8.944271909999E-1,-3.162277660169E-1,-3.162277660169E-1));
#9387=AXIS2_PLACEMENT_3D('',#9384,#9385,#9386);
#9388=PLANE('',#9387);
#9390=ORIENTED_EDGE('',*,*,#9389,.F.);
#9392=ORIENTED_EDGE('',*,*,#9391,.T.);
#9394=ORIENTED_EDGE('',*,*,#9393,.F.);
#9395=ORIENTED_EDGE('',*,*,#9375,.T.);
#9396=EDGE_LOOP('',(#9390,#9392,#9394,#9395));
#9397=FACE_OUTER_BOUND('',#9396,.F.);
#9398=ADVANCED_FACE('',(#9397),#9388,.F.);
#9399=CARTESIAN_POINT('',(1.096763713788E2,0.E0,-1.425E1));
#9400=DIRECTION('',(1.E0,0.E0,0.E0));
#9401=DIRECTION('',(0.E0,0.E0,1.E0));
#9402=AXIS2_PLACEMENT_3D('',#9399,#9400,#9401);
#9403=PLANE('',#9402);
#9404=ORIENTED_EDGE('',*,*,#9389,.T.);
#9405=ORIENTED_EDGE('',*,*,#9379,.T.);
#9406=ORIENTED_EDGE('',*,*,#8990,.T.);
#9408=ORIENTED_EDGE('',*,*,#9407,.T.);
#9410=ORIENTED_EDGE('',*,*,#9409,.T.);
#9411=EDGE_LOOP('',(#9404,#9405,#9406,#9408,#9410));
#9412=FACE_OUTER_BOUND('',#9411,.F.);
#9413=ADVANCED_FACE('',(#9412),#9403,.T.);
#9414=CARTESIAN_POINT('',(1.088763713788E2,1.026274966177E2,-2.828427124746E0));
#9415=DIRECTION('',(-4.472135955E-1,-6.324555320337E-1,-6.324555320337E-1));
#9416=DIRECTION('',(8.944271909999E-1,-3.162277660169E-1,-3.162277660169E-1));
#9417=AXIS2_PLACEMENT_3D('',#9414,#9415,#9416);
#9418=PLANE('',#9417);
#9419=ORIENTED_EDGE('',*,*,#8988,.T.);
#9421=ORIENTED_EDGE('',*,*,#9420,.T.);
#9423=ORIENTED_EDGE('',*,*,#9422,.F.);
#9424=ORIENTED_EDGE('',*,*,#9407,.F.);
#9425=EDGE_LOOP('',(#9419,#9421,#9423,#9424));
#9426=FACE_OUTER_BOUND('',#9425,.F.);
#9427=ADVANCED_FACE('',(#9426),#9418,.F.);
#9428=CARTESIAN_POINT('',(1.096763713788E2,1.029103393302E2,-2.545584412272E0));
#9429=DIRECTION('',(-4.472135955E-1,6.324555320337E-1,6.324555320337E-1));
#9430=DIRECTION('',(-8.944271909999E-1,-3.162277660169E-1,-3.162277660169E-1));
#9431=AXIS2_PLACEMENT_3D('',#9428,#9429,#9430);
#9432=PLANE('',#9431);
#9433=ORIENTED_EDGE('',*,*,#8986,.T.);
#9435=ORIENTED_EDGE('',*,*,#9434,.T.);
#9436=ORIENTED_EDGE('',*,*,#9420,.F.);
#9437=EDGE_LOOP('',(#9433,#9435,#9436));
#9438=FACE_OUTER_BOUND('',#9437,.F.);
#9439=ADVANCED_FACE('',(#9438),#9432,.F.);
#9440=CARTESIAN_POINT('',(1.088763713788E2,8.000912917438E1,-2.819377570140E0));
#9441=DIRECTION('',(-4.472135955E-1,-6.324555320337E-1,6.324555320337E-1));
#9442=DIRECTION('',(8.944271909999E-1,-3.162277660169E-1,3.162277660169E-1));
#9443=AXIS2_PLACEMENT_3D('',#9440,#9441,#9442);
#9444=PLANE('',#9443);
#9445=ORIENTED_EDGE('',*,*,#9434,.F.);
#9446=ORIENTED_EDGE('',*,*,#8984,.T.);
#9448=ORIENTED_EDGE('',*,*,#9447,.F.);
#9449=EDGE_LOOP('',(#9445,#9446,#9448));
#9450=FACE_OUTER_BOUND('',#9449,.F.);
#9451=ADVANCED_FACE('',(#9450),#9444,.F.);
#9452=CARTESIAN_POINT('',(1.096763713788E2,8.029197188685E1,-3.102220282615E0));
#9453=DIRECTION('',(-4.472135955E-1,6.324555320337E-1,-6.324555320337E-1));
#9454=DIRECTION('',(-8.944271909999E-1,-3.162277660169E-1,3.162277660169E-1));
#9455=AXIS2_PLACEMENT_3D('',#9452,#9453,#9454);
#9456=PLANE('',#9455);
#9458=ORIENTED_EDGE('',*,*,#9457,.F.);
#9459=ORIENTED_EDGE('',*,*,#9447,.T.);
#9460=ORIENTED_EDGE('',*,*,#8982,.T.);
#9462=ORIENTED_EDGE('',*,*,#9461,.F.);
#9463=EDGE_LOOP('',(#9458,#9459,#9460,#9462));
#9464=FACE_OUTER_BOUND('',#9463,.F.);
#9465=ADVANCED_FACE('',(#9464),#9456,.F.);
#9466=CARTESIAN_POINT('',(1.096763713788E2,1.029103393302E2,-2.545584412272E0));
#9467=DIRECTION('',(-4.472135955E-1,6.324555320337E-1,6.324555320337E-1));
#9468=DIRECTION('',(-8.944271909999E-1,-3.162277660169E-1,-3.162277660169E-1));
#9469=AXIS2_PLACEMENT_3D('',#9466,#9467,#9468);
#9470=PLANE('',#9469);
#9472=ORIENTED_EDGE('',*,*,#9471,.F.);
#9474=ORIENTED_EDGE('',*,*,#9473,.T.);
#9476=ORIENTED_EDGE('',*,*,#9475,.F.);
#9477=ORIENTED_EDGE('',*,*,#9457,.T.);
#9478=EDGE_LOOP('',(#9472,#9474,#9476,#9477));
#9479=FACE_OUTER_BOUND('',#9478,.F.);
#9480=ADVANCED_FACE('',(#9479),#9470,.F.);
#9481=CARTESIAN_POINT('',(1.096763713788E2,0.E0,-1.425E1));
#9482=DIRECTION('',(1.E0,0.E0,0.E0));
#9483=DIRECTION('',(0.E0,0.E0,1.E0));
#9484=AXIS2_PLACEMENT_3D('',#9481,#9482,#9483);
#9485=PLANE('',#9484);
#9486=ORIENTED_EDGE('',*,*,#9471,.T.);
#9487=ORIENTED_EDGE('',*,*,#9461,.T.);
#9488=ORIENTED_EDGE('',*,*,#8980,.T.);
#9490=ORIENTED_EDGE('',*,*,#9489,.T.);
#9492=ORIENTED_EDGE('',*,*,#9491,.T.);
#9493=EDGE_LOOP('',(#9486,#9487,#9488,#9490,#9492));
#9494=FACE_OUTER_BOUND('',#9493,.F.);
#9495=ADVANCED_FACE('',(#9494),#9485,.T.);
#9496=CARTESIAN_POINT('',(1.088763713788E2,1.082843508672E2,-2.828427124746E0));
#9497=DIRECTION('',(-4.472135955E-1,-6.324555320337E-1,-6.324555320337E-1));
#9498=DIRECTION('',(8.944271909999E-1,-3.162277660169E-1,-3.162277660169E-1));
#9499=AXIS2_PLACEMENT_3D('',#9496,#9497,#9498);
#9500=PLANE('',#9499);
#9501=ORIENTED_EDGE('',*,*,#8978,.T.);
#9503=ORIENTED_EDGE('',*,*,#9502,.T.);
#9505=ORIENTED_EDGE('',*,*,#9504,.F.);
#9506=ORIENTED_EDGE('',*,*,#9489,.F.);
#9507=EDGE_LOOP('',(#9501,#9503,#9505,#9506));
#9508=FACE_OUTER_BOUND('',#9507,.F.);
#9509=ADVANCED_FACE('',(#9508),#9500,.F.);
#9510=CARTESIAN_POINT('',(1.096763713788E2,1.085671935797E2,-2.545584412272E0));
#9511=DIRECTION('',(-4.472135955E-1,6.324555320337E-1,6.324555320337E-1));
#9512=DIRECTION('',(-8.944271909999E-1,-3.162277660169E-1,-3.162277660169E-1));
#9513=AXIS2_PLACEMENT_3D('',#9510,#9511,#9512);
#9514=PLANE('',#9513);
#9515=ORIENTED_EDGE('',*,*,#8976,.T.);
#9517=ORIENTED_EDGE('',*,*,#9516,.F.);
#9519=ORIENTED_EDGE('',*,*,#9518,.T.);
#9520=ORIENTED_EDGE('',*,*,#9502,.F.);
#9521=EDGE_LOOP('',(#9515,#9517,#9519,#9520));
#9522=FACE_OUTER_BOUND('',#9521,.F.);
#9523=ADVANCED_FACE('',(#9522),#9514,.F.);
#9524=CARTESIAN_POINT('',(1.096763713788E2,0.E0,-1.425E1));
#9525=DIRECTION('',(1.E0,0.E0,0.E0));
#9526=DIRECTION('',(0.E0,0.E0,1.E0));
#9527=AXIS2_PLACEMENT_3D('',#9524,#9525,#9526);
#9528=PLANE('',#9527);
#9529=ORIENTED_EDGE('',*,*,#9516,.T.);
#9530=ORIENTED_EDGE('',*,*,#8974,.T.);
#9532=ORIENTED_EDGE('',*,*,#9531,.T.);
#9533=EDGE_LOOP('',(#9529,#9530,#9532));
#9534=FACE_OUTER_BOUND('',#9533,.F.);
#9535=ADVANCED_FACE('',(#9534),#9528,.T.);
#9536=CARTESIAN_POINT('',(1.088763713788E2,8.566598342387E1,-2.819377570140E0));
#9537=DIRECTION('',(-4.472135955E-1,-6.324555320337E-1,6.324555320337E-1));
#9538=DIRECTION('',(8.944271909999E-1,-3.162277660169E-1,3.162277660169E-1));
#9539=AXIS2_PLACEMENT_3D('',#9536,#9537,#9538);
#9540=PLANE('',#9539);
#9541=ORIENTED_EDGE('',*,*,#9518,.F.);
#9542=ORIENTED_EDGE('',*,*,#9531,.F.);
#9543=ORIENTED_EDGE('',*,*,#8972,.T.);
#9545=ORIENTED_EDGE('',*,*,#9544,.F.);
#9546=EDGE_LOOP('',(#9541,#9542,#9543,#9545));
#9547=FACE_OUTER_BOUND('',#9546,.F.);
#9548=ADVANCED_FACE('',(#9547),#9540,.F.);
#9549=CARTESIAN_POINT('',(1.096763713788E2,8.594882613634E1,-3.102220282615E0));
#9550=DIRECTION('',(-4.472135955E-1,6.324555320337E-1,-6.324555320337E-1));
#9551=DIRECTION('',(-8.944271909999E-1,-3.162277660169E-1,3.162277660169E-1));
#9552=AXIS2_PLACEMENT_3D('',#9549,#9550,#9551);
#9553=PLANE('',#9552);
#9555=ORIENTED_EDGE('',*,*,#9554,.F.);
#9556=ORIENTED_EDGE('',*,*,#9544,.T.);
#9557=ORIENTED_EDGE('',*,*,#8970,.T.);
#9559=ORIENTED_EDGE('',*,*,#9558,.F.);
#9560=EDGE_LOOP('',(#9555,#9556,#9557,#9559));
#9561=FACE_OUTER_BOUND('',#9560,.F.);
#9562=ADVANCED_FACE('',(#9561),#9553,.F.);
#9563=CARTESIAN_POINT('',(1.096763713788E2,1.085671935797E2,-2.545584412272E0));
#9564=DIRECTION('',(-4.472135955E-1,6.324555320337E-1,6.324555320337E-1));
#9565=DIRECTION('',(-8.944271909999E-1,-3.162277660169E-1,-3.162277660169E-1));
#9566=AXIS2_PLACEMENT_3D('',#9563,#9564,#9565);
#9567=PLANE('',#9566);
#9569=ORIENTED_EDGE('',*,*,#9568,.F.);
#9571=ORIENTED_EDGE('',*,*,#9570,.T.);
#9573=ORIENTED_EDGE('',*,*,#9572,.F.);
#9574=ORIENTED_EDGE('',*,*,#9554,.T.);
#9575=EDGE_LOOP('',(#9569,#9571,#9573,#9574));
#9576=FACE_OUTER_BOUND('',#9575,.F.);
#9577=ADVANCED_FACE('',(#9576),#9567,.F.);
#9578=CARTESIAN_POINT('',(1.096763713788E2,0.E0,-1.425E1));
#9579=DIRECTION('',(1.E0,0.E0,0.E0));
#9580=DIRECTION('',(0.E0,0.E0,1.E0));
#9581=AXIS2_PLACEMENT_3D('',#9578,#9579,#9580);
#9582=PLANE('',#9581);
#9583=ORIENTED_EDGE('',*,*,#9568,.T.);
#9584=ORIENTED_EDGE('',*,*,#9558,.T.);
#9585=ORIENTED_EDGE('',*,*,#8968,.T.);
#9587=ORIENTED_EDGE('',*,*,#9586,.T.);
#9589=ORIENTED_EDGE('',*,*,#9588,.T.);
#9590=EDGE_LOOP('',(#9583,#9584,#9585,#9587,#9589));
#9591=FACE_OUTER_BOUND('',#9590,.F.);
#9592=ADVANCED_FACE('',(#9591),#9582,.T.);
#9593=CARTESIAN_POINT('',(1.088763713788E2,1.111127779920E2,0.E0));
#9594=DIRECTION('',(-4.472135955E-1,-6.324555320337E-1,-6.324555320337E-1));
#9595=DIRECTION('',(8.944271909999E-1,-3.162277660169E-1,-3.162277660169E-1));
#9596=AXIS2_PLACEMENT_3D('',#9593,#9594,#9595);
#9597=PLANE('',#9596);
#9598=ORIENTED_EDGE('',*,*,#8966,.T.);
#9600=ORIENTED_EDGE('',*,*,#9599,.T.);
#9602=ORIENTED_EDGE('',*,*,#9601,.F.);
#9603=ORIENTED_EDGE('',*,*,#9586,.F.);
#9604=EDGE_LOOP('',(#9598,#9600,#9602,#9603));
#9605=FACE_OUTER_BOUND('',#9604,.F.);
#9606=ADVANCED_FACE('',(#9605),#9597,.F.);
#9607=CARTESIAN_POINT('',(1.096763713788E2,1.113956207045E2,2.828427124746E-1));
#9608=DIRECTION('',(-4.472135955E-1,6.324555320337E-1,6.324555320337E-1));
#9609=DIRECTION('',(-8.944271909999E-1,-3.162277660169E-1,-3.162277660169E-1));
#9610=AXIS2_PLACEMENT_3D('',#9607,#9608,#9609);
#9611=PLANE('',#9610);
#9612=ORIENTED_EDGE('',*,*,#8964,.T.);
#9614=ORIENTED_EDGE('',*,*,#9613,.F.);
#9616=ORIENTED_EDGE('',*,*,#9615,.T.);
#9617=ORIENTED_EDGE('',*,*,#9599,.F.);
#9618=EDGE_LOOP('',(#9612,#9614,#9616,#9617));
#9619=FACE_OUTER_BOUND('',#9618,.F.);
#9620=ADVANCED_FACE('',(#9619),#9611,.F.);
#9621=CARTESIAN_POINT('',(1.096763713788E2,0.E0,-1.425E1));
#9622=DIRECTION('',(1.E0,0.E0,0.E0));
#9623=DIRECTION('',(0.E0,0.E0,1.E0));
#9624=AXIS2_PLACEMENT_3D('',#9621,#9622,#9623);
#9625=PLANE('',#9624);
#9626=ORIENTED_EDGE('',*,*,#9613,.T.);
#9627=ORIENTED_EDGE('',*,*,#8962,.T.);
#9629=ORIENTED_EDGE('',*,*,#9628,.T.);
#9630=EDGE_LOOP('',(#9626,#9627,#9629));
#9631=FACE_OUTER_BOUND('',#9630,.F.);
#9632=ADVANCED_FACE('',(#9631),#9625,.T.);
#9633=CARTESIAN_POINT('',(1.088763713788E2,9.415126479811E1,9.049554605937E-3));
#9634=DIRECTION('',(-4.472135955E-1,-6.324555320337E-1,6.324555320337E-1));
#9635=DIRECTION('',(8.944271909999E-1,-3.162277660169E-1,3.162277660169E-1));
#9636=AXIS2_PLACEMENT_3D('',#9633,#9634,#9635);
#9637=PLANE('',#9636);
#9638=ORIENTED_EDGE('',*,*,#9615,.F.);
#9639=ORIENTED_EDGE('',*,*,#9628,.F.);
#9640=ORIENTED_EDGE('',*,*,#8960,.T.);
#9642=ORIENTED_EDGE('',*,*,#9641,.F.);
#9643=EDGE_LOOP('',(#9638,#9639,#9640,#9642));
#9644=FACE_OUTER_BOUND('',#9643,.F.);
#9645=ADVANCED_FACE('',(#9644),#9637,.F.);
#9646=CARTESIAN_POINT('',(1.096763713788E2,9.443410751058E1,
-2.737931578687E-1));
#9647=DIRECTION('',(-4.472135955E-1,6.324555320337E-1,-6.324555320337E-1));
#9648=DIRECTION('',(-8.944271909999E-1,-3.162277660169E-1,3.162277660169E-1));
#9649=AXIS2_PLACEMENT_3D('',#9646,#9647,#9648);
#9650=PLANE('',#9649);
#9652=ORIENTED_EDGE('',*,*,#9651,.F.);
#9653=ORIENTED_EDGE('',*,*,#9641,.T.);
#9654=ORIENTED_EDGE('',*,*,#8958,.T.);
#9656=ORIENTED_EDGE('',*,*,#9655,.F.);
#9657=EDGE_LOOP('',(#9652,#9653,#9654,#9656));
#9658=FACE_OUTER_BOUND('',#9657,.F.);
#9659=ADVANCED_FACE('',(#9658),#9650,.F.);
#9660=CARTESIAN_POINT('',(1.096763713788E2,1.113956207045E2,2.828427124746E-1));
#9661=DIRECTION('',(-4.472135955E-1,6.324555320337E-1,6.324555320337E-1));
#9662=DIRECTION('',(-8.944271909999E-1,-3.162277660169E-1,-3.162277660169E-1));
#9663=AXIS2_PLACEMENT_3D('',#9660,#9661,#9662);
#9664=PLANE('',#9663);
#9666=ORIENTED_EDGE('',*,*,#9665,.F.);
#9668=ORIENTED_EDGE('',*,*,#9667,.T.);
#9670=ORIENTED_EDGE('',*,*,#9669,.F.);
#9671=ORIENTED_EDGE('',*,*,#9651,.T.);
#9672=EDGE_LOOP('',(#9666,#9668,#9670,#9671));
#9673=FACE_OUTER_BOUND('',#9672,.F.);
#9674=ADVANCED_FACE('',(#9673),#9664,.F.);
#9675=CARTESIAN_POINT('',(1.096763713788E2,0.E0,-1.425E1));
#9676=DIRECTION('',(1.E0,0.E0,0.E0));
#9677=DIRECTION('',(0.E0,0.E0,1.E0));
#9678=AXIS2_PLACEMENT_3D('',#9675,#9676,#9677);
#9679=PLANE('',#9678);
#9680=ORIENTED_EDGE('',*,*,#9665,.T.);
#9681=ORIENTED_EDGE('',*,*,#9655,.T.);
#9682=ORIENTED_EDGE('',*,*,#8956,.T.);
#9684=ORIENTED_EDGE('',*,*,#9683,.T.);
#9686=ORIENTED_EDGE('',*,*,#9685,.T.);
#9687=EDGE_LOOP('',(#9680,#9681,#9682,#9684,#9686));
#9688=FACE_OUTER_BOUND('',#9687,.F.);
#9689=ADVANCED_FACE('',(#9688),#9679,.T.);
#9690=CARTESIAN_POINT('',(1.088763713788E2,1.167696322415E2,0.E0));
#9691=DIRECTION('',(-4.472135955E-1,-6.324555320337E-1,-6.324555320337E-1));
#9692=DIRECTION('',(8.944271909999E-1,-3.162277660169E-1,-3.162277660169E-1));
#9693=AXIS2_PLACEMENT_3D('',#9690,#9691,#9692);
#9694=PLANE('',#9693);
#9695=ORIENTED_EDGE('',*,*,#8954,.T.);
#9697=ORIENTED_EDGE('',*,*,#9696,.T.);
#9699=ORIENTED_EDGE('',*,*,#9698,.F.);
#9700=ORIENTED_EDGE('',*,*,#9683,.F.);
#9701=EDGE_LOOP('',(#9695,#9697,#9699,#9700));
#9702=FACE_OUTER_BOUND('',#9701,.F.);
#9703=ADVANCED_FACE('',(#9702),#9694,.F.);
#9704=CARTESIAN_POINT('',(1.096763713788E2,1.170524749539E2,2.828427124746E-1));
#9705=DIRECTION('',(-4.472135955E-1,6.324555320337E-1,6.324555320337E-1));
#9706=DIRECTION('',(-8.944271909999E-1,-3.162277660169E-1,-3.162277660169E-1));
#9707=AXIS2_PLACEMENT_3D('',#9704,#9705,#9706);
#9708=PLANE('',#9707);
#9709=ORIENTED_EDGE('',*,*,#8952,.T.);
#9711=ORIENTED_EDGE('',*,*,#9710,.F.);
#9713=ORIENTED_EDGE('',*,*,#9712,.T.);
#9714=ORIENTED_EDGE('',*,*,#9696,.F.);
#9715=EDGE_LOOP('',(#9709,#9711,#9713,#9714));
#9716=FACE_OUTER_BOUND('',#9715,.F.);
#9717=ADVANCED_FACE('',(#9716),#9708,.F.);
#9718=CARTESIAN_POINT('',(1.096763713788E2,0.E0,-1.425E1));
#9719=DIRECTION('',(1.E0,0.E0,0.E0));
#9720=DIRECTION('',(0.E0,0.E0,1.E0));
#9721=AXIS2_PLACEMENT_3D('',#9718,#9719,#9720);
#9722=PLANE('',#9721);
#9723=ORIENTED_EDGE('',*,*,#9710,.T.);
#9724=ORIENTED_EDGE('',*,*,#8950,.T.);
#9726=ORIENTED_EDGE('',*,*,#9725,.T.);
#9727=EDGE_LOOP('',(#9723,#9724,#9726));
#9728=FACE_OUTER_BOUND('',#9727,.F.);
#9729=ADVANCED_FACE('',(#9728),#9722,.T.);
#9730=CARTESIAN_POINT('',(1.088763713788E2,9.132283767336E1,-8.476231819633E0));
#9731=DIRECTION('',(-4.472135955E-1,-6.324555320337E-1,6.324555320337E-1));
#9732=DIRECTION('',(8.944271909999E-1,-3.162277660169E-1,3.162277660169E-1));
#9733=AXIS2_PLACEMENT_3D('',#9730,#9731,#9732);
#9734=PLANE('',#9733);
#9735=ORIENTED_EDGE('',*,*,#9712,.F.);
#9736=ORIENTED_EDGE('',*,*,#9725,.F.);
#9737=ORIENTED_EDGE('',*,*,#8948,.T.);
#9739=ORIENTED_EDGE('',*,*,#9738,.F.);
#9740=EDGE_LOOP('',(#9735,#9736,#9737,#9739));
#9741=FACE_OUTER_BOUND('',#9740,.F.);
#9742=ADVANCED_FACE('',(#9741),#9734,.F.);
#9743=CARTESIAN_POINT('',(1.096763713788E2,9.160568038584E1,-8.759074532107E0));
#9744=DIRECTION('',(-4.472135955E-1,6.324555320337E-1,-6.324555320337E-1));
#9745=DIRECTION('',(-8.944271909999E-1,-3.162277660169E-1,3.162277660169E-1));
#9746=AXIS2_PLACEMENT_3D('',#9743,#9744,#9745);
#9747=PLANE('',#9746);
#9749=ORIENTED_EDGE('',*,*,#9748,.F.);
#9750=ORIENTED_EDGE('',*,*,#9738,.T.);
#9751=ORIENTED_EDGE('',*,*,#8946,.T.);
#9753=ORIENTED_EDGE('',*,*,#9752,.T.);
#9755=ORIENTED_EDGE('',*,*,#9754,.F.);
#9756=EDGE_LOOP('',(#9749,#9750,#9751,#9753,#9755));
#9757=FACE_OUTER_BOUND('',#9756,.F.);
#9758=ADVANCED_FACE('',(#9757),#9747,.F.);
#9759=CARTESIAN_POINT('',(1.096763713788E2,1.170524749539E2,2.828427124746E-1));
#9760=DIRECTION('',(-4.472135955E-1,6.324555320337E-1,6.324555320337E-1));
#9761=DIRECTION('',(-8.944271909999E-1,-3.162277660169E-1,-3.162277660169E-1));
#9762=AXIS2_PLACEMENT_3D('',#9759,#9760,#9761);
#9763=PLANE('',#9762);
#9765=ORIENTED_EDGE('',*,*,#9764,.F.);
#9767=ORIENTED_EDGE('',*,*,#9766,.T.);
#9769=ORIENTED_EDGE('',*,*,#9768,.F.);
#9770=ORIENTED_EDGE('',*,*,#9748,.T.);
#9771=EDGE_LOOP('',(#9765,#9767,#9769,#9770));
#9772=FACE_OUTER_BOUND('',#9771,.F.);
#9773=ADVANCED_FACE('',(#9772),#9763,.F.);
#9774=CARTESIAN_POINT('',(1.096763713788E2,0.E0,-1.425E1));
#9775=DIRECTION('',(1.E0,0.E0,0.E0));
#9776=DIRECTION('',(0.E0,0.E0,1.E0));
#9777=AXIS2_PLACEMENT_3D('',#9774,#9775,#9776);
#9778=PLANE('',#9777);
#9779=ORIENTED_EDGE('',*,*,#9764,.T.);
#9780=ORIENTED_EDGE('',*,*,#9754,.T.);
#9782=ORIENTED_EDGE('',*,*,#9781,.T.);
#9784=ORIENTED_EDGE('',*,*,#9783,.T.);
#9785=EDGE_LOOP('',(#9779,#9780,#9782,#9784));
#9786=FACE_OUTER_BOUND('',#9785,.F.);
#9787=ADVANCED_FACE('',(#9786),#9778,.T.);
#9788=CARTESIAN_POINT('',(1.088763713788E2,1.224264864910E2,0.E0));
#9789=DIRECTION('',(-4.472135955E-1,-6.324555320337E-1,-6.324555320337E-1));
#9790=DIRECTION('',(8.944271909999E-1,-3.162277660169E-1,-3.162277660169E-1));
#9791=AXIS2_PLACEMENT_3D('',#9788,#9789,#9790);
#9792=PLANE('',#9791);
#9793=ORIENTED_EDGE('',*,*,#8944,.T.);
#9795=ORIENTED_EDGE('',*,*,#9794,.T.);
#9797=ORIENTED_EDGE('',*,*,#9796,.F.);
#9798=ORIENTED_EDGE('',*,*,#9781,.F.);
#9799=ORIENTED_EDGE('',*,*,#9752,.F.);
#9800=EDGE_LOOP('',(#9793,#9795,#9797,#9798,#9799));
#9801=FACE_OUTER_BOUND('',#9800,.F.);
#9802=ADVANCED_FACE('',(#9801),#9792,.F.);
#9803=CARTESIAN_POINT('',(1.096763713788E2,1.227093292034E2,2.828427124746E-1));
#9804=DIRECTION('',(-4.472135955E-1,6.324555320337E-1,6.324555320337E-1));
#9805=DIRECTION('',(-8.944271909999E-1,-3.162277660169E-1,-3.162277660169E-1));
#9806=AXIS2_PLACEMENT_3D('',#9803,#9804,#9805);
#9807=PLANE('',#9806);
#9808=ORIENTED_EDGE('',*,*,#8942,.T.);
#9810=ORIENTED_EDGE('',*,*,#9809,.F.);
#9812=ORIENTED_EDGE('',*,*,#9811,.T.);
#9813=ORIENTED_EDGE('',*,*,#9794,.F.);
#9814=EDGE_LOOP('',(#9808,#9810,#9812,#9813));
#9815=FACE_OUTER_BOUND('',#9814,.F.);
#9816=ADVANCED_FACE('',(#9815),#9807,.F.);
#9817=CARTESIAN_POINT('',(1.096763713788E2,0.E0,-1.425E1));
#9818=DIRECTION('',(1.E0,0.E0,0.E0));
#9819=DIRECTION('',(0.E0,0.E0,1.E0));
#9820=AXIS2_PLACEMENT_3D('',#9817,#9818,#9819);
#9821=PLANE('',#9820);
#9822=ORIENTED_EDGE('',*,*,#9809,.T.);
#9823=ORIENTED_EDGE('',*,*,#8940,.T.);
#9825=ORIENTED_EDGE('',*,*,#9824,.T.);
#9826=EDGE_LOOP('',(#9822,#9823,#9825));
#9827=FACE_OUTER_BOUND('',#9826,.F.);
#9828=ADVANCED_FACE('',(#9827),#9821,.T.);
#9829=CARTESIAN_POINT('',(1.088763713788E2,9.697969192285E1,-8.476231819633E0));
#9830=DIRECTION('',(-4.472135955E-1,-6.324555320337E-1,6.324555320337E-1));
#9831=DIRECTION('',(8.944271909999E-1,-3.162277660169E-1,3.162277660169E-1));
#9832=AXIS2_PLACEMENT_3D('',#9829,#9830,#9831);
#9833=PLANE('',#9832);
#9834=ORIENTED_EDGE('',*,*,#9811,.F.);
#9835=ORIENTED_EDGE('',*,*,#9824,.F.);
#9836=ORIENTED_EDGE('',*,*,#8938,.T.);
#9838=ORIENTED_EDGE('',*,*,#9837,.F.);
#9839=EDGE_LOOP('',(#9834,#9835,#9836,#9838));
#9840=FACE_OUTER_BOUND('',#9839,.F.);
#9841=ADVANCED_FACE('',(#9840),#9833,.F.);
#9842=CARTESIAN_POINT('',(1.096763713788E2,9.726253463533E1,-8.759074532107E0));
#9843=DIRECTION('',(-4.472135955E-1,6.324555320337E-1,-6.324555320337E-1));
#9844=DIRECTION('',(-8.944271909999E-1,-3.162277660169E-1,3.162277660169E-1));
#9845=AXIS2_PLACEMENT_3D('',#9842,#9843,#9844);
#9846=PLANE('',#9845);
#9848=ORIENTED_EDGE('',*,*,#9847,.F.);
#9849=ORIENTED_EDGE('',*,*,#9837,.T.);
#9850=ORIENTED_EDGE('',*,*,#8936,.T.);
#9852=ORIENTED_EDGE('',*,*,#9851,.T.);
#9854=ORIENTED_EDGE('',*,*,#9853,.F.);
#9855=EDGE_LOOP('',(#9848,#9849,#9850,#9852,#9854));
#9856=FACE_OUTER_BOUND('',#9855,.F.);
#9857=ADVANCED_FACE('',(#9856),#9846,.F.);
#9858=CARTESIAN_POINT('',(1.096763713788E2,1.227093292034E2,2.828427124746E-1));
#9859=DIRECTION('',(-4.472135955E-1,6.324555320337E-1,6.324555320337E-1));
#9860=DIRECTION('',(-8.944271909999E-1,-3.162277660169E-1,-3.162277660169E-1));
#9861=AXIS2_PLACEMENT_3D('',#9858,#9859,#9860);
#9862=PLANE('',#9861);
#9864=ORIENTED_EDGE('',*,*,#9863,.F.);
#9866=ORIENTED_EDGE('',*,*,#9865,.T.);
#9868=ORIENTED_EDGE('',*,*,#9867,.F.);
#9869=ORIENTED_EDGE('',*,*,#9847,.T.);
#9870=EDGE_LOOP('',(#9864,#9866,#9868,#9869));
#9871=FACE_OUTER_BOUND('',#9870,.F.);
#9872=ADVANCED_FACE('',(#9871),#9862,.F.);
#9873=CARTESIAN_POINT('',(1.096763713788E2,0.E0,-1.425E1));
#9874=DIRECTION('',(1.E0,0.E0,0.E0));
#9875=DIRECTION('',(0.E0,0.E0,1.E0));
#9876=AXIS2_PLACEMENT_3D('',#9873,#9874,#9875);
#9877=PLANE('',#9876);
#9878=ORIENTED_EDGE('',*,*,#9863,.T.);
#9879=ORIENTED_EDGE('',*,*,#9853,.T.);
#9881=ORIENTED_EDGE('',*,*,#9880,.T.);
#9883=ORIENTED_EDGE('',*,*,#9882,.T.);
#9884=EDGE_LOOP('',(#9878,#9879,#9881,#9883));
#9885=FACE_OUTER_BOUND('',#9884,.F.);
#9886=ADVANCED_FACE('',(#9885),#9877,.T.);
#9887=CARTESIAN_POINT('',(1.088763713788E2,1.280833407405E2,0.E0));
#9888=DIRECTION('',(-4.472135955E-1,-6.324555320337E-1,-6.324555320337E-1));
#9889=DIRECTION('',(8.944271909999E-1,-3.162277660169E-1,-3.162277660169E-1));
#9890=AXIS2_PLACEMENT_3D('',#9887,#9888,#9889);
#9891=PLANE('',#9890);
#9892=ORIENTED_EDGE('',*,*,#8934,.F.);
#9894=ORIENTED_EDGE('',*,*,#9893,.T.);
#9896=ORIENTED_EDGE('',*,*,#9895,.F.);
#9897=ORIENTED_EDGE('',*,*,#9880,.F.);
#9898=ORIENTED_EDGE('',*,*,#9851,.F.);
#9899=EDGE_LOOP('',(#9892,#9894,#9896,#9897,#9898));
#9900=FACE_OUTER_BOUND('',#9899,.F.);
#9901=ADVANCED_FACE('',(#9900),#9891,.F.);
#9902=CARTESIAN_POINT('',(1.096763713788E2,1.283661834529E2,2.828427124746E-1));
#9903=DIRECTION('',(-4.472135955E-1,6.324555320337E-1,6.324555320337E-1));
#9904=DIRECTION('',(-8.944271909999E-1,-3.162277660169E-1,-3.162277660169E-1));
#9905=AXIS2_PLACEMENT_3D('',#9902,#9903,#9904);
#9906=PLANE('',#9905);
#9907=ORIENTED_EDGE('',*,*,#8932,.T.);
#9909=ORIENTED_EDGE('',*,*,#9908,.T.);
#9911=ORIENTED_EDGE('',*,*,#9910,.F.);
#9913=ORIENTED_EDGE('',*,*,#9912,.T.);
#9914=ORIENTED_EDGE('',*,*,#9893,.F.);
#9915=EDGE_LOOP('',(#9907,#9909,#9911,#9913,#9914));
#9916=FACE_OUTER_BOUND('',#9915,.F.);
#9917=ADVANCED_FACE('',(#9916),#9906,.F.);
#9918=CARTESIAN_POINT('',(1.096763713788E2,9.726253463533E1,-8.759074532107E0));
#9919=DIRECTION('',(-4.472135955E-1,6.324555320337E-1,-6.324555320337E-1));
#9920=DIRECTION('',(-8.944271909999E-1,-3.162277660169E-1,3.162277660169E-1));
#9921=AXIS2_PLACEMENT_3D('',#9918,#9919,#9920);
#9922=PLANE('',#9921);
#9923=ORIENTED_EDGE('',*,*,#9908,.F.);
#9924=ORIENTED_EDGE('',*,*,#8930,.T.);
#9926=ORIENTED_EDGE('',*,*,#9925,.F.);
#9927=EDGE_LOOP('',(#9923,#9924,#9926));
#9928=FACE_OUTER_BOUND('',#9927,.F.);
#9929=ADVANCED_FACE('',(#9928),#9922,.F.);
#9930=CARTESIAN_POINT('',(1.096763713788E2,0.E0,-1.425E1));
#9931=DIRECTION('',(1.E0,0.E0,0.E0));
#9932=DIRECTION('',(0.E0,0.E0,1.E0));
#9933=AXIS2_PLACEMENT_3D('',#9930,#9931,#9932);
#9934=PLANE('',#9933);
#9935=ORIENTED_EDGE('',*,*,#9910,.T.);
#9936=ORIENTED_EDGE('',*,*,#9925,.T.);
#9937=ORIENTED_EDGE('',*,*,#8928,.T.);
#9939=ORIENTED_EDGE('',*,*,#9938,.T.);
#9941=ORIENTED_EDGE('',*,*,#9940,.T.);
#9942=EDGE_LOOP('',(#9935,#9936,#9937,#9939,#9941));
#9943=FACE_OUTER_BOUND('',#9942,.F.);
#9944=ADVANCED_FACE('',(#9943),#9934,.T.);
#9945=CARTESIAN_POINT('',(1.088763713788E2,1.337401949899E2,0.E0));
#9946=DIRECTION('',(-4.472135955E-1,-6.324555320337E-1,-6.324555320337E-1));
#9947=DIRECTION('',(8.944271909999E-1,-3.162277660169E-1,-3.162277660169E-1));
#9948=AXIS2_PLACEMENT_3D('',#9945,#9946,#9947);
#9949=PLANE('',#9948);
#9950=ORIENTED_EDGE('',*,*,#8926,.T.);
#9952=ORIENTED_EDGE('',*,*,#9951,.T.);
#9954=ORIENTED_EDGE('',*,*,#9953,.F.);
#9955=ORIENTED_EDGE('',*,*,#9938,.F.);
#9956=EDGE_LOOP('',(#9950,#9952,#9954,#9955));
#9957=FACE_OUTER_BOUND('',#9956,.F.);
#9958=ADVANCED_FACE('',(#9957),#9949,.F.);
#9959=CARTESIAN_POINT('',(1.096763713788E2,1.340230377024E2,2.828427124746E-1));
#9960=DIRECTION('',(-4.472135955E-1,6.324555320337E-1,6.324555320337E-1));
#9961=DIRECTION('',(-8.944271909999E-1,-3.162277660169E-1,-3.162277660169E-1));
#9962=AXIS2_PLACEMENT_3D('',#9959,#9960,#9961);
#9963=PLANE('',#9962);
#9964=ORIENTED_EDGE('',*,*,#8924,.T.);
#9966=ORIENTED_EDGE('',*,*,#9965,.T.);
#9967=ORIENTED_EDGE('',*,*,#9951,.F.);
#9968=EDGE_LOOP('',(#9964,#9966,#9967));
#9969=FACE_OUTER_BOUND('',#9968,.F.);
#9970=ADVANCED_FACE('',(#9969),#9963,.F.);
#9971=CARTESIAN_POINT('',(1.088763713788E2,1.026365461723E2,-8.476231819633E0));
#9972=DIRECTION('',(-4.472135955E-1,-6.324555320337E-1,6.324555320337E-1));
#9973=DIRECTION('',(8.944271909999E-1,-3.162277660169E-1,3.162277660169E-1));
#9974=AXIS2_PLACEMENT_3D('',#9971,#9972,#9973);
#9975=PLANE('',#9974);
#9976=ORIENTED_EDGE('',*,*,#9965,.F.);
#9977=ORIENTED_EDGE('',*,*,#8922,.T.);
#9979=ORIENTED_EDGE('',*,*,#9978,.F.);
#9980=EDGE_LOOP('',(#9976,#9977,#9979));
#9981=FACE_OUTER_BOUND('',#9980,.F.);
#9982=ADVANCED_FACE('',(#9981),#9975,.F.);
#9983=CARTESIAN_POINT('',(1.096763713788E2,1.029193888848E2,-8.759074532107E0));
#9984=DIRECTION('',(-4.472135955E-1,6.324555320337E-1,-6.324555320337E-1));
#9985=DIRECTION('',(-8.944271909999E-1,-3.162277660169E-1,3.162277660169E-1));
#9986=AXIS2_PLACEMENT_3D('',#9983,#9984,#9985);
#9987=PLANE('',#9986);
#9989=ORIENTED_EDGE('',*,*,#9988,.F.);
#9990=ORIENTED_EDGE('',*,*,#9978,.T.);
#9991=ORIENTED_EDGE('',*,*,#8920,.T.);
#9993=ORIENTED_EDGE('',*,*,#9992,.F.);
#9994=EDGE_LOOP('',(#9989,#9990,#9991,#9993));
#9995=FACE_OUTER_BOUND('',#9994,.F.);
#9996=ADVANCED_FACE('',(#9995),#9987,.F.);
#9997=CARTESIAN_POINT('',(1.096763713788E2,1.340230377024E2,2.828427124746E-1));
#9998=DIRECTION('',(-4.472135955E-1,6.324555320337E-1,6.324555320337E-1));
#9999=DIRECTION('',(-8.944271909999E-1,-3.162277660169E-1,-3.162277660169E-1));
#10000=AXIS2_PLACEMENT_3D('',#9997,#9998,#9999);
#10001=PLANE('',#10000);
#10003=ORIENTED_EDGE('',*,*,#10002,.F.);
#10005=ORIENTED_EDGE('',*,*,#10004,.T.);
#10007=ORIENTED_EDGE('',*,*,#10006,.F.);
#10008=ORIENTED_EDGE('',*,*,#9988,.T.);
#10009=EDGE_LOOP('',(#10003,#10005,#10007,#10008));
#10010=FACE_OUTER_BOUND('',#10009,.F.);
#10011=ADVANCED_FACE('',(#10010),#10001,.F.);
#10012=CARTESIAN_POINT('',(1.096763713788E2,0.E0,-1.425E1));
#10013=DIRECTION('',(1.E0,0.E0,0.E0));
#10014=DIRECTION('',(0.E0,0.E0,1.E0));
#10015=AXIS2_PLACEMENT_3D('',#10012,#10013,#10014);
#10016=PLANE('',#10015);
#10017=ORIENTED_EDGE('',*,*,#10002,.T.);
#10018=ORIENTED_EDGE('',*,*,#9992,.T.);
#10019=ORIENTED_EDGE('',*,*,#8918,.T.);
#10021=ORIENTED_EDGE('',*,*,#10020,.T.);
#10023=ORIENTED_EDGE('',*,*,#10022,.T.);
#10024=EDGE_LOOP('',(#10017,#10018,#10019,#10021,#10023));
#10025=FACE_OUTER_BOUND('',#10024,.F.);
#10026=ADVANCED_FACE('',(#10025),#10016,.T.);
#10027=CARTESIAN_POINT('',(1.088763713788E2,1.393970492394E2,0.E0));
#10028=DIRECTION('',(-4.472135955E-1,-6.324555320337E-1,-6.324555320337E-1));
#10029=DIRECTION('',(8.944271909999E-1,-3.162277660169E-1,-3.162277660169E-1));
#10030=AXIS2_PLACEMENT_3D('',#10027,#10028,#10029);
#10031=PLANE('',#10030);
#10032=ORIENTED_EDGE('',*,*,#8916,.T.);
#10034=ORIENTED_EDGE('',*,*,#10033,.T.);
#10036=ORIENTED_EDGE('',*,*,#10035,.F.);
#10037=ORIENTED_EDGE('',*,*,#10020,.F.);
#10038=EDGE_LOOP('',(#10032,#10034,#10036,#10037));
#10039=FACE_OUTER_BOUND('',#10038,.F.);
#10040=ADVANCED_FACE('',(#10039),#10031,.F.);
#10041=CARTESIAN_POINT('',(1.096763713788E2,1.396798919519E2,
2.828427124746E-1));
#10042=DIRECTION('',(-4.472135955E-1,6.324555320337E-1,6.324555320337E-1));
#10043=DIRECTION('',(-8.944271909999E-1,-3.162277660169E-1,-3.162277660169E-1));
#10044=AXIS2_PLACEMENT_3D('',#10041,#10042,#10043);
#10045=PLANE('',#10044);
#10046=ORIENTED_EDGE('',*,*,#8914,.T.);
#10048=ORIENTED_EDGE('',*,*,#10047,.F.);
#10050=ORIENTED_EDGE('',*,*,#10049,.T.);
#10051=ORIENTED_EDGE('',*,*,#10033,.F.);
#10052=EDGE_LOOP('',(#10046,#10048,#10050,#10051));
#10053=FACE_OUTER_BOUND('',#10052,.F.);
#10054=ADVANCED_FACE('',(#10053),#10045,.F.);
#10055=CARTESIAN_POINT('',(1.096763713788E2,0.E0,-1.425E1));
#10056=DIRECTION('',(1.E0,0.E0,0.E0));
#10057=DIRECTION('',(0.E0,0.E0,1.E0));
#10058=AXIS2_PLACEMENT_3D('',#10055,#10056,#10057);
#10059=PLANE('',#10058);
#10060=ORIENTED_EDGE('',*,*,#10047,.T.);
#10061=ORIENTED_EDGE('',*,*,#8912,.T.);
#10063=ORIENTED_EDGE('',*,*,#10062,.T.);
#10064=EDGE_LOOP('',(#10060,#10061,#10063));
#10065=FACE_OUTER_BOUND('',#10064,.F.);
#10066=ADVANCED_FACE('',(#10065),#10059,.T.);
#10067=CARTESIAN_POINT('',(1.088763713788E2,1.111218275466E2,
-5.647804694886E0));
#10068=DIRECTION('',(-4.472135955E-1,-6.324555320337E-1,6.324555320337E-1));
#10069=DIRECTION('',(8.944271909999E-1,-3.162277660169E-1,3.162277660169E-1));
#10070=AXIS2_PLACEMENT_3D('',#10067,#10068,#10069);
#10071=PLANE('',#10070);
#10072=ORIENTED_EDGE('',*,*,#10049,.F.);
#10073=ORIENTED_EDGE('',*,*,#10062,.F.);
#10074=ORIENTED_EDGE('',*,*,#8910,.T.);
#10076=ORIENTED_EDGE('',*,*,#10075,.F.);
#10077=EDGE_LOOP('',(#10072,#10073,#10074,#10076));
#10078=FACE_OUTER_BOUND('',#10077,.F.);
#10079=ADVANCED_FACE('',(#10078),#10071,.F.);
#10080=CARTESIAN_POINT('',(1.096763713788E2,1.114046702591E2,
-5.930647407361E0));
#10081=DIRECTION('',(-4.472135955E-1,6.324555320337E-1,-6.324555320337E-1));
#10082=DIRECTION('',(-8.944271909999E-1,-3.162277660169E-1,3.162277660169E-1));
#10083=AXIS2_PLACEMENT_3D('',#10080,#10081,#10082);
#10084=PLANE('',#10083);
#10086=ORIENTED_EDGE('',*,*,#10085,.F.);
#10087=ORIENTED_EDGE('',*,*,#10075,.T.);
#10088=ORIENTED_EDGE('',*,*,#8908,.T.);
#10090=ORIENTED_EDGE('',*,*,#10089,.F.);
#10091=EDGE_LOOP('',(#10086,#10087,#10088,#10090));
#10092=FACE_OUTER_BOUND('',#10091,.F.);
#10093=ADVANCED_FACE('',(#10092),#10084,.F.);
#10094=CARTESIAN_POINT('',(1.096763713788E2,1.396798919519E2,
2.828427124746E-1));
#10095=DIRECTION('',(-4.472135955E-1,6.324555320337E-1,6.324555320337E-1));
#10096=DIRECTION('',(-8.944271909999E-1,-3.162277660169E-1,-3.162277660169E-1));
#10097=AXIS2_PLACEMENT_3D('',#10094,#10095,#10096);
#10098=PLANE('',#10097);
#10100=ORIENTED_EDGE('',*,*,#10099,.F.);
#10102=ORIENTED_EDGE('',*,*,#10101,.T.);
#10104=ORIENTED_EDGE('',*,*,#10103,.F.);
#10105=ORIENTED_EDGE('',*,*,#10085,.T.);
#10106=EDGE_LOOP('',(#10100,#10102,#10104,#10105));
#10107=FACE_OUTER_BOUND('',#10106,.F.);
#10108=ADVANCED_FACE('',(#10107),#10098,.F.);
#10109=CARTESIAN_POINT('',(1.096763713788E2,0.E0,-1.425E1));
#10110=DIRECTION('',(1.E0,0.E0,0.E0));
#10111=DIRECTION('',(0.E0,0.E0,1.E0));
#10112=AXIS2_PLACEMENT_3D('',#10109,#10110,#10111);
#10113=PLANE('',#10112);
#10114=ORIENTED_EDGE('',*,*,#10099,.T.);
#10115=ORIENTED_EDGE('',*,*,#10089,.T.);
#10116=ORIENTED_EDGE('',*,*,#8906,.T.);
#10118=ORIENTED_EDGE('',*,*,#10117,.T.);
#10120=ORIENTED_EDGE('',*,*,#10119,.T.);
#10121=EDGE_LOOP('',(#10114,#10115,#10116,#10118,#10120));
#10122=FACE_OUTER_BOUND('',#10121,.F.);
#10123=ADVANCED_FACE('',(#10122),#10113,.T.);
#10124=CARTESIAN_POINT('',(1.088763713788E2,1.450539034889E2,0.E0));
#10125=DIRECTION('',(-4.472135955E-1,-6.324555320337E-1,-6.324555320337E-1));
#10126=DIRECTION('',(8.944271909999E-1,-3.162277660169E-1,-3.162277660169E-1));
#10127=AXIS2_PLACEMENT_3D('',#10124,#10125,#10126);
#10128=PLANE('',#10127);
#10129=ORIENTED_EDGE('',*,*,#8904,.T.);
#10131=ORIENTED_EDGE('',*,*,#10130,.T.);
#10133=ORIENTED_EDGE('',*,*,#10132,.F.);
#10134=ORIENTED_EDGE('',*,*,#10117,.F.);
#10135=EDGE_LOOP('',(#10129,#10131,#10133,#10134));
#10136=FACE_OUTER_BOUND('',#10135,.F.);
#10137=ADVANCED_FACE('',(#10136),#10128,.F.);
#10138=CARTESIAN_POINT('',(1.096763713788E2,1.453367462014E2,
2.828427124746E-1));
#10139=DIRECTION('',(-4.472135955E-1,6.324555320337E-1,6.324555320337E-1));
#10140=DIRECTION('',(-8.944271909999E-1,-3.162277660169E-1,-3.162277660169E-1));
#10141=AXIS2_PLACEMENT_3D('',#10138,#10139,#10140);
#10142=PLANE('',#10141);
#10143=ORIENTED_EDGE('',*,*,#8902,.T.);
#10145=ORIENTED_EDGE('',*,*,#10144,.F.);
#10147=ORIENTED_EDGE('',*,*,#10146,.T.);
#10148=ORIENTED_EDGE('',*,*,#10130,.F.);
#10149=EDGE_LOOP('',(#10143,#10145,#10147,#10148));
#10150=FACE_OUTER_BOUND('',#10149,.F.);
#10151=ADVANCED_FACE('',(#10150),#10142,.F.);
#10152=CARTESIAN_POINT('',(1.096763713788E2,0.E0,-1.425E1));
#10153=DIRECTION('',(1.E0,0.E0,0.E0));
#10154=DIRECTION('',(0.E0,0.E0,1.E0));
#10155=AXIS2_PLACEMENT_3D('',#10152,#10153,#10154);
#10156=PLANE('',#10155);
#10157=ORIENTED_EDGE('',*,*,#10144,.T.);
#10158=ORIENTED_EDGE('',*,*,#8900,.T.);
#10160=ORIENTED_EDGE('',*,*,#10159,.T.);
#10161=EDGE_LOOP('',(#10157,#10158,#10160));
#10162=FACE_OUTER_BOUND('',#10161,.F.);
#10163=ADVANCED_FACE('',(#10162),#10156,.T.);
#10164=CARTESIAN_POINT('',(1.088763713788E2,1.224355360456E2,
9.049554605937E-3));
#10165=DIRECTION('',(-4.472135955E-1,-6.324555320337E-1,6.324555320337E-1));
#10166=DIRECTION('',(8.944271909999E-1,-3.162277660169E-1,3.162277660169E-1));
#10167=AXIS2_PLACEMENT_3D('',#10164,#10165,#10166);
#10168=PLANE('',#10167);
#10169=ORIENTED_EDGE('',*,*,#10146,.F.);
#10170=ORIENTED_EDGE('',*,*,#10159,.F.);
#10171=ORIENTED_EDGE('',*,*,#8898,.T.);
#10173=ORIENTED_EDGE('',*,*,#10172,.F.);
#10174=EDGE_LOOP('',(#10169,#10170,#10171,#10173));
#10175=FACE_OUTER_BOUND('',#10174,.F.);
#10176=ADVANCED_FACE('',(#10175),#10168,.F.);
#10177=CARTESIAN_POINT('',(1.096763713788E2,1.227183787580E2,
-2.737931578687E-1));
#10178=DIRECTION('',(-4.472135955E-1,6.324555320337E-1,-6.324555320337E-1));
#10179=DIRECTION('',(-8.944271909999E-1,-3.162277660169E-1,3.162277660169E-1));
#10180=AXIS2_PLACEMENT_3D('',#10177,#10178,#10179);
#10181=PLANE('',#10180);
#10183=ORIENTED_EDGE('',*,*,#10182,.F.);
#10184=ORIENTED_EDGE('',*,*,#10172,.T.);
#10185=ORIENTED_EDGE('',*,*,#8896,.T.);
#10187=ORIENTED_EDGE('',*,*,#10186,.F.);
#10188=EDGE_LOOP('',(#10183,#10184,#10185,#10187));
#10189=FACE_OUTER_BOUND('',#10188,.F.);
#10190=ADVANCED_FACE('',(#10189),#10181,.F.);
#10191=CARTESIAN_POINT('',(1.096763713788E2,1.453367462014E2,
2.828427124746E-1));
#10192=DIRECTION('',(-4.472135955E-1,6.324555320337E-1,6.324555320337E-1));
#10193=DIRECTION('',(-8.944271909999E-1,-3.162277660169E-1,-3.162277660169E-1));
#10194=AXIS2_PLACEMENT_3D('',#10191,#10192,#10193);
#10195=PLANE('',#10194);
#10197=ORIENTED_EDGE('',*,*,#10196,.F.);
#10199=ORIENTED_EDGE('',*,*,#10198,.T.);
#10201=ORIENTED_EDGE('',*,*,#10200,.F.);
#10202=ORIENTED_EDGE('',*,*,#10182,.T.);
#10203=EDGE_LOOP('',(#10197,#10199,#10201,#10202));
#10204=FACE_OUTER_BOUND('',#10203,.F.);
#10205=ADVANCED_FACE('',(#10204),#10195,.F.);
#10206=CARTESIAN_POINT('',(1.096763713788E2,0.E0,-1.425E1));
#10207=DIRECTION('',(1.E0,0.E0,0.E0));
#10208=DIRECTION('',(0.E0,0.E0,1.E0));
#10209=AXIS2_PLACEMENT_3D('',#10206,#10207,#10208);
#10210=PLANE('',#10209);
#10211=ORIENTED_EDGE('',*,*,#10196,.T.);
#10212=ORIENTED_EDGE('',*,*,#10186,.T.);
#10213=ORIENTED_EDGE('',*,*,#8894,.T.);
#10215=ORIENTED_EDGE('',*,*,#10214,.T.);
#10217=ORIENTED_EDGE('',*,*,#10216,.T.);
#10218=EDGE_LOOP('',(#10211,#10212,#10213,#10215,#10217));
#10219=FACE_OUTER_BOUND('',#10218,.F.);
#10220=ADVANCED_FACE('',(#10219),#10210,.T.);
#10221=CARTESIAN_POINT('',(1.088763713788E2,1.507107577384E2,0.E0));
#10222=DIRECTION('',(-4.472135955E-1,-6.324555320337E-1,-6.324555320337E-1));
#10223=DIRECTION('',(8.944271909999E-1,-3.162277660169E-1,-3.162277660169E-1));
#10224=AXIS2_PLACEMENT_3D('',#10221,#10222,#10223);
#10225=PLANE('',#10224);
#10226=ORIENTED_EDGE('',*,*,#8892,.T.);
#10228=ORIENTED_EDGE('',*,*,#10227,.T.);
#10230=ORIENTED_EDGE('',*,*,#10229,.F.);
#10231=ORIENTED_EDGE('',*,*,#10214,.F.);
#10232=EDGE_LOOP('',(#10226,#10228,#10230,#10231));
#10233=FACE_OUTER_BOUND('',#10232,.F.);
#10234=ADVANCED_FACE('',(#10233),#10225,.F.);
#10235=CARTESIAN_POINT('',(1.096763713788E2,1.509936004509E2,
2.828427124746E-1));
#10236=DIRECTION('',(-4.472135955E-1,6.324555320337E-1,6.324555320337E-1));
#10237=DIRECTION('',(-8.944271909999E-1,-3.162277660169E-1,-3.162277660169E-1));
#10238=AXIS2_PLACEMENT_3D('',#10235,#10236,#10237);
#10239=PLANE('',#10238);
#10240=ORIENTED_EDGE('',*,*,#8890,.T.);
#10242=ORIENTED_EDGE('',*,*,#10241,.F.);
#10244=ORIENTED_EDGE('',*,*,#10243,.T.);
#10245=ORIENTED_EDGE('',*,*,#10227,.F.);
#10246=EDGE_LOOP('',(#10240,#10242,#10244,#10245));
#10247=FACE_OUTER_BOUND('',#10246,.F.);
#10248=ADVANCED_FACE('',(#10247),#10239,.F.);
#10249=CARTESIAN_POINT('',(1.096763713788E2,0.E0,-1.425E1));
#10250=DIRECTION('',(1.E0,0.E0,0.E0));
#10251=DIRECTION('',(0.E0,0.E0,1.E0));
#10252=AXIS2_PLACEMENT_3D('',#10249,#10250,#10251);
#10253=PLANE('',#10252);
#10254=ORIENTED_EDGE('',*,*,#10241,.T.);
#10255=ORIENTED_EDGE('',*,*,#8888,.T.);
#10257=ORIENTED_EDGE('',*,*,#10256,.T.);
#10258=EDGE_LOOP('',(#10254,#10255,#10257));
#10259=FACE_OUTER_BOUND('',#10258,.F.);
#10260=ADVANCED_FACE('',(#10259),#10253,.T.);
#10261=CARTESIAN_POINT('',(1.088763713788E2,1.224355360456E2,
-5.647804694886E0));
#10262=DIRECTION('',(-4.472135955E-1,-6.324555320337E-1,6.324555320337E-1));
#10263=DIRECTION('',(8.944271909999E-1,-3.162277660169E-1,3.162277660169E-1));
#10264=AXIS2_PLACEMENT_3D('',#10261,#10262,#10263);
#10265=PLANE('',#10264);
#10266=ORIENTED_EDGE('',*,*,#10243,.F.);
#10267=ORIENTED_EDGE('',*,*,#10256,.F.);
#10268=ORIENTED_EDGE('',*,*,#8886,.T.);
#10270=ORIENTED_EDGE('',*,*,#10269,.F.);
#10271=EDGE_LOOP('',(#10266,#10267,#10268,#10270));
#10272=FACE_OUTER_BOUND('',#10271,.F.);
#10273=ADVANCED_FACE('',(#10272),#10265,.F.);
#10274=CARTESIAN_POINT('',(1.096763713788E2,1.227183787580E2,
-5.930647407361E0));
#10275=DIRECTION('',(-4.472135955E-1,6.324555320337E-1,-6.324555320337E-1));
#10276=DIRECTION('',(-8.944271909999E-1,-3.162277660169E-1,3.162277660169E-1));
#10277=AXIS2_PLACEMENT_3D('',#10274,#10275,#10276);
#10278=PLANE('',#10277);
#10280=ORIENTED_EDGE('',*,*,#10279,.F.);
#10281=ORIENTED_EDGE('',*,*,#10269,.T.);
#10282=ORIENTED_EDGE('',*,*,#8884,.T.);
#10284=ORIENTED_EDGE('',*,*,#10283,.F.);
#10285=EDGE_LOOP('',(#10280,#10281,#10282,#10284));
#10286=FACE_OUTER_BOUND('',#10285,.F.);
#10287=ADVANCED_FACE('',(#10286),#10278,.F.);
#10288=CARTESIAN_POINT('',(1.096763713788E2,1.509936004509E2,
2.828427124746E-1));
#10289=DIRECTION('',(-4.472135955E-1,6.324555320337E-1,6.324555320337E-1));
#10290=DIRECTION('',(-8.944271909999E-1,-3.162277660169E-1,-3.162277660169E-1));
#10291=AXIS2_PLACEMENT_3D('',#10288,#10289,#10290);
#10292=PLANE('',#10291);
#10294=ORIENTED_EDGE('',*,*,#10293,.F.);
#10296=ORIENTED_EDGE('',*,*,#10295,.T.);
#10298=ORIENTED_EDGE('',*,*,#10297,.F.);
#10299=ORIENTED_EDGE('',*,*,#10279,.T.);
#10300=EDGE_LOOP('',(#10294,#10296,#10298,#10299));
#10301=FACE_OUTER_BOUND('',#10300,.F.);
#10302=ADVANCED_FACE('',(#10301),#10292,.F.);
#10303=CARTESIAN_POINT('',(1.096763713788E2,0.E0,-1.425E1));
#10304=DIRECTION('',(1.E0,0.E0,0.E0));
#10305=DIRECTION('',(0.E0,0.E0,1.E0));
#10306=AXIS2_PLACEMENT_3D('',#10303,#10304,#10305);
#10307=PLANE('',#10306);
#10308=ORIENTED_EDGE('',*,*,#10293,.T.);
#10309=ORIENTED_EDGE('',*,*,#10283,.T.);
#10310=ORIENTED_EDGE('',*,*,#8882,.T.);
#10312=ORIENTED_EDGE('',*,*,#10311,.T.);
#10314=ORIENTED_EDGE('',*,*,#10313,.T.);
#10315=EDGE_LOOP('',(#10308,#10309,#10310,#10312,#10314));
#10316=FACE_OUTER_BOUND('',#10315,.F.);
#10317=ADVANCED_FACE('',(#10316),#10307,.T.);
#10318=CARTESIAN_POINT('',(1.088763713788E2,1.563676119879E2,0.E0));
#10319=DIRECTION('',(-4.472135955E-1,-6.324555320337E-1,-6.324555320337E-1));
#10320=DIRECTION('',(8.944271909999E-1,-3.162277660169E-1,-3.162277660169E-1));
#10321=AXIS2_PLACEMENT_3D('',#10318,#10319,#10320);
#10322=PLANE('',#10321);
#10323=ORIENTED_EDGE('',*,*,#8880,.T.);
#10325=ORIENTED_EDGE('',*,*,#10324,.T.);
#10327=ORIENTED_EDGE('',*,*,#10326,.F.);
#10328=ORIENTED_EDGE('',*,*,#10311,.F.);
#10329=EDGE_LOOP('',(#10323,#10325,#10327,#10328));
#10330=FACE_OUTER_BOUND('',#10329,.F.);
#10331=ADVANCED_FACE('',(#10330),#10322,.F.);
#10332=CARTESIAN_POINT('',(1.096763713788E2,1.566504547004E2,
2.828427124746E-1));
#10333=DIRECTION('',(-4.472135955E-1,6.324555320337E-1,6.324555320337E-1));
#10334=DIRECTION('',(-8.944271909999E-1,-3.162277660169E-1,-3.162277660169E-1));
#10335=AXIS2_PLACEMENT_3D('',#10332,#10333,#10334);
#10336=PLANE('',#10335);
#10337=ORIENTED_EDGE('',*,*,#8878,.T.);
#10339=ORIENTED_EDGE('',*,*,#10338,.F.);
#10341=ORIENTED_EDGE('',*,*,#10340,.F.);
#10342=ORIENTED_EDGE('',*,*,#10324,.F.);
#10343=EDGE_LOOP('',(#10337,#10339,#10341,#10342));
#10344=FACE_OUTER_BOUND('',#10343,.F.);
#10345=ADVANCED_FACE('',(#10344),#10336,.F.);
#10346=CARTESIAN_POINT('',(1.096763713788E2,0.E0,-1.425E1));
#10347=DIRECTION('',(1.E0,0.E0,0.E0));
#10348=DIRECTION('',(0.E0,0.E0,1.E0));
#10349=AXIS2_PLACEMENT_3D('',#10346,#10347,#10348);
#10350=PLANE('',#10349);
#10351=ORIENTED_EDGE('',*,*,#10338,.T.);
#10352=ORIENTED_EDGE('',*,*,#8876,.T.);
#10354=ORIENTED_EDGE('',*,*,#10353,.T.);
#10355=EDGE_LOOP('',(#10351,#10352,#10354));
#10356=FACE_OUTER_BOUND('',#10355,.F.);
#10357=ADVANCED_FACE('',(#10356),#10350,.T.);
#10358=CARTESIAN_POINT('',(1.088763713788E2,1.280923902951E2,
-5.647804694886E0));
#10359=DIRECTION('',(-4.472135955E-1,-6.324555320337E-1,6.324555320337E-1));
#10360=DIRECTION('',(8.944271909999E-1,-3.162277660169E-1,3.162277660169E-1));
#10361=AXIS2_PLACEMENT_3D('',#10358,#10359,#10360);
#10362=PLANE('',#10361);
#10363=ORIENTED_EDGE('',*,*,#10340,.T.);
#10364=ORIENTED_EDGE('',*,*,#10353,.F.);
#10365=ORIENTED_EDGE('',*,*,#8874,.T.);
#10367=ORIENTED_EDGE('',*,*,#10366,.F.);
#10368=EDGE_LOOP('',(#10363,#10364,#10365,#10367));
#10369=FACE_OUTER_BOUND('',#10368,.F.);
#10370=ADVANCED_FACE('',(#10369),#10362,.F.);
#10371=CARTESIAN_POINT('',(1.096763713788E2,1.283752330075E2,
-5.930647407361E0));
#10372=DIRECTION('',(-4.472135955E-1,6.324555320337E-1,-6.324555320337E-1));
#10373=DIRECTION('',(-8.944271909999E-1,-3.162277660169E-1,3.162277660169E-1));
#10374=AXIS2_PLACEMENT_3D('',#10371,#10372,#10373);
#10375=PLANE('',#10374);
#10377=ORIENTED_EDGE('',*,*,#10376,.T.);
#10379=ORIENTED_EDGE('',*,*,#10378,.F.);
#10381=ORIENTED_EDGE('',*,*,#10380,.F.);
#10382=ORIENTED_EDGE('',*,*,#10366,.T.);
#10383=ORIENTED_EDGE('',*,*,#8872,.T.);
#10384=EDGE_LOOP('',(#10377,#10379,#10381,#10382,#10383));
#10385=FACE_OUTER_BOUND('',#10384,.F.);
#10386=ADVANCED_FACE('',(#10385),#10375,.F.);
#10387=CARTESIAN_POINT('',(1.088763713788E2,1.591960391127E2,2.828427124746E0));
#10388=DIRECTION('',(-4.472135955E-1,-6.324555320337E-1,-6.324555320337E-1));
#10389=DIRECTION('',(8.944271909999E-1,-3.162277660169E-1,-3.162277660169E-1));
#10390=AXIS2_PLACEMENT_3D('',#10387,#10388,#10389);
#10391=PLANE('',#10390);
#10393=ORIENTED_EDGE('',*,*,#10392,.F.);
#10395=ORIENTED_EDGE('',*,*,#10394,.F.);
#10397=ORIENTED_EDGE('',*,*,#10396,.F.);
#10398=ORIENTED_EDGE('',*,*,#10376,.F.);
#10399=ORIENTED_EDGE('',*,*,#8870,.T.);
#10401=ORIENTED_EDGE('',*,*,#10400,.T.);
#10402=EDGE_LOOP('',(#10393,#10395,#10397,#10398,#10399,#10401));
#10403=FACE_OUTER_BOUND('',#10402,.F.);
#10404=ADVANCED_FACE('',(#10403),#10391,.F.);
#10405=CARTESIAN_POINT('',(1.086763713788E2,1.502257606384E2,-1.425E1));
#10406=DIRECTION('',(0.E0,1.E0,0.E0));
#10407=DIRECTION('',(-1.E0,0.E0,0.E0));
#10408=AXIS2_PLACEMENT_3D('',#10405,#10406,#10407);
#10409=PLANE('',#10408);
#10411=ORIENTED_EDGE('',*,*,#10410,.T.);
#10413=ORIENTED_EDGE('',*,*,#10412,.F.);
#10415=ORIENTED_EDGE('',*,*,#10414,.F.);
#10417=ORIENTED_EDGE('',*,*,#10416,.F.);
#10419=ORIENTED_EDGE('',*,*,#10418,.T.);
#10421=ORIENTED_EDGE('',*,*,#10420,.T.);
#10423=ORIENTED_EDGE('',*,*,#10422,.F.);
#10425=ORIENTED_EDGE('',*,*,#10424,.F.);
#10427=ORIENTED_EDGE('',*,*,#10426,.F.);
#10429=ORIENTED_EDGE('',*,*,#10428,.T.);
#10431=ORIENTED_EDGE('',*,*,#10430,.T.);
#10433=ORIENTED_EDGE('',*,*,#10432,.F.);
#10435=ORIENTED_EDGE('',*,*,#10434,.F.);
#10437=ORIENTED_EDGE('',*,*,#10436,.F.);
#10439=ORIENTED_EDGE('',*,*,#10438,.T.);
#10441=ORIENTED_EDGE('',*,*,#10440,.T.);
#10443=ORIENTED_EDGE('',*,*,#10442,.F.);
#10445=ORIENTED_EDGE('',*,*,#10444,.F.);
#10447=ORIENTED_EDGE('',*,*,#10446,.F.);
#10448=ORIENTED_EDGE('',*,*,#10392,.T.);
#10450=ORIENTED_EDGE('',*,*,#10449,.T.);
#10452=ORIENTED_EDGE('',*,*,#10451,.F.);
#10453=ORIENTED_EDGE('',*,*,#8864,.F.);
#10454=ORIENTED_EDGE('',*,*,#8124,.F.);
#10455=ORIENTED_EDGE('',*,*,#8281,.F.);
#10457=ORIENTED_EDGE('',*,*,#10456,.F.);
#10459=ORIENTED_EDGE('',*,*,#10458,.F.);
#10461=ORIENTED_EDGE('',*,*,#10460,.F.);
#10463=ORIENTED_EDGE('',*,*,#10462,.T.);
#10464=EDGE_LOOP('',(#10411,#10413,#10415,#10417,#10419,#10421,#10423,#10425,
#10427,#10429,#10431,#10433,#10435,#10437,#10439,#10441,#10443,#10445,#10447,
#10448,#10450,#10452,#10453,#10454,#10455,#10457,#10459,#10461,#10463));
#10465=FACE_OUTER_BOUND('',#10464,.F.);
#10466=ADVANCED_FACE('',(#10465),#10409,.T.);
#10467=CARTESIAN_POINT('',(1.096763713788E2,1.509936004509E2,
-1.103086578651E1));
#10468=DIRECTION('',(-4.472135955E-1,6.324555320337E-1,6.324555320337E-1));
#10469=DIRECTION('',(-8.944271909999E-1,-3.162277660169E-1,-3.162277660169E-1));
#10470=AXIS2_PLACEMENT_3D('',#10467,#10468,#10469);
#10471=PLANE('',#10470);
#10472=ORIENTED_EDGE('',*,*,#10410,.F.);
#10474=ORIENTED_EDGE('',*,*,#10473,.F.);
#10476=ORIENTED_EDGE('',*,*,#10475,.T.);
#10478=ORIENTED_EDGE('',*,*,#10477,.F.);
#10479=EDGE_LOOP('',(#10472,#10474,#10476,#10478));
#10480=FACE_OUTER_BOUND('',#10479,.F.);
#10481=ADVANCED_FACE('',(#10480),#10471,.F.);
#10482=CARTESIAN_POINT('',(1.088763713788E2,1.507107577384E2,
-1.131370849898E1));
#10483=DIRECTION('',(-4.472135955E-1,-6.324555320337E-1,-6.324555320337E-1));
#10484=DIRECTION('',(8.944271909999E-1,-3.162277660169E-1,-3.162277660169E-1));
#10485=AXIS2_PLACEMENT_3D('',#10482,#10483,#10484);
#10486=PLANE('',#10485);
#10487=ORIENTED_EDGE('',*,*,#10462,.F.);
#10489=ORIENTED_EDGE('',*,*,#10488,.F.);
#10491=ORIENTED_EDGE('',*,*,#10490,.F.);
#10493=ORIENTED_EDGE('',*,*,#10492,.F.);
#10494=ORIENTED_EDGE('',*,*,#10473,.T.);
#10495=EDGE_LOOP('',(#10487,#10489,#10491,#10493,#10494));
#10496=FACE_OUTER_BOUND('',#10495,.F.);
#10497=ADVANCED_FACE('',(#10496),#10486,.F.);
#10498=CARTESIAN_POINT('',(1.088763713788E2,1.394060987940E2,
-2.261836744336E1));
#10499=DIRECTION('',(-4.472135955E-1,-6.324555320337E-1,6.324555320337E-1));
#10500=DIRECTION('',(8.944271909999E-1,-3.162277660169E-1,3.162277660169E-1));
#10501=AXIS2_PLACEMENT_3D('',#10498,#10499,#10500);
#10502=PLANE('',#10501);
#10504=ORIENTED_EDGE('',*,*,#10503,.F.);
#10506=ORIENTED_EDGE('',*,*,#10505,.F.);
#10507=ORIENTED_EDGE('',*,*,#10488,.T.);
#10508=ORIENTED_EDGE('',*,*,#10460,.T.);
#10510=ORIENTED_EDGE('',*,*,#10509,.T.);
#10511=ORIENTED_EDGE('',*,*,#8275,.F.);
#10512=EDGE_LOOP('',(#10504,#10506,#10507,#10508,#10510,#10511));
#10513=FACE_OUTER_BOUND('',#10512,.F.);
#10514=ADVANCED_FACE('',(#10513),#10502,.F.);
#10515=CARTESIAN_POINT('',(1.096763713788E2,1.481651733262E2,
-1.385929291126E1));
#10516=DIRECTION('',(-4.472135955E-1,6.324555320337E-1,6.324555320337E-1));
#10517=DIRECTION('',(-8.944271909999E-1,-3.162277660169E-1,-3.162277660169E-1));
#10518=AXIS2_PLACEMENT_3D('',#10515,#10516,#10517);
#10519=PLANE('',#10518);
#10520=ORIENTED_EDGE('',*,*,#8273,.F.);
#10522=ORIENTED_EDGE('',*,*,#10521,.F.);
#10524=ORIENTED_EDGE('',*,*,#10523,.T.);
#10526=ORIENTED_EDGE('',*,*,#10525,.F.);
#10527=ORIENTED_EDGE('',*,*,#10503,.T.);
#10528=EDGE_LOOP('',(#10520,#10522,#10524,#10526,#10527));
#10529=FACE_OUTER_BOUND('',#10528,.F.);
#10530=ADVANCED_FACE('',(#10529),#10519,.F.);
#10531=CARTESIAN_POINT('',(1.088763713788E2,1.478823306137E2,
-1.414213562373E1));
#10532=DIRECTION('',(-4.472135955E-1,-6.324555320337E-1,-6.324555320337E-1));
#10533=DIRECTION('',(8.944271909999E-1,-3.162277660169E-1,-3.162277660169E-1));
#10534=AXIS2_PLACEMENT_3D('',#10531,#10532,#10533);
#10535=PLANE('',#10534);
#10536=ORIENTED_EDGE('',*,*,#8271,.F.);
#10538=ORIENTED_EDGE('',*,*,#10537,.F.);
#10540=ORIENTED_EDGE('',*,*,#10539,.F.);
#10541=ORIENTED_EDGE('',*,*,#10521,.T.);
#10542=EDGE_LOOP('',(#10536,#10538,#10540,#10541));
#10543=FACE_OUTER_BOUND('',#10542,.F.);
#10544=ADVANCED_FACE('',(#10543),#10535,.F.);
#10545=CARTESIAN_POINT('',(1.096763713788E2,0.E0,-1.425E1));
#10546=DIRECTION('',(1.E0,0.E0,0.E0));
#10547=DIRECTION('',(0.E0,0.E0,1.E0));
#10548=AXIS2_PLACEMENT_3D('',#10545,#10546,#10547);
#10549=PLANE('',#10548);
#10550=ORIENTED_EDGE('',*,*,#10537,.T.);
#10551=ORIENTED_EDGE('',*,*,#8269,.T.);
#10553=ORIENTED_EDGE('',*,*,#10552,.T.);
#10554=EDGE_LOOP('',(#10550,#10551,#10553));
#10555=FACE_OUTER_BOUND('',#10554,.F.);
#10556=ADVANCED_FACE('',(#10555),#10549,.T.);
#10557=CARTESIAN_POINT('',(1.096763713788E2,1.368605143818E2,
-2.007278303109E1));
#10558=DIRECTION('',(-4.472135955E-1,6.324555320337E-1,-6.324555320337E-1));
#10559=DIRECTION('',(-8.944271909999E-1,-3.162277660169E-1,3.162277660169E-1));
#10560=AXIS2_PLACEMENT_3D('',#10557,#10558,#10559);
#10561=PLANE('',#10560);
#10562=ORIENTED_EDGE('',*,*,#10539,.T.);
#10563=ORIENTED_EDGE('',*,*,#10552,.F.);
#10564=ORIENTED_EDGE('',*,*,#8267,.F.);
#10566=ORIENTED_EDGE('',*,*,#10565,.F.);
#10567=EDGE_LOOP('',(#10562,#10563,#10564,#10566));
#10568=FACE_OUTER_BOUND('',#10567,.F.);
#10569=ADVANCED_FACE('',(#10568),#10561,.F.);
#10570=CARTESIAN_POINT('',(1.088763713788E2,1.365776716693E2,
-1.978994031862E1));
#10571=DIRECTION('',(-4.472135955E-1,-6.324555320337E-1,6.324555320337E-1));
#10572=DIRECTION('',(8.944271909999E-1,-3.162277660169E-1,3.162277660169E-1));
#10573=AXIS2_PLACEMENT_3D('',#10570,#10571,#10572);
#10574=PLANE('',#10573);
#10575=ORIENTED_EDGE('',*,*,#10565,.T.);
#10576=ORIENTED_EDGE('',*,*,#8265,.F.);
#10578=ORIENTED_EDGE('',*,*,#10577,.F.);
#10580=ORIENTED_EDGE('',*,*,#10579,.T.);
#10581=EDGE_LOOP('',(#10575,#10576,#10578,#10580));
#10582=FACE_OUTER_BOUND('',#10581,.F.);
#10583=ADVANCED_FACE('',(#10582),#10574,.F.);
#10584=CARTESIAN_POINT('',(1.096763713788E2,0.E0,-1.425E1));
#10585=DIRECTION('',(1.E0,0.E0,0.E0));
#10586=DIRECTION('',(0.E0,0.E0,1.E0));
#10587=AXIS2_PLACEMENT_3D('',#10584,#10585,#10586);
#10588=PLANE('',#10587);
#10590=ORIENTED_EDGE('',*,*,#10589,.T.);
#10592=ORIENTED_EDGE('',*,*,#10591,.T.);
#10594=ORIENTED_EDGE('',*,*,#10593,.T.);
#10595=ORIENTED_EDGE('',*,*,#10577,.T.);
#10596=ORIENTED_EDGE('',*,*,#8263,.T.);
#10597=EDGE_LOOP('',(#10590,#10592,#10594,#10595,#10596));
#10598=FACE_OUTER_BOUND('',#10597,.F.);
#10599=ADVANCED_FACE('',(#10598),#10588,.T.);
#10600=CARTESIAN_POINT('',(1.096763713788E2,1.425083190767E2,
-1.385929291126E1));
#10601=DIRECTION('',(-4.472135955E-1,6.324555320337E-1,6.324555320337E-1));
#10602=DIRECTION('',(-8.944271909999E-1,-3.162277660169E-1,-3.162277660169E-1));
#10603=AXIS2_PLACEMENT_3D('',#10600,#10601,#10602);
#10604=PLANE('',#10603);
#10605=ORIENTED_EDGE('',*,*,#8261,.F.);
#10607=ORIENTED_EDGE('',*,*,#10606,.F.);
#10609=ORIENTED_EDGE('',*,*,#10608,.T.);
#10610=ORIENTED_EDGE('',*,*,#10589,.F.);
#10611=EDGE_LOOP('',(#10605,#10607,#10609,#10610));
#10612=FACE_OUTER_BOUND('',#10611,.F.);
#10613=ADVANCED_FACE('',(#10612),#10604,.F.);
#10614=CARTESIAN_POINT('',(1.088763713788E2,1.422254763642E2,
-1.414213562373E1));
#10615=DIRECTION('',(-4.472135955E-1,-6.324555320337E-1,-6.324555320337E-1));
#10616=DIRECTION('',(8.944271909999E-1,-3.162277660169E-1,-3.162277660169E-1));
#10617=AXIS2_PLACEMENT_3D('',#10614,#10615,#10616);
#10618=PLANE('',#10617);
#10619=ORIENTED_EDGE('',*,*,#8259,.F.);
#10621=ORIENTED_EDGE('',*,*,#10620,.F.);
#10623=ORIENTED_EDGE('',*,*,#10622,.F.);
#10624=ORIENTED_EDGE('',*,*,#10606,.T.);
#10625=EDGE_LOOP('',(#10619,#10621,#10623,#10624));
#10626=FACE_OUTER_BOUND('',#10625,.F.);
#10627=ADVANCED_FACE('',(#10626),#10618,.F.);
#10628=CARTESIAN_POINT('',(1.096763713788E2,0.E0,-1.425E1));
#10629=DIRECTION('',(1.E0,0.E0,0.E0));
#10630=DIRECTION('',(0.E0,0.E0,1.E0));
#10631=AXIS2_PLACEMENT_3D('',#10628,#10629,#10630);
#10632=PLANE('',#10631);
#10633=ORIENTED_EDGE('',*,*,#10620,.T.);
#10634=ORIENTED_EDGE('',*,*,#8257,.T.);
#10636=ORIENTED_EDGE('',*,*,#10635,.T.);
#10637=EDGE_LOOP('',(#10633,#10634,#10636));
#10638=FACE_OUTER_BOUND('',#10637,.F.);
#10639=ADVANCED_FACE('',(#10638),#10632,.T.);
#10640=CARTESIAN_POINT('',(1.096763713788E2,1.340320872570E2,
-1.724435590635E1));
#10641=DIRECTION('',(-4.472135955E-1,6.324555320337E-1,-6.324555320337E-1));
#10642=DIRECTION('',(-8.944271909999E-1,-3.162277660169E-1,3.162277660169E-1));
#10643=AXIS2_PLACEMENT_3D('',#10640,#10641,#10642);
#10644=PLANE('',#10643);
#10645=ORIENTED_EDGE('',*,*,#10622,.T.);
#10646=ORIENTED_EDGE('',*,*,#10635,.F.);
#10647=ORIENTED_EDGE('',*,*,#8255,.F.);
#10649=ORIENTED_EDGE('',*,*,#10648,.F.);
#10650=EDGE_LOOP('',(#10645,#10646,#10647,#10649));
#10651=FACE_OUTER_BOUND('',#10650,.F.);
#10652=ADVANCED_FACE('',(#10651),#10644,.F.);
#10653=CARTESIAN_POINT('',(1.088763713788E2,1.337492445446E2,
-1.696151319387E1));
#10654=DIRECTION('',(-4.472135955E-1,-6.324555320337E-1,6.324555320337E-1));
#10655=DIRECTION('',(8.944271909999E-1,-3.162277660169E-1,3.162277660169E-1));
#10656=AXIS2_PLACEMENT_3D('',#10653,#10654,#10655);
#10657=PLANE('',#10656);
#10658=ORIENTED_EDGE('',*,*,#10648,.T.);
#10659=ORIENTED_EDGE('',*,*,#8253,.F.);
#10661=ORIENTED_EDGE('',*,*,#10660,.F.);
#10663=ORIENTED_EDGE('',*,*,#10662,.T.);
#10664=EDGE_LOOP('',(#10658,#10659,#10661,#10663));
#10665=FACE_OUTER_BOUND('',#10664,.F.);
#10666=ADVANCED_FACE('',(#10665),#10657,.F.);
#10667=CARTESIAN_POINT('',(1.096763713788E2,0.E0,-1.425E1));
#10668=DIRECTION('',(1.E0,0.E0,0.E0));
#10669=DIRECTION('',(0.E0,0.E0,1.E0));
#10670=AXIS2_PLACEMENT_3D('',#10667,#10668,#10669);
#10671=PLANE('',#10670);
#10673=ORIENTED_EDGE('',*,*,#10672,.T.);
#10675=ORIENTED_EDGE('',*,*,#10674,.T.);
#10677=ORIENTED_EDGE('',*,*,#10676,.T.);
#10678=ORIENTED_EDGE('',*,*,#10660,.T.);
#10679=ORIENTED_EDGE('',*,*,#8251,.T.);
#10680=EDGE_LOOP('',(#10673,#10675,#10677,#10678,#10679));
#10681=FACE_OUTER_BOUND('',#10680,.F.);
#10682=ADVANCED_FACE('',(#10681),#10671,.T.);
#10683=CARTESIAN_POINT('',(1.096763713788E2,1.368514648272E2,
-1.385929291126E1));
#10684=DIRECTION('',(-4.472135955E-1,6.324555320337E-1,6.324555320337E-1));
#10685=DIRECTION('',(-8.944271909999E-1,-3.162277660169E-1,-3.162277660169E-1));
#10686=AXIS2_PLACEMENT_3D('',#10683,#10684,#10685);
#10687=PLANE('',#10686);
#10688=ORIENTED_EDGE('',*,*,#8249,.F.);
#10690=ORIENTED_EDGE('',*,*,#10689,.F.);
#10692=ORIENTED_EDGE('',*,*,#10691,.T.);
#10693=ORIENTED_EDGE('',*,*,#10672,.F.);
#10694=EDGE_LOOP('',(#10688,#10690,#10692,#10693));
#10695=FACE_OUTER_BOUND('',#10694,.F.);
#10696=ADVANCED_FACE('',(#10695),#10687,.F.);
#10697=CARTESIAN_POINT('',(1.088763713788E2,1.365686221147E2,
-1.414213562373E1));
#10698=DIRECTION('',(-4.472135955E-1,-6.324555320337E-1,-6.324555320337E-1));
#10699=DIRECTION('',(8.944271909999E-1,-3.162277660169E-1,-3.162277660169E-1));
#10700=AXIS2_PLACEMENT_3D('',#10697,#10698,#10699);
#10701=PLANE('',#10700);
#10702=ORIENTED_EDGE('',*,*,#8247,.F.);
#10704=ORIENTED_EDGE('',*,*,#10703,.F.);
#10706=ORIENTED_EDGE('',*,*,#10705,.F.);
#10707=ORIENTED_EDGE('',*,*,#10689,.T.);
#10708=EDGE_LOOP('',(#10702,#10704,#10706,#10707));
#10709=FACE_OUTER_BOUND('',#10708,.F.);
#10710=ADVANCED_FACE('',(#10709),#10701,.F.);
#10711=CARTESIAN_POINT('',(1.096763713788E2,0.E0,-1.425E1));
#10712=DIRECTION('',(1.E0,0.E0,0.E0));
#10713=DIRECTION('',(0.E0,0.E0,1.E0));
#10714=AXIS2_PLACEMENT_3D('',#10711,#10712,#10713);
#10715=PLANE('',#10714);
#10716=ORIENTED_EDGE('',*,*,#10703,.T.);
#10717=ORIENTED_EDGE('',*,*,#8245,.T.);
#10719=ORIENTED_EDGE('',*,*,#10718,.T.);
#10720=EDGE_LOOP('',(#10716,#10717,#10719));
#10721=FACE_OUTER_BOUND('',#10720,.F.);
#10722=ADVANCED_FACE('',(#10721),#10715,.T.);
#10723=CARTESIAN_POINT('',(1.096763713788E2,1.340320872570E2,
-1.158750165685E1));
#10724=DIRECTION('',(-4.472135955E-1,6.324555320337E-1,-6.324555320337E-1));
#10725=DIRECTION('',(-8.944271909999E-1,-3.162277660169E-1,3.162277660169E-1));
#10726=AXIS2_PLACEMENT_3D('',#10723,#10724,#10725);
#10727=PLANE('',#10726);
#10728=ORIENTED_EDGE('',*,*,#10705,.T.);
#10729=ORIENTED_EDGE('',*,*,#10718,.F.);
#10730=ORIENTED_EDGE('',*,*,#8243,.F.);
#10732=ORIENTED_EDGE('',*,*,#10731,.T.);
#10733=EDGE_LOOP('',(#10728,#10729,#10730,#10732));
#10734=FACE_OUTER_BOUND('',#10733,.F.);
#10735=ADVANCED_FACE('',(#10734),#10727,.F.);
#10736=CARTESIAN_POINT('',(1.088763713788E2,1.337492445446E2,
-1.130465894438E1));
#10737=DIRECTION('',(-4.472135955E-1,-6.324555320337E-1,6.324555320337E-1));
#10738=DIRECTION('',(8.944271909999E-1,-3.162277660169E-1,3.162277660169E-1));
#10739=AXIS2_PLACEMENT_3D('',#10736,#10737,#10738);
#10740=PLANE('',#10739);
#10741=ORIENTED_EDGE('',*,*,#10731,.F.);
#10742=ORIENTED_EDGE('',*,*,#8241,.F.);
#10744=ORIENTED_EDGE('',*,*,#10743,.F.);
#10746=ORIENTED_EDGE('',*,*,#10745,.T.);
#10747=EDGE_LOOP('',(#10741,#10742,#10744,#10746));
#10748=FACE_OUTER_BOUND('',#10747,.F.);
#10749=ADVANCED_FACE('',(#10748),#10740,.F.);
#10750=CARTESIAN_POINT('',(1.096763713788E2,0.E0,-1.425E1));
#10751=DIRECTION('',(1.E0,0.E0,0.E0));
#10752=DIRECTION('',(0.E0,0.E0,1.E0));
#10753=AXIS2_PLACEMENT_3D('',#10750,#10751,#10752);
#10754=PLANE('',#10753);
#10756=ORIENTED_EDGE('',*,*,#10755,.T.);
#10758=ORIENTED_EDGE('',*,*,#10757,.T.);
#10760=ORIENTED_EDGE('',*,*,#10759,.T.);
#10761=ORIENTED_EDGE('',*,*,#10743,.T.);
#10762=ORIENTED_EDGE('',*,*,#8239,.T.);
#10763=EDGE_LOOP('',(#10756,#10758,#10760,#10761,#10762));
#10764=FACE_OUTER_BOUND('',#10763,.F.);
#10765=ADVANCED_FACE('',(#10764),#10754,.T.);
#10766=CARTESIAN_POINT('',(1.096763713788E2,1.311946105777E2,
-1.385929291126E1));
#10767=DIRECTION('',(-4.472135955E-1,6.324555320337E-1,6.324555320337E-1));
#10768=DIRECTION('',(-8.944271909999E-1,-3.162277660169E-1,-3.162277660169E-1));
#10769=AXIS2_PLACEMENT_3D('',#10766,#10767,#10768);
#10770=PLANE('',#10769);
#10771=ORIENTED_EDGE('',*,*,#8237,.F.);
#10773=ORIENTED_EDGE('',*,*,#10772,.F.);
#10775=ORIENTED_EDGE('',*,*,#10774,.T.);
#10776=ORIENTED_EDGE('',*,*,#10755,.F.);
#10777=EDGE_LOOP('',(#10771,#10773,#10775,#10776));
#10778=FACE_OUTER_BOUND('',#10777,.F.);
#10779=ADVANCED_FACE('',(#10778),#10770,.F.);
#10780=CARTESIAN_POINT('',(1.088763713788E2,1.309117678652E2,
-1.414213562373E1));
#10781=DIRECTION('',(-4.472135955E-1,-6.324555320337E-1,-6.324555320337E-1));
#10782=DIRECTION('',(8.944271909999E-1,-3.162277660169E-1,-3.162277660169E-1));
#10783=AXIS2_PLACEMENT_3D('',#10780,#10781,#10782);
#10784=PLANE('',#10783);
#10785=ORIENTED_EDGE('',*,*,#8235,.F.);
#10787=ORIENTED_EDGE('',*,*,#10786,.F.);
#10789=ORIENTED_EDGE('',*,*,#10788,.F.);
#10790=ORIENTED_EDGE('',*,*,#10772,.T.);
#10791=EDGE_LOOP('',(#10785,#10787,#10789,#10790));
#10792=FACE_OUTER_BOUND('',#10791,.F.);
#10793=ADVANCED_FACE('',(#10792),#10784,.F.);
#10794=CARTESIAN_POINT('',(1.096763713788E2,0.E0,-1.425E1));
#10795=DIRECTION('',(1.E0,0.E0,0.E0));
#10796=DIRECTION('',(0.E0,0.E0,1.E0));
#10797=AXIS2_PLACEMENT_3D('',#10794,#10795,#10796);
#10798=PLANE('',#10797);
#10799=ORIENTED_EDGE('',*,*,#10786,.T.);
#10800=ORIENTED_EDGE('',*,*,#8233,.T.);
#10802=ORIENTED_EDGE('',*,*,#10801,.T.);
#10803=EDGE_LOOP('',(#10799,#10800,#10802));
#10804=FACE_OUTER_BOUND('',#10803,.F.);
#10805=ADVANCED_FACE('',(#10804),#10798,.T.);
#10806=CARTESIAN_POINT('',(1.096763713788E2,1.340320872570E2,
-5.930647407361E0));
#10807=DIRECTION('',(-4.472135955E-1,6.324555320337E-1,-6.324555320337E-1));
#10808=DIRECTION('',(-8.944271909999E-1,-3.162277660169E-1,3.162277660169E-1));
#10809=AXIS2_PLACEMENT_3D('',#10806,#10807,#10808);
#10810=PLANE('',#10809);
#10811=ORIENTED_EDGE('',*,*,#10788,.T.);
#10812=ORIENTED_EDGE('',*,*,#10801,.F.);
#10813=ORIENTED_EDGE('',*,*,#8231,.F.);
#10815=ORIENTED_EDGE('',*,*,#10814,.T.);
#10816=EDGE_LOOP('',(#10811,#10812,#10813,#10815));
#10817=FACE_OUTER_BOUND('',#10816,.F.);
#10818=ADVANCED_FACE('',(#10817),#10810,.F.);
#10819=CARTESIAN_POINT('',(1.088763713788E2,1.337492445446E2,
-5.647804694886E0));
#10820=DIRECTION('',(-4.472135955E-1,-6.324555320337E-1,6.324555320337E-1));
#10821=DIRECTION('',(8.944271909999E-1,-3.162277660169E-1,3.162277660169E-1));
#10822=AXIS2_PLACEMENT_3D('',#10819,#10820,#10821);
#10823=PLANE('',#10822);
#10824=ORIENTED_EDGE('',*,*,#10814,.F.);
#10825=ORIENTED_EDGE('',*,*,#8229,.F.);
#10827=ORIENTED_EDGE('',*,*,#10826,.F.);
#10829=ORIENTED_EDGE('',*,*,#10828,.T.);
#10830=EDGE_LOOP('',(#10824,#10825,#10827,#10829));
#10831=FACE_OUTER_BOUND('',#10830,.F.);
#10832=ADVANCED_FACE('',(#10831),#10823,.F.);
#10833=CARTESIAN_POINT('',(1.096763713788E2,0.E0,-1.425E1));
#10834=DIRECTION('',(1.E0,0.E0,0.E0));
#10835=DIRECTION('',(0.E0,0.E0,1.E0));
#10836=AXIS2_PLACEMENT_3D('',#10833,#10834,#10835);
#10837=PLANE('',#10836);
#10839=ORIENTED_EDGE('',*,*,#10838,.T.);
#10841=ORIENTED_EDGE('',*,*,#10840,.T.);
#10843=ORIENTED_EDGE('',*,*,#10842,.T.);
#10844=ORIENTED_EDGE('',*,*,#10826,.T.);
#10845=ORIENTED_EDGE('',*,*,#8227,.T.);
#10846=EDGE_LOOP('',(#10839,#10841,#10843,#10844,#10845));
#10847=FACE_OUTER_BOUND('',#10846,.F.);
#10848=ADVANCED_FACE('',(#10847),#10837,.T.);
#10849=CARTESIAN_POINT('',(1.096763713788E2,1.255377563282E2,
-1.385929291126E1));
#10850=DIRECTION('',(-4.472135955E-1,6.324555320337E-1,6.324555320337E-1));
#10851=DIRECTION('',(-8.944271909999E-1,-3.162277660169E-1,-3.162277660169E-1));
#10852=AXIS2_PLACEMENT_3D('',#10849,#10850,#10851);
#10853=PLANE('',#10852);
#10854=ORIENTED_EDGE('',*,*,#8225,.F.);
#10856=ORIENTED_EDGE('',*,*,#10855,.F.);
#10858=ORIENTED_EDGE('',*,*,#10857,.T.);
#10859=ORIENTED_EDGE('',*,*,#10838,.F.);
#10860=EDGE_LOOP('',(#10854,#10856,#10858,#10859));
#10861=FACE_OUTER_BOUND('',#10860,.F.);
#10862=ADVANCED_FACE('',(#10861),#10853,.F.);
#10863=CARTESIAN_POINT('',(1.088763713788E2,1.252549136157E2,
-1.414213562373E1));
#10864=DIRECTION('',(-4.472135955E-1,-6.324555320337E-1,-6.324555320337E-1));
#10865=DIRECTION('',(8.944271909999E-1,-3.162277660169E-1,-3.162277660169E-1));
#10866=AXIS2_PLACEMENT_3D('',#10863,#10864,#10865);
#10867=PLANE('',#10866);
#10868=ORIENTED_EDGE('',*,*,#8223,.F.);
#10870=ORIENTED_EDGE('',*,*,#10869,.F.);
#10871=ORIENTED_EDGE('',*,*,#10855,.T.);
#10872=EDGE_LOOP('',(#10868,#10870,#10871));
#10873=FACE_OUTER_BOUND('',#10872,.F.);
#10874=ADVANCED_FACE('',(#10873),#10867,.F.);
#10875=CARTESIAN_POINT('',(1.096763713788E2,1.283752330075E2,
-5.930647407361E0));
#10876=DIRECTION('',(-4.472135955E-1,6.324555320337E-1,-6.324555320337E-1));
#10877=DIRECTION('',(-8.944271909999E-1,-3.162277660169E-1,3.162277660169E-1));
#10878=AXIS2_PLACEMENT_3D('',#10875,#10876,#10877);
#10879=PLANE('',#10878);
#10880=ORIENTED_EDGE('',*,*,#10869,.T.);
#10881=ORIENTED_EDGE('',*,*,#8221,.F.);
#10883=ORIENTED_EDGE('',*,*,#10882,.T.);
#10884=EDGE_LOOP('',(#10880,#10881,#10883));
#10885=FACE_OUTER_BOUND('',#10884,.F.);
#10886=ADVANCED_FACE('',(#10885),#10879,.F.);
#10887=CARTESIAN_POINT('',(1.088763713788E2,1.280923902951E2,
-5.647804694886E0));
#10888=DIRECTION('',(-4.472135955E-1,-6.324555320337E-1,6.324555320337E-1));
#10889=DIRECTION('',(8.944271909999E-1,-3.162277660169E-1,3.162277660169E-1));
#10890=AXIS2_PLACEMENT_3D('',#10887,#10888,#10889);
#10891=PLANE('',#10890);
#10892=ORIENTED_EDGE('',*,*,#10882,.F.);
#10893=ORIENTED_EDGE('',*,*,#8219,.F.);
#10895=ORIENTED_EDGE('',*,*,#10894,.F.);
#10897=ORIENTED_EDGE('',*,*,#10896,.T.);
#10898=EDGE_LOOP('',(#10892,#10893,#10895,#10897));
#10899=FACE_OUTER_BOUND('',#10898,.F.);
#10900=ADVANCED_FACE('',(#10899),#10891,.F.);
#10901=CARTESIAN_POINT('',(1.096763713788E2,0.E0,-1.425E1));
#10902=DIRECTION('',(1.E0,0.E0,0.E0));
#10903=DIRECTION('',(0.E0,0.E0,1.E0));
#10904=AXIS2_PLACEMENT_3D('',#10901,#10902,#10903);
#10905=PLANE('',#10904);
#10907=ORIENTED_EDGE('',*,*,#10906,.T.);
#10909=ORIENTED_EDGE('',*,*,#10908,.T.);
#10911=ORIENTED_EDGE('',*,*,#10910,.T.);
#10912=ORIENTED_EDGE('',*,*,#10894,.T.);
#10913=ORIENTED_EDGE('',*,*,#8217,.T.);
#10914=EDGE_LOOP('',(#10907,#10909,#10911,#10912,#10913));
#10915=FACE_OUTER_BOUND('',#10914,.F.);
#10916=ADVANCED_FACE('',(#10915),#10905,.T.);
#10917=CARTESIAN_POINT('',(1.096763713788E2,1.198809020787E2,
-1.385929291126E1));
#10918=DIRECTION('',(-4.472135955E-1,6.324555320337E-1,6.324555320337E-1));
#10919=DIRECTION('',(-8.944271909999E-1,-3.162277660169E-1,-3.162277660169E-1));
#10920=AXIS2_PLACEMENT_3D('',#10917,#10918,#10919);
#10921=PLANE('',#10920);
#10922=ORIENTED_EDGE('',*,*,#8215,.F.);
#10924=ORIENTED_EDGE('',*,*,#10923,.T.);
#10925=ORIENTED_EDGE('',*,*,#10906,.F.);
#10926=EDGE_LOOP('',(#10922,#10924,#10925));
#10927=FACE_OUTER_BOUND('',#10926,.F.);
#10928=ADVANCED_FACE('',(#10927),#10921,.F.);
#10929=CARTESIAN_POINT('',(1.096763713788E2,1.227183787580E2,
-5.930647407361E0));
#10930=DIRECTION('',(-4.472135955E-1,6.324555320337E-1,-6.324555320337E-1));
#10931=DIRECTION('',(-8.944271909999E-1,-3.162277660169E-1,3.162277660169E-1));
#10932=AXIS2_PLACEMENT_3D('',#10929,#10930,#10931);
#10933=PLANE('',#10932);
#10934=ORIENTED_EDGE('',*,*,#10923,.F.);
#10935=ORIENTED_EDGE('',*,*,#8213,.F.);
#10937=ORIENTED_EDGE('',*,*,#10936,.T.);
#10939=ORIENTED_EDGE('',*,*,#10938,.T.);
#10940=ORIENTED_EDGE('',*,*,#10908,.F.);
#10941=EDGE_LOOP('',(#10934,#10935,#10937,#10939,#10940));
#10942=FACE_OUTER_BOUND('',#10941,.F.);
#10943=ADVANCED_FACE('',(#10942),#10933,.F.);
#10944=CARTESIAN_POINT('',(1.088763713788E2,1.224355360456E2,
-5.647804694886E0));
#10945=DIRECTION('',(-4.472135955E-1,-6.324555320337E-1,6.324555320337E-1));
#10946=DIRECTION('',(8.944271909999E-1,-3.162277660169E-1,3.162277660169E-1));
#10947=AXIS2_PLACEMENT_3D('',#10944,#10945,#10946);
#10948=PLANE('',#10947);
#10950=ORIENTED_EDGE('',*,*,#10949,.F.);
#10952=ORIENTED_EDGE('',*,*,#10951,.F.);
#10954=ORIENTED_EDGE('',*,*,#10953,.T.);
#10955=ORIENTED_EDGE('',*,*,#10936,.F.);
#10956=ORIENTED_EDGE('',*,*,#8211,.F.);
#10957=EDGE_LOOP('',(#10950,#10952,#10954,#10955,#10956));
#10958=FACE_OUTER_BOUND('',#10957,.F.);
#10959=ADVANCED_FACE('',(#10958),#10948,.F.);
#10960=CARTESIAN_POINT('',(1.096763713788E2,1.170524749539E2,
-1.103086578651E1));
#10961=DIRECTION('',(-4.472135955E-1,6.324555320337E-1,6.324555320337E-1));
#10962=DIRECTION('',(-8.944271909999E-1,-3.162277660169E-1,-3.162277660169E-1));
#10963=AXIS2_PLACEMENT_3D('',#10960,#10961,#10962);
#10964=PLANE('',#10963);
#10965=ORIENTED_EDGE('',*,*,#8209,.F.);
#10967=ORIENTED_EDGE('',*,*,#10966,.F.);
#10969=ORIENTED_EDGE('',*,*,#10968,.T.);
#10971=ORIENTED_EDGE('',*,*,#10970,.F.);
#10972=ORIENTED_EDGE('',*,*,#10949,.T.);
#10973=EDGE_LOOP('',(#10965,#10967,#10969,#10971,#10972));
#10974=FACE_OUTER_BOUND('',#10973,.F.);
#10975=ADVANCED_FACE('',(#10974),#10964,.F.);
#10976=CARTESIAN_POINT('',(1.088763713788E2,1.167696322415E2,
-1.131370849898E1));
#10977=DIRECTION('',(-4.472135955E-1,-6.324555320337E-1,-6.324555320337E-1));
#10978=DIRECTION('',(8.944271909999E-1,-3.162277660169E-1,-3.162277660169E-1));
#10979=AXIS2_PLACEMENT_3D('',#10976,#10977,#10978);
#10980=PLANE('',#10979);
#10981=ORIENTED_EDGE('',*,*,#8207,.F.);
#10983=ORIENTED_EDGE('',*,*,#10982,.F.);
#10985=ORIENTED_EDGE('',*,*,#10984,.F.);
#10986=ORIENTED_EDGE('',*,*,#10966,.T.);
#10987=EDGE_LOOP('',(#10981,#10983,#10985,#10986));
#10988=FACE_OUTER_BOUND('',#10987,.F.);
#10989=ADVANCED_FACE('',(#10988),#10980,.F.);
#10990=CARTESIAN_POINT('',(1.096763713788E2,0.E0,-1.425E1));
#10991=DIRECTION('',(1.E0,0.E0,0.E0));
#10992=DIRECTION('',(0.E0,0.E0,1.E0));
#10993=AXIS2_PLACEMENT_3D('',#10990,#10991,#10992);
#10994=PLANE('',#10993);
#10995=ORIENTED_EDGE('',*,*,#10982,.T.);
#10996=ORIENTED_EDGE('',*,*,#8205,.T.);
#10998=ORIENTED_EDGE('',*,*,#10997,.T.);
#10999=EDGE_LOOP('',(#10995,#10996,#10998));
#11000=FACE_OUTER_BOUND('',#10999,.F.);
#11001=ADVANCED_FACE('',(#11000),#10994,.T.);
#11002=CARTESIAN_POINT('',(1.096763713788E2,1.227183787580E2,
-2.737931578687E-1));
#11003=DIRECTION('',(-4.472135955E-1,6.324555320337E-1,-6.324555320337E-1));
#11004=DIRECTION('',(-8.944271909999E-1,-3.162277660169E-1,3.162277660169E-1));
#11005=AXIS2_PLACEMENT_3D('',#11002,#11003,#11004);
#11006=PLANE('',#11005);
#11007=ORIENTED_EDGE('',*,*,#10984,.T.);
#11008=ORIENTED_EDGE('',*,*,#10997,.F.);
#11009=ORIENTED_EDGE('',*,*,#8203,.F.);
#11011=ORIENTED_EDGE('',*,*,#11010,.T.);
#11012=EDGE_LOOP('',(#11007,#11008,#11009,#11011));
#11013=FACE_OUTER_BOUND('',#11012,.F.);
#11014=ADVANCED_FACE('',(#11013),#11006,.F.);
#11015=CARTESIAN_POINT('',(1.088763713788E2,1.224355360456E2,
9.049554605937E-3));
#11016=DIRECTION('',(-4.472135955E-1,-6.324555320337E-1,6.324555320337E-1));
#11017=DIRECTION('',(8.944271909999E-1,-3.162277660169E-1,3.162277660169E-1));
#11018=AXIS2_PLACEMENT_3D('',#11015,#11016,#11017);
#11019=PLANE('',#11018);
#11020=ORIENTED_EDGE('',*,*,#8201,.F.);
#11022=ORIENTED_EDGE('',*,*,#11021,.F.);
#11024=ORIENTED_EDGE('',*,*,#11023,.F.);
#11026=ORIENTED_EDGE('',*,*,#11025,.T.);
#11027=ORIENTED_EDGE('',*,*,#11010,.F.);
#11028=EDGE_LOOP('',(#11020,#11022,#11024,#11026,#11027));
#11029=FACE_OUTER_BOUND('',#11028,.F.);
#11030=ADVANCED_FACE('',(#11029),#11019,.F.);
#11031=CARTESIAN_POINT('',(1.096763713788E2,1.113956207045E2,
-1.103086578651E1));
#11032=DIRECTION('',(-4.472135955E-1,6.324555320337E-1,6.324555320337E-1));
#11033=DIRECTION('',(-8.944271909999E-1,-3.162277660169E-1,-3.162277660169E-1));
#11034=AXIS2_PLACEMENT_3D('',#11031,#11032,#11033);
#11035=PLANE('',#11034);
#11036=ORIENTED_EDGE('',*,*,#8199,.F.);
#11038=ORIENTED_EDGE('',*,*,#11037,.F.);
#11040=ORIENTED_EDGE('',*,*,#11039,.T.);
#11042=ORIENTED_EDGE('',*,*,#11041,.F.);
#11043=ORIENTED_EDGE('',*,*,#11021,.T.);
#11044=EDGE_LOOP('',(#11036,#11038,#11040,#11042,#11043));
#11045=FACE_OUTER_BOUND('',#11044,.F.);
#11046=ADVANCED_FACE('',(#11045),#11035,.F.);
#11047=CARTESIAN_POINT('',(1.088763713788E2,1.111127779920E2,
-1.131370849898E1));
#11048=DIRECTION('',(-4.472135955E-1,-6.324555320337E-1,-6.324555320337E-1));
#11049=DIRECTION('',(8.944271909999E-1,-3.162277660169E-1,-3.162277660169E-1));
#11050=AXIS2_PLACEMENT_3D('',#11047,#11048,#11049);
#11051=PLANE('',#11050);
#11052=ORIENTED_EDGE('',*,*,#8197,.F.);
#11054=ORIENTED_EDGE('',*,*,#11053,.F.);
#11056=ORIENTED_EDGE('',*,*,#11055,.F.);
#11057=ORIENTED_EDGE('',*,*,#11037,.T.);
#11058=EDGE_LOOP('',(#11052,#11054,#11056,#11057));
#11059=FACE_OUTER_BOUND('',#11058,.F.);
#11060=ADVANCED_FACE('',(#11059),#11051,.F.);
#11061=CARTESIAN_POINT('',(1.096763713788E2,0.E0,-1.425E1));
#11062=DIRECTION('',(1.E0,0.E0,0.E0));
#11063=DIRECTION('',(0.E0,0.E0,1.E0));
#11064=AXIS2_PLACEMENT_3D('',#11061,#11062,#11063);
#11065=PLANE('',#11064);
#11066=ORIENTED_EDGE('',*,*,#11053,.T.);
#11067=ORIENTED_EDGE('',*,*,#8195,.T.);
#11069=ORIENTED_EDGE('',*,*,#11068,.T.);
#11070=EDGE_LOOP('',(#11066,#11067,#11069));
#11071=FACE_OUTER_BOUND('',#11070,.F.);
#11072=ADVANCED_FACE('',(#11071),#11065,.T.);
#11073=CARTESIAN_POINT('',(1.096763713788E2,1.114046702591E2,
-5.930647407361E0));
#11074=DIRECTION('',(-4.472135955E-1,6.324555320337E-1,-6.324555320337E-1));
#11075=DIRECTION('',(-8.944271909999E-1,-3.162277660169E-1,3.162277660169E-1));
#11076=AXIS2_PLACEMENT_3D('',#11073,#11074,#11075);
#11077=PLANE('',#11076);
#11078=ORIENTED_EDGE('',*,*,#11055,.T.);
#11079=ORIENTED_EDGE('',*,*,#11068,.F.);
#11080=ORIENTED_EDGE('',*,*,#8193,.F.);
#11082=ORIENTED_EDGE('',*,*,#11081,.T.);
#11083=EDGE_LOOP('',(#11078,#11079,#11080,#11082));
#11084=FACE_OUTER_BOUND('',#11083,.F.);
#11085=ADVANCED_FACE('',(#11084),#11077,.F.);
#11086=CARTESIAN_POINT('',(1.088763713788E2,1.111218275466E2,
-5.647804694886E0));
#11087=DIRECTION('',(-4.472135955E-1,-6.324555320337E-1,6.324555320337E-1));
#11088=DIRECTION('',(8.944271909999E-1,-3.162277660169E-1,3.162277660169E-1));
#11089=AXIS2_PLACEMENT_3D('',#11086,#11087,#11088);
#11090=PLANE('',#11089);
#11091=ORIENTED_EDGE('',*,*,#11081,.F.);
#11092=ORIENTED_EDGE('',*,*,#8191,.F.);
#11094=ORIENTED_EDGE('',*,*,#11093,.F.);
#11096=ORIENTED_EDGE('',*,*,#11095,.T.);
#11097=EDGE_LOOP('',(#11091,#11092,#11094,#11096));
#11098=FACE_OUTER_BOUND('',#11097,.F.);
#11099=ADVANCED_FACE('',(#11098),#11090,.F.);
#11100=CARTESIAN_POINT('',(1.096763713788E2,0.E0,-1.425E1));
#11101=DIRECTION('',(1.E0,0.E0,0.E0));
#11102=DIRECTION('',(0.E0,0.E0,1.E0));
#11103=AXIS2_PLACEMENT_3D('',#11100,#11101,#11102);
#11104=PLANE('',#11103);
#11106=ORIENTED_EDGE('',*,*,#11105,.T.);
#11108=ORIENTED_EDGE('',*,*,#11107,.T.);
#11110=ORIENTED_EDGE('',*,*,#11109,.T.);
#11111=ORIENTED_EDGE('',*,*,#11093,.T.);
#11112=ORIENTED_EDGE('',*,*,#8189,.T.);
#11113=EDGE_LOOP('',(#11106,#11108,#11110,#11111,#11112));
#11114=FACE_OUTER_BOUND('',#11113,.F.);
#11115=ADVANCED_FACE('',(#11114),#11104,.T.);
#11116=CARTESIAN_POINT('',(1.096763713788E2,1.057387664550E2,
-1.103086578651E1));
#11117=DIRECTION('',(-4.472135955E-1,6.324555320337E-1,6.324555320337E-1));
#11118=DIRECTION('',(-8.944271909999E-1,-3.162277660169E-1,-3.162277660169E-1));
#11119=AXIS2_PLACEMENT_3D('',#11116,#11117,#11118);
#11120=PLANE('',#11119);
#11121=ORIENTED_EDGE('',*,*,#8187,.F.);
#11123=ORIENTED_EDGE('',*,*,#11122,.F.);
#11125=ORIENTED_EDGE('',*,*,#11124,.T.);
#11126=ORIENTED_EDGE('',*,*,#11105,.F.);
#11127=EDGE_LOOP('',(#11121,#11123,#11125,#11126));
#11128=FACE_OUTER_BOUND('',#11127,.F.);
#11129=ADVANCED_FACE('',(#11128),#11120,.F.);
#11130=CARTESIAN_POINT('',(1.088763713788E2,1.054559237425E2,
-1.131370849898E1));
#11131=DIRECTION('',(-4.472135955E-1,-6.324555320337E-1,-6.324555320337E-1));
#11132=DIRECTION('',(8.944271909999E-1,-3.162277660169E-1,-3.162277660169E-1));
#11133=AXIS2_PLACEMENT_3D('',#11130,#11131,#11132);
#11134=PLANE('',#11133);
#11135=ORIENTED_EDGE('',*,*,#8185,.F.);
#11137=ORIENTED_EDGE('',*,*,#11136,.F.);
#11139=ORIENTED_EDGE('',*,*,#11138,.F.);
#11140=ORIENTED_EDGE('',*,*,#11122,.T.);
#11141=EDGE_LOOP('',(#11135,#11137,#11139,#11140));
#11142=FACE_OUTER_BOUND('',#11141,.F.);
#11143=ADVANCED_FACE('',(#11142),#11134,.F.);
#11144=CARTESIAN_POINT('',(1.096763713788E2,0.E0,-1.425E1));
#11145=DIRECTION('',(1.E0,0.E0,0.E0));
#11146=DIRECTION('',(0.E0,0.E0,1.E0));
#11147=AXIS2_PLACEMENT_3D('',#11144,#11145,#11146);
#11148=PLANE('',#11147);
#11149=ORIENTED_EDGE('',*,*,#11136,.T.);
#11150=ORIENTED_EDGE('',*,*,#8183,.T.);
#11152=ORIENTED_EDGE('',*,*,#11151,.T.);
#11153=EDGE_LOOP('',(#11149,#11150,#11152));
#11154=FACE_OUTER_BOUND('',#11153,.F.);
#11155=ADVANCED_FACE('',(#11154),#11148,.T.);
#11156=CARTESIAN_POINT('',(1.096763713788E2,1.029193888848E2,
-8.759074532107E0));
#11157=DIRECTION('',(-4.472135955E-1,6.324555320337E-1,-6.324555320337E-1));
#11158=DIRECTION('',(-8.944271909999E-1,-3.162277660169E-1,3.162277660169E-1));
#11159=AXIS2_PLACEMENT_3D('',#11156,#11157,#11158);
#11160=PLANE('',#11159);
#11161=ORIENTED_EDGE('',*,*,#11138,.T.);
#11162=ORIENTED_EDGE('',*,*,#11151,.F.);
#11163=ORIENTED_EDGE('',*,*,#8181,.F.);
#11165=ORIENTED_EDGE('',*,*,#11164,.T.);
#11166=EDGE_LOOP('',(#11161,#11162,#11163,#11165));
#11167=FACE_OUTER_BOUND('',#11166,.F.);
#11168=ADVANCED_FACE('',(#11167),#11160,.F.);
#11169=CARTESIAN_POINT('',(1.088763713788E2,1.026365461723E2,
-8.476231819633E0));
#11170=DIRECTION('',(-4.472135955E-1,-6.324555320337E-1,6.324555320337E-1));
#11171=DIRECTION('',(8.944271909999E-1,-3.162277660169E-1,3.162277660169E-1));
#11172=AXIS2_PLACEMENT_3D('',#11169,#11170,#11171);
#11173=PLANE('',#11172);
#11174=ORIENTED_EDGE('',*,*,#11164,.F.);
#11175=ORIENTED_EDGE('',*,*,#8179,.F.);
#11177=ORIENTED_EDGE('',*,*,#11176,.F.);
#11179=ORIENTED_EDGE('',*,*,#11178,.T.);
#11180=EDGE_LOOP('',(#11174,#11175,#11177,#11179));
#11181=FACE_OUTER_BOUND('',#11180,.F.);
#11182=ADVANCED_FACE('',(#11181),#11173,.F.);
#11183=CARTESIAN_POINT('',(1.096763713788E2,0.E0,-1.425E1));
#11184=DIRECTION('',(1.E0,0.E0,0.E0));
#11185=DIRECTION('',(0.E0,0.E0,1.E0));
#11186=AXIS2_PLACEMENT_3D('',#11183,#11184,#11185);
#11187=PLANE('',#11186);
#11189=ORIENTED_EDGE('',*,*,#11188,.T.);
#11191=ORIENTED_EDGE('',*,*,#11190,.T.);
#11193=ORIENTED_EDGE('',*,*,#11192,.T.);
#11194=ORIENTED_EDGE('',*,*,#11176,.T.);
#11195=ORIENTED_EDGE('',*,*,#8177,.T.);
#11196=EDGE_LOOP('',(#11189,#11191,#11193,#11194,#11195));
#11197=FACE_OUTER_BOUND('',#11196,.F.);
#11198=ADVANCED_FACE('',(#11197),#11187,.T.);
#11199=CARTESIAN_POINT('',(1.096763713788E2,1.000819122055E2,
-1.103086578651E1));
#11200=DIRECTION('',(-4.472135955E-1,6.324555320337E-1,6.324555320337E-1));
#11201=DIRECTION('',(-8.944271909999E-1,-3.162277660169E-1,-3.162277660169E-1));
#11202=AXIS2_PLACEMENT_3D('',#11199,#11200,#11201);
#11203=PLANE('',#11202);
#11204=ORIENTED_EDGE('',*,*,#8175,.F.);
#11206=ORIENTED_EDGE('',*,*,#11205,.F.);
#11208=ORIENTED_EDGE('',*,*,#11207,.T.);
#11209=ORIENTED_EDGE('',*,*,#11188,.F.);
#11210=EDGE_LOOP('',(#11204,#11206,#11208,#11209));
#11211=FACE_OUTER_BOUND('',#11210,.F.);
#11212=ADVANCED_FACE('',(#11211),#11203,.F.);
#11213=CARTESIAN_POINT('',(1.088763713788E2,9.979906949299E1,
-1.131370849898E1));
#11214=DIRECTION('',(-4.472135955E-1,-6.324555320337E-1,-6.324555320337E-1));
#11215=DIRECTION('',(8.944271909999E-1,-3.162277660169E-1,-3.162277660169E-1));
#11216=AXIS2_PLACEMENT_3D('',#11213,#11214,#11215);
#11217=PLANE('',#11216);
#11218=ORIENTED_EDGE('',*,*,#8173,.F.);
#11220=ORIENTED_EDGE('',*,*,#11219,.F.);
#11222=ORIENTED_EDGE('',*,*,#11221,.F.);
#11223=ORIENTED_EDGE('',*,*,#11205,.T.);
#11224=EDGE_LOOP('',(#11218,#11220,#11222,#11223));
#11225=FACE_OUTER_BOUND('',#11224,.F.);
#11226=ADVANCED_FACE('',(#11225),#11217,.F.);
#11227=CARTESIAN_POINT('',(1.096763713788E2,0.E0,-1.425E1));
#11228=DIRECTION('',(1.E0,0.E0,0.E0));
#11229=DIRECTION('',(0.E0,0.E0,1.E0));
#11230=AXIS2_PLACEMENT_3D('',#11227,#11228,#11229);
#11231=PLANE('',#11230);
#11232=ORIENTED_EDGE('',*,*,#11219,.T.);
#11233=ORIENTED_EDGE('',*,*,#8171,.T.);
#11235=ORIENTED_EDGE('',*,*,#11234,.T.);
#11236=EDGE_LOOP('',(#11232,#11233,#11235));
#11237=FACE_OUTER_BOUND('',#11236,.F.);
#11238=ADVANCED_FACE('',(#11237),#11231,.T.);
#11239=CARTESIAN_POINT('',(1.096763713788E2,9.726253463533E1,
-8.759074532107E0));
#11240=DIRECTION('',(-4.472135955E-1,6.324555320337E-1,-6.324555320337E-1));
#11241=DIRECTION('',(-8.944271909999E-1,-3.162277660169E-1,3.162277660169E-1));
#11242=AXIS2_PLACEMENT_3D('',#11239,#11240,#11241);
#11243=PLANE('',#11242);
#11244=ORIENTED_EDGE('',*,*,#11221,.T.);
#11245=ORIENTED_EDGE('',*,*,#11234,.F.);
#11246=ORIENTED_EDGE('',*,*,#8169,.F.);
#11248=ORIENTED_EDGE('',*,*,#11247,.T.);
#11249=EDGE_LOOP('',(#11244,#11245,#11246,#11248));
#11250=FACE_OUTER_BOUND('',#11249,.F.);
#11251=ADVANCED_FACE('',(#11250),#11243,.F.);
#11252=CARTESIAN_POINT('',(1.088763713788E2,9.697969192285E1,
-8.476231819633E0));
#11253=DIRECTION('',(-4.472135955E-1,-6.324555320337E-1,6.324555320337E-1));
#11254=DIRECTION('',(8.944271909999E-1,-3.162277660169E-1,3.162277660169E-1));
#11255=AXIS2_PLACEMENT_3D('',#11252,#11253,#11254);
#11256=PLANE('',#11255);
#11257=ORIENTED_EDGE('',*,*,#11247,.F.);
#11258=ORIENTED_EDGE('',*,*,#8167,.F.);
#11260=ORIENTED_EDGE('',*,*,#11259,.F.);
#11262=ORIENTED_EDGE('',*,*,#11261,.T.);
#11263=EDGE_LOOP('',(#11257,#11258,#11260,#11262));
#11264=FACE_OUTER_BOUND('',#11263,.F.);
#11265=ADVANCED_FACE('',(#11264),#11256,.F.);
#11266=CARTESIAN_POINT('',(1.096763713788E2,0.E0,-1.425E1));
#11267=DIRECTION('',(1.E0,0.E0,0.E0));
#11268=DIRECTION('',(0.E0,0.E0,1.E0));
#11269=AXIS2_PLACEMENT_3D('',#11266,#11267,#11268);
#11270=PLANE('',#11269);
#11272=ORIENTED_EDGE('',*,*,#11271,.T.);
#11274=ORIENTED_EDGE('',*,*,#11273,.T.);
#11276=ORIENTED_EDGE('',*,*,#11275,.T.);
#11277=ORIENTED_EDGE('',*,*,#11259,.T.);
#11278=ORIENTED_EDGE('',*,*,#8165,.T.);
#11279=EDGE_LOOP('',(#11272,#11274,#11276,#11277,#11278));
#11280=FACE_OUTER_BOUND('',#11279,.F.);
#11281=ADVANCED_FACE('',(#11280),#11270,.T.);
#11282=CARTESIAN_POINT('',(1.096763713788E2,9.442505795598E1,
-1.103086578651E1));
#11283=DIRECTION('',(-4.472135955E-1,6.324555320337E-1,6.324555320337E-1));
#11284=DIRECTION('',(-8.944271909999E-1,-3.162277660169E-1,-3.162277660169E-1));
#11285=AXIS2_PLACEMENT_3D('',#11282,#11283,#11284);
#11286=PLANE('',#11285);
#11287=ORIENTED_EDGE('',*,*,#8163,.F.);
#11289=ORIENTED_EDGE('',*,*,#11288,.F.);
#11291=ORIENTED_EDGE('',*,*,#11290,.T.);
#11292=ORIENTED_EDGE('',*,*,#11271,.F.);
#11293=EDGE_LOOP('',(#11287,#11289,#11291,#11292));
#11294=FACE_OUTER_BOUND('',#11293,.F.);
#11295=ADVANCED_FACE('',(#11294),#11286,.F.);
#11296=CARTESIAN_POINT('',(1.088763713788E2,9.414221524350E1,
-1.131370849898E1));
#11297=DIRECTION('',(-4.472135955E-1,-6.324555320337E-1,-6.324555320337E-1));
#11298=DIRECTION('',(8.944271909999E-1,-3.162277660169E-1,-3.162277660169E-1));
#11299=AXIS2_PLACEMENT_3D('',#11296,#11297,#11298);
#11300=PLANE('',#11299);
#11301=ORIENTED_EDGE('',*,*,#8161,.F.);
#11303=ORIENTED_EDGE('',*,*,#11302,.F.);
#11304=ORIENTED_EDGE('',*,*,#11288,.T.);
#11305=EDGE_LOOP('',(#11301,#11303,#11304));
#11306=FACE_OUTER_BOUND('',#11305,.F.);
#11307=ADVANCED_FACE('',(#11306),#11300,.F.);
#11308=CARTESIAN_POINT('',(1.096763713788E2,9.160568038584E1,
-8.759074532107E0));
#11309=DIRECTION('',(-4.472135955E-1,6.324555320337E-1,-6.324555320337E-1));
#11310=DIRECTION('',(-8.944271909999E-1,-3.162277660169E-1,3.162277660169E-1));
#11311=AXIS2_PLACEMENT_3D('',#11308,#11309,#11310);
#11312=PLANE('',#11311);
#11313=ORIENTED_EDGE('',*,*,#11302,.T.);
#11314=ORIENTED_EDGE('',*,*,#8159,.F.);
#11316=ORIENTED_EDGE('',*,*,#11315,.T.);
#11317=EDGE_LOOP('',(#11313,#11314,#11316));
#11318=FACE_OUTER_BOUND('',#11317,.F.);
#11319=ADVANCED_FACE('',(#11318),#11312,.F.);
#11320=CARTESIAN_POINT('',(1.088763713788E2,9.132283767336E1,
-8.476231819633E0));
#11321=DIRECTION('',(-4.472135955E-1,-6.324555320337E-1,6.324555320337E-1));
#11322=DIRECTION('',(8.944271909999E-1,-3.162277660169E-1,3.162277660169E-1));
#11323=AXIS2_PLACEMENT_3D('',#11320,#11321,#11322);
#11324=PLANE('',#11323);
#11325=ORIENTED_EDGE('',*,*,#11315,.F.);
#11326=ORIENTED_EDGE('',*,*,#8157,.F.);
#11328=ORIENTED_EDGE('',*,*,#11327,.F.);
#11330=ORIENTED_EDGE('',*,*,#11329,.T.);
#11331=EDGE_LOOP('',(#11325,#11326,#11328,#11330));
#11332=FACE_OUTER_BOUND('',#11331,.F.);
#11333=ADVANCED_FACE('',(#11332),#11324,.F.);
#11334=CARTESIAN_POINT('',(1.096763713788E2,0.E0,-1.425E1));
#11335=DIRECTION('',(1.E0,0.E0,0.E0));
#11336=DIRECTION('',(0.E0,0.E0,1.E0));
#11337=AXIS2_PLACEMENT_3D('',#11334,#11335,#11336);
#11338=PLANE('',#11337);
#11340=ORIENTED_EDGE('',*,*,#11339,.T.);
#11342=ORIENTED_EDGE('',*,*,#11341,.T.);
#11344=ORIENTED_EDGE('',*,*,#11343,.T.);
#11345=ORIENTED_EDGE('',*,*,#11327,.T.);
#11346=ORIENTED_EDGE('',*,*,#8155,.T.);
#11347=EDGE_LOOP('',(#11340,#11342,#11344,#11345,#11346));
#11348=FACE_OUTER_BOUND('',#11347,.F.);
#11349=ADVANCED_FACE('',(#11348),#11338,.T.);
#11350=CARTESIAN_POINT('',(1.096763713788E2,8.876820370648E1,
-1.103086578651E1));
#11351=DIRECTION('',(-4.472135955E-1,6.324555320337E-1,6.324555320337E-1));
#11352=DIRECTION('',(-8.944271909999E-1,-3.162277660169E-1,-3.162277660169E-1));
#11353=AXIS2_PLACEMENT_3D('',#11350,#11351,#11352);
#11354=PLANE('',#11353);
#11355=ORIENTED_EDGE('',*,*,#8153,.F.);
#11357=ORIENTED_EDGE('',*,*,#11356,.F.);
#11359=ORIENTED_EDGE('',*,*,#11358,.T.);
#11360=ORIENTED_EDGE('',*,*,#11339,.F.);
#11361=EDGE_LOOP('',(#11355,#11357,#11359,#11360));
#11362=FACE_OUTER_BOUND('',#11361,.F.);
#11363=ADVANCED_FACE('',(#11362),#11354,.F.);
#11364=CARTESIAN_POINT('',(1.088763713788E2,8.848536099401E1,
-1.131370849898E1));
#11365=DIRECTION('',(-4.472135955E-1,-6.324555320337E-1,-6.324555320337E-1));
#11366=DIRECTION('',(8.944271909999E-1,-3.162277660169E-1,-3.162277660169E-1));
#11367=AXIS2_PLACEMENT_3D('',#11364,#11365,#11366);
#11368=PLANE('',#11367);
#11369=ORIENTED_EDGE('',*,*,#8151,.F.);
#11371=ORIENTED_EDGE('',*,*,#11370,.F.);
#11372=ORIENTED_EDGE('',*,*,#11356,.T.);
#11373=EDGE_LOOP('',(#11369,#11371,#11372));
#11374=FACE_OUTER_BOUND('',#11373,.F.);
#11375=ADVANCED_FACE('',(#11374),#11368,.F.);
#11376=CARTESIAN_POINT('',(1.096763713788E2,9.443410751058E1,
-2.737931578687E-1));
#11377=DIRECTION('',(-4.472135955E-1,6.324555320337E-1,-6.324555320337E-1));
#11378=DIRECTION('',(-8.944271909999E-1,-3.162277660169E-1,3.162277660169E-1));
#11379=AXIS2_PLACEMENT_3D('',#11376,#11377,#11378);
#11380=PLANE('',#11379);
#11381=ORIENTED_EDGE('',*,*,#11370,.T.);
#11382=ORIENTED_EDGE('',*,*,#8149,.F.);
#11384=ORIENTED_EDGE('',*,*,#11383,.T.);
#11385=EDGE_LOOP('',(#11381,#11382,#11384));
#11386=FACE_OUTER_BOUND('',#11385,.F.);
#11387=ADVANCED_FACE('',(#11386),#11380,.F.);
#11388=CARTESIAN_POINT('',(1.088763713788E2,9.415126479811E1,
9.049554605937E-3));
#11389=DIRECTION('',(-4.472135955E-1,-6.324555320337E-1,6.324555320337E-1));
#11390=DIRECTION('',(8.944271909999E-1,-3.162277660169E-1,3.162277660169E-1));
#11391=AXIS2_PLACEMENT_3D('',#11388,#11389,#11390);
#11392=PLANE('',#11391);
#11393=ORIENTED_EDGE('',*,*,#11383,.F.);
#11394=ORIENTED_EDGE('',*,*,#8147,.F.);
#11396=ORIENTED_EDGE('',*,*,#11395,.T.);
#11397=EDGE_LOOP('',(#11393,#11394,#11396));
#11398=FACE_OUTER_BOUND('',#11397,.F.);
#11399=ADVANCED_FACE('',(#11398),#11392,.F.);
#11400=CARTESIAN_POINT('',(1.088763713788E2,8.565693386926E1,
-8.485281374239E0));
#11401=DIRECTION('',(-4.472135955E-1,-6.324555320337E-1,-6.324555320337E-1));
#11402=DIRECTION('',(8.944271909999E-1,-3.162277660169E-1,-3.162277660169E-1));
#11403=AXIS2_PLACEMENT_3D('',#11400,#11401,#11402);
#11404=PLANE('',#11403);
#11406=ORIENTED_EDGE('',*,*,#11405,.F.);
#11408=ORIENTED_EDGE('',*,*,#11407,.F.);
#11410=ORIENTED_EDGE('',*,*,#11409,.T.);
#11411=ORIENTED_EDGE('',*,*,#11395,.F.);
#11412=ORIENTED_EDGE('',*,*,#8145,.F.);
#11413=EDGE_LOOP('',(#11406,#11408,#11410,#11411,#11412));
#11414=FACE_OUTER_BOUND('',#11413,.F.);
#11415=ADVANCED_FACE('',(#11414),#11404,.F.);
#11416=CARTESIAN_POINT('',(1.096763713788E2,0.E0,-1.425E1));
#11417=DIRECTION('',(1.E0,0.E0,0.E0));
#11418=DIRECTION('',(0.E0,0.E0,1.E0));
#11419=AXIS2_PLACEMENT_3D('',#11416,#11417,#11418);
#11420=PLANE('',#11419);
#11421=ORIENTED_EDGE('',*,*,#11405,.T.);
#11422=ORIENTED_EDGE('',*,*,#8143,.T.);
#11424=ORIENTED_EDGE('',*,*,#11423,.T.);
#11425=EDGE_LOOP('',(#11421,#11422,#11424));
#11426=FACE_OUTER_BOUND('',#11425,.F.);
#11427=ADVANCED_FACE('',(#11426),#11420,.T.);
#11428=CARTESIAN_POINT('',(1.096763713788E2,8.594882613634E1,
-3.102220282615E0));
#11429=DIRECTION('',(-4.472135955E-1,6.324555320337E-1,-6.324555320337E-1));
#11430=DIRECTION('',(-8.944271909999E-1,-3.162277660169E-1,3.162277660169E-1));
#11431=AXIS2_PLACEMENT_3D('',#11428,#11429,#11430);
#11432=PLANE('',#11431);
#11433=ORIENTED_EDGE('',*,*,#11407,.T.);
#11434=ORIENTED_EDGE('',*,*,#11423,.F.);
#11435=ORIENTED_EDGE('',*,*,#8141,.F.);
#11437=ORIENTED_EDGE('',*,*,#11436,.T.);
#11438=EDGE_LOOP('',(#11433,#11434,#11435,#11437));
#11439=FACE_OUTER_BOUND('',#11438,.F.);
#11440=ADVANCED_FACE('',(#11439),#11432,.F.);
#11441=CARTESIAN_POINT('',(1.088763713788E2,8.566598342387E1,
-2.819377570140E0));
#11442=DIRECTION('',(-4.472135955E-1,-6.324555320337E-1,6.324555320337E-1));
#11443=DIRECTION('',(8.944271909999E-1,-3.162277660169E-1,3.162277660169E-1));
#11444=AXIS2_PLACEMENT_3D('',#11441,#11442,#11443);
#11445=PLANE('',#11444);
#11446=ORIENTED_EDGE('',*,*,#8508,.F.);
#11448=ORIENTED_EDGE('',*,*,#11447,.F.);
#11450=ORIENTED_EDGE('',*,*,#11449,.T.);
#11451=ORIENTED_EDGE('',*,*,#11436,.F.);
#11452=ORIENTED_EDGE('',*,*,#8139,.F.);
#11453=EDGE_LOOP('',(#11446,#11448,#11450,#11451,#11452));
#11454=FACE_OUTER_BOUND('',#11453,.F.);
#11455=ADVANCED_FACE('',(#11454),#11445,.F.);
#11456=CARTESIAN_POINT('',(1.096763713788E2,0.E0,-1.425E1));
#11457=DIRECTION('',(1.E0,0.E0,0.E0));
#11458=DIRECTION('',(0.E0,0.E0,1.E0));
#11459=AXIS2_PLACEMENT_3D('',#11456,#11457,#11458);
#11460=PLANE('',#11459);
#11461=ORIENTED_EDGE('',*,*,#8506,.T.);
#11463=ORIENTED_EDGE('',*,*,#11462,.T.);
#11465=ORIENTED_EDGE('',*,*,#11464,.T.);
#11466=ORIENTED_EDGE('',*,*,#11447,.T.);
#11467=EDGE_LOOP('',(#11461,#11463,#11465,#11466));
#11468=FACE_OUTER_BOUND('',#11467,.F.);
#11469=ADVANCED_FACE('',(#11468),#11460,.T.);
#11470=CARTESIAN_POINT('',(1.096763713788E2,8.029197188685E1,
-3.102220282615E0));
#11471=DIRECTION('',(-4.472135955E-1,6.324555320337E-1,-6.324555320337E-1));
#11472=DIRECTION('',(-8.944271909999E-1,-3.162277660169E-1,3.162277660169E-1));
#11473=AXIS2_PLACEMENT_3D('',#11470,#11471,#11472);
#11474=PLANE('',#11473);
#11475=ORIENTED_EDGE('',*,*,#8504,.F.);
#11477=ORIENTED_EDGE('',*,*,#11476,.T.);
#11479=ORIENTED_EDGE('',*,*,#11478,.T.);
#11480=ORIENTED_EDGE('',*,*,#11462,.F.);
#11481=EDGE_LOOP('',(#11475,#11477,#11479,#11480));
#11482=FACE_OUTER_BOUND('',#11481,.F.);
#11483=ADVANCED_FACE('',(#11482),#11474,.F.);
#11484=CARTESIAN_POINT('',(1.088763713788E2,8.000912917438E1,
-2.819377570140E0));
#11485=DIRECTION('',(-4.472135955E-1,-6.324555320337E-1,6.324555320337E-1));
#11486=DIRECTION('',(8.944271909999E-1,-3.162277660169E-1,3.162277660169E-1));
#11487=AXIS2_PLACEMENT_3D('',#11484,#11485,#11486);
#11488=PLANE('',#11487);
#11490=ORIENTED_EDGE('',*,*,#11489,.F.);
#11492=ORIENTED_EDGE('',*,*,#11491,.F.);
#11494=ORIENTED_EDGE('',*,*,#11493,.T.);
#11495=ORIENTED_EDGE('',*,*,#11476,.F.);
#11496=EDGE_LOOP('',(#11490,#11492,#11494,#11495));
#11497=FACE_OUTER_BOUND('',#11496,.F.);
#11498=ADVANCED_FACE('',(#11497),#11488,.F.);
#11499=CARTESIAN_POINT('',(1.096763713788E2,8.593977658174E1,
-1.385929291126E1));
#11500=DIRECTION('',(-4.472135955E-1,6.324555320337E-1,6.324555320337E-1));
#11501=DIRECTION('',(-8.944271909999E-1,-3.162277660169E-1,-3.162277660169E-1));
#11502=AXIS2_PLACEMENT_3D('',#11499,#11500,#11501);
#11503=PLANE('',#11502);
#11505=ORIENTED_EDGE('',*,*,#11504,.F.);
#11506=ORIENTED_EDGE('',*,*,#11489,.T.);
#11507=ORIENTED_EDGE('',*,*,#8575,.F.);
#11509=ORIENTED_EDGE('',*,*,#11508,.T.);
#11510=EDGE_LOOP('',(#11505,#11506,#11507,#11509));
#11511=FACE_OUTER_BOUND('',#11510,.F.);
#11512=ADVANCED_FACE('',(#11511),#11503,.F.);
#11513=CARTESIAN_POINT('',(1.096763713788E2,0.E0,-1.425E1));
#11514=DIRECTION('',(1.E0,0.E0,0.E0));
#11515=DIRECTION('',(0.E0,0.E0,1.E0));
#11516=AXIS2_PLACEMENT_3D('',#11513,#11514,#11515);
#11517=PLANE('',#11516);
#11518=ORIENTED_EDGE('',*,*,#11504,.T.);
#11520=ORIENTED_EDGE('',*,*,#11519,.T.);
#11522=ORIENTED_EDGE('',*,*,#11521,.T.);
#11523=ORIENTED_EDGE('',*,*,#11491,.T.);
#11524=EDGE_LOOP('',(#11518,#11520,#11522,#11523));
#11525=FACE_OUTER_BOUND('',#11524,.F.);
#11526=ADVANCED_FACE('',(#11525),#11517,.T.);
#11527=CARTESIAN_POINT('',(1.096763713788E2,7.463511763736E1,
-3.102220282615E0));
#11528=DIRECTION('',(-4.472135955E-1,6.324555320337E-1,-6.324555320337E-1));
#11529=DIRECTION('',(-8.944271909999E-1,-3.162277660169E-1,3.162277660169E-1));
#11530=AXIS2_PLACEMENT_3D('',#11527,#11528,#11529);
#11531=PLANE('',#11530);
#11532=ORIENTED_EDGE('',*,*,#11508,.F.);
#11534=ORIENTED_EDGE('',*,*,#11533,.T.);
#11536=ORIENTED_EDGE('',*,*,#11535,.T.);
#11537=ORIENTED_EDGE('',*,*,#11519,.F.);
#11538=EDGE_LOOP('',(#11532,#11534,#11536,#11537));
#11539=FACE_OUTER_BOUND('',#11538,.F.);
#11540=ADVANCED_FACE('',(#11539),#11531,.F.);
#11541=CARTESIAN_POINT('',(1.088763713788E2,7.435227492488E1,
-2.819377570140E0));
#11542=DIRECTION('',(-4.472135955E-1,-6.324555320337E-1,6.324555320337E-1));
#11543=DIRECTION('',(8.944271909999E-1,-3.162277660169E-1,3.162277660169E-1));
#11544=AXIS2_PLACEMENT_3D('',#11541,#11542,#11543);
#11545=PLANE('',#11544);
#11546=ORIENTED_EDGE('',*,*,#8700,.F.);
#11547=ORIENTED_EDGE('',*,*,#8715,.F.);
#11549=ORIENTED_EDGE('',*,*,#11548,.T.);
#11550=ORIENTED_EDGE('',*,*,#11533,.F.);
#11551=EDGE_LOOP('',(#11546,#11547,#11549,#11550));
#11552=FACE_OUTER_BOUND('',#11551,.F.);
#11553=ADVANCED_FACE('',(#11552),#11545,.F.);
#11554=CARTESIAN_POINT('',(1.088763713788E2,8.565693386926E1,
-8.485281374239E0));
#11555=DIRECTION('',(-4.472135955E-1,-6.324555320337E-1,-6.324555320337E-1));
#11556=DIRECTION('',(8.944271909999E-1,-3.162277660169E-1,-3.162277660169E-1));
#11557=AXIS2_PLACEMENT_3D('',#11554,#11555,#11556);
#11558=PLANE('',#11557);
#11559=ORIENTED_EDGE('',*,*,#8713,.F.);
#11560=ORIENTED_EDGE('',*,*,#8731,.F.);
#11562=ORIENTED_EDGE('',*,*,#11561,.T.);
#11563=ORIENTED_EDGE('',*,*,#11548,.F.);
#11564=EDGE_LOOP('',(#11559,#11560,#11562,#11563));
#11565=FACE_OUTER_BOUND('',#11564,.F.);
#11566=ADVANCED_FACE('',(#11565),#11558,.F.);
#11567=CARTESIAN_POINT('',(1.096763713788E2,8.593977658174E1,
-8.202438661764E0));
#11568=DIRECTION('',(-4.472135955E-1,6.324555320337E-1,6.324555320337E-1));
#11569=DIRECTION('',(-8.944271909999E-1,-3.162277660169E-1,-3.162277660169E-1));
#11570=AXIS2_PLACEMENT_3D('',#11567,#11568,#11569);
#11571=PLANE('',#11570);
#11573=ORIENTED_EDGE('',*,*,#11572,.F.);
#11575=ORIENTED_EDGE('',*,*,#11574,.T.);
#11576=ORIENTED_EDGE('',*,*,#11561,.F.);
#11578=ORIENTED_EDGE('',*,*,#11577,.T.);
#11579=EDGE_LOOP('',(#11573,#11575,#11576,#11578));
#11580=FACE_OUTER_BOUND('',#11579,.F.);
#11581=ADVANCED_FACE('',(#11580),#11571,.F.);
#11582=CARTESIAN_POINT('',(1.096763713788E2,0.E0,-1.425E1));
#11583=DIRECTION('',(1.E0,0.E0,0.E0));
#11584=DIRECTION('',(0.E0,0.E0,1.E0));
#11585=AXIS2_PLACEMENT_3D('',#11582,#11583,#11584);
#11586=PLANE('',#11585);
#11587=ORIENTED_EDGE('',*,*,#11572,.T.);
#11589=ORIENTED_EDGE('',*,*,#11588,.T.);
#11591=ORIENTED_EDGE('',*,*,#11590,.T.);
#11593=ORIENTED_EDGE('',*,*,#11592,.T.);
#11594=EDGE_LOOP('',(#11587,#11589,#11591,#11593));
#11595=FACE_OUTER_BOUND('',#11594,.F.);
#11596=ADVANCED_FACE('',(#11595),#11586,.T.);
#11597=CARTESIAN_POINT('',(1.096763713788E2,6.897826338787E1,
-3.102220282615E0));
#11598=DIRECTION('',(-4.472135955E-1,6.324555320337E-1,-6.324555320337E-1));
#11599=DIRECTION('',(-8.944271909999E-1,-3.162277660169E-1,3.162277660169E-1));
#11600=AXIS2_PLACEMENT_3D('',#11597,#11598,#11599);
#11601=PLANE('',#11600);
#11602=ORIENTED_EDGE('',*,*,#11577,.F.);
#11604=ORIENTED_EDGE('',*,*,#11603,.T.);
#11606=ORIENTED_EDGE('',*,*,#11605,.T.);
#11607=ORIENTED_EDGE('',*,*,#11588,.F.);
#11608=EDGE_LOOP('',(#11602,#11604,#11606,#11607));
#11609=FACE_OUTER_BOUND('',#11608,.F.);
#11610=ADVANCED_FACE('',(#11609),#11601,.F.);
#11611=CARTESIAN_POINT('',(1.088763713788E2,6.869542067539E1,
-2.819377570140E0));
#11612=DIRECTION('',(-4.472135955E-1,-6.324555320337E-1,6.324555320337E-1));
#11613=DIRECTION('',(8.944271909999E-1,-3.162277660169E-1,3.162277660169E-1));
#11614=AXIS2_PLACEMENT_3D('',#11611,#11612,#11613);
#11615=PLANE('',#11614);
#11616=ORIENTED_EDGE('',*,*,#8809,.F.);
#11617=ORIENTED_EDGE('',*,*,#8826,.F.);
#11619=ORIENTED_EDGE('',*,*,#11618,.T.);
#11620=ORIENTED_EDGE('',*,*,#11603,.F.);
#11621=EDGE_LOOP('',(#11616,#11617,#11619,#11620));
#11622=FACE_OUTER_BOUND('',#11621,.F.);
#11623=ADVANCED_FACE('',(#11622),#11615,.F.);
#11624=CARTESIAN_POINT('',(1.088763713788E2,8.565693386926E1,
-2.828427124746E0));
#11625=DIRECTION('',(-4.472135955E-1,-6.324555320337E-1,-6.324555320337E-1));
#11626=DIRECTION('',(8.944271909999E-1,-3.162277660169E-1,-3.162277660169E-1));
#11627=AXIS2_PLACEMENT_3D('',#11624,#11625,#11626);
#11628=PLANE('',#11627);
#11629=ORIENTED_EDGE('',*,*,#8838,.T.);
#11630=ORIENTED_EDGE('',*,*,#9203,.T.);
#11631=ORIENTED_EDGE('',*,*,#11618,.F.);
#11632=ORIENTED_EDGE('',*,*,#8824,.F.);
#11633=EDGE_LOOP('',(#11629,#11630,#11631,#11632));
#11634=FACE_OUTER_BOUND('',#11633,.F.);
#11635=ADVANCED_FACE('',(#11634),#11628,.F.);
#11636=CARTESIAN_POINT('',(1.088763713788E2,8.565693386926E1,
-2.828427124746E0));
#11637=DIRECTION('',(-4.472135955E-1,-6.324555320337E-1,-6.324555320337E-1));
#11638=DIRECTION('',(8.944271909999E-1,-3.162277660169E-1,-3.162277660169E-1));
#11639=AXIS2_PLACEMENT_3D('',#11636,#11637,#11638);
#11640=PLANE('',#11639);
#11641=ORIENTED_EDGE('',*,*,#11590,.F.);
#11642=ORIENTED_EDGE('',*,*,#11605,.F.);
#11643=ORIENTED_EDGE('',*,*,#9258,.T.);
#11645=ORIENTED_EDGE('',*,*,#11644,.F.);
#11646=EDGE_LOOP('',(#11641,#11642,#11643,#11645));
#11647=FACE_OUTER_BOUND('',#11646,.F.);
#11648=ADVANCED_FACE('',(#11647),#11640,.F.);
#11649=CARTESIAN_POINT('',(1.088763713788E2,7.435227492488E1,
-2.819377570140E0));
#11650=DIRECTION('',(-4.472135955E-1,-6.324555320337E-1,6.324555320337E-1));
#11651=DIRECTION('',(8.944271909999E-1,-3.162277660169E-1,3.162277660169E-1));
#11652=AXIS2_PLACEMENT_3D('',#11649,#11650,#11651);
#11653=PLANE('',#11652);
#11654=ORIENTED_EDGE('',*,*,#11574,.F.);
#11655=ORIENTED_EDGE('',*,*,#11592,.F.);
#11656=ORIENTED_EDGE('',*,*,#11644,.T.);
#11658=ORIENTED_EDGE('',*,*,#11657,.F.);
#11659=EDGE_LOOP('',(#11654,#11655,#11656,#11658));
#11660=FACE_OUTER_BOUND('',#11659,.F.);
#11661=ADVANCED_FACE('',(#11660),#11653,.F.);
#11662=CARTESIAN_POINT('',(1.096763713788E2,7.463511763736E1,
-3.102220282615E0));
#11663=DIRECTION('',(-4.472135955E-1,6.324555320337E-1,-6.324555320337E-1));
#11664=DIRECTION('',(-8.944271909999E-1,-3.162277660169E-1,3.162277660169E-1));
#11665=AXIS2_PLACEMENT_3D('',#11662,#11663,#11664);
#11666=PLANE('',#11665);
#11668=ORIENTED_EDGE('',*,*,#11667,.F.);
#11669=ORIENTED_EDGE('',*,*,#11657,.T.);
#11671=ORIENTED_EDGE('',*,*,#11670,.T.);
#11673=ORIENTED_EDGE('',*,*,#11672,.F.);
#11674=EDGE_LOOP('',(#11668,#11669,#11671,#11673));
#11675=FACE_OUTER_BOUND('',#11674,.F.);
#11676=ADVANCED_FACE('',(#11675),#11666,.F.);
#11677=CARTESIAN_POINT('',(1.096763713788E2,8.593977658174E1,
-8.202438661764E0));
#11678=DIRECTION('',(-4.472135955E-1,6.324555320337E-1,6.324555320337E-1));
#11679=DIRECTION('',(-8.944271909999E-1,-3.162277660169E-1,-3.162277660169E-1));
#11680=AXIS2_PLACEMENT_3D('',#11677,#11678,#11679);
#11681=PLANE('',#11680);
#11683=ORIENTED_EDGE('',*,*,#11682,.F.);
#11685=ORIENTED_EDGE('',*,*,#11684,.T.);
#11687=ORIENTED_EDGE('',*,*,#11686,.F.);
#11688=ORIENTED_EDGE('',*,*,#11667,.T.);
#11689=EDGE_LOOP('',(#11683,#11685,#11687,#11688));
#11690=FACE_OUTER_BOUND('',#11689,.F.);
#11691=ADVANCED_FACE('',(#11690),#11681,.F.);
#11692=CARTESIAN_POINT('',(1.096763713788E2,0.E0,-1.425E1));
#11693=DIRECTION('',(1.E0,0.E0,0.E0));
#11694=DIRECTION('',(0.E0,0.E0,1.E0));
#11695=AXIS2_PLACEMENT_3D('',#11692,#11693,#11694);
#11696=PLANE('',#11695);
#11697=ORIENTED_EDGE('',*,*,#11682,.T.);
#11698=ORIENTED_EDGE('',*,*,#11672,.T.);
#11700=ORIENTED_EDGE('',*,*,#11699,.T.);
#11702=ORIENTED_EDGE('',*,*,#11701,.T.);
#11703=EDGE_LOOP('',(#11697,#11698,#11700,#11702));
#11704=FACE_OUTER_BOUND('',#11703,.F.);
#11705=ADVANCED_FACE('',(#11704),#11696,.T.);
#11706=CARTESIAN_POINT('',(1.088763713788E2,8.565693386926E1,
-2.828427124746E0));
#11707=DIRECTION('',(-4.472135955E-1,-6.324555320337E-1,-6.324555320337E-1));
#11708=DIRECTION('',(8.944271909999E-1,-3.162277660169E-1,-3.162277660169E-1));
#11709=AXIS2_PLACEMENT_3D('',#11706,#11707,#11708);
#11710=PLANE('',#11709);
#11711=ORIENTED_EDGE('',*,*,#11699,.F.);
#11712=ORIENTED_EDGE('',*,*,#11670,.F.);
#11714=ORIENTED_EDGE('',*,*,#11713,.T.);
#11716=ORIENTED_EDGE('',*,*,#11715,.F.);
#11717=EDGE_LOOP('',(#11711,#11712,#11714,#11716));
#11718=FACE_OUTER_BOUND('',#11717,.F.);
#11719=ADVANCED_FACE('',(#11718),#11710,.F.);
#11720=CARTESIAN_POINT('',(1.096763713788E2,8.593977658174E1,
-2.545584412272E0));
#11721=DIRECTION('',(-4.472135955E-1,6.324555320337E-1,6.324555320337E-1));
#11722=DIRECTION('',(-8.944271909999E-1,-3.162277660169E-1,-3.162277660169E-1));
#11723=AXIS2_PLACEMENT_3D('',#11720,#11721,#11722);
#11724=PLANE('',#11723);
#11726=ORIENTED_EDGE('',*,*,#11725,.F.);
#11728=ORIENTED_EDGE('',*,*,#11727,.T.);
#11729=ORIENTED_EDGE('',*,*,#11713,.F.);
#11731=ORIENTED_EDGE('',*,*,#11730,.T.);
#11732=EDGE_LOOP('',(#11726,#11728,#11729,#11731));
#11733=FACE_OUTER_BOUND('',#11732,.F.);
#11734=ADVANCED_FACE('',(#11733),#11724,.F.);
#11735=CARTESIAN_POINT('',(1.096763713788E2,0.E0,-1.425E1));
#11736=DIRECTION('',(1.E0,0.E0,0.E0));
#11737=DIRECTION('',(0.E0,0.E0,1.E0));
#11738=AXIS2_PLACEMENT_3D('',#11735,#11736,#11737);
#11739=PLANE('',#11738);
#11740=ORIENTED_EDGE('',*,*,#11725,.T.);
#11742=ORIENTED_EDGE('',*,*,#11741,.T.);
#11744=ORIENTED_EDGE('',*,*,#11743,.T.);
#11746=ORIENTED_EDGE('',*,*,#11745,.T.);
#11747=EDGE_LOOP('',(#11740,#11742,#11744,#11746));
#11748=FACE_OUTER_BOUND('',#11747,.F.);
#11749=ADVANCED_FACE('',(#11748),#11739,.T.);
#11750=CARTESIAN_POINT('',(1.096763713788E2,7.463511763736E1,
-3.102220282615E0));
#11751=DIRECTION('',(-4.472135955E-1,6.324555320337E-1,-6.324555320337E-1));
#11752=DIRECTION('',(-8.944271909999E-1,-3.162277660169E-1,3.162277660169E-1));
#11753=AXIS2_PLACEMENT_3D('',#11750,#11751,#11752);
#11754=PLANE('',#11753);
#11755=ORIENTED_EDGE('',*,*,#11730,.F.);
#11757=ORIENTED_EDGE('',*,*,#11756,.T.);
#11759=ORIENTED_EDGE('',*,*,#11758,.T.);
#11760=ORIENTED_EDGE('',*,*,#11741,.F.);
#11761=EDGE_LOOP('',(#11755,#11757,#11759,#11760));
#11762=FACE_OUTER_BOUND('',#11761,.F.);
#11763=ADVANCED_FACE('',(#11762),#11754,.F.);
#11764=CARTESIAN_POINT('',(1.088763713788E2,7.435227492488E1,
-2.819377570140E0));
#11765=DIRECTION('',(-4.472135955E-1,-6.324555320337E-1,6.324555320337E-1));
#11766=DIRECTION('',(8.944271909999E-1,-3.162277660169E-1,3.162277660169E-1));
#11767=AXIS2_PLACEMENT_3D('',#11764,#11765,#11766);
#11768=PLANE('',#11767);
#11769=ORIENTED_EDGE('',*,*,#9256,.F.);
#11770=ORIENTED_EDGE('',*,*,#9273,.F.);
#11771=ORIENTED_EDGE('',*,*,#9286,.T.);
#11772=ORIENTED_EDGE('',*,*,#11756,.F.);
#11773=EDGE_LOOP('',(#11769,#11770,#11771,#11772));
#11774=FACE_OUTER_BOUND('',#11773,.F.);
#11775=ADVANCED_FACE('',(#11774),#11768,.F.);
#11776=CARTESIAN_POINT('',(1.088763713788E2,9.131378811876E1,
-2.828427124746E0));
#11777=DIRECTION('',(-4.472135955E-1,-6.324555320337E-1,-6.324555320337E-1));
#11778=DIRECTION('',(8.944271909999E-1,-3.162277660169E-1,-3.162277660169E-1));
#11779=AXIS2_PLACEMENT_3D('',#11776,#11777,#11778);
#11780=PLANE('',#11779);
#11781=ORIENTED_EDGE('',*,*,#11743,.F.);
#11782=ORIENTED_EDGE('',*,*,#11758,.F.);
#11784=ORIENTED_EDGE('',*,*,#11783,.T.);
#11786=ORIENTED_EDGE('',*,*,#11785,.F.);
#11787=EDGE_LOOP('',(#11781,#11782,#11784,#11786));
#11788=FACE_OUTER_BOUND('',#11787,.F.);
#11789=ADVANCED_FACE('',(#11788),#11780,.F.);
#11790=CARTESIAN_POINT('',(1.096763713788E2,9.159663083123E1,
-2.545584412272E0));
#11791=DIRECTION('',(-4.472135955E-1,6.324555320337E-1,6.324555320337E-1));
#11792=DIRECTION('',(-8.944271909999E-1,-3.162277660169E-1,-3.162277660169E-1));
#11793=AXIS2_PLACEMENT_3D('',#11790,#11791,#11792);
#11794=PLANE('',#11793);
#11796=ORIENTED_EDGE('',*,*,#11795,.F.);
#11798=ORIENTED_EDGE('',*,*,#11797,.T.);
#11799=ORIENTED_EDGE('',*,*,#11783,.F.);
#11801=ORIENTED_EDGE('',*,*,#11800,.T.);
#11802=EDGE_LOOP('',(#11796,#11798,#11799,#11801));
#11803=FACE_OUTER_BOUND('',#11802,.F.);
#11804=ADVANCED_FACE('',(#11803),#11794,.F.);
#11805=CARTESIAN_POINT('',(1.096763713788E2,0.E0,-1.425E1));
#11806=DIRECTION('',(1.E0,0.E0,0.E0));
#11807=DIRECTION('',(0.E0,0.E0,1.E0));
#11808=AXIS2_PLACEMENT_3D('',#11805,#11806,#11807);
#11809=PLANE('',#11808);
#11810=ORIENTED_EDGE('',*,*,#11795,.T.);
#11812=ORIENTED_EDGE('',*,*,#11811,.T.);
#11814=ORIENTED_EDGE('',*,*,#11813,.T.);
#11816=ORIENTED_EDGE('',*,*,#11815,.T.);
#11817=EDGE_LOOP('',(#11810,#11812,#11814,#11816));
#11818=FACE_OUTER_BOUND('',#11817,.F.);
#11819=ADVANCED_FACE('',(#11818),#11809,.T.);
#11820=CARTESIAN_POINT('',(1.096763713788E2,7.463511763736E1,
-3.102220282615E0));
#11821=DIRECTION('',(-4.472135955E-1,6.324555320337E-1,-6.324555320337E-1));
#11822=DIRECTION('',(-8.944271909999E-1,-3.162277660169E-1,3.162277660169E-1));
#11823=AXIS2_PLACEMENT_3D('',#11820,#11821,#11822);
#11824=PLANE('',#11823);
#11825=ORIENTED_EDGE('',*,*,#11800,.F.);
#11826=ORIENTED_EDGE('',*,*,#9329,.T.);
#11828=ORIENTED_EDGE('',*,*,#11827,.T.);
#11829=ORIENTED_EDGE('',*,*,#11811,.F.);
#11830=EDGE_LOOP('',(#11825,#11826,#11828,#11829));
#11831=FACE_OUTER_BOUND('',#11830,.F.);
#11832=ADVANCED_FACE('',(#11831),#11824,.F.);
#11833=CARTESIAN_POINT('',(1.088763713788E2,9.697064236825E1,
-2.828427124746E0));
#11834=DIRECTION('',(-4.472135955E-1,-6.324555320337E-1,-6.324555320337E-1));
#11835=DIRECTION('',(8.944271909999E-1,-3.162277660169E-1,-3.162277660169E-1));
#11836=AXIS2_PLACEMENT_3D('',#11833,#11834,#11835);
#11837=PLANE('',#11836);
#11838=ORIENTED_EDGE('',*,*,#11813,.F.);
#11839=ORIENTED_EDGE('',*,*,#11827,.F.);
#11840=ORIENTED_EDGE('',*,*,#9393,.T.);
#11842=ORIENTED_EDGE('',*,*,#11841,.F.);
#11843=EDGE_LOOP('',(#11838,#11839,#11840,#11842));
#11844=FACE_OUTER_BOUND('',#11843,.F.);
#11845=ADVANCED_FACE('',(#11844),#11837,.F.);
#11846=CARTESIAN_POINT('',(1.088763713788E2,8.000912917438E1,
-2.819377570140E0));
#11847=DIRECTION('',(-4.472135955E-1,-6.324555320337E-1,6.324555320337E-1));
#11848=DIRECTION('',(8.944271909999E-1,-3.162277660169E-1,3.162277660169E-1));
#11849=AXIS2_PLACEMENT_3D('',#11846,#11847,#11848);
#11850=PLANE('',#11849);
#11851=ORIENTED_EDGE('',*,*,#11797,.F.);
#11852=ORIENTED_EDGE('',*,*,#11815,.F.);
#11853=ORIENTED_EDGE('',*,*,#11841,.T.);
#11855=ORIENTED_EDGE('',*,*,#11854,.F.);
#11856=EDGE_LOOP('',(#11851,#11852,#11853,#11855));
#11857=FACE_OUTER_BOUND('',#11856,.F.);
#11858=ADVANCED_FACE('',(#11857),#11850,.F.);
#11859=CARTESIAN_POINT('',(1.096763713788E2,8.029197188685E1,
-3.102220282615E0));
#11860=DIRECTION('',(-4.472135955E-1,6.324555320337E-1,-6.324555320337E-1));
#11861=DIRECTION('',(-8.944271909999E-1,-3.162277660169E-1,3.162277660169E-1));
#11862=AXIS2_PLACEMENT_3D('',#11859,#11860,#11861);
#11863=PLANE('',#11862);
#11865=ORIENTED_EDGE('',*,*,#11864,.F.);
#11866=ORIENTED_EDGE('',*,*,#11854,.T.);
#11868=ORIENTED_EDGE('',*,*,#11867,.T.);
#11870=ORIENTED_EDGE('',*,*,#11869,.F.);
#11871=EDGE_LOOP('',(#11865,#11866,#11868,#11870));
#11872=FACE_OUTER_BOUND('',#11871,.F.);
#11873=ADVANCED_FACE('',(#11872),#11863,.F.);
#11874=CARTESIAN_POINT('',(1.096763713788E2,9.159663083123E1,
-2.545584412272E0));
#11875=DIRECTION('',(-4.472135955E-1,6.324555320337E-1,6.324555320337E-1));
#11876=DIRECTION('',(-8.944271909999E-1,-3.162277660169E-1,-3.162277660169E-1));
#11877=AXIS2_PLACEMENT_3D('',#11874,#11875,#11876);
#11878=PLANE('',#11877);
#11880=ORIENTED_EDGE('',*,*,#11879,.F.);
#11882=ORIENTED_EDGE('',*,*,#11881,.T.);
#11884=ORIENTED_EDGE('',*,*,#11883,.F.);
#11885=ORIENTED_EDGE('',*,*,#11864,.T.);
#11886=EDGE_LOOP('',(#11880,#11882,#11884,#11885));
#11887=FACE_OUTER_BOUND('',#11886,.F.);
#11888=ADVANCED_FACE('',(#11887),#11878,.F.);
#11889=CARTESIAN_POINT('',(1.096763713788E2,0.E0,-1.425E1));
#11890=DIRECTION('',(1.E0,0.E0,0.E0));
#11891=DIRECTION('',(0.E0,0.E0,1.E0));
#11892=AXIS2_PLACEMENT_3D('',#11889,#11890,#11891);
#11893=PLANE('',#11892);
#11894=ORIENTED_EDGE('',*,*,#11879,.T.);
#11895=ORIENTED_EDGE('',*,*,#11869,.T.);
#11897=ORIENTED_EDGE('',*,*,#11896,.T.);
#11899=ORIENTED_EDGE('',*,*,#11898,.T.);
#11900=EDGE_LOOP('',(#11894,#11895,#11897,#11899));
#11901=FACE_OUTER_BOUND('',#11900,.F.);
#11902=ADVANCED_FACE('',(#11901),#11893,.T.);
#11903=CARTESIAN_POINT('',(1.088763713788E2,9.697064236825E1,
-2.828427124746E0));
#11904=DIRECTION('',(-4.472135955E-1,-6.324555320337E-1,-6.324555320337E-1));
#11905=DIRECTION('',(8.944271909999E-1,-3.162277660169E-1,-3.162277660169E-1));
#11906=AXIS2_PLACEMENT_3D('',#11903,#11904,#11905);
#11907=PLANE('',#11906);
#11908=ORIENTED_EDGE('',*,*,#11896,.F.);
#11909=ORIENTED_EDGE('',*,*,#11867,.F.);
#11911=ORIENTED_EDGE('',*,*,#11910,.T.);
#11913=ORIENTED_EDGE('',*,*,#11912,.F.);
#11914=EDGE_LOOP('',(#11908,#11909,#11911,#11913));
#11915=FACE_OUTER_BOUND('',#11914,.F.);
#11916=ADVANCED_FACE('',(#11915),#11907,.F.);
#11917=CARTESIAN_POINT('',(1.096763713788E2,9.725348508072E1,
-2.545584412272E0));
#11918=DIRECTION('',(-4.472135955E-1,6.324555320337E-1,6.324555320337E-1));
#11919=DIRECTION('',(-8.944271909999E-1,-3.162277660169E-1,-3.162277660169E-1));
#11920=AXIS2_PLACEMENT_3D('',#11917,#11918,#11919);
#11921=PLANE('',#11920);
#11923=ORIENTED_EDGE('',*,*,#11922,.F.);
#11925=ORIENTED_EDGE('',*,*,#11924,.T.);
#11926=ORIENTED_EDGE('',*,*,#11910,.F.);
#11928=ORIENTED_EDGE('',*,*,#11927,.T.);
#11929=EDGE_LOOP('',(#11923,#11925,#11926,#11928));
#11930=FACE_OUTER_BOUND('',#11929,.F.);
#11931=ADVANCED_FACE('',(#11930),#11921,.F.);
#11932=CARTESIAN_POINT('',(1.096763713788E2,0.E0,-1.425E1));
#11933=DIRECTION('',(1.E0,0.E0,0.E0));
#11934=DIRECTION('',(0.E0,0.E0,1.E0));
#11935=AXIS2_PLACEMENT_3D('',#11932,#11933,#11934);
#11936=PLANE('',#11935);
#11937=ORIENTED_EDGE('',*,*,#11922,.T.);
#11939=ORIENTED_EDGE('',*,*,#11938,.T.);
#11941=ORIENTED_EDGE('',*,*,#11940,.T.);
#11943=ORIENTED_EDGE('',*,*,#11942,.T.);
#11944=EDGE_LOOP('',(#11937,#11939,#11941,#11943));
#11945=FACE_OUTER_BOUND('',#11944,.F.);
#11946=ADVANCED_FACE('',(#11945),#11936,.T.);
#11947=CARTESIAN_POINT('',(1.096763713788E2,8.029197188685E1,
-3.102220282615E0));
#11948=DIRECTION('',(-4.472135955E-1,6.324555320337E-1,-6.324555320337E-1));
#11949=DIRECTION('',(-8.944271909999E-1,-3.162277660169E-1,3.162277660169E-1));
#11950=AXIS2_PLACEMENT_3D('',#11947,#11948,#11949);
#11951=PLANE('',#11950);
#11952=ORIENTED_EDGE('',*,*,#11927,.F.);
#11954=ORIENTED_EDGE('',*,*,#11953,.T.);
#11956=ORIENTED_EDGE('',*,*,#11955,.T.);
#11957=ORIENTED_EDGE('',*,*,#11938,.F.);
#11958=EDGE_LOOP('',(#11952,#11954,#11956,#11957));
#11959=FACE_OUTER_BOUND('',#11958,.F.);
#11960=ADVANCED_FACE('',(#11959),#11951,.F.);
#11961=CARTESIAN_POINT('',(1.088763713788E2,8.000912917438E1,
-2.819377570140E0));
#11962=DIRECTION('',(-4.472135955E-1,-6.324555320337E-1,6.324555320337E-1));
#11963=DIRECTION('',(8.944271909999E-1,-3.162277660169E-1,3.162277660169E-1));
#11964=AXIS2_PLACEMENT_3D('',#11961,#11962,#11963);
#11965=PLANE('',#11964);
#11966=ORIENTED_EDGE('',*,*,#9391,.F.);
#11967=ORIENTED_EDGE('',*,*,#9409,.F.);
#11968=ORIENTED_EDGE('',*,*,#9422,.T.);
#11969=ORIENTED_EDGE('',*,*,#11953,.F.);
#11970=EDGE_LOOP('',(#11966,#11967,#11968,#11969));
#11971=FACE_OUTER_BOUND('',#11970,.F.);
#11972=ADVANCED_FACE('',(#11971),#11965,.F.);
#11973=CARTESIAN_POINT('',(1.088763713788E2,1.026274966177E2,
-2.828427124746E0));
#11974=DIRECTION('',(-4.472135955E-1,-6.324555320337E-1,-6.324555320337E-1));
#11975=DIRECTION('',(8.944271909999E-1,-3.162277660169E-1,-3.162277660169E-1));
#11976=AXIS2_PLACEMENT_3D('',#11973,#11974,#11975);
#11977=PLANE('',#11976);
#11978=ORIENTED_EDGE('',*,*,#11940,.F.);
#11979=ORIENTED_EDGE('',*,*,#11955,.F.);
#11980=ORIENTED_EDGE('',*,*,#9475,.T.);
#11982=ORIENTED_EDGE('',*,*,#11981,.F.);
#11983=EDGE_LOOP('',(#11978,#11979,#11980,#11982));
#11984=FACE_OUTER_BOUND('',#11983,.F.);
#11985=ADVANCED_FACE('',(#11984),#11977,.F.);
#11986=CARTESIAN_POINT('',(1.088763713788E2,8.566598342387E1,
-2.819377570140E0));
#11987=DIRECTION('',(-4.472135955E-1,-6.324555320337E-1,6.324555320337E-1));
#11988=DIRECTION('',(8.944271909999E-1,-3.162277660169E-1,3.162277660169E-1));
#11989=AXIS2_PLACEMENT_3D('',#11986,#11987,#11988);
#11990=PLANE('',#11989);
#11991=ORIENTED_EDGE('',*,*,#11924,.F.);
#11992=ORIENTED_EDGE('',*,*,#11942,.F.);
#11993=ORIENTED_EDGE('',*,*,#11981,.T.);
#11995=ORIENTED_EDGE('',*,*,#11994,.F.);
#11996=EDGE_LOOP('',(#11991,#11992,#11993,#11995));
#11997=FACE_OUTER_BOUND('',#11996,.F.);
#11998=ADVANCED_FACE('',(#11997),#11990,.F.);
#11999=CARTESIAN_POINT('',(1.096763713788E2,8.594882613634E1,
-3.102220282615E0));
#12000=DIRECTION('',(-4.472135955E-1,6.324555320337E-1,-6.324555320337E-1));
#12001=DIRECTION('',(-8.944271909999E-1,-3.162277660169E-1,3.162277660169E-1));
#12002=AXIS2_PLACEMENT_3D('',#11999,#12000,#12001);
#12003=PLANE('',#12002);
#12005=ORIENTED_EDGE('',*,*,#12004,.F.);
#12006=ORIENTED_EDGE('',*,*,#11994,.T.);
#12008=ORIENTED_EDGE('',*,*,#12007,.T.);
#12010=ORIENTED_EDGE('',*,*,#12009,.F.);
#12011=EDGE_LOOP('',(#12005,#12006,#12008,#12010));
#12012=FACE_OUTER_BOUND('',#12011,.F.);
#12013=ADVANCED_FACE('',(#12012),#12003,.F.);
#12014=CARTESIAN_POINT('',(1.096763713788E2,9.725348508072E1,
-2.545584412272E0));
#12015=DIRECTION('',(-4.472135955E-1,6.324555320337E-1,6.324555320337E-1));
#12016=DIRECTION('',(-8.944271909999E-1,-3.162277660169E-1,-3.162277660169E-1));
#12017=AXIS2_PLACEMENT_3D('',#12014,#12015,#12016);
#12018=PLANE('',#12017);
#12020=ORIENTED_EDGE('',*,*,#12019,.F.);
#12022=ORIENTED_EDGE('',*,*,#12021,.T.);
#12024=ORIENTED_EDGE('',*,*,#12023,.F.);
#12025=ORIENTED_EDGE('',*,*,#12004,.T.);
#12026=EDGE_LOOP('',(#12020,#12022,#12024,#12025));
#12027=FACE_OUTER_BOUND('',#12026,.F.);
#12028=ADVANCED_FACE('',(#12027),#12018,.F.);
#12029=CARTESIAN_POINT('',(1.096763713788E2,0.E0,-1.425E1));
#12030=DIRECTION('',(1.E0,0.E0,0.E0));
#12031=DIRECTION('',(0.E0,0.E0,1.E0));
#12032=AXIS2_PLACEMENT_3D('',#12029,#12030,#12031);
#12033=PLANE('',#12032);
#12034=ORIENTED_EDGE('',*,*,#12019,.T.);
#12035=ORIENTED_EDGE('',*,*,#12009,.T.);
#12037=ORIENTED_EDGE('',*,*,#12036,.T.);
#12039=ORIENTED_EDGE('',*,*,#12038,.T.);
#12040=EDGE_LOOP('',(#12034,#12035,#12037,#12039));
#12041=FACE_OUTER_BOUND('',#12040,.F.);
#12042=ADVANCED_FACE('',(#12041),#12033,.T.);
#12043=CARTESIAN_POINT('',(1.088763713788E2,1.026274966177E2,
-2.828427124746E0));
#12044=DIRECTION('',(-4.472135955E-1,-6.324555320337E-1,-6.324555320337E-1));
#12045=DIRECTION('',(8.944271909999E-1,-3.162277660169E-1,-3.162277660169E-1));
#12046=AXIS2_PLACEMENT_3D('',#12043,#12044,#12045);
#12047=PLANE('',#12046);
#12048=ORIENTED_EDGE('',*,*,#12036,.F.);
#12049=ORIENTED_EDGE('',*,*,#12007,.F.);
#12051=ORIENTED_EDGE('',*,*,#12050,.T.);
#12053=ORIENTED_EDGE('',*,*,#12052,.F.);
#12054=EDGE_LOOP('',(#12048,#12049,#12051,#12053));
#12055=FACE_OUTER_BOUND('',#12054,.F.);
#12056=ADVANCED_FACE('',(#12055),#12047,.F.);
#12057=CARTESIAN_POINT('',(1.096763713788E2,1.029103393302E2,
-2.545584412272E0));
#12058=DIRECTION('',(-4.472135955E-1,6.324555320337E-1,6.324555320337E-1));
#12059=DIRECTION('',(-8.944271909999E-1,-3.162277660169E-1,-3.162277660169E-1));
#12060=AXIS2_PLACEMENT_3D('',#12057,#12058,#12059);
#12061=PLANE('',#12060);
#12063=ORIENTED_EDGE('',*,*,#12062,.F.);
#12065=ORIENTED_EDGE('',*,*,#12064,.T.);
#12066=ORIENTED_EDGE('',*,*,#12050,.F.);
#12068=ORIENTED_EDGE('',*,*,#12067,.T.);
#12069=EDGE_LOOP('',(#12063,#12065,#12066,#12068));
#12070=FACE_OUTER_BOUND('',#12069,.F.);
#12071=ADVANCED_FACE('',(#12070),#12061,.F.);
#12072=CARTESIAN_POINT('',(1.096763713788E2,0.E0,-1.425E1));
#12073=DIRECTION('',(1.E0,0.E0,0.E0));
#12074=DIRECTION('',(0.E0,0.E0,1.E0));
#12075=AXIS2_PLACEMENT_3D('',#12072,#12073,#12074);
#12076=PLANE('',#12075);
#12077=ORIENTED_EDGE('',*,*,#12062,.T.);
#12079=ORIENTED_EDGE('',*,*,#12078,.T.);
#12081=ORIENTED_EDGE('',*,*,#12080,.T.);
#12083=ORIENTED_EDGE('',*,*,#12082,.T.);
#12084=EDGE_LOOP('',(#12077,#12079,#12081,#12083));
#12085=FACE_OUTER_BOUND('',#12084,.F.);
#12086=ADVANCED_FACE('',(#12085),#12076,.T.);
#12087=CARTESIAN_POINT('',(1.096763713788E2,8.594882613634E1,
-3.102220282615E0));
#12088=DIRECTION('',(-4.472135955E-1,6.324555320337E-1,-6.324555320337E-1));
#12089=DIRECTION('',(-8.944271909999E-1,-3.162277660169E-1,3.162277660169E-1));
#12090=AXIS2_PLACEMENT_3D('',#12087,#12088,#12089);
#12091=PLANE('',#12090);
#12092=ORIENTED_EDGE('',*,*,#12067,.F.);
#12094=ORIENTED_EDGE('',*,*,#12093,.T.);
#12096=ORIENTED_EDGE('',*,*,#12095,.T.);
#12097=ORIENTED_EDGE('',*,*,#12078,.F.);
#12098=EDGE_LOOP('',(#12092,#12094,#12096,#12097));
#12099=FACE_OUTER_BOUND('',#12098,.F.);
#12100=ADVANCED_FACE('',(#12099),#12091,.F.);
#12101=CARTESIAN_POINT('',(1.088763713788E2,8.566598342387E1,
-2.819377570140E0));
#12102=DIRECTION('',(-4.472135955E-1,-6.324555320337E-1,6.324555320337E-1));
#12103=DIRECTION('',(8.944271909999E-1,-3.162277660169E-1,3.162277660169E-1));
#12104=AXIS2_PLACEMENT_3D('',#12101,#12102,#12103);
#12105=PLANE('',#12104);
#12106=ORIENTED_EDGE('',*,*,#9473,.F.);
#12107=ORIENTED_EDGE('',*,*,#9491,.F.);
#12108=ORIENTED_EDGE('',*,*,#9504,.T.);
#12109=ORIENTED_EDGE('',*,*,#12093,.F.);
#12110=EDGE_LOOP('',(#12106,#12107,#12108,#12109));
#12111=FACE_OUTER_BOUND('',#12110,.F.);
#12112=ADVANCED_FACE('',(#12111),#12105,.F.);
#12113=CARTESIAN_POINT('',(1.088763713788E2,1.082843508672E2,
-2.828427124746E0));
#12114=DIRECTION('',(-4.472135955E-1,-6.324555320337E-1,-6.324555320337E-1));
#12115=DIRECTION('',(8.944271909999E-1,-3.162277660169E-1,-3.162277660169E-1));
#12116=AXIS2_PLACEMENT_3D('',#12113,#12114,#12115);
#12117=PLANE('',#12116);
#12118=ORIENTED_EDGE('',*,*,#12080,.F.);
#12119=ORIENTED_EDGE('',*,*,#12095,.F.);
#12120=ORIENTED_EDGE('',*,*,#9572,.T.);
#12122=ORIENTED_EDGE('',*,*,#12121,.F.);
#12123=EDGE_LOOP('',(#12118,#12119,#12120,#12122));
#12124=FACE_OUTER_BOUND('',#12123,.F.);
#12125=ADVANCED_FACE('',(#12124),#12117,.F.);
#12126=CARTESIAN_POINT('',(1.088763713788E2,9.415126479811E1,
9.049554605937E-3));
#12127=DIRECTION('',(-4.472135955E-1,-6.324555320337E-1,6.324555320337E-1));
#12128=DIRECTION('',(8.944271909999E-1,-3.162277660169E-1,3.162277660169E-1));
#12129=AXIS2_PLACEMENT_3D('',#12126,#12127,#12128);
#12130=PLANE('',#12129);
#12131=ORIENTED_EDGE('',*,*,#12064,.F.);
#12132=ORIENTED_EDGE('',*,*,#12082,.F.);
#12133=ORIENTED_EDGE('',*,*,#12121,.T.);
#12135=ORIENTED_EDGE('',*,*,#12134,.F.);
#12136=EDGE_LOOP('',(#12131,#12132,#12133,#12135));
#12137=FACE_OUTER_BOUND('',#12136,.F.);
#12138=ADVANCED_FACE('',(#12137),#12130,.F.);
#12139=CARTESIAN_POINT('',(1.096763713788E2,9.443410751058E1,
-2.737931578687E-1));
#12140=DIRECTION('',(-4.472135955E-1,6.324555320337E-1,-6.324555320337E-1));
#12141=DIRECTION('',(-8.944271909999E-1,-3.162277660169E-1,3.162277660169E-1));
#12142=AXIS2_PLACEMENT_3D('',#12139,#12140,#12141);
#12143=PLANE('',#12142);
#12145=ORIENTED_EDGE('',*,*,#12144,.F.);
#12146=ORIENTED_EDGE('',*,*,#12134,.T.);
#12148=ORIENTED_EDGE('',*,*,#12147,.T.);
#12150=ORIENTED_EDGE('',*,*,#12149,.F.);
#12151=EDGE_LOOP('',(#12145,#12146,#12148,#12150));
#12152=FACE_OUTER_BOUND('',#12151,.F.);
#12153=ADVANCED_FACE('',(#12152),#12143,.F.);
#12154=CARTESIAN_POINT('',(1.096763713788E2,1.029103393302E2,
-2.545584412272E0));
#12155=DIRECTION('',(-4.472135955E-1,6.324555320337E-1,6.324555320337E-1));
#12156=DIRECTION('',(-8.944271909999E-1,-3.162277660169E-1,-3.162277660169E-1));
#12157=AXIS2_PLACEMENT_3D('',#12154,#12155,#12156);
#12158=PLANE('',#12157);
#12160=ORIENTED_EDGE('',*,*,#12159,.F.);
#12162=ORIENTED_EDGE('',*,*,#12161,.T.);
#12164=ORIENTED_EDGE('',*,*,#12163,.F.);
#12165=ORIENTED_EDGE('',*,*,#12144,.T.);
#12166=EDGE_LOOP('',(#12160,#12162,#12164,#12165));
#12167=FACE_OUTER_BOUND('',#12166,.F.);
#12168=ADVANCED_FACE('',(#12167),#12158,.F.);
#12169=CARTESIAN_POINT('',(1.096763713788E2,0.E0,-1.425E1));
#12170=DIRECTION('',(1.E0,0.E0,0.E0));
#12171=DIRECTION('',(0.E0,0.E0,1.E0));
#12172=AXIS2_PLACEMENT_3D('',#12169,#12170,#12171);
#12173=PLANE('',#12172);
#12174=ORIENTED_EDGE('',*,*,#12159,.T.);
#12175=ORIENTED_EDGE('',*,*,#12149,.T.);
#12177=ORIENTED_EDGE('',*,*,#12176,.T.);
#12179=ORIENTED_EDGE('',*,*,#12178,.T.);
#12180=EDGE_LOOP('',(#12174,#12175,#12177,#12179));
#12181=FACE_OUTER_BOUND('',#12180,.F.);
#12182=ADVANCED_FACE('',(#12181),#12173,.T.);
#12183=CARTESIAN_POINT('',(1.088763713788E2,1.082843508672E2,
-2.828427124746E0));
#12184=DIRECTION('',(-4.472135955E-1,-6.324555320337E-1,-6.324555320337E-1));
#12185=DIRECTION('',(8.944271909999E-1,-3.162277660169E-1,-3.162277660169E-1));
#12186=AXIS2_PLACEMENT_3D('',#12183,#12184,#12185);
#12187=PLANE('',#12186);
#12188=ORIENTED_EDGE('',*,*,#12176,.F.);
#12189=ORIENTED_EDGE('',*,*,#12147,.F.);
#12191=ORIENTED_EDGE('',*,*,#12190,.T.);
#12193=ORIENTED_EDGE('',*,*,#12192,.F.);
#12194=EDGE_LOOP('',(#12188,#12189,#12191,#12193));
#12195=FACE_OUTER_BOUND('',#12194,.F.);
#12196=ADVANCED_FACE('',(#12195),#12187,.F.);
#12197=CARTESIAN_POINT('',(1.096763713788E2,1.085671935797E2,
-2.545584412272E0));
#12198=DIRECTION('',(-4.472135955E-1,6.324555320337E-1,6.324555320337E-1));
#12199=DIRECTION('',(-8.944271909999E-1,-3.162277660169E-1,-3.162277660169E-1));
#12200=AXIS2_PLACEMENT_3D('',#12197,#12198,#12199);
#12201=PLANE('',#12200);
#12203=ORIENTED_EDGE('',*,*,#12202,.F.);
#12205=ORIENTED_EDGE('',*,*,#12204,.T.);
#12206=ORIENTED_EDGE('',*,*,#12190,.F.);
#12208=ORIENTED_EDGE('',*,*,#12207,.T.);
#12209=EDGE_LOOP('',(#12203,#12205,#12206,#12208));
#12210=FACE_OUTER_BOUND('',#12209,.F.);
#12211=ADVANCED_FACE('',(#12210),#12201,.F.);
#12212=CARTESIAN_POINT('',(1.096763713788E2,0.E0,-1.425E1));
#12213=DIRECTION('',(1.E0,0.E0,0.E0));
#12214=DIRECTION('',(0.E0,0.E0,1.E0));
#12215=AXIS2_PLACEMENT_3D('',#12212,#12213,#12214);
#12216=PLANE('',#12215);
#12217=ORIENTED_EDGE('',*,*,#12202,.T.);
#12219=ORIENTED_EDGE('',*,*,#12218,.T.);
#12221=ORIENTED_EDGE('',*,*,#12220,.T.);
#12223=ORIENTED_EDGE('',*,*,#12222,.T.);
#12224=EDGE_LOOP('',(#12217,#12219,#12221,#12223));
#12225=FACE_OUTER_BOUND('',#12224,.F.);
#12226=ADVANCED_FACE('',(#12225),#12216,.T.);
#12227=CARTESIAN_POINT('',(1.096763713788E2,9.443410751058E1,
-2.737931578687E-1));
#12228=DIRECTION('',(-4.472135955E-1,6.324555320337E-1,-6.324555320337E-1));
#12229=DIRECTION('',(-8.944271909999E-1,-3.162277660169E-1,3.162277660169E-1));
#12230=AXIS2_PLACEMENT_3D('',#12227,#12228,#12229);
#12231=PLANE('',#12230);
#12232=ORIENTED_EDGE('',*,*,#12207,.F.);
#12234=ORIENTED_EDGE('',*,*,#12233,.T.);
#12236=ORIENTED_EDGE('',*,*,#12235,.T.);
#12237=ORIENTED_EDGE('',*,*,#12218,.F.);
#12238=EDGE_LOOP('',(#12232,#12234,#12236,#12237));
#12239=FACE_OUTER_BOUND('',#12238,.F.);
#12240=ADVANCED_FACE('',(#12239),#12231,.F.);
#12241=CARTESIAN_POINT('',(1.088763713788E2,9.415126479811E1,
9.049554605937E-3));
#12242=DIRECTION('',(-4.472135955E-1,-6.324555320337E-1,6.324555320337E-1));
#12243=DIRECTION('',(8.944271909999E-1,-3.162277660169E-1,3.162277660169E-1));
#12244=AXIS2_PLACEMENT_3D('',#12241,#12242,#12243);
#12245=PLANE('',#12244);
#12246=ORIENTED_EDGE('',*,*,#9570,.F.);
#12247=ORIENTED_EDGE('',*,*,#9588,.F.);
#12248=ORIENTED_EDGE('',*,*,#9601,.T.);
#12249=ORIENTED_EDGE('',*,*,#12233,.F.);
#12250=EDGE_LOOP('',(#12246,#12247,#12248,#12249));
#12251=FACE_OUTER_BOUND('',#12250,.F.);
#12252=ADVANCED_FACE('',(#12251),#12245,.F.);
#12253=CARTESIAN_POINT('',(1.088763713788E2,1.111127779920E2,0.E0));
#12254=DIRECTION('',(-4.472135955E-1,-6.324555320337E-1,-6.324555320337E-1));
#12255=DIRECTION('',(8.944271909999E-1,-3.162277660169E-1,-3.162277660169E-1));
#12256=AXIS2_PLACEMENT_3D('',#12253,#12254,#12255);
#12257=PLANE('',#12256);
#12258=ORIENTED_EDGE('',*,*,#12220,.F.);
#12259=ORIENTED_EDGE('',*,*,#12235,.F.);
#12260=ORIENTED_EDGE('',*,*,#9669,.T.);
#12262=ORIENTED_EDGE('',*,*,#12261,.F.);
#12263=EDGE_LOOP('',(#12258,#12259,#12260,#12262));
#12264=FACE_OUTER_BOUND('',#12263,.F.);
#12265=ADVANCED_FACE('',(#12264),#12257,.F.);
#12266=CARTESIAN_POINT('',(1.088763713788E2,9.132283767336E1,
-8.476231819633E0));
#12267=DIRECTION('',(-4.472135955E-1,-6.324555320337E-1,6.324555320337E-1));
#12268=DIRECTION('',(8.944271909999E-1,-3.162277660169E-1,3.162277660169E-1));
#12269=AXIS2_PLACEMENT_3D('',#12266,#12267,#12268);
#12270=PLANE('',#12269);
#12271=ORIENTED_EDGE('',*,*,#12204,.F.);
#12272=ORIENTED_EDGE('',*,*,#12222,.F.);
#12273=ORIENTED_EDGE('',*,*,#12261,.T.);
#12275=ORIENTED_EDGE('',*,*,#12274,.F.);
#12276=EDGE_LOOP('',(#12271,#12272,#12273,#12275));
#12277=FACE_OUTER_BOUND('',#12276,.F.);
#12278=ADVANCED_FACE('',(#12277),#12270,.F.);
#12279=CARTESIAN_POINT('',(1.096763713788E2,9.160568038584E1,
-8.759074532107E0));
#12280=DIRECTION('',(-4.472135955E-1,6.324555320337E-1,-6.324555320337E-1));
#12281=DIRECTION('',(-8.944271909999E-1,-3.162277660169E-1,3.162277660169E-1));
#12282=AXIS2_PLACEMENT_3D('',#12279,#12280,#12281);
#12283=PLANE('',#12282);
#12285=ORIENTED_EDGE('',*,*,#12284,.F.);
#12286=ORIENTED_EDGE('',*,*,#12274,.T.);
#12288=ORIENTED_EDGE('',*,*,#12287,.T.);
#12290=ORIENTED_EDGE('',*,*,#12289,.F.);
#12291=EDGE_LOOP('',(#12285,#12286,#12288,#12290));
#12292=FACE_OUTER_BOUND('',#12291,.F.);
#12293=ADVANCED_FACE('',(#12292),#12283,.F.);
#12294=CARTESIAN_POINT('',(1.096763713788E2,1.085671935797E2,
-2.545584412272E0));
#12295=DIRECTION('',(-4.472135955E-1,6.324555320337E-1,6.324555320337E-1));
#12296=DIRECTION('',(-8.944271909999E-1,-3.162277660169E-1,-3.162277660169E-1));
#12297=AXIS2_PLACEMENT_3D('',#12294,#12295,#12296);
#12298=PLANE('',#12297);
#12300=ORIENTED_EDGE('',*,*,#12299,.F.);
#12302=ORIENTED_EDGE('',*,*,#12301,.T.);
#12304=ORIENTED_EDGE('',*,*,#12303,.F.);
#12305=ORIENTED_EDGE('',*,*,#12284,.T.);
#12306=EDGE_LOOP('',(#12300,#12302,#12304,#12305));
#12307=FACE_OUTER_BOUND('',#12306,.F.);
#12308=ADVANCED_FACE('',(#12307),#12298,.F.);
#12309=CARTESIAN_POINT('',(1.096763713788E2,0.E0,-1.425E1));
#12310=DIRECTION('',(1.E0,0.E0,0.E0));
#12311=DIRECTION('',(0.E0,0.E0,1.E0));
#12312=AXIS2_PLACEMENT_3D('',#12309,#12310,#12311);
#12313=PLANE('',#12312);
#12314=ORIENTED_EDGE('',*,*,#12299,.T.);
#12315=ORIENTED_EDGE('',*,*,#12289,.T.);
#12317=ORIENTED_EDGE('',*,*,#12316,.T.);
#12319=ORIENTED_EDGE('',*,*,#12318,.T.);
#12320=EDGE_LOOP('',(#12314,#12315,#12317,#12319));
#12321=FACE_OUTER_BOUND('',#12320,.F.);
#12322=ADVANCED_FACE('',(#12321),#12313,.T.);
#12323=CARTESIAN_POINT('',(1.088763713788E2,1.111127779920E2,0.E0));
#12324=DIRECTION('',(-4.472135955E-1,-6.324555320337E-1,-6.324555320337E-1));
#12325=DIRECTION('',(8.944271909999E-1,-3.162277660169E-1,-3.162277660169E-1));
#12326=AXIS2_PLACEMENT_3D('',#12323,#12324,#12325);
#12327=PLANE('',#12326);
#12328=ORIENTED_EDGE('',*,*,#12316,.F.);
#12329=ORIENTED_EDGE('',*,*,#12287,.F.);
#12331=ORIENTED_EDGE('',*,*,#12330,.T.);
#12333=ORIENTED_EDGE('',*,*,#12332,.F.);
#12334=EDGE_LOOP('',(#12328,#12329,#12331,#12333));
#12335=FACE_OUTER_BOUND('',#12334,.F.);
#12336=ADVANCED_FACE('',(#12335),#12327,.F.);
#12337=CARTESIAN_POINT('',(1.096763713788E2,1.113956207045E2,
2.828427124746E-1));
#12338=DIRECTION('',(-4.472135955E-1,6.324555320337E-1,6.324555320337E-1));
#12339=DIRECTION('',(-8.944271909999E-1,-3.162277660169E-1,-3.162277660169E-1));
#12340=AXIS2_PLACEMENT_3D('',#12337,#12338,#12339);
#12341=PLANE('',#12340);
#12343=ORIENTED_EDGE('',*,*,#12342,.F.);
#12345=ORIENTED_EDGE('',*,*,#12344,.T.);
#12346=ORIENTED_EDGE('',*,*,#12330,.F.);
#12348=ORIENTED_EDGE('',*,*,#12347,.T.);
#12349=EDGE_LOOP('',(#12343,#12345,#12346,#12348));
#12350=FACE_OUTER_BOUND('',#12349,.F.);
#12351=ADVANCED_FACE('',(#12350),#12341,.F.);
#12352=CARTESIAN_POINT('',(1.096763713788E2,0.E0,-1.425E1));
#12353=DIRECTION('',(1.E0,0.E0,0.E0));
#12354=DIRECTION('',(0.E0,0.E0,1.E0));
#12355=AXIS2_PLACEMENT_3D('',#12352,#12353,#12354);
#12356=PLANE('',#12355);
#12357=ORIENTED_EDGE('',*,*,#12342,.T.);
#12359=ORIENTED_EDGE('',*,*,#12358,.T.);
#12361=ORIENTED_EDGE('',*,*,#12360,.T.);
#12363=ORIENTED_EDGE('',*,*,#12362,.T.);
#12364=EDGE_LOOP('',(#12357,#12359,#12361,#12363));
#12365=FACE_OUTER_BOUND('',#12364,.F.);
#12366=ADVANCED_FACE('',(#12365),#12356,.T.);
#12367=CARTESIAN_POINT('',(1.096763713788E2,9.160568038584E1,
-8.759074532107E0));
#12368=DIRECTION('',(-4.472135955E-1,6.324555320337E-1,-6.324555320337E-1));
#12369=DIRECTION('',(-8.944271909999E-1,-3.162277660169E-1,3.162277660169E-1));
#12370=AXIS2_PLACEMENT_3D('',#12367,#12368,#12369);
#12371=PLANE('',#12370);
#12372=ORIENTED_EDGE('',*,*,#12347,.F.);
#12374=ORIENTED_EDGE('',*,*,#12373,.T.);
#12376=ORIENTED_EDGE('',*,*,#12375,.T.);
#12377=ORIENTED_EDGE('',*,*,#12358,.F.);
#12378=EDGE_LOOP('',(#12372,#12374,#12376,#12377));
#12379=FACE_OUTER_BOUND('',#12378,.F.);
#12380=ADVANCED_FACE('',(#12379),#12371,.F.);
#12381=CARTESIAN_POINT('',(1.088763713788E2,9.132283767336E1,
-8.476231819633E0));
#12382=DIRECTION('',(-4.472135955E-1,-6.324555320337E-1,6.324555320337E-1));
#12383=DIRECTION('',(8.944271909999E-1,-3.162277660169E-1,3.162277660169E-1));
#12384=AXIS2_PLACEMENT_3D('',#12381,#12382,#12383);
#12385=PLANE('',#12384);
#12386=ORIENTED_EDGE('',*,*,#9667,.F.);
#12387=ORIENTED_EDGE('',*,*,#9685,.F.);
#12388=ORIENTED_EDGE('',*,*,#9698,.T.);
#12389=ORIENTED_EDGE('',*,*,#12373,.F.);
#12390=EDGE_LOOP('',(#12386,#12387,#12388,#12389));
#12391=FACE_OUTER_BOUND('',#12390,.F.);
#12392=ADVANCED_FACE('',(#12391),#12385,.F.);
#12393=CARTESIAN_POINT('',(1.088763713788E2,1.167696322415E2,0.E0));
#12394=DIRECTION('',(-4.472135955E-1,-6.324555320337E-1,-6.324555320337E-1));
#12395=DIRECTION('',(8.944271909999E-1,-3.162277660169E-1,-3.162277660169E-1));
#12396=AXIS2_PLACEMENT_3D('',#12393,#12394,#12395);
#12397=PLANE('',#12396);
#12398=ORIENTED_EDGE('',*,*,#12360,.F.);
#12399=ORIENTED_EDGE('',*,*,#12375,.F.);
#12400=ORIENTED_EDGE('',*,*,#9768,.T.);
#12402=ORIENTED_EDGE('',*,*,#12401,.F.);
#12403=EDGE_LOOP('',(#12398,#12399,#12400,#12402));
#12404=FACE_OUTER_BOUND('',#12403,.F.);
#12405=ADVANCED_FACE('',(#12404),#12397,.F.);
#12406=CARTESIAN_POINT('',(1.088763713788E2,9.697969192285E1,
-8.476231819633E0));
#12407=DIRECTION('',(-4.472135955E-1,-6.324555320337E-1,6.324555320337E-1));
#12408=DIRECTION('',(8.944271909999E-1,-3.162277660169E-1,3.162277660169E-1));
#12409=AXIS2_PLACEMENT_3D('',#12406,#12407,#12408);
#12410=PLANE('',#12409);
#12411=ORIENTED_EDGE('',*,*,#12344,.F.);
#12412=ORIENTED_EDGE('',*,*,#12362,.F.);
#12413=ORIENTED_EDGE('',*,*,#12401,.T.);
#12415=ORIENTED_EDGE('',*,*,#12414,.F.);
#12416=EDGE_LOOP('',(#12411,#12412,#12413,#12415));
#12417=FACE_OUTER_BOUND('',#12416,.F.);
#12418=ADVANCED_FACE('',(#12417),#12410,.F.);
#12419=CARTESIAN_POINT('',(1.096763713788E2,9.726253463533E1,
-8.759074532107E0));
#12420=DIRECTION('',(-4.472135955E-1,6.324555320337E-1,-6.324555320337E-1));
#12421=DIRECTION('',(-8.944271909999E-1,-3.162277660169E-1,3.162277660169E-1));
#12422=AXIS2_PLACEMENT_3D('',#12419,#12420,#12421);
#12423=PLANE('',#12422);
#12425=ORIENTED_EDGE('',*,*,#12424,.F.);
#12426=ORIENTED_EDGE('',*,*,#12414,.T.);
#12428=ORIENTED_EDGE('',*,*,#12427,.T.);
#12430=ORIENTED_EDGE('',*,*,#12429,.F.);
#12431=EDGE_LOOP('',(#12425,#12426,#12428,#12430));
#12432=FACE_OUTER_BOUND('',#12431,.F.);
#12433=ADVANCED_FACE('',(#12432),#12423,.F.);
#12434=CARTESIAN_POINT('',(1.096763713788E2,1.113956207045E2,
2.828427124746E-1));
#12435=DIRECTION('',(-4.472135955E-1,6.324555320337E-1,6.324555320337E-1));
#12436=DIRECTION('',(-8.944271909999E-1,-3.162277660169E-1,-3.162277660169E-1));
#12437=AXIS2_PLACEMENT_3D('',#12434,#12435,#12436);
#12438=PLANE('',#12437);
#12440=ORIENTED_EDGE('',*,*,#12439,.F.);
#12442=ORIENTED_EDGE('',*,*,#12441,.T.);
#12444=ORIENTED_EDGE('',*,*,#12443,.F.);
#12445=ORIENTED_EDGE('',*,*,#12424,.T.);
#12446=EDGE_LOOP('',(#12440,#12442,#12444,#12445));
#12447=FACE_OUTER_BOUND('',#12446,.F.);
#12448=ADVANCED_FACE('',(#12447),#12438,.F.);
#12449=CARTESIAN_POINT('',(1.096763713788E2,0.E0,-1.425E1));
#12450=DIRECTION('',(1.E0,0.E0,0.E0));
#12451=DIRECTION('',(0.E0,0.E0,1.E0));
#12452=AXIS2_PLACEMENT_3D('',#12449,#12450,#12451);
#12453=PLANE('',#12452);
#12454=ORIENTED_EDGE('',*,*,#12439,.T.);
#12455=ORIENTED_EDGE('',*,*,#12429,.T.);
#12457=ORIENTED_EDGE('',*,*,#12456,.T.);
#12459=ORIENTED_EDGE('',*,*,#12458,.T.);
#12460=EDGE_LOOP('',(#12454,#12455,#12457,#12459));
#12461=FACE_OUTER_BOUND('',#12460,.F.);
#12462=ADVANCED_FACE('',(#12461),#12453,.T.);
#12463=CARTESIAN_POINT('',(1.088763713788E2,1.167696322415E2,0.E0));
#12464=DIRECTION('',(-4.472135955E-1,-6.324555320337E-1,-6.324555320337E-1));
#12465=DIRECTION('',(8.944271909999E-1,-3.162277660169E-1,-3.162277660169E-1));
#12466=AXIS2_PLACEMENT_3D('',#12463,#12464,#12465);
#12467=PLANE('',#12466);
#12468=ORIENTED_EDGE('',*,*,#12456,.F.);
#12469=ORIENTED_EDGE('',*,*,#12427,.F.);
#12471=ORIENTED_EDGE('',*,*,#12470,.T.);
#12473=ORIENTED_EDGE('',*,*,#12472,.F.);
#12474=EDGE_LOOP('',(#12468,#12469,#12471,#12473));
#12475=FACE_OUTER_BOUND('',#12474,.F.);
#12476=ADVANCED_FACE('',(#12475),#12467,.F.);
#12477=CARTESIAN_POINT('',(1.096763713788E2,1.170524749539E2,
2.828427124746E-1));
#12478=DIRECTION('',(-4.472135955E-1,6.324555320337E-1,6.324555320337E-1));
#12479=DIRECTION('',(-8.944271909999E-1,-3.162277660169E-1,-3.162277660169E-1));
#12480=AXIS2_PLACEMENT_3D('',#12477,#12478,#12479);
#12481=PLANE('',#12480);
#12483=ORIENTED_EDGE('',*,*,#12482,.F.);
#12485=ORIENTED_EDGE('',*,*,#12484,.T.);
#12486=ORIENTED_EDGE('',*,*,#12470,.F.);
#12488=ORIENTED_EDGE('',*,*,#12487,.T.);
#12489=EDGE_LOOP('',(#12483,#12485,#12486,#12488));
#12490=FACE_OUTER_BOUND('',#12489,.F.);
#12491=ADVANCED_FACE('',(#12490),#12481,.F.);
#12492=CARTESIAN_POINT('',(1.096763713788E2,0.E0,-1.425E1));
#12493=DIRECTION('',(1.E0,0.E0,0.E0));
#12494=DIRECTION('',(0.E0,0.E0,1.E0));
#12495=AXIS2_PLACEMENT_3D('',#12492,#12493,#12494);
#12496=PLANE('',#12495);
#12497=ORIENTED_EDGE('',*,*,#12482,.T.);
#12499=ORIENTED_EDGE('',*,*,#12498,.T.);
#12501=ORIENTED_EDGE('',*,*,#12500,.T.);
#12503=ORIENTED_EDGE('',*,*,#12502,.T.);
#12504=EDGE_LOOP('',(#12497,#12499,#12501,#12503));
#12505=FACE_OUTER_BOUND('',#12504,.F.);
#12506=ADVANCED_FACE('',(#12505),#12496,.T.);
#12507=CARTESIAN_POINT('',(1.096763713788E2,9.726253463533E1,
-8.759074532107E0));
#12508=DIRECTION('',(-4.472135955E-1,6.324555320337E-1,-6.324555320337E-1));
#12509=DIRECTION('',(-8.944271909999E-1,-3.162277660169E-1,3.162277660169E-1));
#12510=AXIS2_PLACEMENT_3D('',#12507,#12508,#12509);
#12511=PLANE('',#12510);
#12512=ORIENTED_EDGE('',*,*,#12487,.F.);
#12514=ORIENTED_EDGE('',*,*,#12513,.T.);
#12516=ORIENTED_EDGE('',*,*,#12515,.T.);
#12517=ORIENTED_EDGE('',*,*,#12498,.F.);
#12518=EDGE_LOOP('',(#12512,#12514,#12516,#12517));
#12519=FACE_OUTER_BOUND('',#12518,.F.);
#12520=ADVANCED_FACE('',(#12519),#12511,.F.);
#12521=CARTESIAN_POINT('',(1.088763713788E2,9.697969192285E1,
-8.476231819633E0));
#12522=DIRECTION('',(-4.472135955E-1,-6.324555320337E-1,6.324555320337E-1));
#12523=DIRECTION('',(8.944271909999E-1,-3.162277660169E-1,3.162277660169E-1));
#12524=AXIS2_PLACEMENT_3D('',#12521,#12522,#12523);
#12525=PLANE('',#12524);
#12526=ORIENTED_EDGE('',*,*,#9766,.F.);
#12527=ORIENTED_EDGE('',*,*,#9783,.F.);
#12528=ORIENTED_EDGE('',*,*,#9796,.T.);
#12529=ORIENTED_EDGE('',*,*,#12513,.F.);
#12530=EDGE_LOOP('',(#12526,#12527,#12528,#12529));
#12531=FACE_OUTER_BOUND('',#12530,.F.);
#12532=ADVANCED_FACE('',(#12531),#12525,.F.);
#12533=CARTESIAN_POINT('',(1.088763713788E2,1.224264864910E2,0.E0));
#12534=DIRECTION('',(-4.472135955E-1,-6.324555320337E-1,-6.324555320337E-1));
#12535=DIRECTION('',(8.944271909999E-1,-3.162277660169E-1,-3.162277660169E-1));
#12536=AXIS2_PLACEMENT_3D('',#12533,#12534,#12535);
#12537=PLANE('',#12536);
#12538=ORIENTED_EDGE('',*,*,#12500,.F.);
#12539=ORIENTED_EDGE('',*,*,#12515,.F.);
#12540=ORIENTED_EDGE('',*,*,#9867,.T.);
#12542=ORIENTED_EDGE('',*,*,#12541,.F.);
#12543=EDGE_LOOP('',(#12538,#12539,#12540,#12542));
#12544=FACE_OUTER_BOUND('',#12543,.F.);
#12545=ADVANCED_FACE('',(#12544),#12537,.F.);
#12546=CARTESIAN_POINT('',(1.088763713788E2,1.026365461723E2,
-8.476231819633E0));
#12547=DIRECTION('',(-4.472135955E-1,-6.324555320337E-1,6.324555320337E-1));
#12548=DIRECTION('',(8.944271909999E-1,-3.162277660169E-1,3.162277660169E-1));
#12549=AXIS2_PLACEMENT_3D('',#12546,#12547,#12548);
#12550=PLANE('',#12549);
#12551=ORIENTED_EDGE('',*,*,#12484,.F.);
#12552=ORIENTED_EDGE('',*,*,#12502,.F.);
#12553=ORIENTED_EDGE('',*,*,#12541,.T.);
#12555=ORIENTED_EDGE('',*,*,#12554,.F.);
#12556=EDGE_LOOP('',(#12551,#12552,#12553,#12555));
#12557=FACE_OUTER_BOUND('',#12556,.F.);
#12558=ADVANCED_FACE('',(#12557),#12550,.F.);
#12559=CARTESIAN_POINT('',(1.096763713788E2,1.029193888848E2,
-8.759074532107E0));
#12560=DIRECTION('',(-4.472135955E-1,6.324555320337E-1,-6.324555320337E-1));
#12561=DIRECTION('',(-8.944271909999E-1,-3.162277660169E-1,3.162277660169E-1));
#12562=AXIS2_PLACEMENT_3D('',#12559,#12560,#12561);
#12563=PLANE('',#12562);
#12565=ORIENTED_EDGE('',*,*,#12564,.F.);
#12566=ORIENTED_EDGE('',*,*,#12554,.T.);
#12568=ORIENTED_EDGE('',*,*,#12567,.T.);
#12570=ORIENTED_EDGE('',*,*,#12569,.F.);
#12571=EDGE_LOOP('',(#12565,#12566,#12568,#12570));
#12572=FACE_OUTER_BOUND('',#12571,.F.);
#12573=ADVANCED_FACE('',(#12572),#12563,.F.);
#12574=CARTESIAN_POINT('',(1.096763713788E2,1.170524749539E2,
2.828427124746E-1));
#12575=DIRECTION('',(-4.472135955E-1,6.324555320337E-1,6.324555320337E-1));
#12576=DIRECTION('',(-8.944271909999E-1,-3.162277660169E-1,-3.162277660169E-1));
#12577=AXIS2_PLACEMENT_3D('',#12574,#12575,#12576);
#12578=PLANE('',#12577);
#12580=ORIENTED_EDGE('',*,*,#12579,.F.);
#12582=ORIENTED_EDGE('',*,*,#12581,.T.);
#12584=ORIENTED_EDGE('',*,*,#12583,.F.);
#12585=ORIENTED_EDGE('',*,*,#12564,.T.);
#12586=EDGE_LOOP('',(#12580,#12582,#12584,#12585));
#12587=FACE_OUTER_BOUND('',#12586,.F.);
#12588=ADVANCED_FACE('',(#12587),#12578,.F.);
#12589=CARTESIAN_POINT('',(1.096763713788E2,0.E0,-1.425E1));
#12590=DIRECTION('',(1.E0,0.E0,0.E0));
#12591=DIRECTION('',(0.E0,0.E0,1.E0));
#12592=AXIS2_PLACEMENT_3D('',#12589,#12590,#12591);
#12593=PLANE('',#12592);
#12594=ORIENTED_EDGE('',*,*,#12579,.T.);
#12595=ORIENTED_EDGE('',*,*,#12569,.T.);
#12597=ORIENTED_EDGE('',*,*,#12596,.T.);
#12599=ORIENTED_EDGE('',*,*,#12598,.T.);
#12600=EDGE_LOOP('',(#12594,#12595,#12597,#12599));
#12601=FACE_OUTER_BOUND('',#12600,.F.);
#12602=ADVANCED_FACE('',(#12601),#12593,.T.);
#12603=CARTESIAN_POINT('',(1.088763713788E2,1.224264864910E2,0.E0));
#12604=DIRECTION('',(-4.472135955E-1,-6.324555320337E-1,-6.324555320337E-1));
#12605=DIRECTION('',(8.944271909999E-1,-3.162277660169E-1,-3.162277660169E-1));
#12606=AXIS2_PLACEMENT_3D('',#12603,#12604,#12605);
#12607=PLANE('',#12606);
#12608=ORIENTED_EDGE('',*,*,#12596,.F.);
#12609=ORIENTED_EDGE('',*,*,#12567,.F.);
#12611=ORIENTED_EDGE('',*,*,#12610,.T.);
#12613=ORIENTED_EDGE('',*,*,#12612,.F.);
#12614=EDGE_LOOP('',(#12608,#12609,#12611,#12613));
#12615=FACE_OUTER_BOUND('',#12614,.F.);
#12616=ADVANCED_FACE('',(#12615),#12607,.F.);
#12617=CARTESIAN_POINT('',(1.096763713788E2,1.227093292034E2,
2.828427124746E-1));
#12618=DIRECTION('',(-4.472135955E-1,6.324555320337E-1,6.324555320337E-1));
#12619=DIRECTION('',(-8.944271909999E-1,-3.162277660169E-1,-3.162277660169E-1));
#12620=AXIS2_PLACEMENT_3D('',#12617,#12618,#12619);
#12621=PLANE('',#12620);
#12623=ORIENTED_EDGE('',*,*,#12622,.F.);
#12625=ORIENTED_EDGE('',*,*,#12624,.T.);
#12626=ORIENTED_EDGE('',*,*,#12610,.F.);
#12628=ORIENTED_EDGE('',*,*,#12627,.T.);
#12629=EDGE_LOOP('',(#12623,#12625,#12626,#12628));
#12630=FACE_OUTER_BOUND('',#12629,.F.);
#12631=ADVANCED_FACE('',(#12630),#12621,.F.);
#12632=CARTESIAN_POINT('',(1.096763713788E2,0.E0,-1.425E1));
#12633=DIRECTION('',(1.E0,0.E0,0.E0));
#12634=DIRECTION('',(0.E0,0.E0,1.E0));
#12635=AXIS2_PLACEMENT_3D('',#12632,#12633,#12634);
#12636=PLANE('',#12635);
#12637=ORIENTED_EDGE('',*,*,#12622,.T.);
#12639=ORIENTED_EDGE('',*,*,#12638,.T.);
#12641=ORIENTED_EDGE('',*,*,#12640,.T.);
#12643=ORIENTED_EDGE('',*,*,#12642,.T.);
#12644=EDGE_LOOP('',(#12637,#12639,#12641,#12643));
#12645=FACE_OUTER_BOUND('',#12644,.F.);
#12646=ADVANCED_FACE('',(#12645),#12636,.T.);
#12647=CARTESIAN_POINT('',(1.096763713788E2,1.029193888848E2,
-8.759074532107E0));
#12648=DIRECTION('',(-4.472135955E-1,6.324555320337E-1,-6.324555320337E-1));
#12649=DIRECTION('',(-8.944271909999E-1,-3.162277660169E-1,3.162277660169E-1));
#12650=AXIS2_PLACEMENT_3D('',#12647,#12648,#12649);
#12651=PLANE('',#12650);
#12652=ORIENTED_EDGE('',*,*,#12627,.F.);
#12654=ORIENTED_EDGE('',*,*,#12653,.T.);
#12656=ORIENTED_EDGE('',*,*,#12655,.T.);
#12657=ORIENTED_EDGE('',*,*,#12638,.F.);
#12658=EDGE_LOOP('',(#12652,#12654,#12656,#12657));
#12659=FACE_OUTER_BOUND('',#12658,.F.);
#12660=ADVANCED_FACE('',(#12659),#12651,.F.);
#12661=CARTESIAN_POINT('',(1.088763713788E2,1.026365461723E2,
-8.476231819633E0));
#12662=DIRECTION('',(-4.472135955E-1,-6.324555320337E-1,6.324555320337E-1));
#12663=DIRECTION('',(8.944271909999E-1,-3.162277660169E-1,3.162277660169E-1));
#12664=AXIS2_PLACEMENT_3D('',#12661,#12662,#12663);
#12665=PLANE('',#12664);
#12666=ORIENTED_EDGE('',*,*,#9865,.F.);
#12667=ORIENTED_EDGE('',*,*,#9882,.F.);
#12668=ORIENTED_EDGE('',*,*,#9895,.T.);
#12669=ORIENTED_EDGE('',*,*,#12653,.F.);
#12670=EDGE_LOOP('',(#12666,#12667,#12668,#12669));
#12671=FACE_OUTER_BOUND('',#12670,.F.);
#12672=ADVANCED_FACE('',(#12671),#12665,.F.);
#12673=CARTESIAN_POINT('',(1.088763713788E2,1.280833407405E2,0.E0));
#12674=DIRECTION('',(-4.472135955E-1,-6.324555320337E-1,-6.324555320337E-1));
#12675=DIRECTION('',(8.944271909999E-1,-3.162277660169E-1,-3.162277660169E-1));
#12676=AXIS2_PLACEMENT_3D('',#12673,#12674,#12675);
#12677=PLANE('',#12676);
#12678=ORIENTED_EDGE('',*,*,#12640,.F.);
#12679=ORIENTED_EDGE('',*,*,#12655,.F.);
#12681=ORIENTED_EDGE('',*,*,#12680,.T.);
#12683=ORIENTED_EDGE('',*,*,#12682,.F.);
#12684=EDGE_LOOP('',(#12678,#12679,#12681,#12683));
#12685=FACE_OUTER_BOUND('',#12684,.F.);
#12686=ADVANCED_FACE('',(#12685),#12677,.F.);
#12687=CARTESIAN_POINT('',(1.096763713788E2,1.283661834529E2,
2.828427124746E-1));
#12688=DIRECTION('',(-4.472135955E-1,6.324555320337E-1,6.324555320337E-1));
#12689=DIRECTION('',(-8.944271909999E-1,-3.162277660169E-1,-3.162277660169E-1));
#12690=AXIS2_PLACEMENT_3D('',#12687,#12688,#12689);
#12691=PLANE('',#12690);
#12693=ORIENTED_EDGE('',*,*,#12692,.F.);
#12695=ORIENTED_EDGE('',*,*,#12694,.T.);
#12696=ORIENTED_EDGE('',*,*,#12680,.F.);
#12698=ORIENTED_EDGE('',*,*,#12697,.T.);
#12699=EDGE_LOOP('',(#12693,#12695,#12696,#12698));
#12700=FACE_OUTER_BOUND('',#12699,.F.);
#12701=ADVANCED_FACE('',(#12700),#12691,.F.);
#12702=CARTESIAN_POINT('',(1.096763713788E2,0.E0,-1.425E1));
#12703=DIRECTION('',(1.E0,0.E0,0.E0));
#12704=DIRECTION('',(0.E0,0.E0,1.E0));
#12705=AXIS2_PLACEMENT_3D('',#12702,#12703,#12704);
#12706=PLANE('',#12705);
#12707=ORIENTED_EDGE('',*,*,#12692,.T.);
#12709=ORIENTED_EDGE('',*,*,#12708,.T.);
#12711=ORIENTED_EDGE('',*,*,#12710,.T.);
#12713=ORIENTED_EDGE('',*,*,#12712,.T.);
#12714=EDGE_LOOP('',(#12707,#12709,#12711,#12713));
#12715=FACE_OUTER_BOUND('',#12714,.F.);
#12716=ADVANCED_FACE('',(#12715),#12706,.T.);
#12717=CARTESIAN_POINT('',(1.096763713788E2,1.029193888848E2,
-8.759074532107E0));
#12718=DIRECTION('',(-4.472135955E-1,6.324555320337E-1,-6.324555320337E-1));
#12719=DIRECTION('',(-8.944271909999E-1,-3.162277660169E-1,3.162277660169E-1));
#12720=AXIS2_PLACEMENT_3D('',#12717,#12718,#12719);
#12721=PLANE('',#12720);
#12722=ORIENTED_EDGE('',*,*,#12697,.F.);
#12724=ORIENTED_EDGE('',*,*,#12723,.T.);
#12726=ORIENTED_EDGE('',*,*,#12725,.T.);
#12727=ORIENTED_EDGE('',*,*,#12708,.F.);
#12728=EDGE_LOOP('',(#12722,#12724,#12726,#12727));
#12729=FACE_OUTER_BOUND('',#12728,.F.);
#12730=ADVANCED_FACE('',(#12729),#12721,.F.);
#12731=CARTESIAN_POINT('',(1.088763713788E2,1.026365461723E2,
-8.476231819633E0));
#12732=DIRECTION('',(-4.472135955E-1,-6.324555320337E-1,6.324555320337E-1));
#12733=DIRECTION('',(8.944271909999E-1,-3.162277660169E-1,3.162277660169E-1));
#12734=AXIS2_PLACEMENT_3D('',#12731,#12732,#12733);
#12735=PLANE('',#12734);
#12736=ORIENTED_EDGE('',*,*,#9912,.F.);
#12737=ORIENTED_EDGE('',*,*,#9940,.F.);
#12738=ORIENTED_EDGE('',*,*,#9953,.T.);
#12739=ORIENTED_EDGE('',*,*,#12723,.F.);
#12740=EDGE_LOOP('',(#12736,#12737,#12738,#12739));
#12741=FACE_OUTER_BOUND('',#12740,.F.);
#12742=ADVANCED_FACE('',(#12741),#12735,.F.);
#12743=CARTESIAN_POINT('',(1.088763713788E2,1.337401949899E2,0.E0));
#12744=DIRECTION('',(-4.472135955E-1,-6.324555320337E-1,-6.324555320337E-1));
#12745=DIRECTION('',(8.944271909999E-1,-3.162277660169E-1,-3.162277660169E-1));
#12746=AXIS2_PLACEMENT_3D('',#12743,#12744,#12745);
#12747=PLANE('',#12746);
#12748=ORIENTED_EDGE('',*,*,#12710,.F.);
#12749=ORIENTED_EDGE('',*,*,#12725,.F.);
#12750=ORIENTED_EDGE('',*,*,#10006,.T.);
#12752=ORIENTED_EDGE('',*,*,#12751,.F.);
#12753=EDGE_LOOP('',(#12748,#12749,#12750,#12752));
#12754=FACE_OUTER_BOUND('',#12753,.F.);
#12755=ADVANCED_FACE('',(#12754),#12747,.F.);
#12756=CARTESIAN_POINT('',(1.088763713788E2,1.111218275466E2,
-5.647804694886E0));
#12757=DIRECTION('',(-4.472135955E-1,-6.324555320337E-1,6.324555320337E-1));
#12758=DIRECTION('',(8.944271909999E-1,-3.162277660169E-1,3.162277660169E-1));
#12759=AXIS2_PLACEMENT_3D('',#12756,#12757,#12758);
#12760=PLANE('',#12759);
#12761=ORIENTED_EDGE('',*,*,#12694,.F.);
#12762=ORIENTED_EDGE('',*,*,#12712,.F.);
#12763=ORIENTED_EDGE('',*,*,#12751,.T.);
#12765=ORIENTED_EDGE('',*,*,#12764,.F.);
#12766=EDGE_LOOP('',(#12761,#12762,#12763,#12765));
#12767=FACE_OUTER_BOUND('',#12766,.F.);
#12768=ADVANCED_FACE('',(#12767),#12760,.F.);
#12769=CARTESIAN_POINT('',(1.096763713788E2,1.114046702591E2,
-5.930647407361E0));
#12770=DIRECTION('',(-4.472135955E-1,6.324555320337E-1,-6.324555320337E-1));
#12771=DIRECTION('',(-8.944271909999E-1,-3.162277660169E-1,3.162277660169E-1));
#12772=AXIS2_PLACEMENT_3D('',#12769,#12770,#12771);
#12773=PLANE('',#12772);
#12775=ORIENTED_EDGE('',*,*,#12774,.F.);
#12776=ORIENTED_EDGE('',*,*,#12764,.T.);
#12778=ORIENTED_EDGE('',*,*,#12777,.T.);
#12780=ORIENTED_EDGE('',*,*,#12779,.F.);
#12781=EDGE_LOOP('',(#12775,#12776,#12778,#12780));
#12782=FACE_OUTER_BOUND('',#12781,.F.);
#12783=ADVANCED_FACE('',(#12782),#12773,.F.);
#12784=CARTESIAN_POINT('',(1.096763713788E2,1.283661834529E2,
2.828427124746E-1));
#12785=DIRECTION('',(-4.472135955E-1,6.324555320337E-1,6.324555320337E-1));
#12786=DIRECTION('',(-8.944271909999E-1,-3.162277660169E-1,-3.162277660169E-1));
#12787=AXIS2_PLACEMENT_3D('',#12784,#12785,#12786);
#12788=PLANE('',#12787);
#12790=ORIENTED_EDGE('',*,*,#12789,.F.);
#12792=ORIENTED_EDGE('',*,*,#12791,.T.);
#12794=ORIENTED_EDGE('',*,*,#12793,.F.);
#12795=ORIENTED_EDGE('',*,*,#12774,.T.);
#12796=EDGE_LOOP('',(#12790,#12792,#12794,#12795));
#12797=FACE_OUTER_BOUND('',#12796,.F.);
#12798=ADVANCED_FACE('',(#12797),#12788,.F.);
#12799=CARTESIAN_POINT('',(1.096763713788E2,0.E0,-1.425E1));
#12800=DIRECTION('',(1.E0,0.E0,0.E0));
#12801=DIRECTION('',(0.E0,0.E0,1.E0));
#12802=AXIS2_PLACEMENT_3D('',#12799,#12800,#12801);
#12803=PLANE('',#12802);
#12804=ORIENTED_EDGE('',*,*,#12789,.T.);
#12805=ORIENTED_EDGE('',*,*,#12779,.T.);
#12807=ORIENTED_EDGE('',*,*,#12806,.T.);
#12809=ORIENTED_EDGE('',*,*,#12808,.T.);
#12810=EDGE_LOOP('',(#12804,#12805,#12807,#12809));
#12811=FACE_OUTER_BOUND('',#12810,.F.);
#12812=ADVANCED_FACE('',(#12811),#12803,.T.);
#12813=CARTESIAN_POINT('',(1.088763713788E2,1.337401949899E2,0.E0));
#12814=DIRECTION('',(-4.472135955E-1,-6.324555320337E-1,-6.324555320337E-1));
#12815=DIRECTION('',(8.944271909999E-1,-3.162277660169E-1,-3.162277660169E-1));
#12816=AXIS2_PLACEMENT_3D('',#12813,#12814,#12815);
#12817=PLANE('',#12816);
#12818=ORIENTED_EDGE('',*,*,#12806,.F.);
#12819=ORIENTED_EDGE('',*,*,#12777,.F.);
#12821=ORIENTED_EDGE('',*,*,#12820,.T.);
#12823=ORIENTED_EDGE('',*,*,#12822,.F.);
#12824=EDGE_LOOP('',(#12818,#12819,#12821,#12823));
#12825=FACE_OUTER_BOUND('',#12824,.F.);
#12826=ADVANCED_FACE('',(#12825),#12817,.F.);
#12827=CARTESIAN_POINT('',(1.096763713788E2,1.340230377024E2,
2.828427124746E-1));
#12828=DIRECTION('',(-4.472135955E-1,6.324555320337E-1,6.324555320337E-1));
#12829=DIRECTION('',(-8.944271909999E-1,-3.162277660169E-1,-3.162277660169E-1));
#12830=AXIS2_PLACEMENT_3D('',#12827,#12828,#12829);
#12831=PLANE('',#12830);
#12833=ORIENTED_EDGE('',*,*,#12832,.F.);
#12835=ORIENTED_EDGE('',*,*,#12834,.T.);
#12836=ORIENTED_EDGE('',*,*,#12820,.F.);
#12838=ORIENTED_EDGE('',*,*,#12837,.T.);
#12839=EDGE_LOOP('',(#12833,#12835,#12836,#12838));
#12840=FACE_OUTER_BOUND('',#12839,.F.);
#12841=ADVANCED_FACE('',(#12840),#12831,.F.);
#12842=CARTESIAN_POINT('',(1.096763713788E2,0.E0,-1.425E1));
#12843=DIRECTION('',(1.E0,0.E0,0.E0));
#12844=DIRECTION('',(0.E0,0.E0,1.E0));
#12845=AXIS2_PLACEMENT_3D('',#12842,#12843,#12844);
#12846=PLANE('',#12845);
#12847=ORIENTED_EDGE('',*,*,#12832,.T.);
#12849=ORIENTED_EDGE('',*,*,#12848,.T.);
#12851=ORIENTED_EDGE('',*,*,#12850,.T.);
#12853=ORIENTED_EDGE('',*,*,#12852,.T.);
#12854=EDGE_LOOP('',(#12847,#12849,#12851,#12853));
#12855=FACE_OUTER_BOUND('',#12854,.F.);
#12856=ADVANCED_FACE('',(#12855),#12846,.T.);
#12857=CARTESIAN_POINT('',(1.096763713788E2,1.114046702591E2,
-5.930647407361E0));
#12858=DIRECTION('',(-4.472135955E-1,6.324555320337E-1,-6.324555320337E-1));
#12859=DIRECTION('',(-8.944271909999E-1,-3.162277660169E-1,3.162277660169E-1));
#12860=AXIS2_PLACEMENT_3D('',#12857,#12858,#12859);
#12861=PLANE('',#12860);
#12862=ORIENTED_EDGE('',*,*,#12837,.F.);
#12864=ORIENTED_EDGE('',*,*,#12863,.T.);
#12866=ORIENTED_EDGE('',*,*,#12865,.T.);
#12867=ORIENTED_EDGE('',*,*,#12848,.F.);
#12868=EDGE_LOOP('',(#12862,#12864,#12866,#12867));
#12869=FACE_OUTER_BOUND('',#12868,.F.);
#12870=ADVANCED_FACE('',(#12869),#12861,.F.);
#12871=CARTESIAN_POINT('',(1.088763713788E2,1.111218275466E2,
-5.647804694886E0));
#12872=DIRECTION('',(-4.472135955E-1,-6.324555320337E-1,6.324555320337E-1));
#12873=DIRECTION('',(8.944271909999E-1,-3.162277660169E-1,3.162277660169E-1));
#12874=AXIS2_PLACEMENT_3D('',#12871,#12872,#12873);
#12875=PLANE('',#12874);
#12876=ORIENTED_EDGE('',*,*,#10004,.F.);
#12877=ORIENTED_EDGE('',*,*,#10022,.F.);
#12878=ORIENTED_EDGE('',*,*,#10035,.T.);
#12879=ORIENTED_EDGE('',*,*,#12863,.F.);
#12880=EDGE_LOOP('',(#12876,#12877,#12878,#12879));
#12881=FACE_OUTER_BOUND('',#12880,.F.);
#12882=ADVANCED_FACE('',(#12881),#12875,.F.);
#12883=CARTESIAN_POINT('',(1.088763713788E2,1.393970492394E2,0.E0));
#12884=DIRECTION('',(-4.472135955E-1,-6.324555320337E-1,-6.324555320337E-1));
#12885=DIRECTION('',(8.944271909999E-1,-3.162277660169E-1,-3.162277660169E-1));
#12886=AXIS2_PLACEMENT_3D('',#12883,#12884,#12885);
#12887=PLANE('',#12886);
#12888=ORIENTED_EDGE('',*,*,#12850,.F.);
#12889=ORIENTED_EDGE('',*,*,#12865,.F.);
#12890=ORIENTED_EDGE('',*,*,#10103,.T.);
#12892=ORIENTED_EDGE('',*,*,#12891,.F.);
#12893=EDGE_LOOP('',(#12888,#12889,#12890,#12892));
#12894=FACE_OUTER_BOUND('',#12893,.F.);
#12895=ADVANCED_FACE('',(#12894),#12887,.F.);
#12896=CARTESIAN_POINT('',(1.088763713788E2,1.224355360456E2,
9.049554605937E-3));
#12897=DIRECTION('',(-4.472135955E-1,-6.324555320337E-1,6.324555320337E-1));
#12898=DIRECTION('',(8.944271909999E-1,-3.162277660169E-1,3.162277660169E-1));
#12899=AXIS2_PLACEMENT_3D('',#12896,#12897,#12898);
#12900=PLANE('',#12899);
#12901=ORIENTED_EDGE('',*,*,#12834,.F.);
#12902=ORIENTED_EDGE('',*,*,#12852,.F.);
#12903=ORIENTED_EDGE('',*,*,#12891,.T.);
#12905=ORIENTED_EDGE('',*,*,#12904,.F.);
#12906=EDGE_LOOP('',(#12901,#12902,#12903,#12905));
#12907=FACE_OUTER_BOUND('',#12906,.F.);
#12908=ADVANCED_FACE('',(#12907),#12900,.F.);
#12909=CARTESIAN_POINT('',(1.096763713788E2,1.227183787580E2,
-2.737931578687E-1));
#12910=DIRECTION('',(-4.472135955E-1,6.324555320337E-1,-6.324555320337E-1));
#12911=DIRECTION('',(-8.944271909999E-1,-3.162277660169E-1,3.162277660169E-1));
#12912=AXIS2_PLACEMENT_3D('',#12909,#12910,#12911);
#12913=PLANE('',#12912);
#12915=ORIENTED_EDGE('',*,*,#12914,.F.);
#12916=ORIENTED_EDGE('',*,*,#12904,.T.);
#12918=ORIENTED_EDGE('',*,*,#12917,.T.);
#12920=ORIENTED_EDGE('',*,*,#12919,.F.);
#12921=EDGE_LOOP('',(#12915,#12916,#12918,#12920));
#12922=FACE_OUTER_BOUND('',#12921,.F.);
#12923=ADVANCED_FACE('',(#12922),#12913,.F.);
#12924=CARTESIAN_POINT('',(1.096763713788E2,1.340230377024E2,
2.828427124746E-1));
#12925=DIRECTION('',(-4.472135955E-1,6.324555320337E-1,6.324555320337E-1));
#12926=DIRECTION('',(-8.944271909999E-1,-3.162277660169E-1,-3.162277660169E-1));
#12927=AXIS2_PLACEMENT_3D('',#12924,#12925,#12926);
#12928=PLANE('',#12927);
#12930=ORIENTED_EDGE('',*,*,#12929,.F.);
#12932=ORIENTED_EDGE('',*,*,#12931,.T.);
#12934=ORIENTED_EDGE('',*,*,#12933,.F.);
#12935=ORIENTED_EDGE('',*,*,#12914,.T.);
#12936=EDGE_LOOP('',(#12930,#12932,#12934,#12935));
#12937=FACE_OUTER_BOUND('',#12936,.F.);
#12938=ADVANCED_FACE('',(#12937),#12928,.F.);
#12939=CARTESIAN_POINT('',(1.096763713788E2,0.E0,-1.425E1));
#12940=DIRECTION('',(1.E0,0.E0,0.E0));
#12941=DIRECTION('',(0.E0,0.E0,1.E0));
#12942=AXIS2_PLACEMENT_3D('',#12939,#12940,#12941);
#12943=PLANE('',#12942);
#12944=ORIENTED_EDGE('',*,*,#12929,.T.);
#12945=ORIENTED_EDGE('',*,*,#12919,.T.);
#12947=ORIENTED_EDGE('',*,*,#12946,.T.);
#12949=ORIENTED_EDGE('',*,*,#12948,.T.);
#12950=EDGE_LOOP('',(#12944,#12945,#12947,#12949));
#12951=FACE_OUTER_BOUND('',#12950,.F.);
#12952=ADVANCED_FACE('',(#12951),#12943,.T.);
#12953=CARTESIAN_POINT('',(1.088763713788E2,1.393970492394E2,0.E0));
#12954=DIRECTION('',(-4.472135955E-1,-6.324555320337E-1,-6.324555320337E-1));
#12955=DIRECTION('',(8.944271909999E-1,-3.162277660169E-1,-3.162277660169E-1));
#12956=AXIS2_PLACEMENT_3D('',#12953,#12954,#12955);
#12957=PLANE('',#12956);
#12958=ORIENTED_EDGE('',*,*,#12946,.F.);
#12959=ORIENTED_EDGE('',*,*,#12917,.F.);
#12961=ORIENTED_EDGE('',*,*,#12960,.T.);
#12963=ORIENTED_EDGE('',*,*,#12962,.F.);
#12964=EDGE_LOOP('',(#12958,#12959,#12961,#12963));
#12965=FACE_OUTER_BOUND('',#12964,.F.);
#12966=ADVANCED_FACE('',(#12965),#12957,.F.);
#12967=CARTESIAN_POINT('',(1.096763713788E2,1.396798919519E2,
2.828427124746E-1));
#12968=DIRECTION('',(-4.472135955E-1,6.324555320337E-1,6.324555320337E-1));
#12969=DIRECTION('',(-8.944271909999E-1,-3.162277660169E-1,-3.162277660169E-1));
#12970=AXIS2_PLACEMENT_3D('',#12967,#12968,#12969);
#12971=PLANE('',#12970);
#12973=ORIENTED_EDGE('',*,*,#12972,.F.);
#12975=ORIENTED_EDGE('',*,*,#12974,.T.);
#12976=ORIENTED_EDGE('',*,*,#12960,.F.);
#12978=ORIENTED_EDGE('',*,*,#12977,.T.);
#12979=EDGE_LOOP('',(#12973,#12975,#12976,#12978));
#12980=FACE_OUTER_BOUND('',#12979,.F.);
#12981=ADVANCED_FACE('',(#12980),#12971,.F.);
#12982=CARTESIAN_POINT('',(1.096763713788E2,0.E0,-1.425E1));
#12983=DIRECTION('',(1.E0,0.E0,0.E0));
#12984=DIRECTION('',(0.E0,0.E0,1.E0));
#12985=AXIS2_PLACEMENT_3D('',#12982,#12983,#12984);
#12986=PLANE('',#12985);
#12987=ORIENTED_EDGE('',*,*,#12972,.T.);
#12989=ORIENTED_EDGE('',*,*,#12988,.T.);
#12991=ORIENTED_EDGE('',*,*,#12990,.T.);
#12993=ORIENTED_EDGE('',*,*,#12992,.T.);
#12994=EDGE_LOOP('',(#12987,#12989,#12991,#12993));
#12995=FACE_OUTER_BOUND('',#12994,.F.);
#12996=ADVANCED_FACE('',(#12995),#12986,.T.);
#12997=CARTESIAN_POINT('',(1.096763713788E2,1.227183787580E2,
-2.737931578687E-1));
#12998=DIRECTION('',(-4.472135955E-1,6.324555320337E-1,-6.324555320337E-1));
#12999=DIRECTION('',(-8.944271909999E-1,-3.162277660169E-1,3.162277660169E-1));
#13000=AXIS2_PLACEMENT_3D('',#12997,#12998,#12999);
#13001=PLANE('',#13000);
#13002=ORIENTED_EDGE('',*,*,#12977,.F.);
#13004=ORIENTED_EDGE('',*,*,#13003,.T.);
#13006=ORIENTED_EDGE('',*,*,#13005,.T.);
#13007=ORIENTED_EDGE('',*,*,#12988,.F.);
#13008=EDGE_LOOP('',(#13002,#13004,#13006,#13007));
#13009=FACE_OUTER_BOUND('',#13008,.F.);
#13010=ADVANCED_FACE('',(#13009),#13001,.F.);
#13011=CARTESIAN_POINT('',(1.088763713788E2,1.224355360456E2,
9.049554605937E-3));
#13012=DIRECTION('',(-4.472135955E-1,-6.324555320337E-1,6.324555320337E-1));
#13013=DIRECTION('',(8.944271909999E-1,-3.162277660169E-1,3.162277660169E-1));
#13014=AXIS2_PLACEMENT_3D('',#13011,#13012,#13013);
#13015=PLANE('',#13014);
#13016=ORIENTED_EDGE('',*,*,#10101,.F.);
#13017=ORIENTED_EDGE('',*,*,#10119,.F.);
#13018=ORIENTED_EDGE('',*,*,#10132,.T.);
#13019=ORIENTED_EDGE('',*,*,#13003,.F.);
#13020=EDGE_LOOP('',(#13016,#13017,#13018,#13019));
#13021=FACE_OUTER_BOUND('',#13020,.F.);
#13022=ADVANCED_FACE('',(#13021),#13015,.F.);
#13023=CARTESIAN_POINT('',(1.088763713788E2,1.450539034889E2,0.E0));
#13024=DIRECTION('',(-4.472135955E-1,-6.324555320337E-1,-6.324555320337E-1));
#13025=DIRECTION('',(8.944271909999E-1,-3.162277660169E-1,-3.162277660169E-1));
#13026=AXIS2_PLACEMENT_3D('',#13023,#13024,#13025);
#13027=PLANE('',#13026);
#13028=ORIENTED_EDGE('',*,*,#12990,.F.);
#13029=ORIENTED_EDGE('',*,*,#13005,.F.);
#13030=ORIENTED_EDGE('',*,*,#10200,.T.);
#13032=ORIENTED_EDGE('',*,*,#13031,.F.);
#13033=EDGE_LOOP('',(#13028,#13029,#13030,#13032));
#13034=FACE_OUTER_BOUND('',#13033,.F.);
#13035=ADVANCED_FACE('',(#13034),#13027,.F.);
#13036=CARTESIAN_POINT('',(1.088763713788E2,1.224355360456E2,
-5.647804694886E0));
#13037=DIRECTION('',(-4.472135955E-1,-6.324555320337E-1,6.324555320337E-1));
#13038=DIRECTION('',(8.944271909999E-1,-3.162277660169E-1,3.162277660169E-1));
#13039=AXIS2_PLACEMENT_3D('',#13036,#13037,#13038);
#13040=PLANE('',#13039);
#13041=ORIENTED_EDGE('',*,*,#12974,.F.);
#13042=ORIENTED_EDGE('',*,*,#12992,.F.);
#13043=ORIENTED_EDGE('',*,*,#13031,.T.);
#13045=ORIENTED_EDGE('',*,*,#13044,.F.);
#13046=EDGE_LOOP('',(#13041,#13042,#13043,#13045));
#13047=FACE_OUTER_BOUND('',#13046,.F.);
#13048=ADVANCED_FACE('',(#13047),#13040,.F.);
#13049=CARTESIAN_POINT('',(1.096763713788E2,1.227183787580E2,
-5.930647407361E0));
#13050=DIRECTION('',(-4.472135955E-1,6.324555320337E-1,-6.324555320337E-1));
#13051=DIRECTION('',(-8.944271909999E-1,-3.162277660169E-1,3.162277660169E-1));
#13052=AXIS2_PLACEMENT_3D('',#13049,#13050,#13051);
#13053=PLANE('',#13052);
#13055=ORIENTED_EDGE('',*,*,#13054,.F.);
#13056=ORIENTED_EDGE('',*,*,#13044,.T.);
#13058=ORIENTED_EDGE('',*,*,#13057,.T.);
#13060=ORIENTED_EDGE('',*,*,#13059,.F.);
#13061=EDGE_LOOP('',(#13055,#13056,#13058,#13060));
#13062=FACE_OUTER_BOUND('',#13061,.F.);
#13063=ADVANCED_FACE('',(#13062),#13053,.F.);
#13064=CARTESIAN_POINT('',(1.096763713788E2,1.396798919519E2,
2.828427124746E-1));
#13065=DIRECTION('',(-4.472135955E-1,6.324555320337E-1,6.324555320337E-1));
#13066=DIRECTION('',(-8.944271909999E-1,-3.162277660169E-1,-3.162277660169E-1));
#13067=AXIS2_PLACEMENT_3D('',#13064,#13065,#13066);
#13068=PLANE('',#13067);
#13070=ORIENTED_EDGE('',*,*,#13069,.F.);
#13072=ORIENTED_EDGE('',*,*,#13071,.T.);
#13074=ORIENTED_EDGE('',*,*,#13073,.F.);
#13075=ORIENTED_EDGE('',*,*,#13054,.T.);
#13076=EDGE_LOOP('',(#13070,#13072,#13074,#13075));
#13077=FACE_OUTER_BOUND('',#13076,.F.);
#13078=ADVANCED_FACE('',(#13077),#13068,.F.);
#13079=CARTESIAN_POINT('',(1.096763713788E2,0.E0,-1.425E1));
#13080=DIRECTION('',(1.E0,0.E0,0.E0));
#13081=DIRECTION('',(0.E0,0.E0,1.E0));
#13082=AXIS2_PLACEMENT_3D('',#13079,#13080,#13081);
#13083=PLANE('',#13082);
#13084=ORIENTED_EDGE('',*,*,#13069,.T.);
#13085=ORIENTED_EDGE('',*,*,#13059,.T.);
#13087=ORIENTED_EDGE('',*,*,#13086,.T.);
#13089=ORIENTED_EDGE('',*,*,#13088,.T.);
#13090=EDGE_LOOP('',(#13084,#13085,#13087,#13089));
#13091=FACE_OUTER_BOUND('',#13090,.F.);
#13092=ADVANCED_FACE('',(#13091),#13083,.T.);
#13093=CARTESIAN_POINT('',(1.088763713788E2,1.450539034889E2,0.E0));
#13094=DIRECTION('',(-4.472135955E-1,-6.324555320337E-1,-6.324555320337E-1));
#13095=DIRECTION('',(8.944271909999E-1,-3.162277660169E-1,-3.162277660169E-1));
#13096=AXIS2_PLACEMENT_3D('',#13093,#13094,#13095);
#13097=PLANE('',#13096);
#13098=ORIENTED_EDGE('',*,*,#13086,.F.);
#13099=ORIENTED_EDGE('',*,*,#13057,.F.);
#13101=ORIENTED_EDGE('',*,*,#13100,.T.);
#13103=ORIENTED_EDGE('',*,*,#13102,.F.);
#13104=EDGE_LOOP('',(#13098,#13099,#13101,#13103));
#13105=FACE_OUTER_BOUND('',#13104,.F.);
#13106=ADVANCED_FACE('',(#13105),#13097,.F.);
#13107=CARTESIAN_POINT('',(1.096763713788E2,1.453367462014E2,
2.828427124746E-1));
#13108=DIRECTION('',(-4.472135955E-1,6.324555320337E-1,6.324555320337E-1));
#13109=DIRECTION('',(-8.944271909999E-1,-3.162277660169E-1,-3.162277660169E-1));
#13110=AXIS2_PLACEMENT_3D('',#13107,#13108,#13109);
#13111=PLANE('',#13110);
#13113=ORIENTED_EDGE('',*,*,#13112,.F.);
#13115=ORIENTED_EDGE('',*,*,#13114,.T.);
#13116=ORIENTED_EDGE('',*,*,#13100,.F.);
#13118=ORIENTED_EDGE('',*,*,#13117,.T.);
#13119=EDGE_LOOP('',(#13113,#13115,#13116,#13118));
#13120=FACE_OUTER_BOUND('',#13119,.F.);
#13121=ADVANCED_FACE('',(#13120),#13111,.F.);
#13122=CARTESIAN_POINT('',(1.096763713788E2,0.E0,-1.425E1));
#13123=DIRECTION('',(1.E0,0.E0,0.E0));
#13124=DIRECTION('',(0.E0,0.E0,1.E0));
#13125=AXIS2_PLACEMENT_3D('',#13122,#13123,#13124);
#13126=PLANE('',#13125);
#13127=ORIENTED_EDGE('',*,*,#13112,.T.);
#13129=ORIENTED_EDGE('',*,*,#13128,.T.);
#13131=ORIENTED_EDGE('',*,*,#13130,.T.);
#13133=ORIENTED_EDGE('',*,*,#13132,.T.);
#13134=EDGE_LOOP('',(#13127,#13129,#13131,#13133));
#13135=FACE_OUTER_BOUND('',#13134,.F.);
#13136=ADVANCED_FACE('',(#13135),#13126,.T.);
#13137=CARTESIAN_POINT('',(1.096763713788E2,1.227183787580E2,
-5.930647407361E0));
#13138=DIRECTION('',(-4.472135955E-1,6.324555320337E-1,-6.324555320337E-1));
#13139=DIRECTION('',(-8.944271909999E-1,-3.162277660169E-1,3.162277660169E-1));
#13140=AXIS2_PLACEMENT_3D('',#13137,#13138,#13139);
#13141=PLANE('',#13140);
#13142=ORIENTED_EDGE('',*,*,#13117,.F.);
#13144=ORIENTED_EDGE('',*,*,#13143,.T.);
#13146=ORIENTED_EDGE('',*,*,#13145,.T.);
#13147=ORIENTED_EDGE('',*,*,#13128,.F.);
#13148=EDGE_LOOP('',(#13142,#13144,#13146,#13147));
#13149=FACE_OUTER_BOUND('',#13148,.F.);
#13150=ADVANCED_FACE('',(#13149),#13141,.F.);
#13151=CARTESIAN_POINT('',(1.088763713788E2,1.224355360456E2,
-5.647804694886E0));
#13152=DIRECTION('',(-4.472135955E-1,-6.324555320337E-1,6.324555320337E-1));
#13153=DIRECTION('',(8.944271909999E-1,-3.162277660169E-1,3.162277660169E-1));
#13154=AXIS2_PLACEMENT_3D('',#13151,#13152,#13153);
#13155=PLANE('',#13154);
#13156=ORIENTED_EDGE('',*,*,#10198,.F.);
#13157=ORIENTED_EDGE('',*,*,#10216,.F.);
#13158=ORIENTED_EDGE('',*,*,#10229,.T.);
#13159=ORIENTED_EDGE('',*,*,#13143,.F.);
#13160=EDGE_LOOP('',(#13156,#13157,#13158,#13159));
#13161=FACE_OUTER_BOUND('',#13160,.F.);
#13162=ADVANCED_FACE('',(#13161),#13155,.F.);
#13163=CARTESIAN_POINT('',(1.088763713788E2,1.507107577384E2,0.E0));
#13164=DIRECTION('',(-4.472135955E-1,-6.324555320337E-1,-6.324555320337E-1));
#13165=DIRECTION('',(8.944271909999E-1,-3.162277660169E-1,-3.162277660169E-1));
#13166=AXIS2_PLACEMENT_3D('',#13163,#13164,#13165);
#13167=PLANE('',#13166);
#13168=ORIENTED_EDGE('',*,*,#13130,.F.);
#13169=ORIENTED_EDGE('',*,*,#13145,.F.);
#13170=ORIENTED_EDGE('',*,*,#10297,.T.);
#13172=ORIENTED_EDGE('',*,*,#13171,.F.);
#13173=EDGE_LOOP('',(#13168,#13169,#13170,#13172));
#13174=FACE_OUTER_BOUND('',#13173,.F.);
#13175=ADVANCED_FACE('',(#13174),#13167,.F.);
#13176=CARTESIAN_POINT('',(1.088763713788E2,1.280923902951E2,
-5.647804694886E0));
#13177=DIRECTION('',(-4.472135955E-1,-6.324555320337E-1,6.324555320337E-1));
#13178=DIRECTION('',(8.944271909999E-1,-3.162277660169E-1,3.162277660169E-1));
#13179=AXIS2_PLACEMENT_3D('',#13176,#13177,#13178);
#13180=PLANE('',#13179);
#13181=ORIENTED_EDGE('',*,*,#13114,.F.);
#13182=ORIENTED_EDGE('',*,*,#13132,.F.);
#13183=ORIENTED_EDGE('',*,*,#13171,.T.);
#13185=ORIENTED_EDGE('',*,*,#13184,.F.);
#13186=EDGE_LOOP('',(#13181,#13182,#13183,#13185));
#13187=FACE_OUTER_BOUND('',#13186,.F.);
#13188=ADVANCED_FACE('',(#13187),#13180,.F.);
#13189=CARTESIAN_POINT('',(1.096763713788E2,1.283752330075E2,
-5.930647407361E0));
#13190=DIRECTION('',(-4.472135955E-1,6.324555320337E-1,-6.324555320337E-1));
#13191=DIRECTION('',(-8.944271909999E-1,-3.162277660169E-1,3.162277660169E-1));
#13192=AXIS2_PLACEMENT_3D('',#13189,#13190,#13191);
#13193=PLANE('',#13192);
#13195=ORIENTED_EDGE('',*,*,#13194,.F.);
#13196=ORIENTED_EDGE('',*,*,#13184,.T.);
#13198=ORIENTED_EDGE('',*,*,#13197,.T.);
#13200=ORIENTED_EDGE('',*,*,#13199,.F.);
#13201=EDGE_LOOP('',(#13195,#13196,#13198,#13200));
#13202=FACE_OUTER_BOUND('',#13201,.F.);
#13203=ADVANCED_FACE('',(#13202),#13193,.F.);
#13204=CARTESIAN_POINT('',(1.096763713788E2,1.453367462014E2,
2.828427124746E-1));
#13205=DIRECTION('',(-4.472135955E-1,6.324555320337E-1,6.324555320337E-1));
#13206=DIRECTION('',(-8.944271909999E-1,-3.162277660169E-1,-3.162277660169E-1));
#13207=AXIS2_PLACEMENT_3D('',#13204,#13205,#13206);
#13208=PLANE('',#13207);
#13210=ORIENTED_EDGE('',*,*,#13209,.F.);
#13212=ORIENTED_EDGE('',*,*,#13211,.T.);
#13214=ORIENTED_EDGE('',*,*,#13213,.F.);
#13215=ORIENTED_EDGE('',*,*,#13194,.T.);
#13216=EDGE_LOOP('',(#13210,#13212,#13214,#13215));
#13217=FACE_OUTER_BOUND('',#13216,.F.);
#13218=ADVANCED_FACE('',(#13217),#13208,.F.);
#13219=CARTESIAN_POINT('',(1.096763713788E2,0.E0,-1.425E1));
#13220=DIRECTION('',(1.E0,0.E0,0.E0));
#13221=DIRECTION('',(0.E0,0.E0,1.E0));
#13222=AXIS2_PLACEMENT_3D('',#13219,#13220,#13221);
#13223=PLANE('',#13222);
#13224=ORIENTED_EDGE('',*,*,#13209,.T.);
#13225=ORIENTED_EDGE('',*,*,#13199,.T.);
#13227=ORIENTED_EDGE('',*,*,#13226,.T.);
#13229=ORIENTED_EDGE('',*,*,#13228,.T.);
#13230=EDGE_LOOP('',(#13224,#13225,#13227,#13229));
#13231=FACE_OUTER_BOUND('',#13230,.F.);
#13232=ADVANCED_FACE('',(#13231),#13223,.T.);
#13233=CARTESIAN_POINT('',(1.088763713788E2,1.507107577384E2,0.E0));
#13234=DIRECTION('',(-4.472135955E-1,-6.324555320337E-1,-6.324555320337E-1));
#13235=DIRECTION('',(8.944271909999E-1,-3.162277660169E-1,-3.162277660169E-1));
#13236=AXIS2_PLACEMENT_3D('',#13233,#13234,#13235);
#13237=PLANE('',#13236);
#13238=ORIENTED_EDGE('',*,*,#13226,.F.);
#13239=ORIENTED_EDGE('',*,*,#13197,.F.);
#13241=ORIENTED_EDGE('',*,*,#13240,.T.);
#13243=ORIENTED_EDGE('',*,*,#13242,.F.);
#13244=EDGE_LOOP('',(#13238,#13239,#13241,#13243));
#13245=FACE_OUTER_BOUND('',#13244,.F.);
#13246=ADVANCED_FACE('',(#13245),#13237,.F.);
#13247=CARTESIAN_POINT('',(1.096763713788E2,1.509936004509E2,
2.828427124746E-1));
#13248=DIRECTION('',(-4.472135955E-1,6.324555320337E-1,6.324555320337E-1));
#13249=DIRECTION('',(-8.944271909999E-1,-3.162277660169E-1,-3.162277660169E-1));
#13250=AXIS2_PLACEMENT_3D('',#13247,#13248,#13249);
#13251=PLANE('',#13250);
#13253=ORIENTED_EDGE('',*,*,#13252,.F.);
#13255=ORIENTED_EDGE('',*,*,#13254,.T.);
#13256=ORIENTED_EDGE('',*,*,#13240,.F.);
#13258=ORIENTED_EDGE('',*,*,#13257,.T.);
#13259=EDGE_LOOP('',(#13253,#13255,#13256,#13258));
#13260=FACE_OUTER_BOUND('',#13259,.F.);
#13261=ADVANCED_FACE('',(#13260),#13251,.F.);
#13262=CARTESIAN_POINT('',(1.096763713788E2,0.E0,-1.425E1));
#13263=DIRECTION('',(1.E0,0.E0,0.E0));
#13264=DIRECTION('',(0.E0,0.E0,1.E0));
#13265=AXIS2_PLACEMENT_3D('',#13262,#13263,#13264);
#13266=PLANE('',#13265);
#13267=ORIENTED_EDGE('',*,*,#13252,.T.);
#13269=ORIENTED_EDGE('',*,*,#13268,.T.);
#13271=ORIENTED_EDGE('',*,*,#13270,.T.);
#13273=ORIENTED_EDGE('',*,*,#13272,.T.);
#13274=EDGE_LOOP('',(#13267,#13269,#13271,#13273));
#13275=FACE_OUTER_BOUND('',#13274,.F.);
#13276=ADVANCED_FACE('',(#13275),#13266,.T.);
#13277=CARTESIAN_POINT('',(1.096763713788E2,1.283752330075E2,
-5.930647407361E0));
#13278=DIRECTION('',(-4.472135955E-1,6.324555320337E-1,-6.324555320337E-1));
#13279=DIRECTION('',(-8.944271909999E-1,-3.162277660169E-1,3.162277660169E-1));
#13280=AXIS2_PLACEMENT_3D('',#13277,#13278,#13279);
#13281=PLANE('',#13280);
#13282=ORIENTED_EDGE('',*,*,#13257,.F.);
#13284=ORIENTED_EDGE('',*,*,#13283,.T.);
#13286=ORIENTED_EDGE('',*,*,#13285,.F.);
#13287=ORIENTED_EDGE('',*,*,#13268,.F.);
#13288=EDGE_LOOP('',(#13282,#13284,#13286,#13287));
#13289=FACE_OUTER_BOUND('',#13288,.F.);
#13290=ADVANCED_FACE('',(#13289),#13281,.F.);
#13291=CARTESIAN_POINT('',(1.088763713788E2,1.280923902951E2,
-5.647804694886E0));
#13292=DIRECTION('',(-4.472135955E-1,-6.324555320337E-1,6.324555320337E-1));
#13293=DIRECTION('',(8.944271909999E-1,-3.162277660169E-1,3.162277660169E-1));
#13294=AXIS2_PLACEMENT_3D('',#13291,#13292,#13293);
#13295=PLANE('',#13294);
#13296=ORIENTED_EDGE('',*,*,#10295,.F.);
#13297=ORIENTED_EDGE('',*,*,#10313,.F.);
#13298=ORIENTED_EDGE('',*,*,#10326,.T.);
#13299=ORIENTED_EDGE('',*,*,#13283,.F.);
#13300=EDGE_LOOP('',(#13296,#13297,#13298,#13299));
#13301=FACE_OUTER_BOUND('',#13300,.F.);
#13302=ADVANCED_FACE('',(#13301),#13295,.F.);
#13303=CARTESIAN_POINT('',(1.088763713788E2,1.563676119879E2,0.E0));
#13304=DIRECTION('',(-4.472135955E-1,-6.324555320337E-1,-6.324555320337E-1));
#13305=DIRECTION('',(8.944271909999E-1,-3.162277660169E-1,-3.162277660169E-1));
#13306=AXIS2_PLACEMENT_3D('',#13303,#13304,#13305);
#13307=PLANE('',#13306);
#13308=ORIENTED_EDGE('',*,*,#13270,.F.);
#13309=ORIENTED_EDGE('',*,*,#13285,.T.);
#13311=ORIENTED_EDGE('',*,*,#13310,.T.);
#13313=ORIENTED_EDGE('',*,*,#13312,.F.);
#13314=EDGE_LOOP('',(#13308,#13309,#13311,#13313));
#13315=FACE_OUTER_BOUND('',#13314,.F.);
#13316=ADVANCED_FACE('',(#13315),#13307,.F.);
#13317=CARTESIAN_POINT('',(1.096763713788E2,1.566504547004E2,
2.828427124746E-1));
#13318=DIRECTION('',(-4.472135955E-1,6.324555320337E-1,6.324555320337E-1));
#13319=DIRECTION('',(-8.944271909999E-1,-3.162277660169E-1,-3.162277660169E-1));
#13320=AXIS2_PLACEMENT_3D('',#13317,#13318,#13319);
#13321=PLANE('',#13320);
#13323=ORIENTED_EDGE('',*,*,#13322,.F.);
#13325=ORIENTED_EDGE('',*,*,#13324,.F.);
#13326=ORIENTED_EDGE('',*,*,#13310,.F.);
#13327=ORIENTED_EDGE('',*,*,#10380,.T.);
#13328=EDGE_LOOP('',(#13323,#13325,#13326,#13327));
#13329=FACE_OUTER_BOUND('',#13328,.F.);
#13330=ADVANCED_FACE('',(#13329),#13321,.F.);
#13331=CARTESIAN_POINT('',(1.096763713788E2,0.E0,-1.425E1));
#13332=DIRECTION('',(1.E0,0.E0,0.E0));
#13333=DIRECTION('',(0.E0,0.E0,1.E0));
#13334=AXIS2_PLACEMENT_3D('',#13331,#13332,#13333);
#13335=PLANE('',#13334);
#13336=ORIENTED_EDGE('',*,*,#10396,.T.);
#13338=ORIENTED_EDGE('',*,*,#13337,.T.);
#13339=ORIENTED_EDGE('',*,*,#13322,.T.);
#13340=ORIENTED_EDGE('',*,*,#10378,.T.);
#13341=EDGE_LOOP('',(#13336,#13338,#13339,#13340));
#13342=FACE_OUTER_BOUND('',#13341,.F.);
#13343=ADVANCED_FACE('',(#13342),#13335,.T.);
#13344=CARTESIAN_POINT('',(1.088763713788E2,1.337492445446E2,
-5.647804694886E0));
#13345=DIRECTION('',(-4.472135955E-1,-6.324555320337E-1,6.324555320337E-1));
#13346=DIRECTION('',(8.944271909999E-1,-3.162277660169E-1,3.162277660169E-1));
#13347=AXIS2_PLACEMENT_3D('',#13344,#13345,#13346);
#13348=PLANE('',#13347);
#13349=ORIENTED_EDGE('',*,*,#10446,.T.);
#13351=ORIENTED_EDGE('',*,*,#13350,.F.);
#13352=ORIENTED_EDGE('',*,*,#13324,.T.);
#13353=ORIENTED_EDGE('',*,*,#13337,.F.);
#13354=ORIENTED_EDGE('',*,*,#10394,.T.);
#13355=EDGE_LOOP('',(#13349,#13351,#13352,#13353,#13354));
#13356=FACE_OUTER_BOUND('',#13355,.F.);
#13357=ADVANCED_FACE('',(#13356),#13348,.F.);
#13358=CARTESIAN_POINT('',(1.096763713788E2,1.340320872570E2,
-5.930647407361E0));
#13359=DIRECTION('',(-4.472135955E-1,6.324555320337E-1,-6.324555320337E-1));
#13360=DIRECTION('',(-8.944271909999E-1,-3.162277660169E-1,3.162277660169E-1));
#13361=AXIS2_PLACEMENT_3D('',#13358,#13359,#13360);
#13362=PLANE('',#13361);
#13364=ORIENTED_EDGE('',*,*,#13363,.F.);
#13365=ORIENTED_EDGE('',*,*,#13350,.T.);
#13366=ORIENTED_EDGE('',*,*,#10444,.T.);
#13368=ORIENTED_EDGE('',*,*,#13367,.F.);
#13369=EDGE_LOOP('',(#13364,#13365,#13366,#13368));
#13370=FACE_OUTER_BOUND('',#13369,.F.);
#13371=ADVANCED_FACE('',(#13370),#13362,.F.);
#13372=CARTESIAN_POINT('',(1.096763713788E2,1.566504547004E2,
2.828427124746E-1));
#13373=DIRECTION('',(-4.472135955E-1,6.324555320337E-1,6.324555320337E-1));
#13374=DIRECTION('',(-8.944271909999E-1,-3.162277660169E-1,-3.162277660169E-1));
#13375=AXIS2_PLACEMENT_3D('',#13372,#13373,#13374);
#13376=PLANE('',#13375);
#13377=ORIENTED_EDGE('',*,*,#10440,.F.);
#13379=ORIENTED_EDGE('',*,*,#13378,.F.);
#13380=ORIENTED_EDGE('',*,*,#13363,.T.);
#13382=ORIENTED_EDGE('',*,*,#13381,.F.);
#13383=EDGE_LOOP('',(#13377,#13379,#13380,#13382));
#13384=FACE_OUTER_BOUND('',#13383,.F.);
#13385=ADVANCED_FACE('',(#13384),#13376,.F.);
#13386=CARTESIAN_POINT('',(1.088763713788E2,1.563676119879E2,0.E0));
#13387=DIRECTION('',(-4.472135955E-1,-6.324555320337E-1,-6.324555320337E-1));
#13388=DIRECTION('',(8.944271909999E-1,-3.162277660169E-1,-3.162277660169E-1));
#13389=AXIS2_PLACEMENT_3D('',#13386,#13387,#13388);
#13390=PLANE('',#13389);
#13391=ORIENTED_EDGE('',*,*,#10438,.F.);
#13393=ORIENTED_EDGE('',*,*,#13392,.F.);
#13395=ORIENTED_EDGE('',*,*,#13394,.F.);
#13397=ORIENTED_EDGE('',*,*,#13396,.T.);
#13398=ORIENTED_EDGE('',*,*,#13378,.T.);
#13399=EDGE_LOOP('',(#13391,#13393,#13395,#13397,#13398));
#13400=FACE_OUTER_BOUND('',#13399,.F.);
#13401=ADVANCED_FACE('',(#13400),#13390,.F.);
#13402=CARTESIAN_POINT('',(1.088763713788E2,1.337492445446E2,
-1.130465894438E1));
#13403=DIRECTION('',(-4.472135955E-1,-6.324555320337E-1,6.324555320337E-1));
#13404=DIRECTION('',(8.944271909999E-1,-3.162277660169E-1,3.162277660169E-1));
#13405=AXIS2_PLACEMENT_3D('',#13402,#13403,#13404);
#13406=PLANE('',#13405);
#13408=ORIENTED_EDGE('',*,*,#13407,.F.);
#13410=ORIENTED_EDGE('',*,*,#13409,.F.);
#13411=ORIENTED_EDGE('',*,*,#13392,.T.);
#13412=ORIENTED_EDGE('',*,*,#10436,.T.);
#13414=ORIENTED_EDGE('',*,*,#13413,.F.);
#13415=EDGE_LOOP('',(#13408,#13410,#13411,#13412,#13414));
#13416=FACE_OUTER_BOUND('',#13415,.F.);
#13417=ADVANCED_FACE('',(#13416),#13406,.F.);
#13418=CARTESIAN_POINT('',(1.096763713788E2,1.509936004509E2,
2.828427124746E-1));
#13419=DIRECTION('',(-4.472135955E-1,6.324555320337E-1,6.324555320337E-1));
#13420=DIRECTION('',(-8.944271909999E-1,-3.162277660169E-1,-3.162277660169E-1));
#13421=AXIS2_PLACEMENT_3D('',#13418,#13419,#13420);
#13422=PLANE('',#13421);
#13424=ORIENTED_EDGE('',*,*,#13423,.F.);
#13425=ORIENTED_EDGE('',*,*,#13407,.T.);
#13427=ORIENTED_EDGE('',*,*,#13426,.F.);
#13429=ORIENTED_EDGE('',*,*,#13428,.T.);
#13430=EDGE_LOOP('',(#13424,#13425,#13427,#13429));
#13431=FACE_OUTER_BOUND('',#13430,.F.);
#13432=ADVANCED_FACE('',(#13431),#13422,.F.);
#13433=CARTESIAN_POINT('',(1.096763713788E2,0.E0,-1.425E1));
#13434=DIRECTION('',(1.E0,0.E0,0.E0));
#13435=DIRECTION('',(0.E0,0.E0,1.E0));
#13436=AXIS2_PLACEMENT_3D('',#13433,#13434,#13435);
#13437=PLANE('',#13436);
#13438=ORIENTED_EDGE('',*,*,#13423,.T.);
#13440=ORIENTED_EDGE('',*,*,#13439,.T.);
#13441=ORIENTED_EDGE('',*,*,#13394,.T.);
#13442=ORIENTED_EDGE('',*,*,#13409,.T.);
#13443=EDGE_LOOP('',(#13438,#13440,#13441,#13442));
#13444=FACE_OUTER_BOUND('',#13443,.F.);
#13445=ADVANCED_FACE('',(#13444),#13437,.T.);
#13446=CARTESIAN_POINT('',(1.096763713788E2,1.340320872570E2,
-5.930647407361E0));
#13447=DIRECTION('',(-4.472135955E-1,6.324555320337E-1,-6.324555320337E-1));
#13448=DIRECTION('',(-8.944271909999E-1,-3.162277660169E-1,3.162277660169E-1));
#13449=AXIS2_PLACEMENT_3D('',#13446,#13447,#13448);
#13450=PLANE('',#13449);
#13451=ORIENTED_EDGE('',*,*,#13428,.F.);
#13453=ORIENTED_EDGE('',*,*,#13452,.T.);
#13454=ORIENTED_EDGE('',*,*,#13396,.F.);
#13455=ORIENTED_EDGE('',*,*,#13439,.F.);
#13456=EDGE_LOOP('',(#13451,#13453,#13454,#13455));
#13457=FACE_OUTER_BOUND('',#13456,.F.);
#13458=ADVANCED_FACE('',(#13457),#13450,.F.);
#13459=CARTESIAN_POINT('',(1.088763713788E2,1.337492445446E2,
-5.647804694886E0));
#13460=DIRECTION('',(-4.472135955E-1,-6.324555320337E-1,6.324555320337E-1));
#13461=DIRECTION('',(8.944271909999E-1,-3.162277660169E-1,3.162277660169E-1));
#13462=AXIS2_PLACEMENT_3D('',#13459,#13460,#13461);
#13463=PLANE('',#13462);
#13464=ORIENTED_EDGE('',*,*,#13254,.F.);
#13465=ORIENTED_EDGE('',*,*,#13272,.F.);
#13466=ORIENTED_EDGE('',*,*,#13312,.T.);
#13467=ORIENTED_EDGE('',*,*,#13452,.F.);
#13468=EDGE_LOOP('',(#13464,#13465,#13466,#13467));
#13469=FACE_OUTER_BOUND('',#13468,.F.);
#13470=ADVANCED_FACE('',(#13469),#13463,.F.);
#13471=CARTESIAN_POINT('',(1.088763713788E2,1.507107577384E2,0.E0));
#13472=DIRECTION('',(-4.472135955E-1,-6.324555320337E-1,-6.324555320337E-1));
#13473=DIRECTION('',(8.944271909999E-1,-3.162277660169E-1,-3.162277660169E-1));
#13474=AXIS2_PLACEMENT_3D('',#13471,#13472,#13473);
#13475=PLANE('',#13474);
#13477=ORIENTED_EDGE('',*,*,#13476,.F.);
#13479=ORIENTED_EDGE('',*,*,#13478,.F.);
#13480=ORIENTED_EDGE('',*,*,#13426,.T.);
#13482=ORIENTED_EDGE('',*,*,#13481,.F.);
#13483=EDGE_LOOP('',(#13477,#13479,#13480,#13482));
#13484=FACE_OUTER_BOUND('',#13483,.F.);
#13485=ADVANCED_FACE('',(#13484),#13475,.F.);
#13486=CARTESIAN_POINT('',(1.096763713788E2,0.E0,-1.425E1));
#13487=DIRECTION('',(1.E0,0.E0,0.E0));
#13488=DIRECTION('',(0.E0,0.E0,1.E0));
#13489=AXIS2_PLACEMENT_3D('',#13486,#13487,#13488);
#13490=PLANE('',#13489);
#13492=ORIENTED_EDGE('',*,*,#13491,.T.);
#13494=ORIENTED_EDGE('',*,*,#13493,.T.);
#13495=ORIENTED_EDGE('',*,*,#13476,.T.);
#13497=ORIENTED_EDGE('',*,*,#13496,.T.);
#13498=EDGE_LOOP('',(#13492,#13494,#13495,#13497));
#13499=FACE_OUTER_BOUND('',#13498,.F.);
#13500=ADVANCED_FACE('',(#13499),#13490,.T.);
#13501=CARTESIAN_POINT('',(1.096763713788E2,1.453367462014E2,
2.828427124746E-1));
#13502=DIRECTION('',(-4.472135955E-1,6.324555320337E-1,6.324555320337E-1));
#13503=DIRECTION('',(-8.944271909999E-1,-3.162277660169E-1,-3.162277660169E-1));
#13504=AXIS2_PLACEMENT_3D('',#13501,#13502,#13503);
#13505=PLANE('',#13504);
#13506=ORIENTED_EDGE('',*,*,#13491,.F.);
#13508=ORIENTED_EDGE('',*,*,#13507,.T.);
#13510=ORIENTED_EDGE('',*,*,#13509,.F.);
#13512=ORIENTED_EDGE('',*,*,#13511,.T.);
#13513=EDGE_LOOP('',(#13506,#13508,#13510,#13512));
#13514=FACE_OUTER_BOUND('',#13513,.F.);
#13515=ADVANCED_FACE('',(#13514),#13505,.F.);
#13516=CARTESIAN_POINT('',(1.088763713788E2,1.337492445446E2,
-1.130465894438E1));
#13517=DIRECTION('',(-4.472135955E-1,-6.324555320337E-1,6.324555320337E-1));
#13518=DIRECTION('',(8.944271909999E-1,-3.162277660169E-1,3.162277660169E-1));
#13519=AXIS2_PLACEMENT_3D('',#13516,#13517,#13518);
#13520=PLANE('',#13519);
#13522=ORIENTED_EDGE('',*,*,#13521,.F.);
#13523=ORIENTED_EDGE('',*,*,#13507,.F.);
#13524=ORIENTED_EDGE('',*,*,#13496,.F.);
#13525=ORIENTED_EDGE('',*,*,#13481,.T.);
#13526=EDGE_LOOP('',(#13522,#13523,#13524,#13525));
#13527=FACE_OUTER_BOUND('',#13526,.F.);
#13528=ADVANCED_FACE('',(#13527),#13520,.F.);
#13529=CARTESIAN_POINT('',(1.096763713788E2,1.340320872570E2,
-1.158750165685E1));
#13530=DIRECTION('',(-4.472135955E-1,6.324555320337E-1,-6.324555320337E-1));
#13531=DIRECTION('',(-8.944271909999E-1,-3.162277660169E-1,3.162277660169E-1));
#13532=AXIS2_PLACEMENT_3D('',#13529,#13530,#13531);
#13533=PLANE('',#13532);
#13535=ORIENTED_EDGE('',*,*,#13534,.F.);
#13536=ORIENTED_EDGE('',*,*,#13521,.T.);
#13538=ORIENTED_EDGE('',*,*,#13537,.T.);
#13540=ORIENTED_EDGE('',*,*,#13539,.F.);
#13541=EDGE_LOOP('',(#13535,#13536,#13538,#13540));
#13542=FACE_OUTER_BOUND('',#13541,.F.);
#13543=ADVANCED_FACE('',(#13542),#13533,.F.);
#13544=CARTESIAN_POINT('',(1.096763713788E2,1.481651733262E2,
-2.545584412272E0));
#13545=DIRECTION('',(-4.472135955E-1,6.324555320337E-1,6.324555320337E-1));
#13546=DIRECTION('',(-8.944271909999E-1,-3.162277660169E-1,-3.162277660169E-1));
#13547=AXIS2_PLACEMENT_3D('',#13544,#13545,#13546);
#13548=PLANE('',#13547);
#13550=ORIENTED_EDGE('',*,*,#13549,.F.);
#13552=ORIENTED_EDGE('',*,*,#13551,.T.);
#13554=ORIENTED_EDGE('',*,*,#13553,.F.);
#13555=ORIENTED_EDGE('',*,*,#13534,.T.);
#13556=EDGE_LOOP('',(#13550,#13552,#13554,#13555));
#13557=FACE_OUTER_BOUND('',#13556,.F.);
#13558=ADVANCED_FACE('',(#13557),#13548,.F.);
#13559=CARTESIAN_POINT('',(1.096763713788E2,0.E0,-1.425E1));
#13560=DIRECTION('',(1.E0,0.E0,0.E0));
#13561=DIRECTION('',(0.E0,0.E0,1.E0));
#13562=AXIS2_PLACEMENT_3D('',#13559,#13560,#13561);
#13563=PLANE('',#13562);
#13564=ORIENTED_EDGE('',*,*,#13549,.T.);
#13565=ORIENTED_EDGE('',*,*,#13539,.T.);
#13567=ORIENTED_EDGE('',*,*,#13566,.T.);
#13569=ORIENTED_EDGE('',*,*,#13568,.T.);
#13570=EDGE_LOOP('',(#13564,#13565,#13567,#13569));
#13571=FACE_OUTER_BOUND('',#13570,.F.);
#13572=ADVANCED_FACE('',(#13571),#13563,.T.);
#13573=CARTESIAN_POINT('',(1.088763713788E2,1.507107577384E2,0.E0));
#13574=DIRECTION('',(-4.472135955E-1,-6.324555320337E-1,-6.324555320337E-1));
#13575=DIRECTION('',(8.944271909999E-1,-3.162277660169E-1,-3.162277660169E-1));
#13576=AXIS2_PLACEMENT_3D('',#13573,#13574,#13575);
#13577=PLANE('',#13576);
#13578=ORIENTED_EDGE('',*,*,#10428,.F.);
#13580=ORIENTED_EDGE('',*,*,#13579,.F.);
#13581=ORIENTED_EDGE('',*,*,#13566,.F.);
#13582=ORIENTED_EDGE('',*,*,#13537,.F.);
#13584=ORIENTED_EDGE('',*,*,#13583,.T.);
#13585=EDGE_LOOP('',(#13578,#13580,#13581,#13582,#13584));
#13586=FACE_OUTER_BOUND('',#13585,.F.);
#13587=ADVANCED_FACE('',(#13586),#13577,.F.);
#13588=CARTESIAN_POINT('',(1.088763713788E2,1.337492445446E2,
-1.696151319387E1));
#13589=DIRECTION('',(-4.472135955E-1,-6.324555320337E-1,6.324555320337E-1));
#13590=DIRECTION('',(8.944271909999E-1,-3.162277660169E-1,3.162277660169E-1));
#13591=AXIS2_PLACEMENT_3D('',#13588,#13589,#13590);
#13592=PLANE('',#13591);
#13594=ORIENTED_EDGE('',*,*,#13593,.T.);
#13595=ORIENTED_EDGE('',*,*,#13551,.F.);
#13596=ORIENTED_EDGE('',*,*,#13568,.F.);
#13597=ORIENTED_EDGE('',*,*,#13579,.T.);
#13598=ORIENTED_EDGE('',*,*,#10426,.T.);
#13599=EDGE_LOOP('',(#13594,#13595,#13596,#13597,#13598));
#13600=FACE_OUTER_BOUND('',#13599,.F.);
#13601=ADVANCED_FACE('',(#13600),#13592,.F.);
#13602=CARTESIAN_POINT('',(1.096763713788E2,1.340320872570E2,
-1.724435590635E1));
#13603=DIRECTION('',(-4.472135955E-1,6.324555320337E-1,-6.324555320337E-1));
#13604=DIRECTION('',(-8.944271909999E-1,-3.162277660169E-1,3.162277660169E-1));
#13605=AXIS2_PLACEMENT_3D('',#13602,#13603,#13604);
#13606=PLANE('',#13605);
#13608=ORIENTED_EDGE('',*,*,#13607,.F.);
#13609=ORIENTED_EDGE('',*,*,#13593,.F.);
#13610=ORIENTED_EDGE('',*,*,#10424,.T.);
#13612=ORIENTED_EDGE('',*,*,#13611,.F.);
#13613=EDGE_LOOP('',(#13608,#13609,#13610,#13612));
#13614=FACE_OUTER_BOUND('',#13613,.F.);
#13615=ADVANCED_FACE('',(#13614),#13606,.F.);
#13616=CARTESIAN_POINT('',(1.096763713788E2,1.509936004509E2,
-5.374011537018E0));
#13617=DIRECTION('',(-4.472135955E-1,6.324555320337E-1,6.324555320337E-1));
#13618=DIRECTION('',(-8.944271909999E-1,-3.162277660169E-1,-3.162277660169E-1));
#13619=AXIS2_PLACEMENT_3D('',#13616,#13617,#13618);
#13620=PLANE('',#13619);
#13621=ORIENTED_EDGE('',*,*,#10420,.F.);
#13623=ORIENTED_EDGE('',*,*,#13622,.F.);
#13624=ORIENTED_EDGE('',*,*,#13607,.T.);
#13626=ORIENTED_EDGE('',*,*,#13625,.F.);
#13627=EDGE_LOOP('',(#13621,#13623,#13624,#13626));
#13628=FACE_OUTER_BOUND('',#13627,.F.);
#13629=ADVANCED_FACE('',(#13628),#13620,.F.);
#13630=CARTESIAN_POINT('',(1.088763713788E2,1.507107577384E2,
-5.656854249492E0));
#13631=DIRECTION('',(-4.472135955E-1,-6.324555320337E-1,-6.324555320337E-1));
#13632=DIRECTION('',(8.944271909999E-1,-3.162277660169E-1,-3.162277660169E-1));
#13633=AXIS2_PLACEMENT_3D('',#13630,#13631,#13632);
#13634=PLANE('',#13633);
#13635=ORIENTED_EDGE('',*,*,#10418,.F.);
#13637=ORIENTED_EDGE('',*,*,#13636,.F.);
#13639=ORIENTED_EDGE('',*,*,#13638,.F.);
#13641=ORIENTED_EDGE('',*,*,#13640,.F.);
#13642=ORIENTED_EDGE('',*,*,#13622,.T.);
#13643=EDGE_LOOP('',(#13635,#13637,#13639,#13641,#13642));
#13644=FACE_OUTER_BOUND('',#13643,.F.);
#13645=ADVANCED_FACE('',(#13644),#13634,.F.);
#13646=CARTESIAN_POINT('',(1.088763713788E2,1.365776716693E2,
-1.978994031862E1));
#13647=DIRECTION('',(-4.472135955E-1,-6.324555320337E-1,6.324555320337E-1));
#13648=DIRECTION('',(8.944271909999E-1,-3.162277660169E-1,3.162277660169E-1));
#13649=AXIS2_PLACEMENT_3D('',#13646,#13647,#13648);
#13650=PLANE('',#13649);
#13652=ORIENTED_EDGE('',*,*,#13651,.T.);
#13654=ORIENTED_EDGE('',*,*,#13653,.F.);
#13656=ORIENTED_EDGE('',*,*,#13655,.F.);
#13657=ORIENTED_EDGE('',*,*,#13636,.T.);
#13658=ORIENTED_EDGE('',*,*,#10416,.T.);
#13659=EDGE_LOOP('',(#13652,#13654,#13656,#13657,#13658));
#13660=FACE_OUTER_BOUND('',#13659,.F.);
#13661=ADVANCED_FACE('',(#13660),#13650,.F.);
#13662=CARTESIAN_POINT('',(1.096763713788E2,1.368605143818E2,
-2.007278303109E1));
#13663=DIRECTION('',(-4.472135955E-1,6.324555320337E-1,-6.324555320337E-1));
#13664=DIRECTION('',(-8.944271909999E-1,-3.162277660169E-1,3.162277660169E-1));
#13665=AXIS2_PLACEMENT_3D('',#13662,#13663,#13664);
#13666=PLANE('',#13665);
#13667=ORIENTED_EDGE('',*,*,#10475,.F.);
#13668=ORIENTED_EDGE('',*,*,#13651,.F.);
#13669=ORIENTED_EDGE('',*,*,#10414,.T.);
#13671=ORIENTED_EDGE('',*,*,#13670,.F.);
#13672=EDGE_LOOP('',(#13667,#13668,#13669,#13671));
#13673=FACE_OUTER_BOUND('',#13672,.F.);
#13674=ADVANCED_FACE('',(#13673),#13666,.F.);
#13675=CARTESIAN_POINT('',(1.096763713788E2,0.E0,-1.425E1));
#13676=DIRECTION('',(1.E0,0.E0,0.E0));
#13677=DIRECTION('',(0.E0,0.E0,1.E0));
#13678=AXIS2_PLACEMENT_3D('',#13675,#13676,#13677);
#13679=PLANE('',#13678);
#13680=ORIENTED_EDGE('',*,*,#10477,.T.);
#13681=ORIENTED_EDGE('',*,*,#13670,.T.);
#13682=ORIENTED_EDGE('',*,*,#10412,.T.);
#13683=EDGE_LOOP('',(#13680,#13681,#13682));
#13684=FACE_OUTER_BOUND('',#13683,.F.);
#13685=ADVANCED_FACE('',(#13684),#13679,.T.);
#13686=CARTESIAN_POINT('',(1.096763713788E2,1.481651733262E2,
-8.202438661764E0));
#13687=DIRECTION('',(-4.472135955E-1,6.324555320337E-1,6.324555320337E-1));
#13688=DIRECTION('',(-8.944271909999E-1,-3.162277660169E-1,-3.162277660169E-1));
#13689=AXIS2_PLACEMENT_3D('',#13686,#13687,#13688);
#13690=PLANE('',#13689);
#13692=ORIENTED_EDGE('',*,*,#13691,.F.);
#13693=ORIENTED_EDGE('',*,*,#13653,.T.);
#13695=ORIENTED_EDGE('',*,*,#13694,.F.);
#13697=ORIENTED_EDGE('',*,*,#13696,.T.);
#13698=EDGE_LOOP('',(#13692,#13693,#13695,#13697));
#13699=FACE_OUTER_BOUND('',#13698,.F.);
#13700=ADVANCED_FACE('',(#13699),#13690,.F.);
#13701=CARTESIAN_POINT('',(1.096763713788E2,0.E0,-1.425E1));
#13702=DIRECTION('',(1.E0,0.E0,0.E0));
#13703=DIRECTION('',(0.E0,0.E0,1.E0));
#13704=AXIS2_PLACEMENT_3D('',#13701,#13702,#13703);
#13705=PLANE('',#13704);
#13706=ORIENTED_EDGE('',*,*,#13691,.T.);
#13708=ORIENTED_EDGE('',*,*,#13707,.T.);
#13709=ORIENTED_EDGE('',*,*,#13638,.T.);
#13710=ORIENTED_EDGE('',*,*,#13655,.T.);
#13711=EDGE_LOOP('',(#13706,#13708,#13709,#13710));
#13712=FACE_OUTER_BOUND('',#13711,.F.);
#13713=ADVANCED_FACE('',(#13712),#13705,.T.);
#13714=CARTESIAN_POINT('',(1.096763713788E2,1.340320872570E2,
-1.724435590635E1));
#13715=DIRECTION('',(-4.472135955E-1,6.324555320337E-1,-6.324555320337E-1));
#13716=DIRECTION('',(-8.944271909999E-1,-3.162277660169E-1,3.162277660169E-1));
#13717=AXIS2_PLACEMENT_3D('',#13714,#13715,#13716);
#13718=PLANE('',#13717);
#13719=ORIENTED_EDGE('',*,*,#13696,.F.);
#13721=ORIENTED_EDGE('',*,*,#13720,.F.);
#13722=ORIENTED_EDGE('',*,*,#13640,.T.);
#13723=ORIENTED_EDGE('',*,*,#13707,.F.);
#13724=EDGE_LOOP('',(#13719,#13721,#13722,#13723));
#13725=FACE_OUTER_BOUND('',#13724,.F.);
#13726=ADVANCED_FACE('',(#13725),#13718,.F.);
#13727=CARTESIAN_POINT('',(1.088763713788E2,1.337492445446E2,
-1.696151319387E1));
#13728=DIRECTION('',(-4.472135955E-1,-6.324555320337E-1,6.324555320337E-1));
#13729=DIRECTION('',(8.944271909999E-1,-3.162277660169E-1,3.162277660169E-1));
#13730=AXIS2_PLACEMENT_3D('',#13727,#13728,#13729);
#13731=PLANE('',#13730);
#13732=ORIENTED_EDGE('',*,*,#13720,.T.);
#13734=ORIENTED_EDGE('',*,*,#13733,.F.);
#13736=ORIENTED_EDGE('',*,*,#13735,.F.);
#13738=ORIENTED_EDGE('',*,*,#13737,.T.);
#13739=EDGE_LOOP('',(#13732,#13734,#13736,#13738));
#13740=FACE_OUTER_BOUND('',#13739,.F.);
#13741=ADVANCED_FACE('',(#13740),#13731,.F.);
#13742=CARTESIAN_POINT('',(1.096763713788E2,1.453367462014E2,
-5.374011537018E0));
#13743=DIRECTION('',(-4.472135955E-1,6.324555320337E-1,6.324555320337E-1));
#13744=DIRECTION('',(-8.944271909999E-1,-3.162277660169E-1,-3.162277660169E-1));
#13745=AXIS2_PLACEMENT_3D('',#13742,#13743,#13744);
#13746=PLANE('',#13745);
#13748=ORIENTED_EDGE('',*,*,#13747,.F.);
#13749=ORIENTED_EDGE('',*,*,#13733,.T.);
#13751=ORIENTED_EDGE('',*,*,#13750,.F.);
#13753=ORIENTED_EDGE('',*,*,#13752,.T.);
#13754=EDGE_LOOP('',(#13748,#13749,#13751,#13753));
#13755=FACE_OUTER_BOUND('',#13754,.F.);
#13756=ADVANCED_FACE('',(#13755),#13746,.F.);
#13757=CARTESIAN_POINT('',(1.096763713788E2,0.E0,-1.425E1));
#13758=DIRECTION('',(1.E0,0.E0,0.E0));
#13759=DIRECTION('',(0.E0,0.E0,1.E0));
#13760=AXIS2_PLACEMENT_3D('',#13757,#13758,#13759);
#13761=PLANE('',#13760);
#13762=ORIENTED_EDGE('',*,*,#13747,.T.);
#13764=ORIENTED_EDGE('',*,*,#13763,.T.);
#13766=ORIENTED_EDGE('',*,*,#13765,.T.);
#13767=ORIENTED_EDGE('',*,*,#13735,.T.);
#13768=EDGE_LOOP('',(#13762,#13764,#13766,#13767));
#13769=FACE_OUTER_BOUND('',#13768,.F.);
#13770=ADVANCED_FACE('',(#13769),#13761,.T.);
#13771=CARTESIAN_POINT('',(1.096763713788E2,1.340320872570E2,
-1.158750165685E1));
#13772=DIRECTION('',(-4.472135955E-1,6.324555320337E-1,-6.324555320337E-1));
#13773=DIRECTION('',(-8.944271909999E-1,-3.162277660169E-1,3.162277660169E-1));
#13774=AXIS2_PLACEMENT_3D('',#13771,#13772,#13773);
#13775=PLANE('',#13774);
#13776=ORIENTED_EDGE('',*,*,#13752,.F.);
#13778=ORIENTED_EDGE('',*,*,#13777,.T.);
#13780=ORIENTED_EDGE('',*,*,#13779,.T.);
#13781=ORIENTED_EDGE('',*,*,#13763,.F.);
#13782=EDGE_LOOP('',(#13776,#13778,#13780,#13781));
#13783=FACE_OUTER_BOUND('',#13782,.F.);
#13784=ADVANCED_FACE('',(#13783),#13775,.F.);
#13785=CARTESIAN_POINT('',(1.088763713788E2,1.337492445446E2,
-1.130465894438E1));
#13786=DIRECTION('',(-4.472135955E-1,-6.324555320337E-1,6.324555320337E-1));
#13787=DIRECTION('',(8.944271909999E-1,-3.162277660169E-1,3.162277660169E-1));
#13788=AXIS2_PLACEMENT_3D('',#13785,#13786,#13787);
#13789=PLANE('',#13788);
#13790=ORIENTED_EDGE('',*,*,#13777,.F.);
#13792=ORIENTED_EDGE('',*,*,#13791,.F.);
#13794=ORIENTED_EDGE('',*,*,#13793,.F.);
#13796=ORIENTED_EDGE('',*,*,#13795,.T.);
#13797=EDGE_LOOP('',(#13790,#13792,#13794,#13796));
#13798=FACE_OUTER_BOUND('',#13797,.F.);
#13799=ADVANCED_FACE('',(#13798),#13789,.F.);
#13800=CARTESIAN_POINT('',(1.096763713788E2,1.425083190767E2,
-2.545584412272E0));
#13801=DIRECTION('',(-4.472135955E-1,6.324555320337E-1,6.324555320337E-1));
#13802=DIRECTION('',(-8.944271909999E-1,-3.162277660169E-1,-3.162277660169E-1));
#13803=AXIS2_PLACEMENT_3D('',#13800,#13801,#13802);
#13804=PLANE('',#13803);
#13806=ORIENTED_EDGE('',*,*,#13805,.F.);
#13807=ORIENTED_EDGE('',*,*,#13791,.T.);
#13809=ORIENTED_EDGE('',*,*,#13808,.F.);
#13811=ORIENTED_EDGE('',*,*,#13810,.T.);
#13812=EDGE_LOOP('',(#13806,#13807,#13809,#13811));
#13813=FACE_OUTER_BOUND('',#13812,.F.);
#13814=ADVANCED_FACE('',(#13813),#13804,.F.);
#13815=CARTESIAN_POINT('',(1.096763713788E2,0.E0,-1.425E1));
#13816=DIRECTION('',(1.E0,0.E0,0.E0));
#13817=DIRECTION('',(0.E0,0.E0,1.E0));
#13818=AXIS2_PLACEMENT_3D('',#13815,#13816,#13817);
#13819=PLANE('',#13818);
#13820=ORIENTED_EDGE('',*,*,#13805,.T.);
#13822=ORIENTED_EDGE('',*,*,#13821,.T.);
#13824=ORIENTED_EDGE('',*,*,#13823,.T.);
#13825=ORIENTED_EDGE('',*,*,#13793,.T.);
#13826=EDGE_LOOP('',(#13820,#13822,#13824,#13825));
#13827=FACE_OUTER_BOUND('',#13826,.F.);
#13828=ADVANCED_FACE('',(#13827),#13819,.T.);
#13829=CARTESIAN_POINT('',(1.096763713788E2,1.340320872570E2,
-5.930647407361E0));
#13830=DIRECTION('',(-4.472135955E-1,6.324555320337E-1,-6.324555320337E-1));
#13831=DIRECTION('',(-8.944271909999E-1,-3.162277660169E-1,3.162277660169E-1));
#13832=AXIS2_PLACEMENT_3D('',#13829,#13830,#13831);
#13833=PLANE('',#13832);
#13834=ORIENTED_EDGE('',*,*,#13810,.F.);
#13836=ORIENTED_EDGE('',*,*,#13835,.T.);
#13838=ORIENTED_EDGE('',*,*,#13837,.T.);
#13839=ORIENTED_EDGE('',*,*,#13821,.F.);
#13840=EDGE_LOOP('',(#13834,#13836,#13838,#13839));
#13841=FACE_OUTER_BOUND('',#13840,.F.);
#13842=ADVANCED_FACE('',(#13841),#13833,.F.);
#13843=CARTESIAN_POINT('',(1.088763713788E2,1.337492445446E2,
-5.647804694886E0));
#13844=DIRECTION('',(-4.472135955E-1,-6.324555320337E-1,6.324555320337E-1));
#13845=DIRECTION('',(8.944271909999E-1,-3.162277660169E-1,3.162277660169E-1));
#13846=AXIS2_PLACEMENT_3D('',#13843,#13844,#13845);
#13847=PLANE('',#13846);
#13848=ORIENTED_EDGE('',*,*,#13835,.F.);
#13850=ORIENTED_EDGE('',*,*,#13849,.F.);
#13852=ORIENTED_EDGE('',*,*,#13851,.F.);
#13854=ORIENTED_EDGE('',*,*,#13853,.T.);
#13855=EDGE_LOOP('',(#13848,#13850,#13852,#13854));
#13856=FACE_OUTER_BOUND('',#13855,.F.);
#13857=ADVANCED_FACE('',(#13856),#13847,.F.);
#13858=CARTESIAN_POINT('',(1.096763713788E2,1.396798919519E2,
2.828427124746E-1));
#13859=DIRECTION('',(-4.472135955E-1,6.324555320337E-1,6.324555320337E-1));
#13860=DIRECTION('',(-8.944271909999E-1,-3.162277660169E-1,-3.162277660169E-1));
#13861=AXIS2_PLACEMENT_3D('',#13858,#13859,#13860);
#13862=PLANE('',#13861);
#13864=ORIENTED_EDGE('',*,*,#13863,.F.);
#13865=ORIENTED_EDGE('',*,*,#13849,.T.);
#13867=ORIENTED_EDGE('',*,*,#13866,.F.);
#13869=ORIENTED_EDGE('',*,*,#13868,.T.);
#13870=EDGE_LOOP('',(#13864,#13865,#13867,#13869));
#13871=FACE_OUTER_BOUND('',#13870,.F.);
#13872=ADVANCED_FACE('',(#13871),#13862,.F.);
#13873=CARTESIAN_POINT('',(1.096763713788E2,0.E0,-1.425E1));
#13874=DIRECTION('',(1.E0,0.E0,0.E0));
#13875=DIRECTION('',(0.E0,0.E0,1.E0));
#13876=AXIS2_PLACEMENT_3D('',#13873,#13874,#13875);
#13877=PLANE('',#13876);
#13878=ORIENTED_EDGE('',*,*,#13863,.T.);
#13880=ORIENTED_EDGE('',*,*,#13879,.T.);
#13882=ORIENTED_EDGE('',*,*,#13881,.T.);
#13883=ORIENTED_EDGE('',*,*,#13851,.T.);
#13884=EDGE_LOOP('',(#13878,#13880,#13882,#13883));
#13885=FACE_OUTER_BOUND('',#13884,.F.);
#13886=ADVANCED_FACE('',(#13885),#13877,.T.);
#13887=CARTESIAN_POINT('',(1.096763713788E2,1.283752330075E2,
-5.930647407361E0));
#13888=DIRECTION('',(-4.472135955E-1,6.324555320337E-1,-6.324555320337E-1));
#13889=DIRECTION('',(-8.944271909999E-1,-3.162277660169E-1,3.162277660169E-1));
#13890=AXIS2_PLACEMENT_3D('',#13887,#13888,#13889);
#13891=PLANE('',#13890);
#13892=ORIENTED_EDGE('',*,*,#13868,.F.);
#13894=ORIENTED_EDGE('',*,*,#13893,.T.);
#13896=ORIENTED_EDGE('',*,*,#13895,.T.);
#13897=ORIENTED_EDGE('',*,*,#13879,.F.);
#13898=EDGE_LOOP('',(#13892,#13894,#13896,#13897));
#13899=FACE_OUTER_BOUND('',#13898,.F.);
#13900=ADVANCED_FACE('',(#13899),#13891,.F.);
#13901=CARTESIAN_POINT('',(1.088763713788E2,1.280923902951E2,
-5.647804694886E0));
#13902=DIRECTION('',(-4.472135955E-1,-6.324555320337E-1,6.324555320337E-1));
#13903=DIRECTION('',(8.944271909999E-1,-3.162277660169E-1,3.162277660169E-1));
#13904=AXIS2_PLACEMENT_3D('',#13901,#13902,#13903);
#13905=PLANE('',#13904);
#13906=ORIENTED_EDGE('',*,*,#13071,.F.);
#13907=ORIENTED_EDGE('',*,*,#13088,.F.);
#13908=ORIENTED_EDGE('',*,*,#13102,.T.);
#13909=ORIENTED_EDGE('',*,*,#13893,.F.);
#13910=EDGE_LOOP('',(#13906,#13907,#13908,#13909));
#13911=FACE_OUTER_BOUND('',#13910,.F.);
#13912=ADVANCED_FACE('',(#13911),#13905,.F.);
#13913=CARTESIAN_POINT('',(1.088763713788E2,1.450539034889E2,0.E0));
#13914=DIRECTION('',(-4.472135955E-1,-6.324555320337E-1,-6.324555320337E-1));
#13915=DIRECTION('',(8.944271909999E-1,-3.162277660169E-1,-3.162277660169E-1));
#13916=AXIS2_PLACEMENT_3D('',#13913,#13914,#13915);
#13917=PLANE('',#13916);
#13918=ORIENTED_EDGE('',*,*,#13881,.F.);
#13919=ORIENTED_EDGE('',*,*,#13895,.F.);
#13920=ORIENTED_EDGE('',*,*,#13213,.T.);
#13921=ORIENTED_EDGE('',*,*,#13853,.F.);
#13922=EDGE_LOOP('',(#13918,#13919,#13920,#13921));
#13923=FACE_OUTER_BOUND('',#13922,.F.);
#13924=ADVANCED_FACE('',(#13923),#13917,.F.);
#13925=CARTESIAN_POINT('',(1.088763713788E2,1.393970492394E2,0.E0));
#13926=DIRECTION('',(-4.472135955E-1,-6.324555320337E-1,-6.324555320337E-1));
#13927=DIRECTION('',(8.944271909999E-1,-3.162277660169E-1,-3.162277660169E-1));
#13928=AXIS2_PLACEMENT_3D('',#13925,#13926,#13927);
#13929=PLANE('',#13928);
#13931=ORIENTED_EDGE('',*,*,#13930,.F.);
#13933=ORIENTED_EDGE('',*,*,#13932,.F.);
#13934=ORIENTED_EDGE('',*,*,#13866,.T.);
#13936=ORIENTED_EDGE('',*,*,#13935,.F.);
#13937=EDGE_LOOP('',(#13931,#13933,#13934,#13936));
#13938=FACE_OUTER_BOUND('',#13937,.F.);
#13939=ADVANCED_FACE('',(#13938),#13929,.F.);
#13940=CARTESIAN_POINT('',(1.096763713788E2,0.E0,-1.425E1));
#13941=DIRECTION('',(1.E0,0.E0,0.E0));
#13942=DIRECTION('',(0.E0,0.E0,1.E0));
#13943=AXIS2_PLACEMENT_3D('',#13940,#13941,#13942);
#13944=PLANE('',#13943);
#13946=ORIENTED_EDGE('',*,*,#13945,.T.);
#13948=ORIENTED_EDGE('',*,*,#13947,.T.);
#13949=ORIENTED_EDGE('',*,*,#13930,.T.);
#13951=ORIENTED_EDGE('',*,*,#13950,.T.);
#13952=EDGE_LOOP('',(#13946,#13948,#13949,#13951));
#13953=FACE_OUTER_BOUND('',#13952,.F.);
#13954=ADVANCED_FACE('',(#13953),#13944,.T.);
#13955=CARTESIAN_POINT('',(1.096763713788E2,1.368514648272E2,
-2.545584412272E0));
#13956=DIRECTION('',(-4.472135955E-1,6.324555320337E-1,6.324555320337E-1));
#13957=DIRECTION('',(-8.944271909999E-1,-3.162277660169E-1,-3.162277660169E-1));
#13958=AXIS2_PLACEMENT_3D('',#13955,#13956,#13957);
#13959=PLANE('',#13958);
#13960=ORIENTED_EDGE('',*,*,#13945,.F.);
#13962=ORIENTED_EDGE('',*,*,#13961,.T.);
#13964=ORIENTED_EDGE('',*,*,#13963,.F.);
#13966=ORIENTED_EDGE('',*,*,#13965,.T.);
#13967=EDGE_LOOP('',(#13960,#13962,#13964,#13966));
#13968=FACE_OUTER_BOUND('',#13967,.F.);
#13969=ADVANCED_FACE('',(#13968),#13959,.F.);
#13970=CARTESIAN_POINT('',(1.088763713788E2,1.337492445446E2,
-5.647804694886E0));
#13971=DIRECTION('',(-4.472135955E-1,-6.324555320337E-1,6.324555320337E-1));
#13972=DIRECTION('',(8.944271909999E-1,-3.162277660169E-1,3.162277660169E-1));
#13973=AXIS2_PLACEMENT_3D('',#13970,#13971,#13972);
#13974=PLANE('',#13973);
#13976=ORIENTED_EDGE('',*,*,#13975,.F.);
#13977=ORIENTED_EDGE('',*,*,#13961,.F.);
#13978=ORIENTED_EDGE('',*,*,#13950,.F.);
#13979=ORIENTED_EDGE('',*,*,#13935,.T.);
#13980=EDGE_LOOP('',(#13976,#13977,#13978,#13979));
#13981=FACE_OUTER_BOUND('',#13980,.F.);
#13982=ADVANCED_FACE('',(#13981),#13974,.F.);
#13983=CARTESIAN_POINT('',(1.096763713788E2,1.340320872570E2,
-5.930647407361E0));
#13984=DIRECTION('',(-4.472135955E-1,6.324555320337E-1,-6.324555320337E-1));
#13985=DIRECTION('',(-8.944271909999E-1,-3.162277660169E-1,3.162277660169E-1));
#13986=AXIS2_PLACEMENT_3D('',#13983,#13984,#13985);
#13987=PLANE('',#13986);
#13989=ORIENTED_EDGE('',*,*,#13988,.F.);
#13990=ORIENTED_EDGE('',*,*,#13975,.T.);
#13992=ORIENTED_EDGE('',*,*,#13991,.T.);
#13994=ORIENTED_EDGE('',*,*,#13993,.F.);
#13995=EDGE_LOOP('',(#13989,#13990,#13992,#13994));
#13996=FACE_OUTER_BOUND('',#13995,.F.);
#13997=ADVANCED_FACE('',(#13996),#13987,.F.);
#13998=CARTESIAN_POINT('',(1.096763713788E2,1.396798919519E2,
-5.374011537018E0));
#13999=DIRECTION('',(-4.472135955E-1,6.324555320337E-1,6.324555320337E-1));
#14000=DIRECTION('',(-8.944271909999E-1,-3.162277660169E-1,-3.162277660169E-1));
#14001=AXIS2_PLACEMENT_3D('',#13998,#13999,#14000);
#14002=PLANE('',#14001);
#14004=ORIENTED_EDGE('',*,*,#14003,.F.);
#14006=ORIENTED_EDGE('',*,*,#14005,.T.);
#14008=ORIENTED_EDGE('',*,*,#14007,.F.);
#14009=ORIENTED_EDGE('',*,*,#13988,.T.);
#14010=EDGE_LOOP('',(#14004,#14006,#14008,#14009));
#14011=FACE_OUTER_BOUND('',#14010,.F.);
#14012=ADVANCED_FACE('',(#14011),#14002,.F.);
#14013=CARTESIAN_POINT('',(1.096763713788E2,0.E0,-1.425E1));
#14014=DIRECTION('',(1.E0,0.E0,0.E0));
#14015=DIRECTION('',(0.E0,0.E0,1.E0));
#14016=AXIS2_PLACEMENT_3D('',#14013,#14014,#14015);
#14017=PLANE('',#14016);
#14018=ORIENTED_EDGE('',*,*,#14003,.T.);
#14019=ORIENTED_EDGE('',*,*,#13993,.T.);
#14021=ORIENTED_EDGE('',*,*,#14020,.T.);
#14023=ORIENTED_EDGE('',*,*,#14022,.T.);
#14024=EDGE_LOOP('',(#14018,#14019,#14021,#14023));
#14025=FACE_OUTER_BOUND('',#14024,.F.);
#14026=ADVANCED_FACE('',(#14025),#14017,.T.);
#14027=CARTESIAN_POINT('',(1.088763713788E2,1.422254763642E2,
-2.828427124746E0));
#14028=DIRECTION('',(-4.472135955E-1,-6.324555320337E-1,-6.324555320337E-1));
#14029=DIRECTION('',(8.944271909999E-1,-3.162277660169E-1,-3.162277660169E-1));
#14030=AXIS2_PLACEMENT_3D('',#14027,#14028,#14029);
#14031=PLANE('',#14030);
#14032=ORIENTED_EDGE('',*,*,#14020,.F.);
#14033=ORIENTED_EDGE('',*,*,#13991,.F.);
#14034=ORIENTED_EDGE('',*,*,#13808,.T.);
#14036=ORIENTED_EDGE('',*,*,#14035,.F.);
#14037=EDGE_LOOP('',(#14032,#14033,#14034,#14036));
#14038=FACE_OUTER_BOUND('',#14037,.F.);
#14039=ADVANCED_FACE('',(#14038),#14031,.F.);
#14040=CARTESIAN_POINT('',(1.088763713788E2,1.337492445446E2,
-1.130465894438E1));
#14041=DIRECTION('',(-4.472135955E-1,-6.324555320337E-1,6.324555320337E-1));
#14042=DIRECTION('',(8.944271909999E-1,-3.162277660169E-1,3.162277660169E-1));
#14043=AXIS2_PLACEMENT_3D('',#14040,#14041,#14042);
#14044=PLANE('',#14043);
#14046=ORIENTED_EDGE('',*,*,#14045,.F.);
#14047=ORIENTED_EDGE('',*,*,#14005,.F.);
#14048=ORIENTED_EDGE('',*,*,#14022,.F.);
#14049=ORIENTED_EDGE('',*,*,#14035,.T.);
#14050=EDGE_LOOP('',(#14046,#14047,#14048,#14049));
#14051=FACE_OUTER_BOUND('',#14050,.F.);
#14052=ADVANCED_FACE('',(#14051),#14044,.F.);
#14053=CARTESIAN_POINT('',(1.096763713788E2,1.340320872570E2,
-1.158750165685E1));
#14054=DIRECTION('',(-4.472135955E-1,6.324555320337E-1,-6.324555320337E-1));
#14055=DIRECTION('',(-8.944271909999E-1,-3.162277660169E-1,3.162277660169E-1));
#14056=AXIS2_PLACEMENT_3D('',#14053,#14054,#14055);
#14057=PLANE('',#14056);
#14059=ORIENTED_EDGE('',*,*,#14058,.F.);
#14060=ORIENTED_EDGE('',*,*,#14045,.T.);
#14062=ORIENTED_EDGE('',*,*,#14061,.T.);
#14064=ORIENTED_EDGE('',*,*,#14063,.F.);
#14065=EDGE_LOOP('',(#14059,#14060,#14062,#14064));
#14066=FACE_OUTER_BOUND('',#14065,.F.);
#14067=ADVANCED_FACE('',(#14066),#14057,.F.);
#14068=CARTESIAN_POINT('',(1.096763713788E2,1.425083190767E2,
-8.202438661764E0));
#14069=DIRECTION('',(-4.472135955E-1,6.324555320337E-1,6.324555320337E-1));
#14070=DIRECTION('',(-8.944271909999E-1,-3.162277660169E-1,-3.162277660169E-1));
#14071=AXIS2_PLACEMENT_3D('',#14068,#14069,#14070);
#14072=PLANE('',#14071);
#14074=ORIENTED_EDGE('',*,*,#14073,.F.);
#14076=ORIENTED_EDGE('',*,*,#14075,.T.);
#14078=ORIENTED_EDGE('',*,*,#14077,.F.);
#14079=ORIENTED_EDGE('',*,*,#14058,.T.);
#14080=EDGE_LOOP('',(#14074,#14076,#14078,#14079));
#14081=FACE_OUTER_BOUND('',#14080,.F.);
#14082=ADVANCED_FACE('',(#14081),#14072,.F.);
#14083=CARTESIAN_POINT('',(1.096763713788E2,0.E0,-1.425E1));
#14084=DIRECTION('',(1.E0,0.E0,0.E0));
#14085=DIRECTION('',(0.E0,0.E0,1.E0));
#14086=AXIS2_PLACEMENT_3D('',#14083,#14084,#14085);
#14087=PLANE('',#14086);
#14088=ORIENTED_EDGE('',*,*,#14073,.T.);
#14089=ORIENTED_EDGE('',*,*,#14063,.T.);
#14091=ORIENTED_EDGE('',*,*,#14090,.T.);
#14093=ORIENTED_EDGE('',*,*,#14092,.T.);
#14094=EDGE_LOOP('',(#14088,#14089,#14091,#14093));
#14095=FACE_OUTER_BOUND('',#14094,.F.);
#14096=ADVANCED_FACE('',(#14095),#14087,.T.);
#14097=CARTESIAN_POINT('',(1.088763713788E2,1.450539034889E2,
-5.656854249492E0));
#14098=DIRECTION('',(-4.472135955E-1,-6.324555320337E-1,-6.324555320337E-1));
#14099=DIRECTION('',(8.944271909999E-1,-3.162277660169E-1,-3.162277660169E-1));
#14100=AXIS2_PLACEMENT_3D('',#14097,#14098,#14099);
#14101=PLANE('',#14100);
#14102=ORIENTED_EDGE('',*,*,#14090,.F.);
#14103=ORIENTED_EDGE('',*,*,#14061,.F.);
#14104=ORIENTED_EDGE('',*,*,#13750,.T.);
#14106=ORIENTED_EDGE('',*,*,#14105,.F.);
#14107=EDGE_LOOP('',(#14102,#14103,#14104,#14106));
#14108=FACE_OUTER_BOUND('',#14107,.F.);
#14109=ADVANCED_FACE('',(#14108),#14101,.F.);
#14110=CARTESIAN_POINT('',(1.088763713788E2,1.337492445446E2,
-1.696151319387E1));
#14111=DIRECTION('',(-4.472135955E-1,-6.324555320337E-1,6.324555320337E-1));
#14112=DIRECTION('',(8.944271909999E-1,-3.162277660169E-1,3.162277660169E-1));
#14113=AXIS2_PLACEMENT_3D('',#14110,#14111,#14112);
#14114=PLANE('',#14113);
#14116=ORIENTED_EDGE('',*,*,#14115,.T.);
#14117=ORIENTED_EDGE('',*,*,#14075,.F.);
#14118=ORIENTED_EDGE('',*,*,#14092,.F.);
#14119=ORIENTED_EDGE('',*,*,#14105,.T.);
#14120=EDGE_LOOP('',(#14116,#14117,#14118,#14119));
#14121=FACE_OUTER_BOUND('',#14120,.F.);
#14122=ADVANCED_FACE('',(#14121),#14114,.F.);
#14123=CARTESIAN_POINT('',(1.096763713788E2,1.340320872570E2,
-1.724435590635E1));
#14124=DIRECTION('',(-4.472135955E-1,6.324555320337E-1,-6.324555320337E-1));
#14125=DIRECTION('',(-8.944271909999E-1,-3.162277660169E-1,3.162277660169E-1));
#14126=AXIS2_PLACEMENT_3D('',#14123,#14124,#14125);
#14127=PLANE('',#14126);
#14129=ORIENTED_EDGE('',*,*,#14128,.F.);
#14130=ORIENTED_EDGE('',*,*,#14115,.F.);
#14132=ORIENTED_EDGE('',*,*,#14131,.T.);
#14134=ORIENTED_EDGE('',*,*,#14133,.F.);
#14135=EDGE_LOOP('',(#14129,#14130,#14132,#14134));
#14136=FACE_OUTER_BOUND('',#14135,.F.);
#14137=ADVANCED_FACE('',(#14136),#14127,.F.);
#14138=CARTESIAN_POINT('',(1.096763713788E2,1.453367462014E2,
-1.103086578651E1));
#14139=DIRECTION('',(-4.472135955E-1,6.324555320337E-1,6.324555320337E-1));
#14140=DIRECTION('',(-8.944271909999E-1,-3.162277660169E-1,-3.162277660169E-1));
#14141=AXIS2_PLACEMENT_3D('',#14138,#14139,#14140);
#14142=PLANE('',#14141);
#14144=ORIENTED_EDGE('',*,*,#14143,.F.);
#14146=ORIENTED_EDGE('',*,*,#14145,.T.);
#14148=ORIENTED_EDGE('',*,*,#14147,.F.);
#14149=ORIENTED_EDGE('',*,*,#14128,.T.);
#14150=EDGE_LOOP('',(#14144,#14146,#14148,#14149));
#14151=FACE_OUTER_BOUND('',#14150,.F.);
#14152=ADVANCED_FACE('',(#14151),#14142,.F.);
#14153=CARTESIAN_POINT('',(1.096763713788E2,0.E0,-1.425E1));
#14154=DIRECTION('',(1.E0,0.E0,0.E0));
#14155=DIRECTION('',(0.E0,0.E0,1.E0));
#14156=AXIS2_PLACEMENT_3D('',#14153,#14154,#14155);
#14157=PLANE('',#14156);
#14158=ORIENTED_EDGE('',*,*,#14143,.T.);
#14159=ORIENTED_EDGE('',*,*,#14133,.T.);
#14161=ORIENTED_EDGE('',*,*,#14160,.T.);
#14163=ORIENTED_EDGE('',*,*,#14162,.T.);
#14164=EDGE_LOOP('',(#14158,#14159,#14161,#14163));
#14165=FACE_OUTER_BOUND('',#14164,.F.);
#14166=ADVANCED_FACE('',(#14165),#14157,.T.);
#14167=CARTESIAN_POINT('',(1.088763713788E2,1.478823306137E2,
-8.485281374239E0));
#14168=DIRECTION('',(-4.472135955E-1,-6.324555320337E-1,-6.324555320337E-1));
#14169=DIRECTION('',(8.944271909999E-1,-3.162277660169E-1,-3.162277660169E-1));
#14170=AXIS2_PLACEMENT_3D('',#14167,#14168,#14169);
#14171=PLANE('',#14170);
#14172=ORIENTED_EDGE('',*,*,#14160,.F.);
#14173=ORIENTED_EDGE('',*,*,#14131,.F.);
#14174=ORIENTED_EDGE('',*,*,#13694,.T.);
#14176=ORIENTED_EDGE('',*,*,#14175,.F.);
#14177=EDGE_LOOP('',(#14172,#14173,#14174,#14176));
#14178=FACE_OUTER_BOUND('',#14177,.F.);
#14179=ADVANCED_FACE('',(#14178),#14171,.F.);
#14180=CARTESIAN_POINT('',(1.088763713788E2,1.365776716693E2,
-1.978994031862E1));
#14181=DIRECTION('',(-4.472135955E-1,-6.324555320337E-1,6.324555320337E-1));
#14182=DIRECTION('',(8.944271909999E-1,-3.162277660169E-1,3.162277660169E-1));
#14183=AXIS2_PLACEMENT_3D('',#14180,#14181,#14182);
#14184=PLANE('',#14183);
#14186=ORIENTED_EDGE('',*,*,#14185,.T.);
#14187=ORIENTED_EDGE('',*,*,#14145,.F.);
#14188=ORIENTED_EDGE('',*,*,#14162,.F.);
#14189=ORIENTED_EDGE('',*,*,#14175,.T.);
#14190=EDGE_LOOP('',(#14186,#14187,#14188,#14189));
#14191=FACE_OUTER_BOUND('',#14190,.F.);
#14192=ADVANCED_FACE('',(#14191),#14184,.F.);
#14193=CARTESIAN_POINT('',(1.096763713788E2,1.368605143818E2,
-2.007278303109E1));
#14194=DIRECTION('',(-4.472135955E-1,6.324555320337E-1,-6.324555320337E-1));
#14195=DIRECTION('',(-8.944271909999E-1,-3.162277660169E-1,3.162277660169E-1));
#14196=AXIS2_PLACEMENT_3D('',#14193,#14194,#14195);
#14197=PLANE('',#14196);
#14198=ORIENTED_EDGE('',*,*,#10523,.F.);
#14199=ORIENTED_EDGE('',*,*,#14185,.F.);
#14200=ORIENTED_EDGE('',*,*,#10492,.T.);
#14202=ORIENTED_EDGE('',*,*,#14201,.F.);
#14203=EDGE_LOOP('',(#14198,#14199,#14200,#14202));
#14204=FACE_OUTER_BOUND('',#14203,.F.);
#14205=ADVANCED_FACE('',(#14204),#14197,.F.);
#14206=CARTESIAN_POINT('',(1.096763713788E2,0.E0,-1.425E1));
#14207=DIRECTION('',(1.E0,0.E0,0.E0));
#14208=DIRECTION('',(0.E0,0.E0,1.E0));
#14209=AXIS2_PLACEMENT_3D('',#14206,#14207,#14208);
#14210=PLANE('',#14209);
#14211=ORIENTED_EDGE('',*,*,#10525,.T.);
#14212=ORIENTED_EDGE('',*,*,#14201,.T.);
#14213=ORIENTED_EDGE('',*,*,#10490,.T.);
#14214=ORIENTED_EDGE('',*,*,#10505,.T.);
#14215=EDGE_LOOP('',(#14211,#14212,#14213,#14214));
#14216=FACE_OUTER_BOUND('',#14215,.F.);
#14217=ADVANCED_FACE('',(#14216),#14210,.T.);
#14218=CARTESIAN_POINT('',(1.088763713788E2,1.450539034889E2,
-1.131370849898E1));
#14219=DIRECTION('',(-4.472135955E-1,-6.324555320337E-1,-6.324555320337E-1));
#14220=DIRECTION('',(8.944271909999E-1,-3.162277660169E-1,-3.162277660169E-1));
#14221=AXIS2_PLACEMENT_3D('',#14218,#14219,#14220);
#14222=PLANE('',#14221);
#14223=ORIENTED_EDGE('',*,*,#10593,.F.);
#14225=ORIENTED_EDGE('',*,*,#14224,.F.);
#14226=ORIENTED_EDGE('',*,*,#14147,.T.);
#14227=ORIENTED_EDGE('',*,*,#10579,.F.);
#14228=EDGE_LOOP('',(#14223,#14225,#14226,#14227));
#14229=FACE_OUTER_BOUND('',#14228,.F.);
#14230=ADVANCED_FACE('',(#14229),#14222,.F.);
#14231=CARTESIAN_POINT('',(1.096763713788E2,1.340320872570E2,
-1.724435590635E1));
#14232=DIRECTION('',(-4.472135955E-1,6.324555320337E-1,-6.324555320337E-1));
#14233=DIRECTION('',(-8.944271909999E-1,-3.162277660169E-1,3.162277660169E-1));
#14234=AXIS2_PLACEMENT_3D('',#14231,#14232,#14233);
#14235=PLANE('',#14234);
#14236=ORIENTED_EDGE('',*,*,#10608,.F.);
#14238=ORIENTED_EDGE('',*,*,#14237,.F.);
#14239=ORIENTED_EDGE('',*,*,#14224,.T.);
#14240=ORIENTED_EDGE('',*,*,#10591,.F.);
#14241=EDGE_LOOP('',(#14236,#14238,#14239,#14240));
#14242=FACE_OUTER_BOUND('',#14241,.F.);
#14243=ADVANCED_FACE('',(#14242),#14235,.F.);
#14244=CARTESIAN_POINT('',(1.088763713788E2,1.337492445446E2,
-1.696151319387E1));
#14245=DIRECTION('',(-4.472135955E-1,-6.324555320337E-1,6.324555320337E-1));
#14246=DIRECTION('',(8.944271909999E-1,-3.162277660169E-1,3.162277660169E-1));
#14247=AXIS2_PLACEMENT_3D('',#14244,#14245,#14246);
#14248=PLANE('',#14247);
#14249=ORIENTED_EDGE('',*,*,#14237,.T.);
#14251=ORIENTED_EDGE('',*,*,#14250,.F.);
#14253=ORIENTED_EDGE('',*,*,#14252,.F.);
#14255=ORIENTED_EDGE('',*,*,#14254,.T.);
#14256=EDGE_LOOP('',(#14249,#14251,#14253,#14255));
#14257=FACE_OUTER_BOUND('',#14256,.F.);
#14258=ADVANCED_FACE('',(#14257),#14248,.F.);
#14259=CARTESIAN_POINT('',(1.096763713788E2,1.396798919519E2,
-1.103086578651E1));
#14260=DIRECTION('',(-4.472135955E-1,6.324555320337E-1,6.324555320337E-1));
#14261=DIRECTION('',(-8.944271909999E-1,-3.162277660169E-1,-3.162277660169E-1));
#14262=AXIS2_PLACEMENT_3D('',#14259,#14260,#14261);
#14263=PLANE('',#14262);
#14265=ORIENTED_EDGE('',*,*,#14264,.F.);
#14266=ORIENTED_EDGE('',*,*,#14250,.T.);
#14268=ORIENTED_EDGE('',*,*,#14267,.F.);
#14270=ORIENTED_EDGE('',*,*,#14269,.T.);
#14271=EDGE_LOOP('',(#14265,#14266,#14268,#14270));
#14272=FACE_OUTER_BOUND('',#14271,.F.);
#14273=ADVANCED_FACE('',(#14272),#14263,.F.);
#14274=CARTESIAN_POINT('',(1.096763713788E2,0.E0,-1.425E1));
#14275=DIRECTION('',(1.E0,0.E0,0.E0));
#14276=DIRECTION('',(0.E0,0.E0,1.E0));
#14277=AXIS2_PLACEMENT_3D('',#14274,#14275,#14276);
#14278=PLANE('',#14277);
#14279=ORIENTED_EDGE('',*,*,#14264,.T.);
#14281=ORIENTED_EDGE('',*,*,#14280,.T.);
#14283=ORIENTED_EDGE('',*,*,#14282,.T.);
#14284=ORIENTED_EDGE('',*,*,#14252,.T.);
#14285=EDGE_LOOP('',(#14279,#14281,#14283,#14284));
#14286=FACE_OUTER_BOUND('',#14285,.F.);
#14287=ADVANCED_FACE('',(#14286),#14278,.T.);
#14288=CARTESIAN_POINT('',(1.096763713788E2,1.340320872570E2,
-1.158750165685E1));
#14289=DIRECTION('',(-4.472135955E-1,6.324555320337E-1,-6.324555320337E-1));
#14290=DIRECTION('',(-8.944271909999E-1,-3.162277660169E-1,3.162277660169E-1));
#14291=AXIS2_PLACEMENT_3D('',#14288,#14289,#14290);
#14292=PLANE('',#14291);
#14293=ORIENTED_EDGE('',*,*,#14269,.F.);
#14295=ORIENTED_EDGE('',*,*,#14294,.T.);
#14297=ORIENTED_EDGE('',*,*,#14296,.T.);
#14298=ORIENTED_EDGE('',*,*,#14280,.F.);
#14299=EDGE_LOOP('',(#14293,#14295,#14297,#14298));
#14300=FACE_OUTER_BOUND('',#14299,.F.);
#14301=ADVANCED_FACE('',(#14300),#14292,.F.);
#14302=CARTESIAN_POINT('',(1.088763713788E2,1.337492445446E2,
-1.130465894438E1));
#14303=DIRECTION('',(-4.472135955E-1,-6.324555320337E-1,6.324555320337E-1));
#14304=DIRECTION('',(8.944271909999E-1,-3.162277660169E-1,3.162277660169E-1));
#14305=AXIS2_PLACEMENT_3D('',#14302,#14303,#14304);
#14306=PLANE('',#14305);
#14307=ORIENTED_EDGE('',*,*,#14294,.F.);
#14309=ORIENTED_EDGE('',*,*,#14308,.F.);
#14311=ORIENTED_EDGE('',*,*,#14310,.F.);
#14313=ORIENTED_EDGE('',*,*,#14312,.T.);
#14314=EDGE_LOOP('',(#14307,#14309,#14311,#14313));
#14315=FACE_OUTER_BOUND('',#14314,.F.);
#14316=ADVANCED_FACE('',(#14315),#14306,.F.);
#14317=CARTESIAN_POINT('',(1.096763713788E2,1.368514648272E2,
-8.202438661764E0));
#14318=DIRECTION('',(-4.472135955E-1,6.324555320337E-1,6.324555320337E-1));
#14319=DIRECTION('',(-8.944271909999E-1,-3.162277660169E-1,-3.162277660169E-1));
#14320=AXIS2_PLACEMENT_3D('',#14317,#14318,#14319);
#14321=PLANE('',#14320);
#14323=ORIENTED_EDGE('',*,*,#14322,.F.);
#14324=ORIENTED_EDGE('',*,*,#14308,.T.);
#14326=ORIENTED_EDGE('',*,*,#14325,.F.);
#14328=ORIENTED_EDGE('',*,*,#14327,.T.);
#14329=EDGE_LOOP('',(#14323,#14324,#14326,#14328));
#14330=FACE_OUTER_BOUND('',#14329,.F.);
#14331=ADVANCED_FACE('',(#14330),#14321,.F.);
#14332=CARTESIAN_POINT('',(1.096763713788E2,0.E0,-1.425E1));
#14333=DIRECTION('',(1.E0,0.E0,0.E0));
#14334=DIRECTION('',(0.E0,0.E0,1.E0));
#14335=AXIS2_PLACEMENT_3D('',#14332,#14333,#14334);
#14336=PLANE('',#14335);
#14337=ORIENTED_EDGE('',*,*,#14322,.T.);
#14339=ORIENTED_EDGE('',*,*,#14338,.T.);
#14341=ORIENTED_EDGE('',*,*,#14340,.T.);
#14342=ORIENTED_EDGE('',*,*,#14310,.T.);
#14343=EDGE_LOOP('',(#14337,#14339,#14341,#14342));
#14344=FACE_OUTER_BOUND('',#14343,.F.);
#14345=ADVANCED_FACE('',(#14344),#14336,.T.);
#14346=CARTESIAN_POINT('',(1.096763713788E2,1.340320872570E2,
-5.930647407361E0));
#14347=DIRECTION('',(-4.472135955E-1,6.324555320337E-1,-6.324555320337E-1));
#14348=DIRECTION('',(-8.944271909999E-1,-3.162277660169E-1,3.162277660169E-1));
#14349=AXIS2_PLACEMENT_3D('',#14346,#14347,#14348);
#14350=PLANE('',#14349);
#14351=ORIENTED_EDGE('',*,*,#14327,.F.);
#14353=ORIENTED_EDGE('',*,*,#14352,.T.);
#14355=ORIENTED_EDGE('',*,*,#14354,.T.);
#14356=ORIENTED_EDGE('',*,*,#14338,.F.);
#14357=EDGE_LOOP('',(#14351,#14353,#14355,#14356));
#14358=FACE_OUTER_BOUND('',#14357,.F.);
#14359=ADVANCED_FACE('',(#14358),#14350,.F.);
#14360=CARTESIAN_POINT('',(1.088763713788E2,1.337492445446E2,
-5.647804694886E0));
#14361=DIRECTION('',(-4.472135955E-1,-6.324555320337E-1,6.324555320337E-1));
#14362=DIRECTION('',(8.944271909999E-1,-3.162277660169E-1,3.162277660169E-1));
#14363=AXIS2_PLACEMENT_3D('',#14360,#14361,#14362);
#14364=PLANE('',#14363);
#14365=ORIENTED_EDGE('',*,*,#14352,.F.);
#14367=ORIENTED_EDGE('',*,*,#14366,.F.);
#14369=ORIENTED_EDGE('',*,*,#14368,.F.);
#14371=ORIENTED_EDGE('',*,*,#14370,.T.);
#14372=EDGE_LOOP('',(#14365,#14367,#14369,#14371));
#14373=FACE_OUTER_BOUND('',#14372,.F.);
#14374=ADVANCED_FACE('',(#14373),#14364,.F.);
#14375=CARTESIAN_POINT('',(1.096763713788E2,1.340230377024E2,
-5.374011537018E0));
#14376=DIRECTION('',(-4.472135955E-1,6.324555320337E-1,6.324555320337E-1));
#14377=DIRECTION('',(-8.944271909999E-1,-3.162277660169E-1,-3.162277660169E-1));
#14378=AXIS2_PLACEMENT_3D('',#14375,#14376,#14377);
#14379=PLANE('',#14378);
#14381=ORIENTED_EDGE('',*,*,#14380,.F.);
#14382=ORIENTED_EDGE('',*,*,#14366,.T.);
#14384=ORIENTED_EDGE('',*,*,#14383,.F.);
#14386=ORIENTED_EDGE('',*,*,#14385,.T.);
#14387=EDGE_LOOP('',(#14381,#14382,#14384,#14386));
#14388=FACE_OUTER_BOUND('',#14387,.F.);
#14389=ADVANCED_FACE('',(#14388),#14379,.F.);
#14390=CARTESIAN_POINT('',(1.096763713788E2,0.E0,-1.425E1));
#14391=DIRECTION('',(1.E0,0.E0,0.E0));
#14392=DIRECTION('',(0.E0,0.E0,1.E0));
#14393=AXIS2_PLACEMENT_3D('',#14390,#14391,#14392);
#14394=PLANE('',#14393);
#14395=ORIENTED_EDGE('',*,*,#14380,.T.);
#14397=ORIENTED_EDGE('',*,*,#14396,.T.);
#14399=ORIENTED_EDGE('',*,*,#14398,.T.);
#14400=ORIENTED_EDGE('',*,*,#14368,.T.);
#14401=EDGE_LOOP('',(#14395,#14397,#14399,#14400));
#14402=FACE_OUTER_BOUND('',#14401,.F.);
#14403=ADVANCED_FACE('',(#14402),#14394,.T.);
#14404=CARTESIAN_POINT('',(1.096763713788E2,1.283752330075E2,
-5.930647407361E0));
#14405=DIRECTION('',(-4.472135955E-1,6.324555320337E-1,-6.324555320337E-1));
#14406=DIRECTION('',(-8.944271909999E-1,-3.162277660169E-1,3.162277660169E-1));
#14407=AXIS2_PLACEMENT_3D('',#14404,#14405,#14406);
#14408=PLANE('',#14407);
#14409=ORIENTED_EDGE('',*,*,#14385,.F.);
#14411=ORIENTED_EDGE('',*,*,#14410,.T.);
#14413=ORIENTED_EDGE('',*,*,#14412,.T.);
#14414=ORIENTED_EDGE('',*,*,#14396,.F.);
#14415=EDGE_LOOP('',(#14409,#14411,#14413,#14414));
#14416=FACE_OUTER_BOUND('',#14415,.F.);
#14417=ADVANCED_FACE('',(#14416),#14408,.F.);
#14418=CARTESIAN_POINT('',(1.088763713788E2,1.280923902951E2,
-5.647804694886E0));
#14419=DIRECTION('',(-4.472135955E-1,-6.324555320337E-1,6.324555320337E-1));
#14420=DIRECTION('',(8.944271909999E-1,-3.162277660169E-1,3.162277660169E-1));
#14421=AXIS2_PLACEMENT_3D('',#14418,#14419,#14420);
#14422=PLANE('',#14421);
#14423=ORIENTED_EDGE('',*,*,#14410,.F.);
#14425=ORIENTED_EDGE('',*,*,#14424,.F.);
#14427=ORIENTED_EDGE('',*,*,#14426,.F.);
#14429=ORIENTED_EDGE('',*,*,#14428,.T.);
#14430=EDGE_LOOP('',(#14423,#14425,#14427,#14429));
#14431=FACE_OUTER_BOUND('',#14430,.F.);
#14432=ADVANCED_FACE('',(#14431),#14422,.F.);
#14433=CARTESIAN_POINT('',(1.096763713788E2,1.311946105777E2,
-2.545584412272E0));
#14434=DIRECTION('',(-4.472135955E-1,6.324555320337E-1,6.324555320337E-1));
#14435=DIRECTION('',(-8.944271909999E-1,-3.162277660169E-1,-3.162277660169E-1));
#14436=AXIS2_PLACEMENT_3D('',#14433,#14434,#14435);
#14437=PLANE('',#14436);
#14439=ORIENTED_EDGE('',*,*,#14438,.F.);
#14440=ORIENTED_EDGE('',*,*,#14424,.T.);
#14442=ORIENTED_EDGE('',*,*,#14441,.F.);
#14444=ORIENTED_EDGE('',*,*,#14443,.T.);
#14445=EDGE_LOOP('',(#14439,#14440,#14442,#14444));
#14446=FACE_OUTER_BOUND('',#14445,.F.);
#14447=ADVANCED_FACE('',(#14446),#14437,.F.);
#14448=CARTESIAN_POINT('',(1.096763713788E2,0.E0,-1.425E1));
#14449=DIRECTION('',(1.E0,0.E0,0.E0));
#14450=DIRECTION('',(0.E0,0.E0,1.E0));
#14451=AXIS2_PLACEMENT_3D('',#14448,#14449,#14450);
#14452=PLANE('',#14451);
#14453=ORIENTED_EDGE('',*,*,#14438,.T.);
#14455=ORIENTED_EDGE('',*,*,#14454,.T.);
#14457=ORIENTED_EDGE('',*,*,#14456,.T.);
#14458=ORIENTED_EDGE('',*,*,#14426,.T.);
#14459=EDGE_LOOP('',(#14453,#14455,#14457,#14458));
#14460=FACE_OUTER_BOUND('',#14459,.F.);
#14461=ADVANCED_FACE('',(#14460),#14452,.T.);
#14462=CARTESIAN_POINT('',(1.096763713788E2,1.227183787580E2,
-5.930647407361E0));
#14463=DIRECTION('',(-4.472135955E-1,6.324555320337E-1,-6.324555320337E-1));
#14464=DIRECTION('',(-8.944271909999E-1,-3.162277660169E-1,3.162277660169E-1));
#14465=AXIS2_PLACEMENT_3D('',#14462,#14463,#14464);
#14466=PLANE('',#14465);
#14467=ORIENTED_EDGE('',*,*,#14443,.F.);
#14469=ORIENTED_EDGE('',*,*,#14468,.T.);
#14471=ORIENTED_EDGE('',*,*,#14470,.T.);
#14472=ORIENTED_EDGE('',*,*,#14454,.F.);
#14473=EDGE_LOOP('',(#14467,#14469,#14471,#14472));
#14474=FACE_OUTER_BOUND('',#14473,.F.);
#14475=ADVANCED_FACE('',(#14474),#14466,.F.);
#14476=CARTESIAN_POINT('',(1.088763713788E2,1.224355360456E2,
-5.647804694886E0));
#14477=DIRECTION('',(-4.472135955E-1,-6.324555320337E-1,6.324555320337E-1));
#14478=DIRECTION('',(8.944271909999E-1,-3.162277660169E-1,3.162277660169E-1));
#14479=AXIS2_PLACEMENT_3D('',#14476,#14477,#14478);
#14480=PLANE('',#14479);
#14481=ORIENTED_EDGE('',*,*,#14468,.F.);
#14483=ORIENTED_EDGE('',*,*,#14482,.F.);
#14485=ORIENTED_EDGE('',*,*,#14484,.F.);
#14487=ORIENTED_EDGE('',*,*,#14486,.T.);
#14488=EDGE_LOOP('',(#14481,#14483,#14485,#14487));
#14489=FACE_OUTER_BOUND('',#14488,.F.);
#14490=ADVANCED_FACE('',(#14489),#14480,.F.);
#14491=CARTESIAN_POINT('',(1.096763713788E2,1.283661834529E2,
2.828427124746E-1));
#14492=DIRECTION('',(-4.472135955E-1,6.324555320337E-1,6.324555320337E-1));
#14493=DIRECTION('',(-8.944271909999E-1,-3.162277660169E-1,-3.162277660169E-1));
#14494=AXIS2_PLACEMENT_3D('',#14491,#14492,#14493);
#14495=PLANE('',#14494);
#14497=ORIENTED_EDGE('',*,*,#14496,.F.);
#14498=ORIENTED_EDGE('',*,*,#14482,.T.);
#14500=ORIENTED_EDGE('',*,*,#14499,.F.);
#14502=ORIENTED_EDGE('',*,*,#14501,.T.);
#14503=EDGE_LOOP('',(#14497,#14498,#14500,#14502));
#14504=FACE_OUTER_BOUND('',#14503,.F.);
#14505=ADVANCED_FACE('',(#14504),#14495,.F.);
#14506=CARTESIAN_POINT('',(1.096763713788E2,0.E0,-1.425E1));
#14507=DIRECTION('',(1.E0,0.E0,0.E0));
#14508=DIRECTION('',(0.E0,0.E0,1.E0));
#14509=AXIS2_PLACEMENT_3D('',#14506,#14507,#14508);
#14510=PLANE('',#14509);
#14511=ORIENTED_EDGE('',*,*,#14496,.T.);
#14513=ORIENTED_EDGE('',*,*,#14512,.T.);
#14515=ORIENTED_EDGE('',*,*,#14514,.T.);
#14516=ORIENTED_EDGE('',*,*,#14484,.T.);
#14517=EDGE_LOOP('',(#14511,#14513,#14515,#14516));
#14518=FACE_OUTER_BOUND('',#14517,.F.);
#14519=ADVANCED_FACE('',(#14518),#14510,.T.);
#14520=CARTESIAN_POINT('',(1.096763713788E2,1.227183787580E2,
-2.737931578687E-1));
#14521=DIRECTION('',(-4.472135955E-1,6.324555320337E-1,-6.324555320337E-1));
#14522=DIRECTION('',(-8.944271909999E-1,-3.162277660169E-1,3.162277660169E-1));
#14523=AXIS2_PLACEMENT_3D('',#14520,#14521,#14522);
#14524=PLANE('',#14523);
#14525=ORIENTED_EDGE('',*,*,#14501,.F.);
#14527=ORIENTED_EDGE('',*,*,#14526,.T.);
#14529=ORIENTED_EDGE('',*,*,#14528,.T.);
#14530=ORIENTED_EDGE('',*,*,#14512,.F.);
#14531=EDGE_LOOP('',(#14525,#14527,#14529,#14530));
#14532=FACE_OUTER_BOUND('',#14531,.F.);
#14533=ADVANCED_FACE('',(#14532),#14524,.F.);
#14534=CARTESIAN_POINT('',(1.088763713788E2,1.224355360456E2,
9.049554605937E-3));
#14535=DIRECTION('',(-4.472135955E-1,-6.324555320337E-1,6.324555320337E-1));
#14536=DIRECTION('',(8.944271909999E-1,-3.162277660169E-1,3.162277660169E-1));
#14537=AXIS2_PLACEMENT_3D('',#14534,#14535,#14536);
#14538=PLANE('',#14537);
#14539=ORIENTED_EDGE('',*,*,#12791,.F.);
#14540=ORIENTED_EDGE('',*,*,#12808,.F.);
#14541=ORIENTED_EDGE('',*,*,#12822,.T.);
#14542=ORIENTED_EDGE('',*,*,#14526,.F.);
#14543=EDGE_LOOP('',(#14539,#14540,#14541,#14542));
#14544=FACE_OUTER_BOUND('',#14543,.F.);
#14545=ADVANCED_FACE('',(#14544),#14538,.F.);
#14546=CARTESIAN_POINT('',(1.088763713788E2,1.337401949899E2,0.E0));
#14547=DIRECTION('',(-4.472135955E-1,-6.324555320337E-1,-6.324555320337E-1));
#14548=DIRECTION('',(8.944271909999E-1,-3.162277660169E-1,-3.162277660169E-1));
#14549=AXIS2_PLACEMENT_3D('',#14546,#14547,#14548);
#14550=PLANE('',#14549);
#14551=ORIENTED_EDGE('',*,*,#14514,.F.);
#14552=ORIENTED_EDGE('',*,*,#14528,.F.);
#14553=ORIENTED_EDGE('',*,*,#12933,.T.);
#14554=ORIENTED_EDGE('',*,*,#14486,.F.);
#14555=EDGE_LOOP('',(#14551,#14552,#14553,#14554));
#14556=FACE_OUTER_BOUND('',#14555,.F.);
#14557=ADVANCED_FACE('',(#14556),#14550,.F.);
#14558=CARTESIAN_POINT('',(1.088763713788E2,1.280833407405E2,0.E0));
#14559=DIRECTION('',(-4.472135955E-1,-6.324555320337E-1,-6.324555320337E-1));
#14560=DIRECTION('',(8.944271909999E-1,-3.162277660169E-1,-3.162277660169E-1));
#14561=AXIS2_PLACEMENT_3D('',#14558,#14559,#14560);
#14562=PLANE('',#14561);
#14564=ORIENTED_EDGE('',*,*,#14563,.F.);
#14566=ORIENTED_EDGE('',*,*,#14565,.F.);
#14567=ORIENTED_EDGE('',*,*,#14499,.T.);
#14569=ORIENTED_EDGE('',*,*,#14568,.F.);
#14570=EDGE_LOOP('',(#14564,#14566,#14567,#14569));
#14571=FACE_OUTER_BOUND('',#14570,.F.);
#14572=ADVANCED_FACE('',(#14571),#14562,.F.);
#14573=CARTESIAN_POINT('',(1.096763713788E2,0.E0,-1.425E1));
#14574=DIRECTION('',(1.E0,0.E0,0.E0));
#14575=DIRECTION('',(0.E0,0.E0,1.E0));
#14576=AXIS2_PLACEMENT_3D('',#14573,#14574,#14575);
#14577=PLANE('',#14576);
#14579=ORIENTED_EDGE('',*,*,#14578,.T.);
#14581=ORIENTED_EDGE('',*,*,#14580,.T.);
#14582=ORIENTED_EDGE('',*,*,#14563,.T.);
#14584=ORIENTED_EDGE('',*,*,#14583,.T.);
#14585=EDGE_LOOP('',(#14579,#14581,#14582,#14584));
#14586=FACE_OUTER_BOUND('',#14585,.F.);
#14587=ADVANCED_FACE('',(#14586),#14577,.T.);
#14588=CARTESIAN_POINT('',(1.096763713788E2,1.255377563282E2,
-2.545584412272E0));
#14589=DIRECTION('',(-4.472135955E-1,6.324555320337E-1,6.324555320337E-1));
#14590=DIRECTION('',(-8.944271909999E-1,-3.162277660169E-1,-3.162277660169E-1));
#14591=AXIS2_PLACEMENT_3D('',#14588,#14589,#14590);
#14592=PLANE('',#14591);
#14593=ORIENTED_EDGE('',*,*,#14578,.F.);
#14595=ORIENTED_EDGE('',*,*,#14594,.T.);
#14597=ORIENTED_EDGE('',*,*,#14596,.F.);
#14599=ORIENTED_EDGE('',*,*,#14598,.T.);
#14600=EDGE_LOOP('',(#14593,#14595,#14597,#14599));
#14601=FACE_OUTER_BOUND('',#14600,.F.);
#14602=ADVANCED_FACE('',(#14601),#14592,.F.);
#14603=CARTESIAN_POINT('',(1.088763713788E2,1.224355360456E2,
-5.647804694886E0));
#14604=DIRECTION('',(-4.472135955E-1,-6.324555320337E-1,6.324555320337E-1));
#14605=DIRECTION('',(8.944271909999E-1,-3.162277660169E-1,3.162277660169E-1));
#14606=AXIS2_PLACEMENT_3D('',#14603,#14604,#14605);
#14607=PLANE('',#14606);
#14609=ORIENTED_EDGE('',*,*,#14608,.F.);
#14610=ORIENTED_EDGE('',*,*,#14594,.F.);
#14611=ORIENTED_EDGE('',*,*,#14583,.F.);
#14612=ORIENTED_EDGE('',*,*,#14568,.T.);
#14613=EDGE_LOOP('',(#14609,#14610,#14611,#14612));
#14614=FACE_OUTER_BOUND('',#14613,.F.);
#14615=ADVANCED_FACE('',(#14614),#14607,.F.);
#14616=CARTESIAN_POINT('',(1.096763713788E2,1.227183787580E2,
-5.930647407361E0));
#14617=DIRECTION('',(-4.472135955E-1,6.324555320337E-1,-6.324555320337E-1));
#14618=DIRECTION('',(-8.944271909999E-1,-3.162277660169E-1,3.162277660169E-1));
#14619=AXIS2_PLACEMENT_3D('',#14616,#14617,#14618);
#14620=PLANE('',#14619);
#14622=ORIENTED_EDGE('',*,*,#14621,.F.);
#14623=ORIENTED_EDGE('',*,*,#14608,.T.);
#14625=ORIENTED_EDGE('',*,*,#14624,.T.);
#14627=ORIENTED_EDGE('',*,*,#14626,.F.);
#14628=EDGE_LOOP('',(#14622,#14623,#14625,#14627));
#14629=FACE_OUTER_BOUND('',#14628,.F.);
#14630=ADVANCED_FACE('',(#14629),#14620,.F.);
#14631=CARTESIAN_POINT('',(1.096763713788E2,1.283661834529E2,
-5.374011537018E0));
#14632=DIRECTION('',(-4.472135955E-1,6.324555320337E-1,6.324555320337E-1));
#14633=DIRECTION('',(-8.944271909999E-1,-3.162277660169E-1,-3.162277660169E-1));
#14634=AXIS2_PLACEMENT_3D('',#14631,#14632,#14633);
#14635=PLANE('',#14634);
#14637=ORIENTED_EDGE('',*,*,#14636,.F.);
#14639=ORIENTED_EDGE('',*,*,#14638,.T.);
#14641=ORIENTED_EDGE('',*,*,#14640,.F.);
#14642=ORIENTED_EDGE('',*,*,#14621,.T.);
#14643=EDGE_LOOP('',(#14637,#14639,#14641,#14642));
#14644=FACE_OUTER_BOUND('',#14643,.F.);
#14645=ADVANCED_FACE('',(#14644),#14635,.F.);
#14646=CARTESIAN_POINT('',(1.096763713788E2,0.E0,-1.425E1));
#14647=DIRECTION('',(1.E0,0.E0,0.E0));
#14648=DIRECTION('',(0.E0,0.E0,1.E0));
#14649=AXIS2_PLACEMENT_3D('',#14646,#14647,#14648);
#14650=PLANE('',#14649);
#14651=ORIENTED_EDGE('',*,*,#14636,.T.);
#14652=ORIENTED_EDGE('',*,*,#14626,.T.);
#14654=ORIENTED_EDGE('',*,*,#14653,.T.);
#14656=ORIENTED_EDGE('',*,*,#14655,.T.);
#14657=EDGE_LOOP('',(#14651,#14652,#14654,#14656));
#14658=FACE_OUTER_BOUND('',#14657,.F.);
#14659=ADVANCED_FACE('',(#14658),#14650,.T.);
#14660=CARTESIAN_POINT('',(1.088763713788E2,1.309117678652E2,
-2.828427124746E0));
#14661=DIRECTION('',(-4.472135955E-1,-6.324555320337E-1,-6.324555320337E-1));
#14662=DIRECTION('',(8.944271909999E-1,-3.162277660169E-1,-3.162277660169E-1));
#14663=AXIS2_PLACEMENT_3D('',#14660,#14661,#14662);
#14664=PLANE('',#14663);
#14665=ORIENTED_EDGE('',*,*,#14653,.F.);
#14666=ORIENTED_EDGE('',*,*,#14624,.F.);
#14667=ORIENTED_EDGE('',*,*,#14441,.T.);
#14669=ORIENTED_EDGE('',*,*,#14668,.F.);
#14670=EDGE_LOOP('',(#14665,#14666,#14667,#14669));
#14671=FACE_OUTER_BOUND('',#14670,.F.);
#14672=ADVANCED_FACE('',(#14671),#14664,.F.);
#14673=CARTESIAN_POINT('',(1.088763713788E2,1.280923902951E2,
-5.647804694886E0));
#14674=DIRECTION('',(-4.472135955E-1,-6.324555320337E-1,6.324555320337E-1));
#14675=DIRECTION('',(8.944271909999E-1,-3.162277660169E-1,3.162277660169E-1));
#14676=AXIS2_PLACEMENT_3D('',#14673,#14674,#14675);
#14677=PLANE('',#14676);
#14679=ORIENTED_EDGE('',*,*,#14678,.F.);
#14680=ORIENTED_EDGE('',*,*,#14638,.F.);
#14681=ORIENTED_EDGE('',*,*,#14655,.F.);
#14682=ORIENTED_EDGE('',*,*,#14668,.T.);
#14683=EDGE_LOOP('',(#14679,#14680,#14681,#14682));
#14684=FACE_OUTER_BOUND('',#14683,.F.);
#14685=ADVANCED_FACE('',(#14684),#14677,.F.);
#14686=CARTESIAN_POINT('',(1.096763713788E2,1.283752330075E2,
-5.930647407361E0));
#14687=DIRECTION('',(-4.472135955E-1,6.324555320337E-1,-6.324555320337E-1));
#14688=DIRECTION('',(-8.944271909999E-1,-3.162277660169E-1,3.162277660169E-1));
#14689=AXIS2_PLACEMENT_3D('',#14686,#14687,#14688);
#14690=PLANE('',#14689);
#14692=ORIENTED_EDGE('',*,*,#14691,.F.);
#14693=ORIENTED_EDGE('',*,*,#14678,.T.);
#14695=ORIENTED_EDGE('',*,*,#14694,.T.);
#14697=ORIENTED_EDGE('',*,*,#14696,.F.);
#14698=EDGE_LOOP('',(#14692,#14693,#14695,#14697));
#14699=FACE_OUTER_BOUND('',#14698,.F.);
#14700=ADVANCED_FACE('',(#14699),#14690,.F.);
#14701=CARTESIAN_POINT('',(1.096763713788E2,1.311946105777E2,
-8.202438661764E0));
#14702=DIRECTION('',(-4.472135955E-1,6.324555320337E-1,6.324555320337E-1));
#14703=DIRECTION('',(-8.944271909999E-1,-3.162277660169E-1,-3.162277660169E-1));
#14704=AXIS2_PLACEMENT_3D('',#14701,#14702,#14703);
#14705=PLANE('',#14704);
#14707=ORIENTED_EDGE('',*,*,#14706,.F.);
#14709=ORIENTED_EDGE('',*,*,#14708,.T.);
#14711=ORIENTED_EDGE('',*,*,#14710,.F.);
#14712=ORIENTED_EDGE('',*,*,#14691,.T.);
#14713=EDGE_LOOP('',(#14707,#14709,#14711,#14712));
#14714=FACE_OUTER_BOUND('',#14713,.F.);
#14715=ADVANCED_FACE('',(#14714),#14705,.F.);
#14716=CARTESIAN_POINT('',(1.096763713788E2,0.E0,-1.425E1));
#14717=DIRECTION('',(1.E0,0.E0,0.E0));
#14718=DIRECTION('',(0.E0,0.E0,1.E0));
#14719=AXIS2_PLACEMENT_3D('',#14716,#14717,#14718);
#14720=PLANE('',#14719);
#14721=ORIENTED_EDGE('',*,*,#14706,.T.);
#14722=ORIENTED_EDGE('',*,*,#14696,.T.);
#14724=ORIENTED_EDGE('',*,*,#14723,.T.);
#14726=ORIENTED_EDGE('',*,*,#14725,.T.);
#14727=EDGE_LOOP('',(#14721,#14722,#14724,#14726));
#14728=FACE_OUTER_BOUND('',#14727,.F.);
#14729=ADVANCED_FACE('',(#14728),#14720,.T.);
#14730=CARTESIAN_POINT('',(1.088763713788E2,1.337401949899E2,
-5.656854249492E0));
#14731=DIRECTION('',(-4.472135955E-1,-6.324555320337E-1,-6.324555320337E-1));
#14732=DIRECTION('',(8.944271909999E-1,-3.162277660169E-1,-3.162277660169E-1));
#14733=AXIS2_PLACEMENT_3D('',#14730,#14731,#14732);
#14734=PLANE('',#14733);
#14735=ORIENTED_EDGE('',*,*,#14723,.F.);
#14736=ORIENTED_EDGE('',*,*,#14694,.F.);
#14737=ORIENTED_EDGE('',*,*,#14383,.T.);
#14739=ORIENTED_EDGE('',*,*,#14738,.F.);
#14740=EDGE_LOOP('',(#14735,#14736,#14737,#14739));
#14741=FACE_OUTER_BOUND('',#14740,.F.);
#14742=ADVANCED_FACE('',(#14741),#14734,.F.);
#14743=CARTESIAN_POINT('',(1.088763713788E2,1.337492445446E2,
-5.647804694886E0));
#14744=DIRECTION('',(-4.472135955E-1,-6.324555320337E-1,6.324555320337E-1));
#14745=DIRECTION('',(8.944271909999E-1,-3.162277660169E-1,3.162277660169E-1));
#14746=AXIS2_PLACEMENT_3D('',#14743,#14744,#14745);
#14747=PLANE('',#14746);
#14749=ORIENTED_EDGE('',*,*,#14748,.F.);
#14750=ORIENTED_EDGE('',*,*,#14708,.F.);
#14751=ORIENTED_EDGE('',*,*,#14725,.F.);
#14752=ORIENTED_EDGE('',*,*,#14738,.T.);
#14753=EDGE_LOOP('',(#14749,#14750,#14751,#14752));
#14754=FACE_OUTER_BOUND('',#14753,.F.);
#14755=ADVANCED_FACE('',(#14754),#14747,.F.);
#14756=CARTESIAN_POINT('',(1.096763713788E2,1.340320872570E2,
-5.930647407361E0));
#14757=DIRECTION('',(-4.472135955E-1,6.324555320337E-1,-6.324555320337E-1));
#14758=DIRECTION('',(-8.944271909999E-1,-3.162277660169E-1,3.162277660169E-1));
#14759=AXIS2_PLACEMENT_3D('',#14756,#14757,#14758);
#14760=PLANE('',#14759);
#14762=ORIENTED_EDGE('',*,*,#14761,.F.);
#14763=ORIENTED_EDGE('',*,*,#14748,.T.);
#14765=ORIENTED_EDGE('',*,*,#14764,.T.);
#14767=ORIENTED_EDGE('',*,*,#14766,.F.);
#14768=EDGE_LOOP('',(#14762,#14763,#14765,#14767));
#14769=FACE_OUTER_BOUND('',#14768,.F.);
#14770=ADVANCED_FACE('',(#14769),#14760,.F.);
#14771=CARTESIAN_POINT('',(1.096763713788E2,1.340230377024E2,
-1.103086578651E1));
#14772=DIRECTION('',(-4.472135955E-1,6.324555320337E-1,6.324555320337E-1));
#14773=DIRECTION('',(-8.944271909999E-1,-3.162277660169E-1,-3.162277660169E-1));
#14774=AXIS2_PLACEMENT_3D('',#14771,#14772,#14773);
#14775=PLANE('',#14774);
#14777=ORIENTED_EDGE('',*,*,#14776,.F.);
#14779=ORIENTED_EDGE('',*,*,#14778,.T.);
#14781=ORIENTED_EDGE('',*,*,#14780,.F.);
#14782=ORIENTED_EDGE('',*,*,#14761,.T.);
#14783=EDGE_LOOP('',(#14777,#14779,#14781,#14782));
#14784=FACE_OUTER_BOUND('',#14783,.F.);
#14785=ADVANCED_FACE('',(#14784),#14775,.F.);
#14786=CARTESIAN_POINT('',(1.096763713788E2,0.E0,-1.425E1));
#14787=DIRECTION('',(1.E0,0.E0,0.E0));
#14788=DIRECTION('',(0.E0,0.E0,1.E0));
#14789=AXIS2_PLACEMENT_3D('',#14786,#14787,#14788);
#14790=PLANE('',#14789);
#14791=ORIENTED_EDGE('',*,*,#14776,.T.);
#14792=ORIENTED_EDGE('',*,*,#14766,.T.);
#14794=ORIENTED_EDGE('',*,*,#14793,.T.);
#14796=ORIENTED_EDGE('',*,*,#14795,.T.);
#14797=EDGE_LOOP('',(#14791,#14792,#14794,#14796));
#14798=FACE_OUTER_BOUND('',#14797,.F.);
#14799=ADVANCED_FACE('',(#14798),#14790,.T.);
#14800=CARTESIAN_POINT('',(1.088763713788E2,1.365686221147E2,
-8.485281374239E0));
#14801=DIRECTION('',(-4.472135955E-1,-6.324555320337E-1,-6.324555320337E-1));
#14802=DIRECTION('',(8.944271909999E-1,-3.162277660169E-1,-3.162277660169E-1));
#14803=AXIS2_PLACEMENT_3D('',#14800,#14801,#14802);
#14804=PLANE('',#14803);
#14805=ORIENTED_EDGE('',*,*,#14793,.F.);
#14806=ORIENTED_EDGE('',*,*,#14764,.F.);
#14807=ORIENTED_EDGE('',*,*,#14325,.T.);
#14809=ORIENTED_EDGE('',*,*,#14808,.F.);
#14810=EDGE_LOOP('',(#14805,#14806,#14807,#14809));
#14811=FACE_OUTER_BOUND('',#14810,.F.);
#14812=ADVANCED_FACE('',(#14811),#14804,.F.);
#14813=CARTESIAN_POINT('',(1.088763713788E2,1.337492445446E2,
-1.130465894438E1));
#14814=DIRECTION('',(-4.472135955E-1,-6.324555320337E-1,6.324555320337E-1));
#14815=DIRECTION('',(8.944271909999E-1,-3.162277660169E-1,3.162277660169E-1));
#14816=AXIS2_PLACEMENT_3D('',#14813,#14814,#14815);
#14817=PLANE('',#14816);
#14819=ORIENTED_EDGE('',*,*,#14818,.F.);
#14820=ORIENTED_EDGE('',*,*,#14778,.F.);
#14821=ORIENTED_EDGE('',*,*,#14795,.F.);
#14822=ORIENTED_EDGE('',*,*,#14808,.T.);
#14823=EDGE_LOOP('',(#14819,#14820,#14821,#14822));
#14824=FACE_OUTER_BOUND('',#14823,.F.);
#14825=ADVANCED_FACE('',(#14824),#14817,.F.);
#14826=CARTESIAN_POINT('',(1.096763713788E2,1.340320872570E2,
-1.158750165685E1));
#14827=DIRECTION('',(-4.472135955E-1,6.324555320337E-1,-6.324555320337E-1));
#14828=DIRECTION('',(-8.944271909999E-1,-3.162277660169E-1,3.162277660169E-1));
#14829=AXIS2_PLACEMENT_3D('',#14826,#14827,#14828);
#14830=PLANE('',#14829);
#14831=ORIENTED_EDGE('',*,*,#10691,.F.);
#14832=ORIENTED_EDGE('',*,*,#14818,.T.);
#14834=ORIENTED_EDGE('',*,*,#14833,.T.);
#14835=ORIENTED_EDGE('',*,*,#10674,.F.);
#14836=EDGE_LOOP('',(#14831,#14832,#14834,#14835));
#14837=FACE_OUTER_BOUND('',#14836,.F.);
#14838=ADVANCED_FACE('',(#14837),#14830,.F.);
#14839=CARTESIAN_POINT('',(1.088763713788E2,1.393970492394E2,
-1.131370849898E1));
#14840=DIRECTION('',(-4.472135955E-1,-6.324555320337E-1,-6.324555320337E-1));
#14841=DIRECTION('',(8.944271909999E-1,-3.162277660169E-1,-3.162277660169E-1));
#14842=AXIS2_PLACEMENT_3D('',#14839,#14840,#14841);
#14843=PLANE('',#14842);
#14844=ORIENTED_EDGE('',*,*,#10676,.F.);
#14845=ORIENTED_EDGE('',*,*,#14833,.F.);
#14846=ORIENTED_EDGE('',*,*,#14267,.T.);
#14847=ORIENTED_EDGE('',*,*,#10662,.F.);
#14848=EDGE_LOOP('',(#14844,#14845,#14846,#14847));
#14849=FACE_OUTER_BOUND('',#14848,.F.);
#14850=ADVANCED_FACE('',(#14849),#14843,.F.);
#14851=CARTESIAN_POINT('',(1.088763713788E2,1.337401949899E2,
-1.131370849898E1));
#14852=DIRECTION('',(-4.472135955E-1,-6.324555320337E-1,-6.324555320337E-1));
#14853=DIRECTION('',(8.944271909999E-1,-3.162277660169E-1,-3.162277660169E-1));
#14854=AXIS2_PLACEMENT_3D('',#14851,#14852,#14853);
#14855=PLANE('',#14854);
#14856=ORIENTED_EDGE('',*,*,#10759,.F.);
#14858=ORIENTED_EDGE('',*,*,#14857,.F.);
#14859=ORIENTED_EDGE('',*,*,#14780,.T.);
#14860=ORIENTED_EDGE('',*,*,#10745,.F.);
#14861=EDGE_LOOP('',(#14856,#14858,#14859,#14860));
#14862=FACE_OUTER_BOUND('',#14861,.F.);
#14863=ADVANCED_FACE('',(#14862),#14855,.F.);
#14864=CARTESIAN_POINT('',(1.096763713788E2,1.340320872570E2,
-5.930647407361E0));
#14865=DIRECTION('',(-4.472135955E-1,6.324555320337E-1,-6.324555320337E-1));
#14866=DIRECTION('',(-8.944271909999E-1,-3.162277660169E-1,3.162277660169E-1));
#14867=AXIS2_PLACEMENT_3D('',#14864,#14865,#14866);
#14868=PLANE('',#14867);
#14869=ORIENTED_EDGE('',*,*,#10774,.F.);
#14871=ORIENTED_EDGE('',*,*,#14870,.T.);
#14872=ORIENTED_EDGE('',*,*,#14857,.T.);
#14873=ORIENTED_EDGE('',*,*,#10757,.F.);
#14874=EDGE_LOOP('',(#14869,#14871,#14872,#14873));
#14875=FACE_OUTER_BOUND('',#14874,.F.);
#14876=ADVANCED_FACE('',(#14875),#14868,.F.);
#14877=CARTESIAN_POINT('',(1.088763713788E2,1.337492445446E2,
-5.647804694886E0));
#14878=DIRECTION('',(-4.472135955E-1,-6.324555320337E-1,6.324555320337E-1));
#14879=DIRECTION('',(8.944271909999E-1,-3.162277660169E-1,3.162277660169E-1));
#14880=AXIS2_PLACEMENT_3D('',#14877,#14878,#14879);
#14881=PLANE('',#14880);
#14882=ORIENTED_EDGE('',*,*,#14870,.F.);
#14884=ORIENTED_EDGE('',*,*,#14883,.F.);
#14886=ORIENTED_EDGE('',*,*,#14885,.F.);
#14888=ORIENTED_EDGE('',*,*,#14887,.T.);
#14889=EDGE_LOOP('',(#14882,#14884,#14886,#14888));
#14890=FACE_OUTER_BOUND('',#14889,.F.);
#14891=ADVANCED_FACE('',(#14890),#14881,.F.);
#14892=CARTESIAN_POINT('',(1.096763713788E2,1.283661834529E2,
-1.103086578651E1));
#14893=DIRECTION('',(-4.472135955E-1,6.324555320337E-1,6.324555320337E-1));
#14894=DIRECTION('',(-8.944271909999E-1,-3.162277660169E-1,-3.162277660169E-1));
#14895=AXIS2_PLACEMENT_3D('',#14892,#14893,#14894);
#14896=PLANE('',#14895);
#14898=ORIENTED_EDGE('',*,*,#14897,.F.);
#14899=ORIENTED_EDGE('',*,*,#14883,.T.);
#14901=ORIENTED_EDGE('',*,*,#14900,.F.);
#14903=ORIENTED_EDGE('',*,*,#14902,.T.);
#14904=EDGE_LOOP('',(#14898,#14899,#14901,#14903));
#14905=FACE_OUTER_BOUND('',#14904,.F.);
#14906=ADVANCED_FACE('',(#14905),#14896,.F.);
#14907=CARTESIAN_POINT('',(1.096763713788E2,0.E0,-1.425E1));
#14908=DIRECTION('',(1.E0,0.E0,0.E0));
#14909=DIRECTION('',(0.E0,0.E0,1.E0));
#14910=AXIS2_PLACEMENT_3D('',#14907,#14908,#14909);
#14911=PLANE('',#14910);
#14912=ORIENTED_EDGE('',*,*,#14897,.T.);
#14914=ORIENTED_EDGE('',*,*,#14913,.T.);
#14916=ORIENTED_EDGE('',*,*,#14915,.T.);
#14917=ORIENTED_EDGE('',*,*,#14885,.T.);
#14918=EDGE_LOOP('',(#14912,#14914,#14916,#14917));
#14919=FACE_OUTER_BOUND('',#14918,.F.);
#14920=ADVANCED_FACE('',(#14919),#14911,.T.);
#14921=CARTESIAN_POINT('',(1.096763713788E2,1.283752330075E2,
-5.930647407361E0));
#14922=DIRECTION('',(-4.472135955E-1,6.324555320337E-1,-6.324555320337E-1));
#14923=DIRECTION('',(-8.944271909999E-1,-3.162277660169E-1,3.162277660169E-1));
#14924=AXIS2_PLACEMENT_3D('',#14921,#14922,#14923);
#14925=PLANE('',#14924);
#14926=ORIENTED_EDGE('',*,*,#14902,.F.);
#14928=ORIENTED_EDGE('',*,*,#14927,.T.);
#14930=ORIENTED_EDGE('',*,*,#14929,.T.);
#14931=ORIENTED_EDGE('',*,*,#14913,.F.);
#14932=EDGE_LOOP('',(#14926,#14928,#14930,#14931));
#14933=FACE_OUTER_BOUND('',#14932,.F.);
#14934=ADVANCED_FACE('',(#14933),#14925,.F.);
#14935=CARTESIAN_POINT('',(1.088763713788E2,1.280923902951E2,
-5.647804694886E0));
#14936=DIRECTION('',(-4.472135955E-1,-6.324555320337E-1,6.324555320337E-1));
#14937=DIRECTION('',(8.944271909999E-1,-3.162277660169E-1,3.162277660169E-1));
#14938=AXIS2_PLACEMENT_3D('',#14935,#14936,#14937);
#14939=PLANE('',#14938);
#14940=ORIENTED_EDGE('',*,*,#14927,.F.);
#14942=ORIENTED_EDGE('',*,*,#14941,.F.);
#14944=ORIENTED_EDGE('',*,*,#14943,.F.);
#14946=ORIENTED_EDGE('',*,*,#14945,.T.);
#14947=EDGE_LOOP('',(#14940,#14942,#14944,#14946));
#14948=FACE_OUTER_BOUND('',#14947,.F.);
#14949=ADVANCED_FACE('',(#14948),#14939,.F.);
#14950=CARTESIAN_POINT('',(1.096763713788E2,1.255377563282E2,
-8.202438661764E0));
#14951=DIRECTION('',(-4.472135955E-1,6.324555320337E-1,6.324555320337E-1));
#14952=DIRECTION('',(-8.944271909999E-1,-3.162277660169E-1,-3.162277660169E-1));
#14953=AXIS2_PLACEMENT_3D('',#14950,#14951,#14952);
#14954=PLANE('',#14953);
#14956=ORIENTED_EDGE('',*,*,#14955,.F.);
#14957=ORIENTED_EDGE('',*,*,#14941,.T.);
#14959=ORIENTED_EDGE('',*,*,#14958,.F.);
#14961=ORIENTED_EDGE('',*,*,#14960,.T.);
#14962=EDGE_LOOP('',(#14956,#14957,#14959,#14961));
#14963=FACE_OUTER_BOUND('',#14962,.F.);
#14964=ADVANCED_FACE('',(#14963),#14954,.F.);
#14965=CARTESIAN_POINT('',(1.096763713788E2,0.E0,-1.425E1));
#14966=DIRECTION('',(1.E0,0.E0,0.E0));
#14967=DIRECTION('',(0.E0,0.E0,1.E0));
#14968=AXIS2_PLACEMENT_3D('',#14965,#14966,#14967);
#14969=PLANE('',#14968);
#14970=ORIENTED_EDGE('',*,*,#14955,.T.);
#14972=ORIENTED_EDGE('',*,*,#14971,.T.);
#14974=ORIENTED_EDGE('',*,*,#14973,.T.);
#14975=ORIENTED_EDGE('',*,*,#14943,.T.);
#14976=EDGE_LOOP('',(#14970,#14972,#14974,#14975));
#14977=FACE_OUTER_BOUND('',#14976,.F.);
#14978=ADVANCED_FACE('',(#14977),#14969,.T.);
#14979=CARTESIAN_POINT('',(1.096763713788E2,1.227183787580E2,
-5.930647407361E0));
#14980=DIRECTION('',(-4.472135955E-1,6.324555320337E-1,-6.324555320337E-1));
#14981=DIRECTION('',(-8.944271909999E-1,-3.162277660169E-1,3.162277660169E-1));
#14982=AXIS2_PLACEMENT_3D('',#14979,#14980,#14981);
#14983=PLANE('',#14982);
#14984=ORIENTED_EDGE('',*,*,#14960,.F.);
#14986=ORIENTED_EDGE('',*,*,#14985,.T.);
#14988=ORIENTED_EDGE('',*,*,#14987,.T.);
#14989=ORIENTED_EDGE('',*,*,#14971,.F.);
#14990=EDGE_LOOP('',(#14984,#14986,#14988,#14989));
#14991=FACE_OUTER_BOUND('',#14990,.F.);
#14992=ADVANCED_FACE('',(#14991),#14983,.F.);
#14993=CARTESIAN_POINT('',(1.088763713788E2,1.224355360456E2,
-5.647804694886E0));
#14994=DIRECTION('',(-4.472135955E-1,-6.324555320337E-1,6.324555320337E-1));
#14995=DIRECTION('',(8.944271909999E-1,-3.162277660169E-1,3.162277660169E-1));
#14996=AXIS2_PLACEMENT_3D('',#14993,#14994,#14995);
#14997=PLANE('',#14996);
#14998=ORIENTED_EDGE('',*,*,#14985,.F.);
#15000=ORIENTED_EDGE('',*,*,#14999,.F.);
#15002=ORIENTED_EDGE('',*,*,#15001,.F.);
#15004=ORIENTED_EDGE('',*,*,#15003,.T.);
#15005=EDGE_LOOP('',(#14998,#15000,#15002,#15004));
#15006=FACE_OUTER_BOUND('',#15005,.F.);
#15007=ADVANCED_FACE('',(#15006),#14997,.F.);
#15008=CARTESIAN_POINT('',(1.096763713788E2,1.227093292034E2,
-5.374011537018E0));
#15009=DIRECTION('',(-4.472135955E-1,6.324555320337E-1,6.324555320337E-1));
#15010=DIRECTION('',(-8.944271909999E-1,-3.162277660169E-1,-3.162277660169E-1));
#15011=AXIS2_PLACEMENT_3D('',#15008,#15009,#15010);
#15012=PLANE('',#15011);
#15014=ORIENTED_EDGE('',*,*,#15013,.F.);
#15015=ORIENTED_EDGE('',*,*,#14999,.T.);
#15017=ORIENTED_EDGE('',*,*,#15016,.F.);
#15019=ORIENTED_EDGE('',*,*,#15018,.T.);
#15020=EDGE_LOOP('',(#15014,#15015,#15017,#15019));
#15021=FACE_OUTER_BOUND('',#15020,.F.);
#15022=ADVANCED_FACE('',(#15021),#15012,.F.);
#15023=CARTESIAN_POINT('',(1.096763713788E2,0.E0,-1.425E1));
#15024=DIRECTION('',(1.E0,0.E0,0.E0));
#15025=DIRECTION('',(0.E0,0.E0,1.E0));
#15026=AXIS2_PLACEMENT_3D('',#15023,#15024,#15025);
#15027=PLANE('',#15026);
#15028=ORIENTED_EDGE('',*,*,#15013,.T.);
#15030=ORIENTED_EDGE('',*,*,#15029,.T.);
#15032=ORIENTED_EDGE('',*,*,#15031,.T.);
#15033=ORIENTED_EDGE('',*,*,#15001,.T.);
#15034=EDGE_LOOP('',(#15028,#15030,#15032,#15033));
#15035=FACE_OUTER_BOUND('',#15034,.F.);
#15036=ADVANCED_FACE('',(#15035),#15027,.T.);
#15037=CARTESIAN_POINT('',(1.096763713788E2,1.227183787580E2,
-2.737931578687E-1));
#15038=DIRECTION('',(-4.472135955E-1,6.324555320337E-1,-6.324555320337E-1));
#15039=DIRECTION('',(-8.944271909999E-1,-3.162277660169E-1,3.162277660169E-1));
#15040=AXIS2_PLACEMENT_3D('',#15037,#15038,#15039);
#15041=PLANE('',#15040);
#15042=ORIENTED_EDGE('',*,*,#15018,.F.);
#15044=ORIENTED_EDGE('',*,*,#15043,.T.);
#15046=ORIENTED_EDGE('',*,*,#15045,.T.);
#15047=ORIENTED_EDGE('',*,*,#15029,.F.);
#15048=EDGE_LOOP('',(#15042,#15044,#15046,#15047));
#15049=FACE_OUTER_BOUND('',#15048,.F.);
#15050=ADVANCED_FACE('',(#15049),#15041,.F.);
#15051=CARTESIAN_POINT('',(1.088763713788E2,1.224355360456E2,
9.049554605937E-3));
#15052=DIRECTION('',(-4.472135955E-1,-6.324555320337E-1,6.324555320337E-1));
#15053=DIRECTION('',(8.944271909999E-1,-3.162277660169E-1,3.162277660169E-1));
#15054=AXIS2_PLACEMENT_3D('',#15051,#15052,#15053);
#15055=PLANE('',#15054);
#15056=ORIENTED_EDGE('',*,*,#15043,.F.);
#15058=ORIENTED_EDGE('',*,*,#15057,.F.);
#15060=ORIENTED_EDGE('',*,*,#15059,.F.);
#15062=ORIENTED_EDGE('',*,*,#15061,.T.);
#15063=EDGE_LOOP('',(#15056,#15058,#15060,#15062));
#15064=FACE_OUTER_BOUND('',#15063,.F.);
#15065=ADVANCED_FACE('',(#15064),#15055,.F.);
#15066=CARTESIAN_POINT('',(1.096763713788E2,1.198809020787E2,
-2.545584412272E0));
#15067=DIRECTION('',(-4.472135955E-1,6.324555320337E-1,6.324555320337E-1));
#15068=DIRECTION('',(-8.944271909999E-1,-3.162277660169E-1,-3.162277660169E-1));
#15069=AXIS2_PLACEMENT_3D('',#15066,#15067,#15068);
#15070=PLANE('',#15069);
#15072=ORIENTED_EDGE('',*,*,#15071,.F.);
#15073=ORIENTED_EDGE('',*,*,#15057,.T.);
#15075=ORIENTED_EDGE('',*,*,#15074,.F.);
#15077=ORIENTED_EDGE('',*,*,#15076,.T.);
#15078=EDGE_LOOP('',(#15072,#15073,#15075,#15077));
#15079=FACE_OUTER_BOUND('',#15078,.F.);
#15080=ADVANCED_FACE('',(#15079),#15070,.F.);
#15081=CARTESIAN_POINT('',(1.096763713788E2,0.E0,-1.425E1));
#15082=DIRECTION('',(1.E0,0.E0,0.E0));
#15083=DIRECTION('',(0.E0,0.E0,1.E0));
#15084=AXIS2_PLACEMENT_3D('',#15081,#15082,#15083);
#15085=PLANE('',#15084);
#15086=ORIENTED_EDGE('',*,*,#15071,.T.);
#15088=ORIENTED_EDGE('',*,*,#15087,.T.);
#15090=ORIENTED_EDGE('',*,*,#15089,.T.);
#15091=ORIENTED_EDGE('',*,*,#15059,.T.);
#15092=EDGE_LOOP('',(#15086,#15088,#15090,#15091));
#15093=FACE_OUTER_BOUND('',#15092,.F.);
#15094=ADVANCED_FACE('',(#15093),#15085,.T.);
#15095=CARTESIAN_POINT('',(1.096763713788E2,1.114046702591E2,
-5.930647407361E0));
#15096=DIRECTION('',(-4.472135955E-1,6.324555320337E-1,-6.324555320337E-1));
#15097=DIRECTION('',(-8.944271909999E-1,-3.162277660169E-1,3.162277660169E-1));
#15098=AXIS2_PLACEMENT_3D('',#15095,#15096,#15097);
#15099=PLANE('',#15098);
#15100=ORIENTED_EDGE('',*,*,#15076,.F.);
#15102=ORIENTED_EDGE('',*,*,#15101,.T.);
#15104=ORIENTED_EDGE('',*,*,#15103,.T.);
#15105=ORIENTED_EDGE('',*,*,#15087,.F.);
#15106=EDGE_LOOP('',(#15100,#15102,#15104,#15105));
#15107=FACE_OUTER_BOUND('',#15106,.F.);
#15108=ADVANCED_FACE('',(#15107),#15099,.F.);
#15109=CARTESIAN_POINT('',(1.088763713788E2,1.111218275466E2,
-5.647804694886E0));
#15110=DIRECTION('',(-4.472135955E-1,-6.324555320337E-1,6.324555320337E-1));
#15111=DIRECTION('',(8.944271909999E-1,-3.162277660169E-1,3.162277660169E-1));
#15112=AXIS2_PLACEMENT_3D('',#15109,#15110,#15111);
#15113=PLANE('',#15112);
#15114=ORIENTED_EDGE('',*,*,#15101,.F.);
#15115=ORIENTED_EDGE('',*,*,#12581,.F.);
#15116=ORIENTED_EDGE('',*,*,#12598,.F.);
#15117=ORIENTED_EDGE('',*,*,#12612,.T.);
#15118=EDGE_LOOP('',(#15114,#15115,#15116,#15117));
#15119=FACE_OUTER_BOUND('',#15118,.F.);
#15120=ADVANCED_FACE('',(#15119),#15113,.F.);
#15121=CARTESIAN_POINT('',(1.088763713788E2,1.224264864910E2,0.E0));
#15122=DIRECTION('',(-4.472135955E-1,-6.324555320337E-1,-6.324555320337E-1));
#15123=DIRECTION('',(8.944271909999E-1,-3.162277660169E-1,-3.162277660169E-1));
#15124=AXIS2_PLACEMENT_3D('',#15121,#15122,#15123);
#15125=PLANE('',#15124);
#15126=ORIENTED_EDGE('',*,*,#15089,.F.);
#15127=ORIENTED_EDGE('',*,*,#15103,.F.);
#15129=ORIENTED_EDGE('',*,*,#15128,.T.);
#15130=ORIENTED_EDGE('',*,*,#15061,.F.);
#15131=EDGE_LOOP('',(#15126,#15127,#15129,#15130));
#15132=FACE_OUTER_BOUND('',#15131,.F.);
#15133=ADVANCED_FACE('',(#15132),#15125,.F.);
#15134=CARTESIAN_POINT('',(1.096763713788E2,1.227093292034E2,
2.828427124746E-1));
#15135=DIRECTION('',(-4.472135955E-1,6.324555320337E-1,6.324555320337E-1));
#15136=DIRECTION('',(-8.944271909999E-1,-3.162277660169E-1,-3.162277660169E-1));
#15137=AXIS2_PLACEMENT_3D('',#15134,#15135,#15136);
#15138=PLANE('',#15137);
#15140=ORIENTED_EDGE('',*,*,#15139,.F.);
#15142=ORIENTED_EDGE('',*,*,#15141,.T.);
#15143=ORIENTED_EDGE('',*,*,#15128,.F.);
#15145=ORIENTED_EDGE('',*,*,#15144,.T.);
#15146=EDGE_LOOP('',(#15140,#15142,#15143,#15145));
#15147=FACE_OUTER_BOUND('',#15146,.F.);
#15148=ADVANCED_FACE('',(#15147),#15138,.F.);
#15149=CARTESIAN_POINT('',(1.096763713788E2,0.E0,-1.425E1));
#15150=DIRECTION('',(1.E0,0.E0,0.E0));
#15151=DIRECTION('',(0.E0,0.E0,1.E0));
#15152=AXIS2_PLACEMENT_3D('',#15149,#15150,#15151);
#15153=PLANE('',#15152);
#15154=ORIENTED_EDGE('',*,*,#15139,.T.);
#15156=ORIENTED_EDGE('',*,*,#15155,.T.);
#15158=ORIENTED_EDGE('',*,*,#15157,.T.);
#15160=ORIENTED_EDGE('',*,*,#15159,.T.);
#15161=EDGE_LOOP('',(#15154,#15156,#15158,#15160));
#15162=FACE_OUTER_BOUND('',#15161,.F.);
#15163=ADVANCED_FACE('',(#15162),#15153,.T.);
#15164=CARTESIAN_POINT('',(1.096763713788E2,1.114046702591E2,
-5.930647407361E0));
#15165=DIRECTION('',(-4.472135955E-1,6.324555320337E-1,-6.324555320337E-1));
#15166=DIRECTION('',(-8.944271909999E-1,-3.162277660169E-1,3.162277660169E-1));
#15167=AXIS2_PLACEMENT_3D('',#15164,#15165,#15166);
#15168=PLANE('',#15167);
#15169=ORIENTED_EDGE('',*,*,#15144,.F.);
#15171=ORIENTED_EDGE('',*,*,#15170,.T.);
#15173=ORIENTED_EDGE('',*,*,#15172,.T.);
#15174=ORIENTED_EDGE('',*,*,#15155,.F.);
#15175=EDGE_LOOP('',(#15169,#15171,#15173,#15174));
#15176=FACE_OUTER_BOUND('',#15175,.F.);
#15177=ADVANCED_FACE('',(#15176),#15168,.F.);
#15178=CARTESIAN_POINT('',(1.088763713788E2,1.111218275466E2,
-5.647804694886E0));
#15179=DIRECTION('',(-4.472135955E-1,-6.324555320337E-1,6.324555320337E-1));
#15180=DIRECTION('',(8.944271909999E-1,-3.162277660169E-1,3.162277660169E-1));
#15181=AXIS2_PLACEMENT_3D('',#15178,#15179,#15180);
#15182=PLANE('',#15181);
#15183=ORIENTED_EDGE('',*,*,#12624,.F.);
#15184=ORIENTED_EDGE('',*,*,#12642,.F.);
#15185=ORIENTED_EDGE('',*,*,#12682,.T.);
#15186=ORIENTED_EDGE('',*,*,#15170,.F.);
#15187=EDGE_LOOP('',(#15183,#15184,#15185,#15186));
#15188=FACE_OUTER_BOUND('',#15187,.F.);
#15189=ADVANCED_FACE('',(#15188),#15182,.F.);
#15190=CARTESIAN_POINT('',(1.088763713788E2,1.280833407405E2,0.E0));
#15191=DIRECTION('',(-4.472135955E-1,-6.324555320337E-1,-6.324555320337E-1));
#15192=DIRECTION('',(8.944271909999E-1,-3.162277660169E-1,-3.162277660169E-1));
#15193=AXIS2_PLACEMENT_3D('',#15190,#15191,#15192);
#15194=PLANE('',#15193);
#15195=ORIENTED_EDGE('',*,*,#15157,.F.);
#15196=ORIENTED_EDGE('',*,*,#15172,.F.);
#15197=ORIENTED_EDGE('',*,*,#12793,.T.);
#15199=ORIENTED_EDGE('',*,*,#15198,.F.);
#15200=EDGE_LOOP('',(#15195,#15196,#15197,#15199));
#15201=FACE_OUTER_BOUND('',#15200,.F.);
#15202=ADVANCED_FACE('',(#15201),#15194,.F.);
#15203=CARTESIAN_POINT('',(1.088763713788E2,1.224355360456E2,
9.049554605937E-3));
#15204=DIRECTION('',(-4.472135955E-1,-6.324555320337E-1,6.324555320337E-1));
#15205=DIRECTION('',(8.944271909999E-1,-3.162277660169E-1,3.162277660169E-1));
#15206=AXIS2_PLACEMENT_3D('',#15203,#15204,#15205);
#15207=PLANE('',#15206);
#15209=ORIENTED_EDGE('',*,*,#15208,.F.);
#15210=ORIENTED_EDGE('',*,*,#15141,.F.);
#15211=ORIENTED_EDGE('',*,*,#15159,.F.);
#15212=ORIENTED_EDGE('',*,*,#15198,.T.);
#15213=EDGE_LOOP('',(#15209,#15210,#15211,#15212));
#15214=FACE_OUTER_BOUND('',#15213,.F.);
#15215=ADVANCED_FACE('',(#15214),#15207,.F.);
#15216=CARTESIAN_POINT('',(1.096763713788E2,1.227183787580E2,
-2.737931578687E-1));
#15217=DIRECTION('',(-4.472135955E-1,6.324555320337E-1,-6.324555320337E-1));
#15218=DIRECTION('',(-8.944271909999E-1,-3.162277660169E-1,3.162277660169E-1));
#15219=AXIS2_PLACEMENT_3D('',#15216,#15217,#15218);
#15220=PLANE('',#15219);
#15221=ORIENTED_EDGE('',*,*,#14598,.F.);
#15222=ORIENTED_EDGE('',*,*,#15208,.T.);
#15223=ORIENTED_EDGE('',*,*,#14565,.T.);
#15224=ORIENTED_EDGE('',*,*,#14580,.F.);
#15225=EDGE_LOOP('',(#15221,#15222,#15223,#15224));
#15226=FACE_OUTER_BOUND('',#15225,.F.);
#15227=ADVANCED_FACE('',(#15226),#15220,.F.);
#15228=CARTESIAN_POINT('',(1.088763713788E2,1.195980593662E2,
-2.828427124746E0));
#15229=DIRECTION('',(-4.472135955E-1,-6.324555320337E-1,-6.324555320337E-1));
#15230=DIRECTION('',(8.944271909999E-1,-3.162277660169E-1,-3.162277660169E-1));
#15231=AXIS2_PLACEMENT_3D('',#15228,#15229,#15230);
#15232=PLANE('',#15231);
#15234=ORIENTED_EDGE('',*,*,#15233,.F.);
#15236=ORIENTED_EDGE('',*,*,#15235,.F.);
#15237=ORIENTED_EDGE('',*,*,#15074,.T.);
#15239=ORIENTED_EDGE('',*,*,#15238,.F.);
#15240=EDGE_LOOP('',(#15234,#15236,#15237,#15239));
#15241=FACE_OUTER_BOUND('',#15240,.F.);
#15242=ADVANCED_FACE('',(#15241),#15232,.F.);
#15243=CARTESIAN_POINT('',(1.096763713788E2,0.E0,-1.425E1));
#15244=DIRECTION('',(1.E0,0.E0,0.E0));
#15245=DIRECTION('',(0.E0,0.E0,1.E0));
#15246=AXIS2_PLACEMENT_3D('',#15243,#15244,#15245);
#15247=PLANE('',#15246);
#15249=ORIENTED_EDGE('',*,*,#15248,.T.);
#15251=ORIENTED_EDGE('',*,*,#15250,.T.);
#15252=ORIENTED_EDGE('',*,*,#15233,.T.);
#15254=ORIENTED_EDGE('',*,*,#15253,.T.);
#15255=EDGE_LOOP('',(#15249,#15251,#15252,#15254));
#15256=FACE_OUTER_BOUND('',#15255,.F.);
#15257=ADVANCED_FACE('',(#15256),#15247,.T.);
#15258=CARTESIAN_POINT('',(1.096763713788E2,1.170524749539E2,
-5.374011537018E0));
#15259=DIRECTION('',(-4.472135955E-1,6.324555320337E-1,6.324555320337E-1));
#15260=DIRECTION('',(-8.944271909999E-1,-3.162277660169E-1,-3.162277660169E-1));
#15261=AXIS2_PLACEMENT_3D('',#15258,#15259,#15260);
#15262=PLANE('',#15261);
#15263=ORIENTED_EDGE('',*,*,#15248,.F.);
#15265=ORIENTED_EDGE('',*,*,#15264,.T.);
#15267=ORIENTED_EDGE('',*,*,#15266,.F.);
#15269=ORIENTED_EDGE('',*,*,#15268,.T.);
#15270=EDGE_LOOP('',(#15263,#15265,#15267,#15269));
#15271=FACE_OUTER_BOUND('',#15270,.F.);
#15272=ADVANCED_FACE('',(#15271),#15262,.F.);
#15273=CARTESIAN_POINT('',(1.088763713788E2,1.224355360456E2,
9.049554605937E-3));
#15274=DIRECTION('',(-4.472135955E-1,-6.324555320337E-1,6.324555320337E-1));
#15275=DIRECTION('',(8.944271909999E-1,-3.162277660169E-1,3.162277660169E-1));
#15276=AXIS2_PLACEMENT_3D('',#15273,#15274,#15275);
#15277=PLANE('',#15276);
#15279=ORIENTED_EDGE('',*,*,#15278,.F.);
#15280=ORIENTED_EDGE('',*,*,#15264,.F.);
#15281=ORIENTED_EDGE('',*,*,#15253,.F.);
#15282=ORIENTED_EDGE('',*,*,#15238,.T.);
#15283=EDGE_LOOP('',(#15279,#15280,#15281,#15282));
#15284=FACE_OUTER_BOUND('',#15283,.F.);
#15285=ADVANCED_FACE('',(#15284),#15277,.F.);
#15286=CARTESIAN_POINT('',(1.096763713788E2,1.227183787580E2,
-2.737931578687E-1));
#15287=DIRECTION('',(-4.472135955E-1,6.324555320337E-1,-6.324555320337E-1));
#15288=DIRECTION('',(-8.944271909999E-1,-3.162277660169E-1,3.162277660169E-1));
#15289=AXIS2_PLACEMENT_3D('',#15286,#15287,#15288);
#15290=PLANE('',#15289);
#15292=ORIENTED_EDGE('',*,*,#15291,.F.);
#15293=ORIENTED_EDGE('',*,*,#15278,.T.);
#15295=ORIENTED_EDGE('',*,*,#15294,.T.);
#15297=ORIENTED_EDGE('',*,*,#15296,.F.);
#15298=EDGE_LOOP('',(#15292,#15293,#15295,#15297));
#15299=FACE_OUTER_BOUND('',#15298,.F.);
#15300=ADVANCED_FACE('',(#15299),#15290,.F.);
#15301=CARTESIAN_POINT('',(1.096763713788E2,1.198809020787E2,
-8.202438661764E0));
#15302=DIRECTION('',(-4.472135955E-1,6.324555320337E-1,6.324555320337E-1));
#15303=DIRECTION('',(-8.944271909999E-1,-3.162277660169E-1,-3.162277660169E-1));
#15304=AXIS2_PLACEMENT_3D('',#15301,#15302,#15303);
#15305=PLANE('',#15304);
#15307=ORIENTED_EDGE('',*,*,#15306,.F.);
#15309=ORIENTED_EDGE('',*,*,#15308,.T.);
#15311=ORIENTED_EDGE('',*,*,#15310,.F.);
#15312=ORIENTED_EDGE('',*,*,#15291,.T.);
#15313=EDGE_LOOP('',(#15307,#15309,#15311,#15312));
#15314=FACE_OUTER_BOUND('',#15313,.F.);
#15315=ADVANCED_FACE('',(#15314),#15305,.F.);
#15316=CARTESIAN_POINT('',(1.096763713788E2,0.E0,-1.425E1));
#15317=DIRECTION('',(1.E0,0.E0,0.E0));
#15318=DIRECTION('',(0.E0,0.E0,1.E0));
#15319=AXIS2_PLACEMENT_3D('',#15316,#15317,#15318);
#15320=PLANE('',#15319);
#15321=ORIENTED_EDGE('',*,*,#15306,.T.);
#15322=ORIENTED_EDGE('',*,*,#15296,.T.);
#15324=ORIENTED_EDGE('',*,*,#15323,.T.);
#15326=ORIENTED_EDGE('',*,*,#15325,.T.);
#15327=EDGE_LOOP('',(#15321,#15322,#15324,#15326));
#15328=FACE_OUTER_BOUND('',#15327,.F.);
#15329=ADVANCED_FACE('',(#15328),#15320,.T.);
#15330=CARTESIAN_POINT('',(1.088763713788E2,1.224264864910E2,
-5.656854249492E0));
#15331=DIRECTION('',(-4.472135955E-1,-6.324555320337E-1,-6.324555320337E-1));
#15332=DIRECTION('',(8.944271909999E-1,-3.162277660169E-1,-3.162277660169E-1));
#15333=AXIS2_PLACEMENT_3D('',#15330,#15331,#15332);
#15334=PLANE('',#15333);
#15335=ORIENTED_EDGE('',*,*,#15323,.F.);
#15336=ORIENTED_EDGE('',*,*,#15294,.F.);
#15337=ORIENTED_EDGE('',*,*,#15016,.T.);
#15339=ORIENTED_EDGE('',*,*,#15338,.F.);
#15340=EDGE_LOOP('',(#15335,#15336,#15337,#15339));
#15341=FACE_OUTER_BOUND('',#15340,.F.);
#15342=ADVANCED_FACE('',(#15341),#15334,.F.);
#15343=CARTESIAN_POINT('',(1.088763713788E2,1.224355360456E2,
-5.647804694886E0));
#15344=DIRECTION('',(-4.472135955E-1,-6.324555320337E-1,6.324555320337E-1));
#15345=DIRECTION('',(8.944271909999E-1,-3.162277660169E-1,3.162277660169E-1));
#15346=AXIS2_PLACEMENT_3D('',#15343,#15344,#15345);
#15347=PLANE('',#15346);
#15349=ORIENTED_EDGE('',*,*,#15348,.F.);
#15350=ORIENTED_EDGE('',*,*,#15308,.F.);
#15351=ORIENTED_EDGE('',*,*,#15325,.F.);
#15352=ORIENTED_EDGE('',*,*,#15338,.T.);
#15353=EDGE_LOOP('',(#15349,#15350,#15351,#15352));
#15354=FACE_OUTER_BOUND('',#15353,.F.);
#15355=ADVANCED_FACE('',(#15354),#15347,.F.);
#15356=CARTESIAN_POINT('',(1.096763713788E2,1.227183787580E2,
-5.930647407361E0));
#15357=DIRECTION('',(-4.472135955E-1,6.324555320337E-1,-6.324555320337E-1));
#15358=DIRECTION('',(-8.944271909999E-1,-3.162277660169E-1,3.162277660169E-1));
#15359=AXIS2_PLACEMENT_3D('',#15356,#15357,#15358);
#15360=PLANE('',#15359);
#15362=ORIENTED_EDGE('',*,*,#15361,.F.);
#15363=ORIENTED_EDGE('',*,*,#15348,.T.);
#15365=ORIENTED_EDGE('',*,*,#15364,.T.);
#15367=ORIENTED_EDGE('',*,*,#15366,.F.);
#15368=EDGE_LOOP('',(#15362,#15363,#15365,#15367));
#15369=FACE_OUTER_BOUND('',#15368,.F.);
#15370=ADVANCED_FACE('',(#15369),#15360,.F.);
#15371=CARTESIAN_POINT('',(1.096763713788E2,1.227093292034E2,
-1.103086578651E1));
#15372=DIRECTION('',(-4.472135955E-1,6.324555320337E-1,6.324555320337E-1));
#15373=DIRECTION('',(-8.944271909999E-1,-3.162277660169E-1,-3.162277660169E-1));
#15374=AXIS2_PLACEMENT_3D('',#15371,#15372,#15373);
#15375=PLANE('',#15374);
#15377=ORIENTED_EDGE('',*,*,#15376,.F.);
#15379=ORIENTED_EDGE('',*,*,#15378,.T.);
#15381=ORIENTED_EDGE('',*,*,#15380,.F.);
#15382=ORIENTED_EDGE('',*,*,#15361,.T.);
#15383=EDGE_LOOP('',(#15377,#15379,#15381,#15382));
#15384=FACE_OUTER_BOUND('',#15383,.F.);
#15385=ADVANCED_FACE('',(#15384),#15375,.F.);
#15386=CARTESIAN_POINT('',(1.096763713788E2,0.E0,-1.425E1));
#15387=DIRECTION('',(1.E0,0.E0,0.E0));
#15388=DIRECTION('',(0.E0,0.E0,1.E0));
#15389=AXIS2_PLACEMENT_3D('',#15386,#15387,#15388);
#15390=PLANE('',#15389);
#15391=ORIENTED_EDGE('',*,*,#15376,.T.);
#15392=ORIENTED_EDGE('',*,*,#15366,.T.);
#15394=ORIENTED_EDGE('',*,*,#15393,.T.);
#15396=ORIENTED_EDGE('',*,*,#15395,.T.);
#15397=EDGE_LOOP('',(#15391,#15392,#15394,#15396));
#15398=FACE_OUTER_BOUND('',#15397,.F.);
#15399=ADVANCED_FACE('',(#15398),#15390,.T.);
#15400=CARTESIAN_POINT('',(1.088763713788E2,1.252549136157E2,
-8.485281374239E0));
#15401=DIRECTION('',(-4.472135955E-1,-6.324555320337E-1,-6.324555320337E-1));
#15402=DIRECTION('',(8.944271909999E-1,-3.162277660169E-1,-3.162277660169E-1));
#15403=AXIS2_PLACEMENT_3D('',#15400,#15401,#15402);
#15404=PLANE('',#15403);
#15405=ORIENTED_EDGE('',*,*,#15393,.F.);
#15406=ORIENTED_EDGE('',*,*,#15364,.F.);
#15407=ORIENTED_EDGE('',*,*,#14958,.T.);
#15409=ORIENTED_EDGE('',*,*,#15408,.F.);
#15410=EDGE_LOOP('',(#15405,#15406,#15407,#15409));
#15411=FACE_OUTER_BOUND('',#15410,.F.);
#15412=ADVANCED_FACE('',(#15411),#15404,.F.);
#15413=CARTESIAN_POINT('',(1.088763713788E2,1.280923902951E2,
-5.647804694886E0));
#15414=DIRECTION('',(-4.472135955E-1,-6.324555320337E-1,6.324555320337E-1));
#15415=DIRECTION('',(8.944271909999E-1,-3.162277660169E-1,3.162277660169E-1));
#15416=AXIS2_PLACEMENT_3D('',#15413,#15414,#15415);
#15417=PLANE('',#15416);
#15419=ORIENTED_EDGE('',*,*,#15418,.F.);
#15420=ORIENTED_EDGE('',*,*,#15378,.F.);
#15421=ORIENTED_EDGE('',*,*,#15395,.F.);
#15422=ORIENTED_EDGE('',*,*,#15408,.T.);
#15423=EDGE_LOOP('',(#15419,#15420,#15421,#15422));
#15424=FACE_OUTER_BOUND('',#15423,.F.);
#15425=ADVANCED_FACE('',(#15424),#15417,.F.);
#15426=CARTESIAN_POINT('',(1.096763713788E2,1.283752330075E2,
-5.930647407361E0));
#15427=DIRECTION('',(-4.472135955E-1,6.324555320337E-1,-6.324555320337E-1));
#15428=DIRECTION('',(-8.944271909999E-1,-3.162277660169E-1,3.162277660169E-1));
#15429=AXIS2_PLACEMENT_3D('',#15426,#15427,#15428);
#15430=PLANE('',#15429);
#15431=ORIENTED_EDGE('',*,*,#10857,.F.);
#15432=ORIENTED_EDGE('',*,*,#15418,.T.);
#15434=ORIENTED_EDGE('',*,*,#15433,.T.);
#15435=ORIENTED_EDGE('',*,*,#10840,.F.);
#15436=EDGE_LOOP('',(#15431,#15432,#15434,#15435));
#15437=FACE_OUTER_BOUND('',#15436,.F.);
#15438=ADVANCED_FACE('',(#15437),#15430,.F.);
#15439=CARTESIAN_POINT('',(1.088763713788E2,1.280833407405E2,
-1.131370849898E1));
#15440=DIRECTION('',(-4.472135955E-1,-6.324555320337E-1,-6.324555320337E-1));
#15441=DIRECTION('',(8.944271909999E-1,-3.162277660169E-1,-3.162277660169E-1));
#15442=AXIS2_PLACEMENT_3D('',#15439,#15440,#15441);
#15443=PLANE('',#15442);
#15444=ORIENTED_EDGE('',*,*,#10842,.F.);
#15445=ORIENTED_EDGE('',*,*,#15433,.F.);
#15446=ORIENTED_EDGE('',*,*,#14900,.T.);
#15447=ORIENTED_EDGE('',*,*,#10828,.F.);
#15448=EDGE_LOOP('',(#15444,#15445,#15446,#15447));
#15449=FACE_OUTER_BOUND('',#15448,.F.);
#15450=ADVANCED_FACE('',(#15449),#15443,.F.);
#15451=CARTESIAN_POINT('',(1.088763713788E2,1.224264864910E2,
-1.131370849898E1));
#15452=DIRECTION('',(-4.472135955E-1,-6.324555320337E-1,-6.324555320337E-1));
#15453=DIRECTION('',(8.944271909999E-1,-3.162277660169E-1,-3.162277660169E-1));
#15454=AXIS2_PLACEMENT_3D('',#15451,#15452,#15453);
#15455=PLANE('',#15454);
#15456=ORIENTED_EDGE('',*,*,#10910,.F.);
#15457=ORIENTED_EDGE('',*,*,#10938,.F.);
#15458=ORIENTED_EDGE('',*,*,#15380,.T.);
#15459=ORIENTED_EDGE('',*,*,#10896,.F.);
#15460=EDGE_LOOP('',(#15456,#15457,#15458,#15459));
#15461=FACE_OUTER_BOUND('',#15460,.F.);
#15462=ADVANCED_FACE('',(#15461),#15455,.F.);
#15463=CARTESIAN_POINT('',(1.088763713788E2,1.195980593662E2,
-8.485281374239E0));
#15464=DIRECTION('',(-4.472135955E-1,-6.324555320337E-1,-6.324555320337E-1));
#15465=DIRECTION('',(8.944271909999E-1,-3.162277660169E-1,-3.162277660169E-1));
#15466=AXIS2_PLACEMENT_3D('',#15463,#15464,#15465);
#15467=PLANE('',#15466);
#15469=ORIENTED_EDGE('',*,*,#15468,.F.);
#15471=ORIENTED_EDGE('',*,*,#15470,.F.);
#15472=ORIENTED_EDGE('',*,*,#15310,.T.);
#15473=ORIENTED_EDGE('',*,*,#10953,.F.);
#15474=EDGE_LOOP('',(#15469,#15471,#15472,#15473));
#15475=FACE_OUTER_BOUND('',#15474,.F.);
#15476=ADVANCED_FACE('',(#15475),#15467,.F.);
#15477=CARTESIAN_POINT('',(1.096763713788E2,0.E0,-1.425E1));
#15478=DIRECTION('',(1.E0,0.E0,0.E0));
#15479=DIRECTION('',(0.E0,0.E0,1.E0));
#15480=AXIS2_PLACEMENT_3D('',#15477,#15478,#15479);
#15481=PLANE('',#15480);
#15482=ORIENTED_EDGE('',*,*,#10970,.T.);
#15484=ORIENTED_EDGE('',*,*,#15483,.T.);
#15485=ORIENTED_EDGE('',*,*,#15468,.T.);
#15486=ORIENTED_EDGE('',*,*,#10951,.T.);
#15487=EDGE_LOOP('',(#15482,#15484,#15485,#15486));
#15488=FACE_OUTER_BOUND('',#15487,.F.);
#15489=ADVANCED_FACE('',(#15488),#15481,.T.);
#15490=CARTESIAN_POINT('',(1.096763713788E2,1.227183787580E2,
-2.737931578687E-1));
#15491=DIRECTION('',(-4.472135955E-1,6.324555320337E-1,-6.324555320337E-1));
#15492=DIRECTION('',(-8.944271909999E-1,-3.162277660169E-1,3.162277660169E-1));
#15493=AXIS2_PLACEMENT_3D('',#15490,#15491,#15492);
#15494=PLANE('',#15493);
#15495=ORIENTED_EDGE('',*,*,#10968,.F.);
#15497=ORIENTED_EDGE('',*,*,#15496,.T.);
#15498=ORIENTED_EDGE('',*,*,#15470,.T.);
#15499=ORIENTED_EDGE('',*,*,#15483,.F.);
#15500=EDGE_LOOP('',(#15495,#15497,#15498,#15499));
#15501=FACE_OUTER_BOUND('',#15500,.F.);
#15502=ADVANCED_FACE('',(#15501),#15494,.F.);
#15503=CARTESIAN_POINT('',(1.088763713788E2,1.224355360456E2,
9.049554605937E-3));
#15504=DIRECTION('',(-4.472135955E-1,-6.324555320337E-1,6.324555320337E-1));
#15505=DIRECTION('',(8.944271909999E-1,-3.162277660169E-1,3.162277660169E-1));
#15506=AXIS2_PLACEMENT_3D('',#15503,#15504,#15505);
#15507=PLANE('',#15506);
#15508=ORIENTED_EDGE('',*,*,#15496,.F.);
#15510=ORIENTED_EDGE('',*,*,#15509,.F.);
#15512=ORIENTED_EDGE('',*,*,#15511,.F.);
#15514=ORIENTED_EDGE('',*,*,#15513,.T.);
#15515=EDGE_LOOP('',(#15508,#15510,#15512,#15514));
#15516=FACE_OUTER_BOUND('',#15515,.F.);
#15517=ADVANCED_FACE('',(#15516),#15507,.F.);
#15518=CARTESIAN_POINT('',(1.096763713788E2,1.142240478292E2,
-8.202438661764E0));
#15519=DIRECTION('',(-4.472135955E-1,6.324555320337E-1,6.324555320337E-1));
#15520=DIRECTION('',(-8.944271909999E-1,-3.162277660169E-1,-3.162277660169E-1));
#15521=AXIS2_PLACEMENT_3D('',#15518,#15519,#15520);
#15522=PLANE('',#15521);
#15524=ORIENTED_EDGE('',*,*,#15523,.F.);
#15525=ORIENTED_EDGE('',*,*,#15509,.T.);
#15527=ORIENTED_EDGE('',*,*,#15526,.F.);
#15529=ORIENTED_EDGE('',*,*,#15528,.T.);
#15530=EDGE_LOOP('',(#15524,#15525,#15527,#15529));
#15531=FACE_OUTER_BOUND('',#15530,.F.);
#15532=ADVANCED_FACE('',(#15531),#15522,.F.);
#15533=CARTESIAN_POINT('',(1.096763713788E2,0.E0,-1.425E1));
#15534=DIRECTION('',(1.E0,0.E0,0.E0));
#15535=DIRECTION('',(0.E0,0.E0,1.E0));
#15536=AXIS2_PLACEMENT_3D('',#15533,#15534,#15535);
#15537=PLANE('',#15536);
#15538=ORIENTED_EDGE('',*,*,#15523,.T.);
#15540=ORIENTED_EDGE('',*,*,#15539,.T.);
#15542=ORIENTED_EDGE('',*,*,#15541,.T.);
#15543=ORIENTED_EDGE('',*,*,#15511,.T.);
#15544=EDGE_LOOP('',(#15538,#15540,#15542,#15543));
#15545=FACE_OUTER_BOUND('',#15544,.F.);
#15546=ADVANCED_FACE('',(#15545),#15537,.T.);
#15547=CARTESIAN_POINT('',(1.096763713788E2,1.114046702591E2,
-5.930647407361E0));
#15548=DIRECTION('',(-4.472135955E-1,6.324555320337E-1,-6.324555320337E-1));
#15549=DIRECTION('',(-8.944271909999E-1,-3.162277660169E-1,3.162277660169E-1));
#15550=AXIS2_PLACEMENT_3D('',#15547,#15548,#15549);
#15551=PLANE('',#15550);
#15552=ORIENTED_EDGE('',*,*,#15528,.F.);
#15554=ORIENTED_EDGE('',*,*,#15553,.T.);
#15556=ORIENTED_EDGE('',*,*,#15555,.T.);
#15557=ORIENTED_EDGE('',*,*,#15539,.F.);
#15558=EDGE_LOOP('',(#15552,#15554,#15556,#15557));
#15559=FACE_OUTER_BOUND('',#15558,.F.);
#15560=ADVANCED_FACE('',(#15559),#15551,.F.);
#15561=CARTESIAN_POINT('',(1.088763713788E2,1.111218275466E2,
-5.647804694886E0));
#15562=DIRECTION('',(-4.472135955E-1,-6.324555320337E-1,6.324555320337E-1));
#15563=DIRECTION('',(8.944271909999E-1,-3.162277660169E-1,3.162277660169E-1));
#15564=AXIS2_PLACEMENT_3D('',#15561,#15562,#15563);
#15565=PLANE('',#15564);
#15566=ORIENTED_EDGE('',*,*,#15553,.F.);
#15568=ORIENTED_EDGE('',*,*,#15567,.F.);
#15570=ORIENTED_EDGE('',*,*,#15569,.F.);
#15572=ORIENTED_EDGE('',*,*,#15571,.T.);
#15573=EDGE_LOOP('',(#15566,#15568,#15570,#15572));
#15574=FACE_OUTER_BOUND('',#15573,.F.);
#15575=ADVANCED_FACE('',(#15574),#15565,.F.);
#15576=CARTESIAN_POINT('',(1.096763713788E2,1.113956207045E2,
-5.374011537018E0));
#15577=DIRECTION('',(-4.472135955E-1,6.324555320337E-1,6.324555320337E-1));
#15578=DIRECTION('',(-8.944271909999E-1,-3.162277660169E-1,-3.162277660169E-1));
#15579=AXIS2_PLACEMENT_3D('',#15576,#15577,#15578);
#15580=PLANE('',#15579);
#15582=ORIENTED_EDGE('',*,*,#15581,.F.);
#15583=ORIENTED_EDGE('',*,*,#15567,.T.);
#15585=ORIENTED_EDGE('',*,*,#15584,.F.);
#15587=ORIENTED_EDGE('',*,*,#15586,.T.);
#15588=EDGE_LOOP('',(#15582,#15583,#15585,#15587));
#15589=FACE_OUTER_BOUND('',#15588,.F.);
#15590=ADVANCED_FACE('',(#15589),#15580,.F.);
#15591=CARTESIAN_POINT('',(1.096763713788E2,0.E0,-1.425E1));
#15592=DIRECTION('',(1.E0,0.E0,0.E0));
#15593=DIRECTION('',(0.E0,0.E0,1.E0));
#15594=AXIS2_PLACEMENT_3D('',#15591,#15592,#15593);
#15595=PLANE('',#15594);
#15596=ORIENTED_EDGE('',*,*,#15581,.T.);
#15598=ORIENTED_EDGE('',*,*,#15597,.T.);
#15600=ORIENTED_EDGE('',*,*,#15599,.T.);
#15601=ORIENTED_EDGE('',*,*,#15569,.T.);
#15602=EDGE_LOOP('',(#15596,#15598,#15600,#15601));
#15603=FACE_OUTER_BOUND('',#15602,.F.);
#15604=ADVANCED_FACE('',(#15603),#15595,.T.);
#15605=CARTESIAN_POINT('',(1.096763713788E2,1.029193888848E2,
-8.759074532107E0));
#15606=DIRECTION('',(-4.472135955E-1,6.324555320337E-1,-6.324555320337E-1));
#15607=DIRECTION('',(-8.944271909999E-1,-3.162277660169E-1,3.162277660169E-1));
#15608=AXIS2_PLACEMENT_3D('',#15605,#15606,#15607);
#15609=PLANE('',#15608);
#15610=ORIENTED_EDGE('',*,*,#15586,.F.);
#15612=ORIENTED_EDGE('',*,*,#15611,.T.);
#15614=ORIENTED_EDGE('',*,*,#15613,.T.);
#15615=ORIENTED_EDGE('',*,*,#15597,.F.);
#15616=EDGE_LOOP('',(#15610,#15612,#15614,#15615));
#15617=FACE_OUTER_BOUND('',#15616,.F.);
#15618=ADVANCED_FACE('',(#15617),#15609,.F.);
#15619=CARTESIAN_POINT('',(1.088763713788E2,1.026365461723E2,
-8.476231819633E0));
#15620=DIRECTION('',(-4.472135955E-1,-6.324555320337E-1,6.324555320337E-1));
#15621=DIRECTION('',(8.944271909999E-1,-3.162277660169E-1,3.162277660169E-1));
#15622=AXIS2_PLACEMENT_3D('',#15619,#15620,#15621);
#15623=PLANE('',#15622);
#15624=ORIENTED_EDGE('',*,*,#15611,.F.);
#15626=ORIENTED_EDGE('',*,*,#15625,.F.);
#15628=ORIENTED_EDGE('',*,*,#15627,.F.);
#15630=ORIENTED_EDGE('',*,*,#15629,.T.);
#15631=EDGE_LOOP('',(#15624,#15626,#15628,#15630));
#15632=FACE_OUTER_BOUND('',#15631,.F.);
#15633=ADVANCED_FACE('',(#15632),#15623,.F.);
#15634=CARTESIAN_POINT('',(1.096763713788E2,1.085671935797E2,
-2.545584412272E0));
#15635=DIRECTION('',(-4.472135955E-1,6.324555320337E-1,6.324555320337E-1));
#15636=DIRECTION('',(-8.944271909999E-1,-3.162277660169E-1,-3.162277660169E-1));
#15637=AXIS2_PLACEMENT_3D('',#15634,#15635,#15636);
#15638=PLANE('',#15637);
#15640=ORIENTED_EDGE('',*,*,#15639,.F.);
#15641=ORIENTED_EDGE('',*,*,#15625,.T.);
#15643=ORIENTED_EDGE('',*,*,#15642,.F.);
#15645=ORIENTED_EDGE('',*,*,#15644,.T.);
#15646=EDGE_LOOP('',(#15640,#15641,#15643,#15645));
#15647=FACE_OUTER_BOUND('',#15646,.F.);
#15648=ADVANCED_FACE('',(#15647),#15638,.F.);
#15649=CARTESIAN_POINT('',(1.096763713788E2,0.E0,-1.425E1));
#15650=DIRECTION('',(1.E0,0.E0,0.E0));
#15651=DIRECTION('',(0.E0,0.E0,1.E0));
#15652=AXIS2_PLACEMENT_3D('',#15649,#15650,#15651);
#15653=PLANE('',#15652);
#15654=ORIENTED_EDGE('',*,*,#15639,.T.);
#15656=ORIENTED_EDGE('',*,*,#15655,.T.);
#15658=ORIENTED_EDGE('',*,*,#15657,.T.);
#15659=ORIENTED_EDGE('',*,*,#15627,.T.);
#15660=EDGE_LOOP('',(#15654,#15656,#15658,#15659));
#15661=FACE_OUTER_BOUND('',#15660,.F.);
#15662=ADVANCED_FACE('',(#15661),#15653,.T.);
#15663=CARTESIAN_POINT('',(1.096763713788E2,9.726253463533E1,
-8.759074532107E0));
#15664=DIRECTION('',(-4.472135955E-1,6.324555320337E-1,-6.324555320337E-1));
#15665=DIRECTION('',(-8.944271909999E-1,-3.162277660169E-1,3.162277660169E-1));
#15666=AXIS2_PLACEMENT_3D('',#15663,#15664,#15665);
#15667=PLANE('',#15666);
#15668=ORIENTED_EDGE('',*,*,#15644,.F.);
#15670=ORIENTED_EDGE('',*,*,#15669,.T.);
#15672=ORIENTED_EDGE('',*,*,#15671,.T.);
#15673=ORIENTED_EDGE('',*,*,#15655,.F.);
#15674=EDGE_LOOP('',(#15668,#15670,#15672,#15673));
#15675=FACE_OUTER_BOUND('',#15674,.F.);
#15676=ADVANCED_FACE('',(#15675),#15667,.F.);
#15677=CARTESIAN_POINT('',(1.088763713788E2,9.697969192285E1,
-8.476231819633E0));
#15678=DIRECTION('',(-4.472135955E-1,-6.324555320337E-1,6.324555320337E-1));
#15679=DIRECTION('',(8.944271909999E-1,-3.162277660169E-1,3.162277660169E-1));
#15680=AXIS2_PLACEMENT_3D('',#15677,#15678,#15679);
#15681=PLANE('',#15680);
#15682=ORIENTED_EDGE('',*,*,#12301,.F.);
#15683=ORIENTED_EDGE('',*,*,#12318,.F.);
#15684=ORIENTED_EDGE('',*,*,#12332,.T.);
#15685=ORIENTED_EDGE('',*,*,#15669,.F.);
#15686=EDGE_LOOP('',(#15682,#15683,#15684,#15685));
#15687=FACE_OUTER_BOUND('',#15686,.F.);
#15688=ADVANCED_FACE('',(#15687),#15681,.F.);
#15689=CARTESIAN_POINT('',(1.088763713788E2,1.111127779920E2,0.E0));
#15690=DIRECTION('',(-4.472135955E-1,-6.324555320337E-1,-6.324555320337E-1));
#15691=DIRECTION('',(8.944271909999E-1,-3.162277660169E-1,-3.162277660169E-1));
#15692=AXIS2_PLACEMENT_3D('',#15689,#15690,#15691);
#15693=PLANE('',#15692);
#15694=ORIENTED_EDGE('',*,*,#15657,.F.);
#15695=ORIENTED_EDGE('',*,*,#15671,.F.);
#15696=ORIENTED_EDGE('',*,*,#12443,.T.);
#15697=ORIENTED_EDGE('',*,*,#15629,.F.);
#15698=EDGE_LOOP('',(#15694,#15695,#15696,#15697));
#15699=FACE_OUTER_BOUND('',#15698,.F.);
#15700=ADVANCED_FACE('',(#15699),#15693,.F.);
#15701=CARTESIAN_POINT('',(1.088763713788E2,1.082843508672E2,
-2.828427124746E0));
#15702=DIRECTION('',(-4.472135955E-1,-6.324555320337E-1,-6.324555320337E-1));
#15703=DIRECTION('',(8.944271909999E-1,-3.162277660169E-1,-3.162277660169E-1));
#15704=AXIS2_PLACEMENT_3D('',#15701,#15702,#15703);
#15705=PLANE('',#15704);
#15707=ORIENTED_EDGE('',*,*,#15706,.F.);
#15709=ORIENTED_EDGE('',*,*,#15708,.F.);
#15710=ORIENTED_EDGE('',*,*,#15642,.T.);
#15712=ORIENTED_EDGE('',*,*,#15711,.F.);
#15713=EDGE_LOOP('',(#15707,#15709,#15710,#15712));
#15714=FACE_OUTER_BOUND('',#15713,.F.);
#15715=ADVANCED_FACE('',(#15714),#15705,.F.);
#15716=CARTESIAN_POINT('',(1.096763713788E2,0.E0,-1.425E1));
#15717=DIRECTION('',(1.E0,0.E0,0.E0));
#15718=DIRECTION('',(0.E0,0.E0,1.E0));
#15719=AXIS2_PLACEMENT_3D('',#15716,#15717,#15718);
#15720=PLANE('',#15719);
#15722=ORIENTED_EDGE('',*,*,#15721,.T.);
#15724=ORIENTED_EDGE('',*,*,#15723,.T.);
#15725=ORIENTED_EDGE('',*,*,#15706,.T.);
#15727=ORIENTED_EDGE('',*,*,#15726,.T.);
#15728=EDGE_LOOP('',(#15722,#15724,#15725,#15727));
#15729=FACE_OUTER_BOUND('',#15728,.F.);
#15730=ADVANCED_FACE('',(#15729),#15720,.T.);
#15731=CARTESIAN_POINT('',(1.096763713788E2,1.057387664550E2,
-5.374011537018E0));
#15732=DIRECTION('',(-4.472135955E-1,6.324555320337E-1,6.324555320337E-1));
#15733=DIRECTION('',(-8.944271909999E-1,-3.162277660169E-1,-3.162277660169E-1));
#15734=AXIS2_PLACEMENT_3D('',#15731,#15732,#15733);
#15735=PLANE('',#15734);
#15736=ORIENTED_EDGE('',*,*,#15721,.F.);
#15738=ORIENTED_EDGE('',*,*,#15737,.T.);
#15740=ORIENTED_EDGE('',*,*,#15739,.F.);
#15742=ORIENTED_EDGE('',*,*,#15741,.T.);
#15743=EDGE_LOOP('',(#15736,#15738,#15740,#15742));
#15744=FACE_OUTER_BOUND('',#15743,.F.);
#15745=ADVANCED_FACE('',(#15744),#15735,.F.);
#15746=CARTESIAN_POINT('',(1.088763713788E2,1.026365461723E2,
-8.476231819633E0));
#15747=DIRECTION('',(-4.472135955E-1,-6.324555320337E-1,6.324555320337E-1));
#15748=DIRECTION('',(8.944271909999E-1,-3.162277660169E-1,3.162277660169E-1));
#15749=AXIS2_PLACEMENT_3D('',#15746,#15747,#15748);
#15750=PLANE('',#15749);
#15752=ORIENTED_EDGE('',*,*,#15751,.F.);
#15753=ORIENTED_EDGE('',*,*,#15737,.F.);
#15754=ORIENTED_EDGE('',*,*,#15726,.F.);
#15755=ORIENTED_EDGE('',*,*,#15711,.T.);
#15756=EDGE_LOOP('',(#15752,#15753,#15754,#15755));
#15757=FACE_OUTER_BOUND('',#15756,.F.);
#15758=ADVANCED_FACE('',(#15757),#15750,.F.);
#15759=CARTESIAN_POINT('',(1.096763713788E2,1.029193888848E2,
-8.759074532107E0));
#15760=DIRECTION('',(-4.472135955E-1,6.324555320337E-1,-6.324555320337E-1));
#15761=DIRECTION('',(-8.944271909999E-1,-3.162277660169E-1,3.162277660169E-1));
#15762=AXIS2_PLACEMENT_3D('',#15759,#15760,#15761);
#15763=PLANE('',#15762);
#15765=ORIENTED_EDGE('',*,*,#15764,.F.);
#15766=ORIENTED_EDGE('',*,*,#15751,.T.);
#15768=ORIENTED_EDGE('',*,*,#15767,.T.);
#15770=ORIENTED_EDGE('',*,*,#15769,.F.);
#15771=EDGE_LOOP('',(#15765,#15766,#15768,#15770));
#15772=FACE_OUTER_BOUND('',#15771,.F.);
#15773=ADVANCED_FACE('',(#15772),#15763,.F.);
#15774=CARTESIAN_POINT('',(1.096763713788E2,1.085671935797E2,
-8.202438661764E0));
#15775=DIRECTION('',(-4.472135955E-1,6.324555320337E-1,6.324555320337E-1));
#15776=DIRECTION('',(-8.944271909999E-1,-3.162277660169E-1,-3.162277660169E-1));
#15777=AXIS2_PLACEMENT_3D('',#15774,#15775,#15776);
#15778=PLANE('',#15777);
#15780=ORIENTED_EDGE('',*,*,#15779,.F.);
#15782=ORIENTED_EDGE('',*,*,#15781,.T.);
#15784=ORIENTED_EDGE('',*,*,#15783,.F.);
#15785=ORIENTED_EDGE('',*,*,#15764,.T.);
#15786=EDGE_LOOP('',(#15780,#15782,#15784,#15785));
#15787=FACE_OUTER_BOUND('',#15786,.F.);
#15788=ADVANCED_FACE('',(#15787),#15778,.F.);
#15789=CARTESIAN_POINT('',(1.096763713788E2,0.E0,-1.425E1));
#15790=DIRECTION('',(1.E0,0.E0,0.E0));
#15791=DIRECTION('',(0.E0,0.E0,1.E0));
#15792=AXIS2_PLACEMENT_3D('',#15789,#15790,#15791);
#15793=PLANE('',#15792);
#15794=ORIENTED_EDGE('',*,*,#15779,.T.);
#15795=ORIENTED_EDGE('',*,*,#15769,.T.);
#15797=ORIENTED_EDGE('',*,*,#15796,.T.);
#15799=ORIENTED_EDGE('',*,*,#15798,.T.);
#15800=EDGE_LOOP('',(#15794,#15795,#15797,#15799));
#15801=FACE_OUTER_BOUND('',#15800,.F.);
#15802=ADVANCED_FACE('',(#15801),#15793,.T.);
#15803=CARTESIAN_POINT('',(1.088763713788E2,1.111127779920E2,
-5.656854249492E0));
#15804=DIRECTION('',(-4.472135955E-1,-6.324555320337E-1,-6.324555320337E-1));
#15805=DIRECTION('',(8.944271909999E-1,-3.162277660169E-1,-3.162277660169E-1));
#15806=AXIS2_PLACEMENT_3D('',#15803,#15804,#15805);
#15807=PLANE('',#15806);
#15808=ORIENTED_EDGE('',*,*,#15796,.F.);
#15809=ORIENTED_EDGE('',*,*,#15767,.F.);
#15810=ORIENTED_EDGE('',*,*,#15584,.T.);
#15812=ORIENTED_EDGE('',*,*,#15811,.F.);
#15813=EDGE_LOOP('',(#15808,#15809,#15810,#15812));
#15814=FACE_OUTER_BOUND('',#15813,.F.);
#15815=ADVANCED_FACE('',(#15814),#15807,.F.);
#15816=CARTESIAN_POINT('',(1.088763713788E2,1.111218275466E2,
-5.647804694886E0));
#15817=DIRECTION('',(-4.472135955E-1,-6.324555320337E-1,6.324555320337E-1));
#15818=DIRECTION('',(8.944271909999E-1,-3.162277660169E-1,3.162277660169E-1));
#15819=AXIS2_PLACEMENT_3D('',#15816,#15817,#15818);
#15820=PLANE('',#15819);
#15822=ORIENTED_EDGE('',*,*,#15821,.F.);
#15823=ORIENTED_EDGE('',*,*,#15781,.F.);
#15824=ORIENTED_EDGE('',*,*,#15798,.F.);
#15825=ORIENTED_EDGE('',*,*,#15811,.T.);
#15826=EDGE_LOOP('',(#15822,#15823,#15824,#15825));
#15827=FACE_OUTER_BOUND('',#15826,.F.);
#15828=ADVANCED_FACE('',(#15827),#15820,.F.);
#15829=CARTESIAN_POINT('',(1.096763713788E2,1.114046702591E2,
-5.930647407361E0));
#15830=DIRECTION('',(-4.472135955E-1,6.324555320337E-1,-6.324555320337E-1));
#15831=DIRECTION('',(-8.944271909999E-1,-3.162277660169E-1,3.162277660169E-1));
#15832=AXIS2_PLACEMENT_3D('',#15829,#15830,#15831);
#15833=PLANE('',#15832);
#15834=ORIENTED_EDGE('',*,*,#11039,.F.);
#15835=ORIENTED_EDGE('',*,*,#15821,.T.);
#15837=ORIENTED_EDGE('',*,*,#15836,.T.);
#15839=ORIENTED_EDGE('',*,*,#15838,.F.);
#15840=EDGE_LOOP('',(#15834,#15835,#15837,#15839));
#15841=FACE_OUTER_BOUND('',#15840,.F.);
#15842=ADVANCED_FACE('',(#15841),#15833,.F.);
#15843=CARTESIAN_POINT('',(1.088763713788E2,1.139412051167E2,
-8.485281374239E0));
#15844=DIRECTION('',(-4.472135955E-1,-6.324555320337E-1,-6.324555320337E-1));
#15845=DIRECTION('',(8.944271909999E-1,-3.162277660169E-1,-3.162277660169E-1));
#15846=AXIS2_PLACEMENT_3D('',#15843,#15844,#15845);
#15847=PLANE('',#15846);
#15849=ORIENTED_EDGE('',*,*,#15848,.F.);
#15850=ORIENTED_EDGE('',*,*,#15836,.F.);
#15851=ORIENTED_EDGE('',*,*,#15526,.T.);
#15852=ORIENTED_EDGE('',*,*,#11025,.F.);
#15853=EDGE_LOOP('',(#15849,#15850,#15851,#15852));
#15854=FACE_OUTER_BOUND('',#15853,.F.);
#15855=ADVANCED_FACE('',(#15854),#15847,.F.);
#15856=CARTESIAN_POINT('',(1.096763713788E2,0.E0,-1.425E1));
#15857=DIRECTION('',(1.E0,0.E0,0.E0));
#15858=DIRECTION('',(0.E0,0.E0,1.E0));
#15859=AXIS2_PLACEMENT_3D('',#15856,#15857,#15858);
#15860=PLANE('',#15859);
#15861=ORIENTED_EDGE('',*,*,#11041,.T.);
#15862=ORIENTED_EDGE('',*,*,#15838,.T.);
#15863=ORIENTED_EDGE('',*,*,#15848,.T.);
#15864=ORIENTED_EDGE('',*,*,#11023,.T.);
#15865=EDGE_LOOP('',(#15861,#15862,#15863,#15864));
#15866=FACE_OUTER_BOUND('',#15865,.F.);
#15867=ADVANCED_FACE('',(#15866),#15860,.T.);
#15868=CARTESIAN_POINT('',(1.088763713788E2,1.082843508672E2,
-8.485281374239E0));
#15869=DIRECTION('',(-4.472135955E-1,-6.324555320337E-1,-6.324555320337E-1));
#15870=DIRECTION('',(8.944271909999E-1,-3.162277660169E-1,-3.162277660169E-1));
#15871=AXIS2_PLACEMENT_3D('',#15868,#15869,#15870);
#15872=PLANE('',#15871);
#15873=ORIENTED_EDGE('',*,*,#11109,.F.);
#15875=ORIENTED_EDGE('',*,*,#15874,.F.);
#15876=ORIENTED_EDGE('',*,*,#15783,.T.);
#15877=ORIENTED_EDGE('',*,*,#11095,.F.);
#15878=EDGE_LOOP('',(#15873,#15875,#15876,#15877));
#15879=FACE_OUTER_BOUND('',#15878,.F.);
#15880=ADVANCED_FACE('',(#15879),#15872,.F.);
#15881=CARTESIAN_POINT('',(1.096763713788E2,1.029193888848E2,
-8.759074532107E0));
#15882=DIRECTION('',(-4.472135955E-1,6.324555320337E-1,-6.324555320337E-1));
#15883=DIRECTION('',(-8.944271909999E-1,-3.162277660169E-1,3.162277660169E-1));
#15884=AXIS2_PLACEMENT_3D('',#15881,#15882,#15883);
#15885=PLANE('',#15884);
#15886=ORIENTED_EDGE('',*,*,#11124,.F.);
#15888=ORIENTED_EDGE('',*,*,#15887,.T.);
#15889=ORIENTED_EDGE('',*,*,#15874,.T.);
#15890=ORIENTED_EDGE('',*,*,#11107,.F.);
#15891=EDGE_LOOP('',(#15886,#15888,#15889,#15890));
#15892=FACE_OUTER_BOUND('',#15891,.F.);
#15893=ADVANCED_FACE('',(#15892),#15885,.F.);
#15894=CARTESIAN_POINT('',(1.088763713788E2,1.026365461723E2,
-8.476231819633E0));
#15895=DIRECTION('',(-4.472135955E-1,-6.324555320337E-1,6.324555320337E-1));
#15896=DIRECTION('',(8.944271909999E-1,-3.162277660169E-1,3.162277660169E-1));
#15897=AXIS2_PLACEMENT_3D('',#15894,#15895,#15896);
#15898=PLANE('',#15897);
#15899=ORIENTED_EDGE('',*,*,#15887,.F.);
#15901=ORIENTED_EDGE('',*,*,#15900,.F.);
#15903=ORIENTED_EDGE('',*,*,#15902,.F.);
#15905=ORIENTED_EDGE('',*,*,#15904,.T.);
#15906=EDGE_LOOP('',(#15899,#15901,#15903,#15905));
#15907=FACE_OUTER_BOUND('',#15906,.F.);
#15908=ADVANCED_FACE('',(#15907),#15898,.F.);
#15909=CARTESIAN_POINT('',(1.096763713788E2,1.029103393302E2,
-8.202438661764E0));
#15910=DIRECTION('',(-4.472135955E-1,6.324555320337E-1,6.324555320337E-1));
#15911=DIRECTION('',(-8.944271909999E-1,-3.162277660169E-1,-3.162277660169E-1));
#15912=AXIS2_PLACEMENT_3D('',#15909,#15910,#15911);
#15913=PLANE('',#15912);
#15915=ORIENTED_EDGE('',*,*,#15914,.F.);
#15916=ORIENTED_EDGE('',*,*,#15900,.T.);
#15918=ORIENTED_EDGE('',*,*,#15917,.F.);
#15920=ORIENTED_EDGE('',*,*,#15919,.T.);
#15921=EDGE_LOOP('',(#15915,#15916,#15918,#15920));
#15922=FACE_OUTER_BOUND('',#15921,.F.);
#15923=ADVANCED_FACE('',(#15922),#15913,.F.);
#15924=CARTESIAN_POINT('',(1.096763713788E2,0.E0,-1.425E1));
#15925=DIRECTION('',(1.E0,0.E0,0.E0));
#15926=DIRECTION('',(0.E0,0.E0,1.E0));
#15927=AXIS2_PLACEMENT_3D('',#15924,#15925,#15926);
#15928=PLANE('',#15927);
#15929=ORIENTED_EDGE('',*,*,#15914,.T.);
#15931=ORIENTED_EDGE('',*,*,#15930,.T.);
#15933=ORIENTED_EDGE('',*,*,#15932,.T.);
#15934=ORIENTED_EDGE('',*,*,#15902,.T.);
#15935=EDGE_LOOP('',(#15929,#15931,#15933,#15934));
#15936=FACE_OUTER_BOUND('',#15935,.F.);
#15937=ADVANCED_FACE('',(#15936),#15928,.T.);
#15938=CARTESIAN_POINT('',(1.096763713788E2,9.726253463533E1,
-8.759074532107E0));
#15939=DIRECTION('',(-4.472135955E-1,6.324555320337E-1,-6.324555320337E-1));
#15940=DIRECTION('',(-8.944271909999E-1,-3.162277660169E-1,3.162277660169E-1));
#15941=AXIS2_PLACEMENT_3D('',#15938,#15939,#15940);
#15942=PLANE('',#15941);
#15943=ORIENTED_EDGE('',*,*,#15919,.F.);
#15945=ORIENTED_EDGE('',*,*,#15944,.T.);
#15947=ORIENTED_EDGE('',*,*,#15946,.T.);
#15948=ORIENTED_EDGE('',*,*,#15930,.F.);
#15949=EDGE_LOOP('',(#15943,#15945,#15947,#15948));
#15950=FACE_OUTER_BOUND('',#15949,.F.);
#15951=ADVANCED_FACE('',(#15950),#15942,.F.);
#15952=CARTESIAN_POINT('',(1.088763713788E2,9.697969192285E1,
-8.476231819633E0));
#15953=DIRECTION('',(-4.472135955E-1,-6.324555320337E-1,6.324555320337E-1));
#15954=DIRECTION('',(8.944271909999E-1,-3.162277660169E-1,3.162277660169E-1));
#15955=AXIS2_PLACEMENT_3D('',#15952,#15953,#15954);
#15956=PLANE('',#15955);
#15957=ORIENTED_EDGE('',*,*,#15944,.F.);
#15959=ORIENTED_EDGE('',*,*,#15958,.F.);
#15961=ORIENTED_EDGE('',*,*,#15960,.F.);
#15963=ORIENTED_EDGE('',*,*,#15962,.T.);
#15964=EDGE_LOOP('',(#15957,#15959,#15961,#15963));
#15965=FACE_OUTER_BOUND('',#15964,.F.);
#15966=ADVANCED_FACE('',(#15965),#15956,.F.);
#15967=CARTESIAN_POINT('',(1.096763713788E2,1.000819122055E2,
-5.374011537018E0));
#15968=DIRECTION('',(-4.472135955E-1,6.324555320337E-1,6.324555320337E-1));
#15969=DIRECTION('',(-8.944271909999E-1,-3.162277660169E-1,-3.162277660169E-1));
#15970=AXIS2_PLACEMENT_3D('',#15967,#15968,#15969);
#15971=PLANE('',#15970);
#15973=ORIENTED_EDGE('',*,*,#15972,.F.);
#15974=ORIENTED_EDGE('',*,*,#15958,.T.);
#15976=ORIENTED_EDGE('',*,*,#15975,.F.);
#15978=ORIENTED_EDGE('',*,*,#15977,.T.);
#15979=EDGE_LOOP('',(#15973,#15974,#15976,#15978));
#15980=FACE_OUTER_BOUND('',#15979,.F.);
#15981=ADVANCED_FACE('',(#15980),#15971,.F.);
#15982=CARTESIAN_POINT('',(1.096763713788E2,0.E0,-1.425E1));
#15983=DIRECTION('',(1.E0,0.E0,0.E0));
#15984=DIRECTION('',(0.E0,0.E0,1.E0));
#15985=AXIS2_PLACEMENT_3D('',#15982,#15983,#15984);
#15986=PLANE('',#15985);
#15987=ORIENTED_EDGE('',*,*,#15972,.T.);
#15989=ORIENTED_EDGE('',*,*,#15988,.T.);
#15991=ORIENTED_EDGE('',*,*,#15990,.T.);
#15992=ORIENTED_EDGE('',*,*,#15960,.T.);
#15993=EDGE_LOOP('',(#15987,#15989,#15991,#15992));
#15994=FACE_OUTER_BOUND('',#15993,.F.);
#15995=ADVANCED_FACE('',(#15994),#15986,.T.);
#15996=CARTESIAN_POINT('',(1.096763713788E2,9.160568038584E1,
-8.759074532107E0));
#15997=DIRECTION('',(-4.472135955E-1,6.324555320337E-1,-6.324555320337E-1));
#15998=DIRECTION('',(-8.944271909999E-1,-3.162277660169E-1,3.162277660169E-1));
#15999=AXIS2_PLACEMENT_3D('',#15996,#15997,#15998);
#16000=PLANE('',#15999);
#16001=ORIENTED_EDGE('',*,*,#15977,.F.);
#16003=ORIENTED_EDGE('',*,*,#16002,.T.);
#16005=ORIENTED_EDGE('',*,*,#16004,.T.);
#16006=ORIENTED_EDGE('',*,*,#15988,.F.);
#16007=EDGE_LOOP('',(#16001,#16003,#16005,#16006));
#16008=FACE_OUTER_BOUND('',#16007,.F.);
#16009=ADVANCED_FACE('',(#16008),#16000,.F.);
#16010=CARTESIAN_POINT('',(1.088763713788E2,9.132283767336E1,
-8.476231819633E0));
#16011=DIRECTION('',(-4.472135955E-1,-6.324555320337E-1,6.324555320337E-1));
#16012=DIRECTION('',(8.944271909999E-1,-3.162277660169E-1,3.162277660169E-1));
#16013=AXIS2_PLACEMENT_3D('',#16010,#16011,#16012);
#16014=PLANE('',#16013);
#16015=ORIENTED_EDGE('',*,*,#16002,.F.);
#16017=ORIENTED_EDGE('',*,*,#16016,.F.);
#16019=ORIENTED_EDGE('',*,*,#16018,.F.);
#16021=ORIENTED_EDGE('',*,*,#16020,.T.);
#16022=EDGE_LOOP('',(#16015,#16017,#16019,#16021));
#16023=FACE_OUTER_BOUND('',#16022,.F.);
#16024=ADVANCED_FACE('',(#16023),#16014,.F.);
#16025=CARTESIAN_POINT('',(1.096763713788E2,9.725348508072E1,
-2.545584412272E0));
#16026=DIRECTION('',(-4.472135955E-1,6.324555320337E-1,6.324555320337E-1));
#16027=DIRECTION('',(-8.944271909999E-1,-3.162277660169E-1,-3.162277660169E-1));
#16028=AXIS2_PLACEMENT_3D('',#16025,#16026,#16027);
#16029=PLANE('',#16028);
#16031=ORIENTED_EDGE('',*,*,#16030,.F.);
#16032=ORIENTED_EDGE('',*,*,#16016,.T.);
#16034=ORIENTED_EDGE('',*,*,#16033,.F.);
#16036=ORIENTED_EDGE('',*,*,#16035,.T.);
#16037=EDGE_LOOP('',(#16031,#16032,#16034,#16036));
#16038=FACE_OUTER_BOUND('',#16037,.F.);
#16039=ADVANCED_FACE('',(#16038),#16029,.F.);
#16040=CARTESIAN_POINT('',(1.096763713788E2,0.E0,-1.425E1));
#16041=DIRECTION('',(1.E0,0.E0,0.E0));
#16042=DIRECTION('',(0.E0,0.E0,1.E0));
#16043=AXIS2_PLACEMENT_3D('',#16040,#16041,#16042);
#16044=PLANE('',#16043);
#16045=ORIENTED_EDGE('',*,*,#16030,.T.);
#16047=ORIENTED_EDGE('',*,*,#16046,.T.);
#16049=ORIENTED_EDGE('',*,*,#16048,.T.);
#16050=ORIENTED_EDGE('',*,*,#16018,.T.);
#16051=EDGE_LOOP('',(#16045,#16047,#16049,#16050));
#16052=FACE_OUTER_BOUND('',#16051,.F.);
#16053=ADVANCED_FACE('',(#16052),#16044,.T.);
#16054=CARTESIAN_POINT('',(1.096763713788E2,9.443410751058E1,
-2.737931578687E-1));
#16055=DIRECTION('',(-4.472135955E-1,6.324555320337E-1,-6.324555320337E-1));
#16056=DIRECTION('',(-8.944271909999E-1,-3.162277660169E-1,3.162277660169E-1));
#16057=AXIS2_PLACEMENT_3D('',#16054,#16055,#16056);
#16058=PLANE('',#16057);
#16059=ORIENTED_EDGE('',*,*,#16035,.F.);
#16061=ORIENTED_EDGE('',*,*,#16060,.T.);
#16063=ORIENTED_EDGE('',*,*,#16062,.T.);
#16064=ORIENTED_EDGE('',*,*,#16046,.F.);
#16065=EDGE_LOOP('',(#16059,#16061,#16063,#16064));
#16066=FACE_OUTER_BOUND('',#16065,.F.);
#16067=ADVANCED_FACE('',(#16066),#16058,.F.);
#16068=CARTESIAN_POINT('',(1.088763713788E2,9.415126479811E1,
9.049554605937E-3));
#16069=DIRECTION('',(-4.472135955E-1,-6.324555320337E-1,6.324555320337E-1));
#16070=DIRECTION('',(8.944271909999E-1,-3.162277660169E-1,3.162277660169E-1));
#16071=AXIS2_PLACEMENT_3D('',#16068,#16069,#16070);
#16072=PLANE('',#16071);
#16073=ORIENTED_EDGE('',*,*,#12021,.F.);
#16074=ORIENTED_EDGE('',*,*,#12038,.F.);
#16075=ORIENTED_EDGE('',*,*,#12052,.T.);
#16076=ORIENTED_EDGE('',*,*,#16060,.F.);
#16077=EDGE_LOOP('',(#16073,#16074,#16075,#16076));
#16078=FACE_OUTER_BOUND('',#16077,.F.);
#16079=ADVANCED_FACE('',(#16078),#16072,.F.);
#16080=CARTESIAN_POINT('',(1.088763713788E2,1.026274966177E2,
-2.828427124746E0));
#16081=DIRECTION('',(-4.472135955E-1,-6.324555320337E-1,-6.324555320337E-1));
#16082=DIRECTION('',(8.944271909999E-1,-3.162277660169E-1,-3.162277660169E-1));
#16083=AXIS2_PLACEMENT_3D('',#16080,#16081,#16082);
#16084=PLANE('',#16083);
#16085=ORIENTED_EDGE('',*,*,#16048,.F.);
#16086=ORIENTED_EDGE('',*,*,#16062,.F.);
#16087=ORIENTED_EDGE('',*,*,#12163,.T.);
#16088=ORIENTED_EDGE('',*,*,#16020,.F.);
#16089=EDGE_LOOP('',(#16085,#16086,#16087,#16088));
#16090=FACE_OUTER_BOUND('',#16089,.F.);
#16091=ADVANCED_FACE('',(#16090),#16084,.F.);
#16092=CARTESIAN_POINT('',(1.088763713788E2,9.697064236825E1,
-2.828427124746E0));
#16093=DIRECTION('',(-4.472135955E-1,-6.324555320337E-1,-6.324555320337E-1));
#16094=DIRECTION('',(8.944271909999E-1,-3.162277660169E-1,-3.162277660169E-1));
#16095=AXIS2_PLACEMENT_3D('',#16092,#16093,#16094);
#16096=PLANE('',#16095);
#16098=ORIENTED_EDGE('',*,*,#16097,.F.);
#16100=ORIENTED_EDGE('',*,*,#16099,.F.);
#16101=ORIENTED_EDGE('',*,*,#16033,.T.);
#16103=ORIENTED_EDGE('',*,*,#16102,.F.);
#16104=EDGE_LOOP('',(#16098,#16100,#16101,#16103));
#16105=FACE_OUTER_BOUND('',#16104,.F.);
#16106=ADVANCED_FACE('',(#16105),#16096,.F.);
#16107=CARTESIAN_POINT('',(1.096763713788E2,0.E0,-1.425E1));
#16108=DIRECTION('',(1.E0,0.E0,0.E0));
#16109=DIRECTION('',(0.E0,0.E0,1.E0));
#16110=AXIS2_PLACEMENT_3D('',#16107,#16108,#16109);
#16111=PLANE('',#16110);
#16113=ORIENTED_EDGE('',*,*,#16112,.T.);
#16115=ORIENTED_EDGE('',*,*,#16114,.T.);
#16116=ORIENTED_EDGE('',*,*,#16097,.T.);
#16118=ORIENTED_EDGE('',*,*,#16117,.T.);
#16119=EDGE_LOOP('',(#16113,#16115,#16116,#16118));
#16120=FACE_OUTER_BOUND('',#16119,.F.);
#16121=ADVANCED_FACE('',(#16120),#16111,.T.);
#16122=CARTESIAN_POINT('',(1.096763713788E2,9.442505795598E1,
-5.374011537018E0));
#16123=DIRECTION('',(-4.472135955E-1,6.324555320337E-1,6.324555320337E-1));
#16124=DIRECTION('',(-8.944271909999E-1,-3.162277660169E-1,-3.162277660169E-1));
#16125=AXIS2_PLACEMENT_3D('',#16122,#16123,#16124);
#16126=PLANE('',#16125);
#16127=ORIENTED_EDGE('',*,*,#16112,.F.);
#16129=ORIENTED_EDGE('',*,*,#16128,.T.);
#16131=ORIENTED_EDGE('',*,*,#16130,.F.);
#16133=ORIENTED_EDGE('',*,*,#16132,.T.);
#16134=EDGE_LOOP('',(#16127,#16129,#16131,#16133));
#16135=FACE_OUTER_BOUND('',#16134,.F.);
#16136=ADVANCED_FACE('',(#16135),#16126,.F.);
#16137=CARTESIAN_POINT('',(1.088763713788E2,9.132283767336E1,
-8.476231819633E0));
#16138=DIRECTION('',(-4.472135955E-1,-6.324555320337E-1,6.324555320337E-1));
#16139=DIRECTION('',(8.944271909999E-1,-3.162277660169E-1,3.162277660169E-1));
#16140=AXIS2_PLACEMENT_3D('',#16137,#16138,#16139);
#16141=PLANE('',#16140);
#16143=ORIENTED_EDGE('',*,*,#16142,.F.);
#16144=ORIENTED_EDGE('',*,*,#16128,.F.);
#16145=ORIENTED_EDGE('',*,*,#16117,.F.);
#16146=ORIENTED_EDGE('',*,*,#16102,.T.);
#16147=EDGE_LOOP('',(#16143,#16144,#16145,#16146));
#16148=FACE_OUTER_BOUND('',#16147,.F.);
#16149=ADVANCED_FACE('',(#16148),#16141,.F.);
#16150=CARTESIAN_POINT('',(1.096763713788E2,9.160568038584E1,
-8.759074532107E0));
#16151=DIRECTION('',(-4.472135955E-1,6.324555320337E-1,-6.324555320337E-1));
#16152=DIRECTION('',(-8.944271909999E-1,-3.162277660169E-1,3.162277660169E-1));
#16153=AXIS2_PLACEMENT_3D('',#16150,#16151,#16152);
#16154=PLANE('',#16153);
#16156=ORIENTED_EDGE('',*,*,#16155,.F.);
#16157=ORIENTED_EDGE('',*,*,#16142,.T.);
#16159=ORIENTED_EDGE('',*,*,#16158,.T.);
#16161=ORIENTED_EDGE('',*,*,#16160,.F.);
#16162=EDGE_LOOP('',(#16156,#16157,#16159,#16161));
#16163=FACE_OUTER_BOUND('',#16162,.F.);
#16164=ADVANCED_FACE('',(#16163),#16154,.F.);
#16165=CARTESIAN_POINT('',(1.096763713788E2,9.725348508072E1,
-8.202438661764E0));
#16166=DIRECTION('',(-4.472135955E-1,6.324555320337E-1,6.324555320337E-1));
#16167=DIRECTION('',(-8.944271909999E-1,-3.162277660169E-1,-3.162277660169E-1));
#16168=AXIS2_PLACEMENT_3D('',#16165,#16166,#16167);
#16169=PLANE('',#16168);
#16171=ORIENTED_EDGE('',*,*,#16170,.F.);
#16173=ORIENTED_EDGE('',*,*,#16172,.T.);
#16175=ORIENTED_EDGE('',*,*,#16174,.F.);
#16176=ORIENTED_EDGE('',*,*,#16155,.T.);
#16177=EDGE_LOOP('',(#16171,#16173,#16175,#16176));
#16178=FACE_OUTER_BOUND('',#16177,.F.);
#16179=ADVANCED_FACE('',(#16178),#16169,.F.);
#16180=CARTESIAN_POINT('',(1.096763713788E2,0.E0,-1.425E1));
#16181=DIRECTION('',(1.E0,0.E0,0.E0));
#16182=DIRECTION('',(0.E0,0.E0,1.E0));
#16183=AXIS2_PLACEMENT_3D('',#16180,#16181,#16182);
#16184=PLANE('',#16183);
#16185=ORIENTED_EDGE('',*,*,#16170,.T.);
#16186=ORIENTED_EDGE('',*,*,#16160,.T.);
#16188=ORIENTED_EDGE('',*,*,#16187,.T.);
#16190=ORIENTED_EDGE('',*,*,#16189,.T.);
#16191=EDGE_LOOP('',(#16185,#16186,#16188,#16190));
#16192=FACE_OUTER_BOUND('',#16191,.F.);
#16193=ADVANCED_FACE('',(#16192),#16184,.T.);
#16194=CARTESIAN_POINT('',(1.088763713788E2,9.979906949299E1,
-5.656854249492E0));
#16195=DIRECTION('',(-4.472135955E-1,-6.324555320337E-1,-6.324555320337E-1));
#16196=DIRECTION('',(8.944271909999E-1,-3.162277660169E-1,-3.162277660169E-1));
#16197=AXIS2_PLACEMENT_3D('',#16194,#16195,#16196);
#16198=PLANE('',#16197);
#16199=ORIENTED_EDGE('',*,*,#16187,.F.);
#16200=ORIENTED_EDGE('',*,*,#16158,.F.);
#16201=ORIENTED_EDGE('',*,*,#15975,.T.);
#16203=ORIENTED_EDGE('',*,*,#16202,.F.);
#16204=EDGE_LOOP('',(#16199,#16200,#16201,#16203));
#16205=FACE_OUTER_BOUND('',#16204,.F.);
#16206=ADVANCED_FACE('',(#16205),#16198,.F.);
#16207=CARTESIAN_POINT('',(1.088763713788E2,9.697969192285E1,
-8.476231819633E0));
#16208=DIRECTION('',(-4.472135955E-1,-6.324555320337E-1,6.324555320337E-1));
#16209=DIRECTION('',(8.944271909999E-1,-3.162277660169E-1,3.162277660169E-1));
#16210=AXIS2_PLACEMENT_3D('',#16207,#16208,#16209);
#16211=PLANE('',#16210);
#16213=ORIENTED_EDGE('',*,*,#16212,.F.);
#16214=ORIENTED_EDGE('',*,*,#16172,.F.);
#16215=ORIENTED_EDGE('',*,*,#16189,.F.);
#16216=ORIENTED_EDGE('',*,*,#16202,.T.);
#16217=EDGE_LOOP('',(#16213,#16214,#16215,#16216));
#16218=FACE_OUTER_BOUND('',#16217,.F.);
#16219=ADVANCED_FACE('',(#16218),#16211,.F.);
#16220=CARTESIAN_POINT('',(1.096763713788E2,9.726253463533E1,
-8.759074532107E0));
#16221=DIRECTION('',(-4.472135955E-1,6.324555320337E-1,-6.324555320337E-1));
#16222=DIRECTION('',(-8.944271909999E-1,-3.162277660169E-1,3.162277660169E-1));
#16223=AXIS2_PLACEMENT_3D('',#16220,#16221,#16222);
#16224=PLANE('',#16223);
#16225=ORIENTED_EDGE('',*,*,#11207,.F.);
#16226=ORIENTED_EDGE('',*,*,#16212,.T.);
#16228=ORIENTED_EDGE('',*,*,#16227,.T.);
#16229=ORIENTED_EDGE('',*,*,#11190,.F.);
#16230=EDGE_LOOP('',(#16225,#16226,#16228,#16229));
#16231=FACE_OUTER_BOUND('',#16230,.F.);
#16232=ADVANCED_FACE('',(#16231),#16224,.F.);
#16233=CARTESIAN_POINT('',(1.088763713788E2,1.026274966177E2,
-8.485281374239E0));
#16234=DIRECTION('',(-4.472135955E-1,-6.324555320337E-1,-6.324555320337E-1));
#16235=DIRECTION('',(8.944271909999E-1,-3.162277660169E-1,-3.162277660169E-1));
#16236=AXIS2_PLACEMENT_3D('',#16233,#16234,#16235);
#16237=PLANE('',#16236);
#16238=ORIENTED_EDGE('',*,*,#11192,.F.);
#16239=ORIENTED_EDGE('',*,*,#16227,.F.);
#16240=ORIENTED_EDGE('',*,*,#15917,.T.);
#16241=ORIENTED_EDGE('',*,*,#11178,.F.);
#16242=EDGE_LOOP('',(#16238,#16239,#16240,#16241));
#16243=FACE_OUTER_BOUND('',#16242,.F.);
#16244=ADVANCED_FACE('',(#16243),#16237,.F.);
#16245=CARTESIAN_POINT('',(1.088763713788E2,9.697064236825E1,
-8.485281374239E0));
#16246=DIRECTION('',(-4.472135955E-1,-6.324555320337E-1,-6.324555320337E-1));
#16247=DIRECTION('',(8.944271909999E-1,-3.162277660169E-1,-3.162277660169E-1));
#16248=AXIS2_PLACEMENT_3D('',#16245,#16246,#16247);
#16249=PLANE('',#16248);
#16250=ORIENTED_EDGE('',*,*,#11275,.F.);
#16252=ORIENTED_EDGE('',*,*,#16251,.F.);
#16253=ORIENTED_EDGE('',*,*,#16174,.T.);
#16254=ORIENTED_EDGE('',*,*,#11261,.F.);
#16255=EDGE_LOOP('',(#16250,#16252,#16253,#16254));
#16256=FACE_OUTER_BOUND('',#16255,.F.);
#16257=ADVANCED_FACE('',(#16256),#16249,.F.);
#16258=CARTESIAN_POINT('',(1.096763713788E2,9.160568038584E1,
-8.759074532107E0));
#16259=DIRECTION('',(-4.472135955E-1,6.324555320337E-1,-6.324555320337E-1));
#16260=DIRECTION('',(-8.944271909999E-1,-3.162277660169E-1,3.162277660169E-1));
#16261=AXIS2_PLACEMENT_3D('',#16258,#16259,#16260);
#16262=PLANE('',#16261);
#16263=ORIENTED_EDGE('',*,*,#11290,.F.);
#16265=ORIENTED_EDGE('',*,*,#16264,.T.);
#16266=ORIENTED_EDGE('',*,*,#16251,.T.);
#16267=ORIENTED_EDGE('',*,*,#11273,.F.);
#16268=EDGE_LOOP('',(#16263,#16265,#16266,#16267));
#16269=FACE_OUTER_BOUND('',#16268,.F.);
#16270=ADVANCED_FACE('',(#16269),#16262,.F.);
#16271=CARTESIAN_POINT('',(1.088763713788E2,9.132283767336E1,
-8.476231819633E0));
#16272=DIRECTION('',(-4.472135955E-1,-6.324555320337E-1,6.324555320337E-1));
#16273=DIRECTION('',(8.944271909999E-1,-3.162277660169E-1,3.162277660169E-1));
#16274=AXIS2_PLACEMENT_3D('',#16271,#16272,#16273);
#16275=PLANE('',#16274);
#16276=ORIENTED_EDGE('',*,*,#16264,.F.);
#16278=ORIENTED_EDGE('',*,*,#16277,.F.);
#16280=ORIENTED_EDGE('',*,*,#16279,.F.);
#16282=ORIENTED_EDGE('',*,*,#16281,.T.);
#16283=EDGE_LOOP('',(#16276,#16278,#16280,#16282));
#16284=FACE_OUTER_BOUND('',#16283,.F.);
#16285=ADVANCED_FACE('',(#16284),#16275,.F.);
#16286=CARTESIAN_POINT('',(1.096763713788E2,9.159663083123E1,
-8.202438661764E0));
#16287=DIRECTION('',(-4.472135955E-1,6.324555320337E-1,6.324555320337E-1));
#16288=DIRECTION('',(-8.944271909999E-1,-3.162277660169E-1,-3.162277660169E-1));
#16289=AXIS2_PLACEMENT_3D('',#16286,#16287,#16288);
#16290=PLANE('',#16289);
#16292=ORIENTED_EDGE('',*,*,#16291,.F.);
#16293=ORIENTED_EDGE('',*,*,#16277,.T.);
#16295=ORIENTED_EDGE('',*,*,#16294,.F.);
#16297=ORIENTED_EDGE('',*,*,#16296,.T.);
#16298=EDGE_LOOP('',(#16292,#16293,#16295,#16297));
#16299=FACE_OUTER_BOUND('',#16298,.F.);
#16300=ADVANCED_FACE('',(#16299),#16290,.F.);
#16301=CARTESIAN_POINT('',(1.096763713788E2,0.E0,-1.425E1));
#16302=DIRECTION('',(1.E0,0.E0,0.E0));
#16303=DIRECTION('',(0.E0,0.E0,1.E0));
#16304=AXIS2_PLACEMENT_3D('',#16301,#16302,#16303);
#16305=PLANE('',#16304);
#16306=ORIENTED_EDGE('',*,*,#16291,.T.);
#16308=ORIENTED_EDGE('',*,*,#16307,.T.);
#16310=ORIENTED_EDGE('',*,*,#16309,.T.);
#16311=ORIENTED_EDGE('',*,*,#16279,.T.);
#16312=EDGE_LOOP('',(#16306,#16308,#16310,#16311));
#16313=FACE_OUTER_BOUND('',#16312,.F.);
#16314=ADVANCED_FACE('',(#16313),#16305,.T.);
#16315=CARTESIAN_POINT('',(1.096763713788E2,9.443410751058E1,
-2.737931578687E-1));
#16316=DIRECTION('',(-4.472135955E-1,6.324555320337E-1,-6.324555320337E-1));
#16317=DIRECTION('',(-8.944271909999E-1,-3.162277660169E-1,3.162277660169E-1));
#16318=AXIS2_PLACEMENT_3D('',#16315,#16316,#16317);
#16319=PLANE('',#16318);
#16320=ORIENTED_EDGE('',*,*,#16296,.F.);
#16322=ORIENTED_EDGE('',*,*,#16321,.T.);
#16324=ORIENTED_EDGE('',*,*,#16323,.T.);
#16325=ORIENTED_EDGE('',*,*,#16307,.F.);
#16326=EDGE_LOOP('',(#16320,#16322,#16324,#16325));
#16327=FACE_OUTER_BOUND('',#16326,.F.);
#16328=ADVANCED_FACE('',(#16327),#16319,.F.);
#16329=CARTESIAN_POINT('',(1.088763713788E2,9.415126479811E1,
9.049554605937E-3));
#16330=DIRECTION('',(-4.472135955E-1,-6.324555320337E-1,6.324555320337E-1));
#16331=DIRECTION('',(8.944271909999E-1,-3.162277660169E-1,3.162277660169E-1));
#16332=AXIS2_PLACEMENT_3D('',#16329,#16330,#16331);
#16333=PLANE('',#16332);
#16334=ORIENTED_EDGE('',*,*,#16321,.F.);
#16336=ORIENTED_EDGE('',*,*,#16335,.F.);
#16338=ORIENTED_EDGE('',*,*,#16337,.F.);
#16340=ORIENTED_EDGE('',*,*,#16339,.T.);
#16341=EDGE_LOOP('',(#16334,#16336,#16338,#16340));
#16342=FACE_OUTER_BOUND('',#16341,.F.);
#16343=ADVANCED_FACE('',(#16342),#16333,.F.);
#16344=CARTESIAN_POINT('',(1.096763713788E2,8.876820370648E1,
-5.374011537018E0));
#16345=DIRECTION('',(-4.472135955E-1,6.324555320337E-1,6.324555320337E-1));
#16346=DIRECTION('',(-8.944271909999E-1,-3.162277660169E-1,-3.162277660169E-1));
#16347=AXIS2_PLACEMENT_3D('',#16344,#16345,#16346);
#16348=PLANE('',#16347);
#16350=ORIENTED_EDGE('',*,*,#16349,.F.);
#16351=ORIENTED_EDGE('',*,*,#16335,.T.);
#16353=ORIENTED_EDGE('',*,*,#16352,.F.);
#16355=ORIENTED_EDGE('',*,*,#16354,.T.);
#16356=EDGE_LOOP('',(#16350,#16351,#16353,#16355));
#16357=FACE_OUTER_BOUND('',#16356,.F.);
#16358=ADVANCED_FACE('',(#16357),#16348,.F.);
#16359=CARTESIAN_POINT('',(1.096763713788E2,0.E0,-1.425E1));
#16360=DIRECTION('',(1.E0,0.E0,0.E0));
#16361=DIRECTION('',(0.E0,0.E0,1.E0));
#16362=AXIS2_PLACEMENT_3D('',#16359,#16360,#16361);
#16363=PLANE('',#16362);
#16364=ORIENTED_EDGE('',*,*,#16349,.T.);
#16366=ORIENTED_EDGE('',*,*,#16365,.T.);
#16368=ORIENTED_EDGE('',*,*,#16367,.T.);
#16369=ORIENTED_EDGE('',*,*,#16337,.T.);
#16370=EDGE_LOOP('',(#16364,#16366,#16368,#16369));
#16371=FACE_OUTER_BOUND('',#16370,.F.);
#16372=ADVANCED_FACE('',(#16371),#16363,.T.);
#16373=CARTESIAN_POINT('',(1.096763713788E2,8.594882613634E1,
-3.102220282615E0));
#16374=DIRECTION('',(-4.472135955E-1,6.324555320337E-1,-6.324555320337E-1));
#16375=DIRECTION('',(-8.944271909999E-1,-3.162277660169E-1,3.162277660169E-1));
#16376=AXIS2_PLACEMENT_3D('',#16373,#16374,#16375);
#16377=PLANE('',#16376);
#16378=ORIENTED_EDGE('',*,*,#16354,.F.);
#16380=ORIENTED_EDGE('',*,*,#16379,.T.);
#16382=ORIENTED_EDGE('',*,*,#16381,.T.);
#16383=ORIENTED_EDGE('',*,*,#16365,.F.);
#16384=EDGE_LOOP('',(#16378,#16380,#16382,#16383));
#16385=FACE_OUTER_BOUND('',#16384,.F.);
#16386=ADVANCED_FACE('',(#16385),#16377,.F.);
#16387=CARTESIAN_POINT('',(1.088763713788E2,8.566598342387E1,
-2.819377570140E0));
#16388=DIRECTION('',(-4.472135955E-1,-6.324555320337E-1,6.324555320337E-1));
#16389=DIRECTION('',(8.944271909999E-1,-3.162277660169E-1,3.162277660169E-1));
#16390=AXIS2_PLACEMENT_3D('',#16387,#16388,#16389);
#16391=PLANE('',#16390);
#16392=ORIENTED_EDGE('',*,*,#16379,.F.);
#16394=ORIENTED_EDGE('',*,*,#16393,.F.);
#16396=ORIENTED_EDGE('',*,*,#16395,.F.);
#16398=ORIENTED_EDGE('',*,*,#16397,.T.);
#16399=EDGE_LOOP('',(#16392,#16394,#16396,#16398));
#16400=FACE_OUTER_BOUND('',#16399,.F.);
#16401=ADVANCED_FACE('',(#16400),#16391,.F.);
#16402=CARTESIAN_POINT('',(1.096763713788E2,8.593977658174E1,
-2.545584412272E0));
#16403=DIRECTION('',(-4.472135955E-1,6.324555320337E-1,6.324555320337E-1));
#16404=DIRECTION('',(-8.944271909999E-1,-3.162277660169E-1,-3.162277660169E-1));
#16405=AXIS2_PLACEMENT_3D('',#16402,#16403,#16404);
#16406=PLANE('',#16405);
#16408=ORIENTED_EDGE('',*,*,#16407,.F.);
#16409=ORIENTED_EDGE('',*,*,#16393,.T.);
#16411=ORIENTED_EDGE('',*,*,#16410,.F.);
#16413=ORIENTED_EDGE('',*,*,#16412,.T.);
#16414=EDGE_LOOP('',(#16408,#16409,#16411,#16413));
#16415=FACE_OUTER_BOUND('',#16414,.F.);
#16416=ADVANCED_FACE('',(#16415),#16406,.F.);
#16417=CARTESIAN_POINT('',(1.096763713788E2,0.E0,-1.425E1));
#16418=DIRECTION('',(1.E0,0.E0,0.E0));
#16419=DIRECTION('',(0.E0,0.E0,1.E0));
#16420=AXIS2_PLACEMENT_3D('',#16417,#16418,#16419);
#16421=PLANE('',#16420);
#16422=ORIENTED_EDGE('',*,*,#16407,.T.);
#16424=ORIENTED_EDGE('',*,*,#16423,.T.);
#16426=ORIENTED_EDGE('',*,*,#16425,.T.);
#16427=ORIENTED_EDGE('',*,*,#16395,.T.);
#16428=EDGE_LOOP('',(#16422,#16424,#16426,#16427));
#16429=FACE_OUTER_BOUND('',#16428,.F.);
#16430=ADVANCED_FACE('',(#16429),#16421,.T.);
#16431=CARTESIAN_POINT('',(1.096763713788E2,8.029197188685E1,
-3.102220282615E0));
#16432=DIRECTION('',(-4.472135955E-1,6.324555320337E-1,-6.324555320337E-1));
#16433=DIRECTION('',(-8.944271909999E-1,-3.162277660169E-1,3.162277660169E-1));
#16434=AXIS2_PLACEMENT_3D('',#16431,#16432,#16433);
#16435=PLANE('',#16434);
#16436=ORIENTED_EDGE('',*,*,#16412,.F.);
#16438=ORIENTED_EDGE('',*,*,#16437,.T.);
#16440=ORIENTED_EDGE('',*,*,#16439,.T.);
#16441=ORIENTED_EDGE('',*,*,#16423,.F.);
#16442=EDGE_LOOP('',(#16436,#16438,#16440,#16441));
#16443=FACE_OUTER_BOUND('',#16442,.F.);
#16444=ADVANCED_FACE('',(#16443),#16435,.F.);
#16445=CARTESIAN_POINT('',(1.088763713788E2,8.000912917438E1,
-2.819377570140E0));
#16446=DIRECTION('',(-4.472135955E-1,-6.324555320337E-1,6.324555320337E-1));
#16447=DIRECTION('',(8.944271909999E-1,-3.162277660169E-1,3.162277660169E-1));
#16448=AXIS2_PLACEMENT_3D('',#16445,#16446,#16447);
#16449=PLANE('',#16448);
#16450=ORIENTED_EDGE('',*,*,#11727,.F.);
#16451=ORIENTED_EDGE('',*,*,#11745,.F.);
#16452=ORIENTED_EDGE('',*,*,#11785,.T.);
#16453=ORIENTED_EDGE('',*,*,#16437,.F.);
#16454=EDGE_LOOP('',(#16450,#16451,#16452,#16453));
#16455=FACE_OUTER_BOUND('',#16454,.F.);
#16456=ADVANCED_FACE('',(#16455),#16449,.F.);
#16457=CARTESIAN_POINT('',(1.088763713788E2,9.131378811876E1,
-2.828427124746E0));
#16458=DIRECTION('',(-4.472135955E-1,-6.324555320337E-1,-6.324555320337E-1));
#16459=DIRECTION('',(8.944271909999E-1,-3.162277660169E-1,-3.162277660169E-1));
#16460=AXIS2_PLACEMENT_3D('',#16457,#16458,#16459);
#16461=PLANE('',#16460);
#16462=ORIENTED_EDGE('',*,*,#16425,.F.);
#16463=ORIENTED_EDGE('',*,*,#16439,.F.);
#16464=ORIENTED_EDGE('',*,*,#11883,.T.);
#16465=ORIENTED_EDGE('',*,*,#16397,.F.);
#16466=EDGE_LOOP('',(#16462,#16463,#16464,#16465));
#16467=FACE_OUTER_BOUND('',#16466,.F.);
#16468=ADVANCED_FACE('',(#16467),#16461,.F.);
#16469=CARTESIAN_POINT('',(1.088763713788E2,8.565693386926E1,
-2.828427124746E0));
#16470=DIRECTION('',(-4.472135955E-1,-6.324555320337E-1,-6.324555320337E-1));
#16471=DIRECTION('',(8.944271909999E-1,-3.162277660169E-1,-3.162277660169E-1));
#16472=AXIS2_PLACEMENT_3D('',#16469,#16470,#16471);
#16473=PLANE('',#16472);
#16475=ORIENTED_EDGE('',*,*,#16474,.F.);
#16477=ORIENTED_EDGE('',*,*,#16476,.F.);
#16478=ORIENTED_EDGE('',*,*,#16410,.T.);
#16480=ORIENTED_EDGE('',*,*,#16479,.F.);
#16481=EDGE_LOOP('',(#16475,#16477,#16478,#16480));
#16482=FACE_OUTER_BOUND('',#16481,.F.);
#16483=ADVANCED_FACE('',(#16482),#16473,.F.);
#16484=CARTESIAN_POINT('',(1.096763713788E2,0.E0,-1.425E1));
#16485=DIRECTION('',(1.E0,0.E0,0.E0));
#16486=DIRECTION('',(0.E0,0.E0,1.E0));
#16487=AXIS2_PLACEMENT_3D('',#16484,#16485,#16486);
#16488=PLANE('',#16487);
#16490=ORIENTED_EDGE('',*,*,#16489,.T.);
#16492=ORIENTED_EDGE('',*,*,#16491,.T.);
#16493=ORIENTED_EDGE('',*,*,#16474,.T.);
#16495=ORIENTED_EDGE('',*,*,#16494,.T.);
#16496=EDGE_LOOP('',(#16490,#16492,#16493,#16495));
#16497=FACE_OUTER_BOUND('',#16496,.F.);
#16498=ADVANCED_FACE('',(#16497),#16488,.T.);
#16499=CARTESIAN_POINT('',(1.096763713788E2,8.593977658174E1,
-8.202438661764E0));
#16500=DIRECTION('',(-4.472135955E-1,6.324555320337E-1,6.324555320337E-1));
#16501=DIRECTION('',(-8.944271909999E-1,-3.162277660169E-1,-3.162277660169E-1));
#16502=AXIS2_PLACEMENT_3D('',#16499,#16500,#16501);
#16503=PLANE('',#16502);
#16504=ORIENTED_EDGE('',*,*,#16489,.F.);
#16506=ORIENTED_EDGE('',*,*,#16505,.T.);
#16508=ORIENTED_EDGE('',*,*,#16507,.F.);
#16510=ORIENTED_EDGE('',*,*,#16509,.T.);
#16511=EDGE_LOOP('',(#16504,#16506,#16508,#16510));
#16512=FACE_OUTER_BOUND('',#16511,.F.);
#16513=ADVANCED_FACE('',(#16512),#16503,.F.);
#16514=CARTESIAN_POINT('',(1.088763713788E2,8.566598342387E1,
-2.819377570140E0));
#16515=DIRECTION('',(-4.472135955E-1,-6.324555320337E-1,6.324555320337E-1));
#16516=DIRECTION('',(8.944271909999E-1,-3.162277660169E-1,3.162277660169E-1));
#16517=AXIS2_PLACEMENT_3D('',#16514,#16515,#16516);
#16518=PLANE('',#16517);
#16519=ORIENTED_EDGE('',*,*,#16505,.F.);
#16520=ORIENTED_EDGE('',*,*,#16494,.F.);
#16521=ORIENTED_EDGE('',*,*,#16479,.T.);
#16523=ORIENTED_EDGE('',*,*,#16522,.F.);
#16524=EDGE_LOOP('',(#16519,#16520,#16521,#16523));
#16525=FACE_OUTER_BOUND('',#16524,.F.);
#16526=ADVANCED_FACE('',(#16525),#16518,.F.);
#16527=CARTESIAN_POINT('',(1.096763713788E2,8.594882613634E1,
-3.102220282615E0));
#16528=DIRECTION('',(-4.472135955E-1,6.324555320337E-1,-6.324555320337E-1));
#16529=DIRECTION('',(-8.944271909999E-1,-3.162277660169E-1,3.162277660169E-1));
#16530=AXIS2_PLACEMENT_3D('',#16527,#16528,#16529);
#16531=PLANE('',#16530);
#16533=ORIENTED_EDGE('',*,*,#16532,.F.);
#16534=ORIENTED_EDGE('',*,*,#16522,.T.);
#16536=ORIENTED_EDGE('',*,*,#16535,.T.);
#16538=ORIENTED_EDGE('',*,*,#16537,.F.);
#16539=EDGE_LOOP('',(#16533,#16534,#16536,#16538));
#16540=FACE_OUTER_BOUND('',#16539,.F.);
#16541=ADVANCED_FACE('',(#16540),#16531,.F.);
#16542=CARTESIAN_POINT('',(1.096763713788E2,8.593977658174E1,
-8.202438661764E0));
#16543=DIRECTION('',(-4.472135955E-1,6.324555320337E-1,6.324555320337E-1));
#16544=DIRECTION('',(-8.944271909999E-1,-3.162277660169E-1,-3.162277660169E-1));
#16545=AXIS2_PLACEMENT_3D('',#16542,#16543,#16544);
#16546=PLANE('',#16545);
#16548=ORIENTED_EDGE('',*,*,#16547,.F.);
#16550=ORIENTED_EDGE('',*,*,#16549,.T.);
#16551=ORIENTED_EDGE('',*,*,#11409,.F.);
#16552=ORIENTED_EDGE('',*,*,#16532,.T.);
#16553=EDGE_LOOP('',(#16548,#16550,#16551,#16552));
#16554=FACE_OUTER_BOUND('',#16553,.F.);
#16555=ADVANCED_FACE('',(#16554),#16546,.F.);
#16556=CARTESIAN_POINT('',(1.096763713788E2,0.E0,-1.425E1));
#16557=DIRECTION('',(1.E0,0.E0,0.E0));
#16558=DIRECTION('',(0.E0,0.E0,1.E0));
#16559=AXIS2_PLACEMENT_3D('',#16556,#16557,#16558);
#16560=PLANE('',#16559);
#16561=ORIENTED_EDGE('',*,*,#16547,.T.);
#16562=ORIENTED_EDGE('',*,*,#16537,.T.);
#16564=ORIENTED_EDGE('',*,*,#16563,.T.);
#16566=ORIENTED_EDGE('',*,*,#16565,.T.);
#16567=EDGE_LOOP('',(#16561,#16562,#16564,#16566));
#16568=FACE_OUTER_BOUND('',#16567,.F.);
#16569=ADVANCED_FACE('',(#16568),#16560,.T.);
#16570=CARTESIAN_POINT('',(1.088763713788E2,8.848536099401E1,
-5.656854249492E0));
#16571=DIRECTION('',(-4.472135955E-1,-6.324555320337E-1,-6.324555320337E-1));
#16572=DIRECTION('',(8.944271909999E-1,-3.162277660169E-1,-3.162277660169E-1));
#16573=AXIS2_PLACEMENT_3D('',#16570,#16571,#16572);
#16574=PLANE('',#16573);
#16575=ORIENTED_EDGE('',*,*,#16563,.F.);
#16576=ORIENTED_EDGE('',*,*,#16535,.F.);
#16577=ORIENTED_EDGE('',*,*,#16352,.T.);
#16579=ORIENTED_EDGE('',*,*,#16578,.F.);
#16580=EDGE_LOOP('',(#16575,#16576,#16577,#16579));
#16581=FACE_OUTER_BOUND('',#16580,.F.);
#16582=ADVANCED_FACE('',(#16581),#16574,.F.);
#16583=CARTESIAN_POINT('',(1.088763713788E2,9.415126479811E1,
9.049554605937E-3));
#16584=DIRECTION('',(-4.472135955E-1,-6.324555320337E-1,6.324555320337E-1));
#16585=DIRECTION('',(8.944271909999E-1,-3.162277660169E-1,3.162277660169E-1));
#16586=AXIS2_PLACEMENT_3D('',#16583,#16584,#16585);
#16587=PLANE('',#16586);
#16589=ORIENTED_EDGE('',*,*,#16588,.F.);
#16590=ORIENTED_EDGE('',*,*,#16549,.F.);
#16591=ORIENTED_EDGE('',*,*,#16565,.F.);
#16592=ORIENTED_EDGE('',*,*,#16578,.T.);
#16593=EDGE_LOOP('',(#16589,#16590,#16591,#16592));
#16594=FACE_OUTER_BOUND('',#16593,.F.);
#16595=ADVANCED_FACE('',(#16594),#16587,.F.);
#16596=CARTESIAN_POINT('',(1.096763713788E2,9.443410751058E1,
-2.737931578687E-1));
#16597=DIRECTION('',(-4.472135955E-1,6.324555320337E-1,-6.324555320337E-1));
#16598=DIRECTION('',(-8.944271909999E-1,-3.162277660169E-1,3.162277660169E-1));
#16599=AXIS2_PLACEMENT_3D('',#16596,#16597,#16598);
#16600=PLANE('',#16599);
#16601=ORIENTED_EDGE('',*,*,#11358,.F.);
#16602=ORIENTED_EDGE('',*,*,#16588,.T.);
#16604=ORIENTED_EDGE('',*,*,#16603,.T.);
#16605=ORIENTED_EDGE('',*,*,#11341,.F.);
#16606=EDGE_LOOP('',(#16601,#16602,#16604,#16605));
#16607=FACE_OUTER_BOUND('',#16606,.F.);
#16608=ADVANCED_FACE('',(#16607),#16600,.F.);
#16609=CARTESIAN_POINT('',(1.088763713788E2,9.131378811876E1,
-8.485281374239E0));
#16610=DIRECTION('',(-4.472135955E-1,-6.324555320337E-1,-6.324555320337E-1));
#16611=DIRECTION('',(8.944271909999E-1,-3.162277660169E-1,-3.162277660169E-1));
#16612=AXIS2_PLACEMENT_3D('',#16609,#16610,#16611);
#16613=PLANE('',#16612);
#16614=ORIENTED_EDGE('',*,*,#11343,.F.);
#16615=ORIENTED_EDGE('',*,*,#16603,.F.);
#16616=ORIENTED_EDGE('',*,*,#16294,.T.);
#16617=ORIENTED_EDGE('',*,*,#11329,.F.);
#16618=EDGE_LOOP('',(#16614,#16615,#16616,#16617));
#16619=FACE_OUTER_BOUND('',#16618,.F.);
#16620=ADVANCED_FACE('',(#16619),#16613,.F.);
#16621=CARTESIAN_POINT('',(1.088763713788E2,8.565693386926E1,
-8.485281374239E0));
#16622=DIRECTION('',(-4.472135955E-1,-6.324555320337E-1,-6.324555320337E-1));
#16623=DIRECTION('',(8.944271909999E-1,-3.162277660169E-1,-3.162277660169E-1));
#16624=AXIS2_PLACEMENT_3D('',#16621,#16622,#16623);
#16625=PLANE('',#16624);
#16626=ORIENTED_EDGE('',*,*,#11464,.F.);
#16627=ORIENTED_EDGE('',*,*,#11478,.F.);
#16628=ORIENTED_EDGE('',*,*,#16507,.T.);
#16629=ORIENTED_EDGE('',*,*,#11449,.F.);
#16630=EDGE_LOOP('',(#16626,#16627,#16628,#16629));
#16631=FACE_OUTER_BOUND('',#16630,.F.);
#16632=ADVANCED_FACE('',(#16631),#16625,.F.);
#16633=CARTESIAN_POINT('',(1.096763713788E2,8.029197188685E1,
-3.102220282615E0));
#16634=DIRECTION('',(-4.472135955E-1,6.324555320337E-1,-6.324555320337E-1));
#16635=DIRECTION('',(-8.944271909999E-1,-3.162277660169E-1,3.162277660169E-1));
#16636=AXIS2_PLACEMENT_3D('',#16633,#16634,#16635);
#16637=PLANE('',#16636);
#16638=ORIENTED_EDGE('',*,*,#16509,.F.);
#16640=ORIENTED_EDGE('',*,*,#16639,.T.);
#16641=ORIENTED_EDGE('',*,*,#16476,.T.);
#16642=ORIENTED_EDGE('',*,*,#16491,.F.);
#16643=EDGE_LOOP('',(#16638,#16640,#16641,#16642));
#16644=FACE_OUTER_BOUND('',#16643,.F.);
#16645=ADVANCED_FACE('',(#16644),#16637,.F.);
#16646=CARTESIAN_POINT('',(1.088763713788E2,8.000912917438E1,
-2.819377570140E0));
#16647=DIRECTION('',(-4.472135955E-1,-6.324555320337E-1,6.324555320337E-1));
#16648=DIRECTION('',(8.944271909999E-1,-3.162277660169E-1,3.162277660169E-1));
#16649=AXIS2_PLACEMENT_3D('',#16646,#16647,#16648);
#16650=PLANE('',#16649);
#16651=ORIENTED_EDGE('',*,*,#11684,.F.);
#16652=ORIENTED_EDGE('',*,*,#11701,.F.);
#16653=ORIENTED_EDGE('',*,*,#11715,.T.);
#16654=ORIENTED_EDGE('',*,*,#16639,.F.);
#16655=EDGE_LOOP('',(#16651,#16652,#16653,#16654));
#16656=FACE_OUTER_BOUND('',#16655,.F.);
#16657=ADVANCED_FACE('',(#16656),#16650,.F.);
#16658=CARTESIAN_POINT('',(1.088763713788E2,9.131378811876E1,
-2.828427124746E0));
#16659=DIRECTION('',(-4.472135955E-1,-6.324555320337E-1,-6.324555320337E-1));
#16660=DIRECTION('',(8.944271909999E-1,-3.162277660169E-1,-3.162277660169E-1));
#16661=AXIS2_PLACEMENT_3D('',#16658,#16659,#16660);
#16662=PLANE('',#16661);
#16663=ORIENTED_EDGE('',*,*,#16367,.F.);
#16664=ORIENTED_EDGE('',*,*,#16381,.F.);
#16666=ORIENTED_EDGE('',*,*,#16665,.T.);
#16667=ORIENTED_EDGE('',*,*,#16339,.F.);
#16668=EDGE_LOOP('',(#16663,#16664,#16666,#16667));
#16669=FACE_OUTER_BOUND('',#16668,.F.);
#16670=ADVANCED_FACE('',(#16669),#16662,.F.);
#16671=CARTESIAN_POINT('',(1.096763713788E2,9.159663083123E1,
-2.545584412272E0));
#16672=DIRECTION('',(-4.472135955E-1,6.324555320337E-1,6.324555320337E-1));
#16673=DIRECTION('',(-8.944271909999E-1,-3.162277660169E-1,-3.162277660169E-1));
#16674=AXIS2_PLACEMENT_3D('',#16671,#16672,#16673);
#16675=PLANE('',#16674);
#16677=ORIENTED_EDGE('',*,*,#16676,.F.);
#16679=ORIENTED_EDGE('',*,*,#16678,.T.);
#16680=ORIENTED_EDGE('',*,*,#16665,.F.);
#16682=ORIENTED_EDGE('',*,*,#16681,.T.);
#16683=EDGE_LOOP('',(#16677,#16679,#16680,#16682));
#16684=FACE_OUTER_BOUND('',#16683,.F.);
#16685=ADVANCED_FACE('',(#16684),#16675,.F.);
#16686=CARTESIAN_POINT('',(1.096763713788E2,0.E0,-1.425E1));
#16687=DIRECTION('',(1.E0,0.E0,0.E0));
#16688=DIRECTION('',(0.E0,0.E0,1.E0));
#16689=AXIS2_PLACEMENT_3D('',#16686,#16687,#16688);
#16690=PLANE('',#16689);
#16691=ORIENTED_EDGE('',*,*,#16676,.T.);
#16693=ORIENTED_EDGE('',*,*,#16692,.T.);
#16695=ORIENTED_EDGE('',*,*,#16694,.T.);
#16697=ORIENTED_EDGE('',*,*,#16696,.T.);
#16698=EDGE_LOOP('',(#16691,#16693,#16695,#16697));
#16699=FACE_OUTER_BOUND('',#16698,.F.);
#16700=ADVANCED_FACE('',(#16699),#16690,.T.);
#16701=CARTESIAN_POINT('',(1.096763713788E2,8.594882613634E1,
-3.102220282615E0));
#16702=DIRECTION('',(-4.472135955E-1,6.324555320337E-1,-6.324555320337E-1));
#16703=DIRECTION('',(-8.944271909999E-1,-3.162277660169E-1,3.162277660169E-1));
#16704=AXIS2_PLACEMENT_3D('',#16701,#16702,#16703);
#16705=PLANE('',#16704);
#16706=ORIENTED_EDGE('',*,*,#16681,.F.);
#16708=ORIENTED_EDGE('',*,*,#16707,.T.);
#16710=ORIENTED_EDGE('',*,*,#16709,.T.);
#16711=ORIENTED_EDGE('',*,*,#16692,.F.);
#16712=EDGE_LOOP('',(#16706,#16708,#16710,#16711));
#16713=FACE_OUTER_BOUND('',#16712,.F.);
#16714=ADVANCED_FACE('',(#16713),#16705,.F.);
#16715=CARTESIAN_POINT('',(1.088763713788E2,8.566598342387E1,
-2.819377570140E0));
#16716=DIRECTION('',(-4.472135955E-1,-6.324555320337E-1,6.324555320337E-1));
#16717=DIRECTION('',(8.944271909999E-1,-3.162277660169E-1,3.162277660169E-1));
#16718=AXIS2_PLACEMENT_3D('',#16715,#16716,#16717);
#16719=PLANE('',#16718);
#16720=ORIENTED_EDGE('',*,*,#11881,.F.);
#16721=ORIENTED_EDGE('',*,*,#11898,.F.);
#16722=ORIENTED_EDGE('',*,*,#11912,.T.);
#16723=ORIENTED_EDGE('',*,*,#16707,.F.);
#16724=EDGE_LOOP('',(#16720,#16721,#16722,#16723));
#16725=FACE_OUTER_BOUND('',#16724,.F.);
#16726=ADVANCED_FACE('',(#16725),#16719,.F.);
#16727=CARTESIAN_POINT('',(1.088763713788E2,9.697064236825E1,
-2.828427124746E0));
#16728=DIRECTION('',(-4.472135955E-1,-6.324555320337E-1,-6.324555320337E-1));
#16729=DIRECTION('',(8.944271909999E-1,-3.162277660169E-1,-3.162277660169E-1));
#16730=AXIS2_PLACEMENT_3D('',#16727,#16728,#16729);
#16731=PLANE('',#16730);
#16732=ORIENTED_EDGE('',*,*,#16694,.F.);
#16733=ORIENTED_EDGE('',*,*,#16709,.F.);
#16734=ORIENTED_EDGE('',*,*,#12023,.T.);
#16736=ORIENTED_EDGE('',*,*,#16735,.F.);
#16737=EDGE_LOOP('',(#16732,#16733,#16734,#16736));
#16738=FACE_OUTER_BOUND('',#16737,.F.);
#16739=ADVANCED_FACE('',(#16738),#16731,.F.);
#16740=CARTESIAN_POINT('',(1.088763713788E2,9.415126479811E1,
9.049554605937E-3));
#16741=DIRECTION('',(-4.472135955E-1,-6.324555320337E-1,6.324555320337E-1));
#16742=DIRECTION('',(8.944271909999E-1,-3.162277660169E-1,3.162277660169E-1));
#16743=AXIS2_PLACEMENT_3D('',#16740,#16741,#16742);
#16744=PLANE('',#16743);
#16746=ORIENTED_EDGE('',*,*,#16745,.F.);
#16747=ORIENTED_EDGE('',*,*,#16678,.F.);
#16748=ORIENTED_EDGE('',*,*,#16696,.F.);
#16749=ORIENTED_EDGE('',*,*,#16735,.T.);
#16750=EDGE_LOOP('',(#16746,#16747,#16748,#16749));
#16751=FACE_OUTER_BOUND('',#16750,.F.);
#16752=ADVANCED_FACE('',(#16751),#16744,.F.);
#16753=CARTESIAN_POINT('',(1.096763713788E2,9.443410751058E1,
-2.737931578687E-1));
#16754=DIRECTION('',(-4.472135955E-1,6.324555320337E-1,-6.324555320337E-1));
#16755=DIRECTION('',(-8.944271909999E-1,-3.162277660169E-1,3.162277660169E-1));
#16756=AXIS2_PLACEMENT_3D('',#16753,#16754,#16755);
#16757=PLANE('',#16756);
#16758=ORIENTED_EDGE('',*,*,#16132,.F.);
#16759=ORIENTED_EDGE('',*,*,#16745,.T.);
#16760=ORIENTED_EDGE('',*,*,#16099,.T.);
#16761=ORIENTED_EDGE('',*,*,#16114,.F.);
#16762=EDGE_LOOP('',(#16758,#16759,#16760,#16761));
#16763=FACE_OUTER_BOUND('',#16762,.F.);
#16764=ADVANCED_FACE('',(#16763),#16757,.F.);
#16765=CARTESIAN_POINT('',(1.088763713788E2,9.414221524350E1,
-5.656854249492E0));
#16766=DIRECTION('',(-4.472135955E-1,-6.324555320337E-1,-6.324555320337E-1));
#16767=DIRECTION('',(8.944271909999E-1,-3.162277660169E-1,-3.162277660169E-1));
#16768=AXIS2_PLACEMENT_3D('',#16765,#16766,#16767);
#16769=PLANE('',#16768);
#16770=ORIENTED_EDGE('',*,*,#16309,.F.);
#16771=ORIENTED_EDGE('',*,*,#16323,.F.);
#16772=ORIENTED_EDGE('',*,*,#16130,.T.);
#16773=ORIENTED_EDGE('',*,*,#16281,.F.);
#16774=EDGE_LOOP('',(#16770,#16771,#16772,#16773));
#16775=FACE_OUTER_BOUND('',#16774,.F.);
#16776=ADVANCED_FACE('',(#16775),#16769,.F.);
#16777=CARTESIAN_POINT('',(1.088763713788E2,1.026274966177E2,
-2.828427124746E0));
#16778=DIRECTION('',(-4.472135955E-1,-6.324555320337E-1,-6.324555320337E-1));
#16779=DIRECTION('',(8.944271909999E-1,-3.162277660169E-1,-3.162277660169E-1));
#16780=AXIS2_PLACEMENT_3D('',#16777,#16778,#16779);
#16781=PLANE('',#16780);
#16782=ORIENTED_EDGE('',*,*,#15990,.F.);
#16783=ORIENTED_EDGE('',*,*,#16004,.F.);
#16785=ORIENTED_EDGE('',*,*,#16784,.T.);
#16786=ORIENTED_EDGE('',*,*,#15962,.F.);
#16787=EDGE_LOOP('',(#16782,#16783,#16785,#16786));
#16788=FACE_OUTER_BOUND('',#16787,.F.);
#16789=ADVANCED_FACE('',(#16788),#16781,.F.);
#16790=CARTESIAN_POINT('',(1.096763713788E2,1.029103393302E2,
-2.545584412272E0));
#16791=DIRECTION('',(-4.472135955E-1,6.324555320337E-1,6.324555320337E-1));
#16792=DIRECTION('',(-8.944271909999E-1,-3.162277660169E-1,-3.162277660169E-1));
#16793=AXIS2_PLACEMENT_3D('',#16790,#16791,#16792);
#16794=PLANE('',#16793);
#16796=ORIENTED_EDGE('',*,*,#16795,.F.);
#16798=ORIENTED_EDGE('',*,*,#16797,.T.);
#16799=ORIENTED_EDGE('',*,*,#16784,.F.);
#16801=ORIENTED_EDGE('',*,*,#16800,.T.);
#16802=EDGE_LOOP('',(#16796,#16798,#16799,#16801));
#16803=FACE_OUTER_BOUND('',#16802,.F.);
#16804=ADVANCED_FACE('',(#16803),#16794,.F.);
#16805=CARTESIAN_POINT('',(1.096763713788E2,0.E0,-1.425E1));
#16806=DIRECTION('',(1.E0,0.E0,0.E0));
#16807=DIRECTION('',(0.E0,0.E0,1.E0));
#16808=AXIS2_PLACEMENT_3D('',#16805,#16806,#16807);
#16809=PLANE('',#16808);
#16810=ORIENTED_EDGE('',*,*,#16795,.T.);
#16812=ORIENTED_EDGE('',*,*,#16811,.T.);
#16814=ORIENTED_EDGE('',*,*,#16813,.T.);
#16816=ORIENTED_EDGE('',*,*,#16815,.T.);
#16817=EDGE_LOOP('',(#16810,#16812,#16814,#16816));
#16818=FACE_OUTER_BOUND('',#16817,.F.);
#16819=ADVANCED_FACE('',(#16818),#16809,.T.);
#16820=CARTESIAN_POINT('',(1.096763713788E2,9.160568038584E1,
-8.759074532107E0));
#16821=DIRECTION('',(-4.472135955E-1,6.324555320337E-1,-6.324555320337E-1));
#16822=DIRECTION('',(-8.944271909999E-1,-3.162277660169E-1,3.162277660169E-1));
#16823=AXIS2_PLACEMENT_3D('',#16820,#16821,#16822);
#16824=PLANE('',#16823);
#16825=ORIENTED_EDGE('',*,*,#16800,.F.);
#16827=ORIENTED_EDGE('',*,*,#16826,.T.);
#16829=ORIENTED_EDGE('',*,*,#16828,.T.);
#16830=ORIENTED_EDGE('',*,*,#16811,.F.);
#16831=EDGE_LOOP('',(#16825,#16827,#16829,#16830));
#16832=FACE_OUTER_BOUND('',#16831,.F.);
#16833=ADVANCED_FACE('',(#16832),#16824,.F.);
#16834=CARTESIAN_POINT('',(1.088763713788E2,9.132283767336E1,
-8.476231819633E0));
#16835=DIRECTION('',(-4.472135955E-1,-6.324555320337E-1,6.324555320337E-1));
#16836=DIRECTION('',(8.944271909999E-1,-3.162277660169E-1,3.162277660169E-1));
#16837=AXIS2_PLACEMENT_3D('',#16834,#16835,#16836);
#16838=PLANE('',#16837);
#16839=ORIENTED_EDGE('',*,*,#12161,.F.);
#16840=ORIENTED_EDGE('',*,*,#12178,.F.);
#16841=ORIENTED_EDGE('',*,*,#12192,.T.);
#16842=ORIENTED_EDGE('',*,*,#16826,.F.);
#16843=EDGE_LOOP('',(#16839,#16840,#16841,#16842));
#16844=FACE_OUTER_BOUND('',#16843,.F.);
#16845=ADVANCED_FACE('',(#16844),#16838,.F.);
#16846=CARTESIAN_POINT('',(1.088763713788E2,1.082843508672E2,
-2.828427124746E0));
#16847=DIRECTION('',(-4.472135955E-1,-6.324555320337E-1,-6.324555320337E-1));
#16848=DIRECTION('',(8.944271909999E-1,-3.162277660169E-1,-3.162277660169E-1));
#16849=AXIS2_PLACEMENT_3D('',#16846,#16847,#16848);
#16850=PLANE('',#16849);
#16851=ORIENTED_EDGE('',*,*,#16813,.F.);
#16852=ORIENTED_EDGE('',*,*,#16828,.F.);
#16853=ORIENTED_EDGE('',*,*,#12303,.T.);
#16855=ORIENTED_EDGE('',*,*,#16854,.F.);
#16856=EDGE_LOOP('',(#16851,#16852,#16853,#16855));
#16857=FACE_OUTER_BOUND('',#16856,.F.);
#16858=ADVANCED_FACE('',(#16857),#16850,.F.);
#16859=CARTESIAN_POINT('',(1.088763713788E2,9.697969192285E1,
-8.476231819633E0));
#16860=DIRECTION('',(-4.472135955E-1,-6.324555320337E-1,6.324555320337E-1));
#16861=DIRECTION('',(8.944271909999E-1,-3.162277660169E-1,3.162277660169E-1));
#16862=AXIS2_PLACEMENT_3D('',#16859,#16860,#16861);
#16863=PLANE('',#16862);
#16865=ORIENTED_EDGE('',*,*,#16864,.F.);
#16866=ORIENTED_EDGE('',*,*,#16797,.F.);
#16867=ORIENTED_EDGE('',*,*,#16815,.F.);
#16868=ORIENTED_EDGE('',*,*,#16854,.T.);
#16869=EDGE_LOOP('',(#16865,#16866,#16867,#16868));
#16870=FACE_OUTER_BOUND('',#16869,.F.);
#16871=ADVANCED_FACE('',(#16870),#16863,.F.);
#16872=CARTESIAN_POINT('',(1.096763713788E2,9.726253463533E1,
-8.759074532107E0));
#16873=DIRECTION('',(-4.472135955E-1,6.324555320337E-1,-6.324555320337E-1));
#16874=DIRECTION('',(-8.944271909999E-1,-3.162277660169E-1,3.162277660169E-1));
#16875=AXIS2_PLACEMENT_3D('',#16872,#16873,#16874);
#16876=PLANE('',#16875);
#16877=ORIENTED_EDGE('',*,*,#15741,.F.);
#16878=ORIENTED_EDGE('',*,*,#16864,.T.);
#16879=ORIENTED_EDGE('',*,*,#15708,.T.);
#16880=ORIENTED_EDGE('',*,*,#15723,.F.);
#16881=EDGE_LOOP('',(#16877,#16878,#16879,#16880));
#16882=FACE_OUTER_BOUND('',#16881,.F.);
#16883=ADVANCED_FACE('',(#16882),#16876,.F.);
#16884=CARTESIAN_POINT('',(1.088763713788E2,1.054559237425E2,
-5.656854249492E0));
#16885=DIRECTION('',(-4.472135955E-1,-6.324555320337E-1,-6.324555320337E-1));
#16886=DIRECTION('',(8.944271909999E-1,-3.162277660169E-1,-3.162277660169E-1));
#16887=AXIS2_PLACEMENT_3D('',#16884,#16885,#16886);
#16888=PLANE('',#16887);
#16889=ORIENTED_EDGE('',*,*,#15932,.F.);
#16890=ORIENTED_EDGE('',*,*,#15946,.F.);
#16891=ORIENTED_EDGE('',*,*,#15739,.T.);
#16892=ORIENTED_EDGE('',*,*,#15904,.F.);
#16893=EDGE_LOOP('',(#16889,#16890,#16891,#16892));
#16894=FACE_OUTER_BOUND('',#16893,.F.);
#16895=ADVANCED_FACE('',(#16894),#16888,.F.);
#16896=CARTESIAN_POINT('',(1.088763713788E2,1.139412051167E2,
-2.828427124746E0));
#16897=DIRECTION('',(-4.472135955E-1,-6.324555320337E-1,-6.324555320337E-1));
#16898=DIRECTION('',(8.944271909999E-1,-3.162277660169E-1,-3.162277660169E-1));
#16899=AXIS2_PLACEMENT_3D('',#16896,#16897,#16898);
#16900=PLANE('',#16899);
#16901=ORIENTED_EDGE('',*,*,#15599,.F.);
#16902=ORIENTED_EDGE('',*,*,#15613,.F.);
#16904=ORIENTED_EDGE('',*,*,#16903,.T.);
#16905=ORIENTED_EDGE('',*,*,#15571,.F.);
#16906=EDGE_LOOP('',(#16901,#16902,#16904,#16905));
#16907=FACE_OUTER_BOUND('',#16906,.F.);
#16908=ADVANCED_FACE('',(#16907),#16900,.F.);
#16909=CARTESIAN_POINT('',(1.096763713788E2,1.142240478292E2,
-2.545584412272E0));
#16910=DIRECTION('',(-4.472135955E-1,6.324555320337E-1,6.324555320337E-1));
#16911=DIRECTION('',(-8.944271909999E-1,-3.162277660169E-1,-3.162277660169E-1));
#16912=AXIS2_PLACEMENT_3D('',#16909,#16910,#16911);
#16913=PLANE('',#16912);
#16915=ORIENTED_EDGE('',*,*,#16914,.F.);
#16917=ORIENTED_EDGE('',*,*,#16916,.T.);
#16918=ORIENTED_EDGE('',*,*,#16903,.F.);
#16920=ORIENTED_EDGE('',*,*,#16919,.T.);
#16921=EDGE_LOOP('',(#16915,#16917,#16918,#16920));
#16922=FACE_OUTER_BOUND('',#16921,.F.);
#16923=ADVANCED_FACE('',(#16922),#16913,.F.);
#16924=CARTESIAN_POINT('',(1.096763713788E2,0.E0,-1.425E1));
#16925=DIRECTION('',(1.E0,0.E0,0.E0));
#16926=DIRECTION('',(0.E0,0.E0,1.E0));
#16927=AXIS2_PLACEMENT_3D('',#16924,#16925,#16926);
#16928=PLANE('',#16927);
#16929=ORIENTED_EDGE('',*,*,#16914,.T.);
#16931=ORIENTED_EDGE('',*,*,#16930,.T.);
#16933=ORIENTED_EDGE('',*,*,#16932,.T.);
#16935=ORIENTED_EDGE('',*,*,#16934,.T.);
#16936=EDGE_LOOP('',(#16929,#16931,#16933,#16935));
#16937=FACE_OUTER_BOUND('',#16936,.F.);
#16938=ADVANCED_FACE('',(#16937),#16928,.T.);
#16939=CARTESIAN_POINT('',(1.096763713788E2,1.029193888848E2,
-8.759074532107E0));
#16940=DIRECTION('',(-4.472135955E-1,6.324555320337E-1,-6.324555320337E-1));
#16941=DIRECTION('',(-8.944271909999E-1,-3.162277660169E-1,3.162277660169E-1));
#16942=AXIS2_PLACEMENT_3D('',#16939,#16940,#16941);
#16943=PLANE('',#16942);
#16944=ORIENTED_EDGE('',*,*,#16919,.F.);
#16946=ORIENTED_EDGE('',*,*,#16945,.T.);
#16948=ORIENTED_EDGE('',*,*,#16947,.T.);
#16949=ORIENTED_EDGE('',*,*,#16930,.F.);
#16950=EDGE_LOOP('',(#16944,#16946,#16948,#16949));
#16951=FACE_OUTER_BOUND('',#16950,.F.);
#16952=ADVANCED_FACE('',(#16951),#16943,.F.);
#16953=CARTESIAN_POINT('',(1.088763713788E2,1.026365461723E2,
-8.476231819633E0));
#16954=DIRECTION('',(-4.472135955E-1,-6.324555320337E-1,6.324555320337E-1));
#16955=DIRECTION('',(8.944271909999E-1,-3.162277660169E-1,3.162277660169E-1));
#16956=AXIS2_PLACEMENT_3D('',#16953,#16954,#16955);
#16957=PLANE('',#16956);
#16958=ORIENTED_EDGE('',*,*,#16945,.F.);
#16959=ORIENTED_EDGE('',*,*,#12441,.F.);
#16960=ORIENTED_EDGE('',*,*,#12458,.F.);
#16961=ORIENTED_EDGE('',*,*,#12472,.T.);
#16962=EDGE_LOOP('',(#16958,#16959,#16960,#16961));
#16963=FACE_OUTER_BOUND('',#16962,.F.);
#16964=ADVANCED_FACE('',(#16963),#16957,.F.);
#16965=CARTESIAN_POINT('',(1.088763713788E2,1.167696322415E2,0.E0));
#16966=DIRECTION('',(-4.472135955E-1,-6.324555320337E-1,-6.324555320337E-1));
#16967=DIRECTION('',(8.944271909999E-1,-3.162277660169E-1,-3.162277660169E-1));
#16968=AXIS2_PLACEMENT_3D('',#16965,#16966,#16967);
#16969=PLANE('',#16968);
#16970=ORIENTED_EDGE('',*,*,#16932,.F.);
#16971=ORIENTED_EDGE('',*,*,#16947,.F.);
#16972=ORIENTED_EDGE('',*,*,#12583,.T.);
#16974=ORIENTED_EDGE('',*,*,#16973,.F.);
#16975=EDGE_LOOP('',(#16970,#16971,#16972,#16974));
#16976=FACE_OUTER_BOUND('',#16975,.F.);
#16977=ADVANCED_FACE('',(#16976),#16969,.F.);
#16978=CARTESIAN_POINT('',(1.088763713788E2,1.111218275466E2,
-5.647804694886E0));
#16979=DIRECTION('',(-4.472135955E-1,-6.324555320337E-1,6.324555320337E-1));
#16980=DIRECTION('',(8.944271909999E-1,-3.162277660169E-1,3.162277660169E-1));
#16981=AXIS2_PLACEMENT_3D('',#16978,#16979,#16980);
#16982=PLANE('',#16981);
#16984=ORIENTED_EDGE('',*,*,#16983,.F.);
#16985=ORIENTED_EDGE('',*,*,#16916,.F.);
#16986=ORIENTED_EDGE('',*,*,#16934,.F.);
#16987=ORIENTED_EDGE('',*,*,#16973,.T.);
#16988=EDGE_LOOP('',(#16984,#16985,#16986,#16987));
#16989=FACE_OUTER_BOUND('',#16988,.F.);
#16990=ADVANCED_FACE('',(#16989),#16982,.F.);
#16991=CARTESIAN_POINT('',(1.096763713788E2,1.114046702591E2,
-5.930647407361E0));
#16992=DIRECTION('',(-4.472135955E-1,6.324555320337E-1,-6.324555320337E-1));
#16993=DIRECTION('',(-8.944271909999E-1,-3.162277660169E-1,3.162277660169E-1));
#16994=AXIS2_PLACEMENT_3D('',#16991,#16992,#16993);
#16995=PLANE('',#16994);
#16996=ORIENTED_EDGE('',*,*,#15268,.F.);
#16997=ORIENTED_EDGE('',*,*,#16983,.T.);
#16998=ORIENTED_EDGE('',*,*,#15235,.T.);
#16999=ORIENTED_EDGE('',*,*,#15250,.F.);
#17000=EDGE_LOOP('',(#16996,#16997,#16998,#16999));
#17001=FACE_OUTER_BOUND('',#17000,.F.);
#17002=ADVANCED_FACE('',(#17001),#16995,.F.);
#17003=CARTESIAN_POINT('',(1.088763713788E2,1.167696322415E2,
-5.656854249492E0));
#17004=DIRECTION('',(-4.472135955E-1,-6.324555320337E-1,-6.324555320337E-1));
#17005=DIRECTION('',(8.944271909999E-1,-3.162277660169E-1,-3.162277660169E-1));
#17006=AXIS2_PLACEMENT_3D('',#17003,#17004,#17005);
#17007=PLANE('',#17006);
#17008=ORIENTED_EDGE('',*,*,#15541,.F.);
#17009=ORIENTED_EDGE('',*,*,#15555,.F.);
#17010=ORIENTED_EDGE('',*,*,#15266,.T.);
#17011=ORIENTED_EDGE('',*,*,#15513,.F.);
#17012=EDGE_LOOP('',(#17008,#17009,#17010,#17011));
#17013=FACE_OUTER_BOUND('',#17012,.F.);
#17014=ADVANCED_FACE('',(#17013),#17007,.F.);
#17015=CARTESIAN_POINT('',(1.088763713788E2,1.252549136157E2,
-2.828427124746E0));
#17016=DIRECTION('',(-4.472135955E-1,-6.324555320337E-1,-6.324555320337E-1));
#17017=DIRECTION('',(8.944271909999E-1,-3.162277660169E-1,-3.162277660169E-1));
#17018=AXIS2_PLACEMENT_3D('',#17015,#17016,#17017);
#17019=PLANE('',#17018);
#17020=ORIENTED_EDGE('',*,*,#15031,.F.);
#17021=ORIENTED_EDGE('',*,*,#15045,.F.);
#17022=ORIENTED_EDGE('',*,*,#14596,.T.);
#17023=ORIENTED_EDGE('',*,*,#15003,.F.);
#17024=EDGE_LOOP('',(#17020,#17021,#17022,#17023));
#17025=FACE_OUTER_BOUND('',#17024,.F.);
#17026=ADVANCED_FACE('',(#17025),#17019,.F.);
#17027=CARTESIAN_POINT('',(1.088763713788E2,1.280833407405E2,
-5.656854249492E0));
#17028=DIRECTION('',(-4.472135955E-1,-6.324555320337E-1,-6.324555320337E-1));
#17029=DIRECTION('',(8.944271909999E-1,-3.162277660169E-1,-3.162277660169E-1));
#17030=AXIS2_PLACEMENT_3D('',#17027,#17028,#17029);
#17031=PLANE('',#17030);
#17032=ORIENTED_EDGE('',*,*,#14973,.F.);
#17033=ORIENTED_EDGE('',*,*,#14987,.F.);
#17034=ORIENTED_EDGE('',*,*,#14640,.T.);
#17035=ORIENTED_EDGE('',*,*,#14945,.F.);
#17036=EDGE_LOOP('',(#17032,#17033,#17034,#17035));
#17037=FACE_OUTER_BOUND('',#17036,.F.);
#17038=ADVANCED_FACE('',(#17037),#17031,.F.);
#17039=CARTESIAN_POINT('',(1.088763713788E2,1.309117678652E2,
-8.485281374239E0));
#17040=DIRECTION('',(-4.472135955E-1,-6.324555320337E-1,-6.324555320337E-1));
#17041=DIRECTION('',(8.944271909999E-1,-3.162277660169E-1,-3.162277660169E-1));
#17042=AXIS2_PLACEMENT_3D('',#17039,#17040,#17041);
#17043=PLANE('',#17042);
#17044=ORIENTED_EDGE('',*,*,#14915,.F.);
#17045=ORIENTED_EDGE('',*,*,#14929,.F.);
#17046=ORIENTED_EDGE('',*,*,#14710,.T.);
#17047=ORIENTED_EDGE('',*,*,#14887,.F.);
#17048=EDGE_LOOP('',(#17044,#17045,#17046,#17047));
#17049=FACE_OUTER_BOUND('',#17048,.F.);
#17050=ADVANCED_FACE('',(#17049),#17043,.F.);
#17051=CARTESIAN_POINT('',(1.088763713788E2,1.337401949899E2,0.E0));
#17052=DIRECTION('',(-4.472135955E-1,-6.324555320337E-1,-6.324555320337E-1));
#17053=DIRECTION('',(8.944271909999E-1,-3.162277660169E-1,-3.162277660169E-1));
#17054=AXIS2_PLACEMENT_3D('',#17051,#17052,#17053);
#17055=PLANE('',#17054);
#17056=ORIENTED_EDGE('',*,*,#14456,.F.);
#17057=ORIENTED_EDGE('',*,*,#14470,.F.);
#17059=ORIENTED_EDGE('',*,*,#17058,.T.);
#17060=ORIENTED_EDGE('',*,*,#14428,.F.);
#17061=EDGE_LOOP('',(#17056,#17057,#17059,#17060));
#17062=FACE_OUTER_BOUND('',#17061,.F.);
#17063=ADVANCED_FACE('',(#17062),#17055,.F.);
#17064=CARTESIAN_POINT('',(1.096763713788E2,1.340230377024E2,
2.828427124746E-1));
#17065=DIRECTION('',(-4.472135955E-1,6.324555320337E-1,6.324555320337E-1));
#17066=DIRECTION('',(-8.944271909999E-1,-3.162277660169E-1,-3.162277660169E-1));
#17067=AXIS2_PLACEMENT_3D('',#17064,#17065,#17066);
#17068=PLANE('',#17067);
#17070=ORIENTED_EDGE('',*,*,#17069,.F.);
#17072=ORIENTED_EDGE('',*,*,#17071,.T.);
#17073=ORIENTED_EDGE('',*,*,#17058,.F.);
#17075=ORIENTED_EDGE('',*,*,#17074,.T.);
#17076=EDGE_LOOP('',(#17070,#17072,#17073,#17075));
#17077=FACE_OUTER_BOUND('',#17076,.F.);
#17078=ADVANCED_FACE('',(#17077),#17068,.F.);
#17079=CARTESIAN_POINT('',(1.096763713788E2,0.E0,-1.425E1));
#17080=DIRECTION('',(1.E0,0.E0,0.E0));
#17081=DIRECTION('',(0.E0,0.E0,1.E0));
#17082=AXIS2_PLACEMENT_3D('',#17079,#17080,#17081);
#17083=PLANE('',#17082);
#17084=ORIENTED_EDGE('',*,*,#17069,.T.);
#17086=ORIENTED_EDGE('',*,*,#17085,.T.);
#17088=ORIENTED_EDGE('',*,*,#17087,.T.);
#17090=ORIENTED_EDGE('',*,*,#17089,.T.);
#17091=EDGE_LOOP('',(#17084,#17086,#17088,#17090));
#17092=FACE_OUTER_BOUND('',#17091,.F.);
#17093=ADVANCED_FACE('',(#17092),#17083,.T.);
#17094=CARTESIAN_POINT('',(1.096763713788E2,1.227183787580E2,
-5.930647407361E0));
#17095=DIRECTION('',(-4.472135955E-1,6.324555320337E-1,-6.324555320337E-1));
#17096=DIRECTION('',(-8.944271909999E-1,-3.162277660169E-1,3.162277660169E-1));
#17097=AXIS2_PLACEMENT_3D('',#17094,#17095,#17096);
#17098=PLANE('',#17097);
#17099=ORIENTED_EDGE('',*,*,#17074,.F.);
#17101=ORIENTED_EDGE('',*,*,#17100,.T.);
#17103=ORIENTED_EDGE('',*,*,#17102,.T.);
#17104=ORIENTED_EDGE('',*,*,#17085,.F.);
#17105=EDGE_LOOP('',(#17099,#17101,#17103,#17104));
#17106=FACE_OUTER_BOUND('',#17105,.F.);
#17107=ADVANCED_FACE('',(#17106),#17098,.F.);
#17108=CARTESIAN_POINT('',(1.088763713788E2,1.224355360456E2,
-5.647804694886E0));
#17109=DIRECTION('',(-4.472135955E-1,-6.324555320337E-1,6.324555320337E-1));
#17110=DIRECTION('',(8.944271909999E-1,-3.162277660169E-1,3.162277660169E-1));
#17111=AXIS2_PLACEMENT_3D('',#17108,#17109,#17110);
#17112=PLANE('',#17111);
#17113=ORIENTED_EDGE('',*,*,#12931,.F.);
#17114=ORIENTED_EDGE('',*,*,#12948,.F.);
#17115=ORIENTED_EDGE('',*,*,#12962,.T.);
#17116=ORIENTED_EDGE('',*,*,#17100,.F.);
#17117=EDGE_LOOP('',(#17113,#17114,#17115,#17116));
#17118=FACE_OUTER_BOUND('',#17117,.F.);
#17119=ADVANCED_FACE('',(#17118),#17112,.F.);
#17120=CARTESIAN_POINT('',(1.088763713788E2,1.393970492394E2,0.E0));
#17121=DIRECTION('',(-4.472135955E-1,-6.324555320337E-1,-6.324555320337E-1));
#17122=DIRECTION('',(8.944271909999E-1,-3.162277660169E-1,-3.162277660169E-1));
#17123=AXIS2_PLACEMENT_3D('',#17120,#17121,#17122);
#17124=PLANE('',#17123);
#17125=ORIENTED_EDGE('',*,*,#17087,.F.);
#17126=ORIENTED_EDGE('',*,*,#17102,.F.);
#17127=ORIENTED_EDGE('',*,*,#13073,.T.);
#17129=ORIENTED_EDGE('',*,*,#17128,.F.);
#17130=EDGE_LOOP('',(#17125,#17126,#17127,#17129));
#17131=FACE_OUTER_BOUND('',#17130,.F.);
#17132=ADVANCED_FACE('',(#17131),#17124,.F.);
#17133=CARTESIAN_POINT('',(1.088763713788E2,1.280923902951E2,
-5.647804694886E0));
#17134=DIRECTION('',(-4.472135955E-1,-6.324555320337E-1,6.324555320337E-1));
#17135=DIRECTION('',(8.944271909999E-1,-3.162277660169E-1,3.162277660169E-1));
#17136=AXIS2_PLACEMENT_3D('',#17133,#17134,#17135);
#17137=PLANE('',#17136);
#17139=ORIENTED_EDGE('',*,*,#17138,.F.);
#17140=ORIENTED_EDGE('',*,*,#17071,.F.);
#17141=ORIENTED_EDGE('',*,*,#17089,.F.);
#17142=ORIENTED_EDGE('',*,*,#17128,.T.);
#17143=EDGE_LOOP('',(#17139,#17140,#17141,#17142));
#17144=FACE_OUTER_BOUND('',#17143,.F.);
#17145=ADVANCED_FACE('',(#17144),#17137,.F.);
#17146=CARTESIAN_POINT('',(1.096763713788E2,1.283752330075E2,
-5.930647407361E0));
#17147=DIRECTION('',(-4.472135955E-1,6.324555320337E-1,-6.324555320337E-1));
#17148=DIRECTION('',(-8.944271909999E-1,-3.162277660169E-1,3.162277660169E-1));
#17149=AXIS2_PLACEMENT_3D('',#17146,#17147,#17148);
#17150=PLANE('',#17149);
#17151=ORIENTED_EDGE('',*,*,#13965,.F.);
#17152=ORIENTED_EDGE('',*,*,#17138,.T.);
#17153=ORIENTED_EDGE('',*,*,#13932,.T.);
#17154=ORIENTED_EDGE('',*,*,#13947,.F.);
#17155=EDGE_LOOP('',(#17151,#17152,#17153,#17154));
#17156=FACE_OUTER_BOUND('',#17155,.F.);
#17157=ADVANCED_FACE('',(#17156),#17150,.F.);
#17158=CARTESIAN_POINT('',(1.088763713788E2,1.365686221147E2,
-2.828427124746E0));
#17159=DIRECTION('',(-4.472135955E-1,-6.324555320337E-1,-6.324555320337E-1));
#17160=DIRECTION('',(8.944271909999E-1,-3.162277660169E-1,-3.162277660169E-1));
#17161=AXIS2_PLACEMENT_3D('',#17158,#17159,#17160);
#17162=PLANE('',#17161);
#17163=ORIENTED_EDGE('',*,*,#14398,.F.);
#17164=ORIENTED_EDGE('',*,*,#14412,.F.);
#17165=ORIENTED_EDGE('',*,*,#13963,.T.);
#17166=ORIENTED_EDGE('',*,*,#14370,.F.);
#17167=EDGE_LOOP('',(#17163,#17164,#17165,#17166));
#17168=FACE_OUTER_BOUND('',#17167,.F.);
#17169=ADVANCED_FACE('',(#17168),#17162,.F.);
#17170=CARTESIAN_POINT('',(1.088763713788E2,1.393970492394E2,
-5.656854249492E0));
#17171=DIRECTION('',(-4.472135955E-1,-6.324555320337E-1,-6.324555320337E-1));
#17172=DIRECTION('',(8.944271909999E-1,-3.162277660169E-1,-3.162277660169E-1));
#17173=AXIS2_PLACEMENT_3D('',#17170,#17171,#17172);
#17174=PLANE('',#17173);
#17175=ORIENTED_EDGE('',*,*,#14340,.F.);
#17176=ORIENTED_EDGE('',*,*,#14354,.F.);
#17177=ORIENTED_EDGE('',*,*,#14007,.T.);
#17178=ORIENTED_EDGE('',*,*,#14312,.F.);
#17179=EDGE_LOOP('',(#17175,#17176,#17177,#17178));
#17180=FACE_OUTER_BOUND('',#17179,.F.);
#17181=ADVANCED_FACE('',(#17180),#17174,.F.);
#17182=CARTESIAN_POINT('',(1.088763713788E2,1.422254763642E2,
-8.485281374239E0));
#17183=DIRECTION('',(-4.472135955E-1,-6.324555320337E-1,-6.324555320337E-1));
#17184=DIRECTION('',(8.944271909999E-1,-3.162277660169E-1,-3.162277660169E-1));
#17185=AXIS2_PLACEMENT_3D('',#17182,#17183,#17184);
#17186=PLANE('',#17185);
#17187=ORIENTED_EDGE('',*,*,#14282,.F.);
#17188=ORIENTED_EDGE('',*,*,#14296,.F.);
#17189=ORIENTED_EDGE('',*,*,#14077,.T.);
#17190=ORIENTED_EDGE('',*,*,#14254,.F.);
#17191=EDGE_LOOP('',(#17187,#17188,#17189,#17190));
#17192=FACE_OUTER_BOUND('',#17191,.F.);
#17193=ADVANCED_FACE('',(#17192),#17186,.F.);
#17194=CARTESIAN_POINT('',(1.088763713788E2,1.450539034889E2,0.E0));
#17195=DIRECTION('',(-4.472135955E-1,-6.324555320337E-1,-6.324555320337E-1));
#17196=DIRECTION('',(8.944271909999E-1,-3.162277660169E-1,-3.162277660169E-1));
#17197=AXIS2_PLACEMENT_3D('',#17194,#17195,#17196);
#17198=PLANE('',#17197);
#17199=ORIENTED_EDGE('',*,*,#13823,.F.);
#17200=ORIENTED_EDGE('',*,*,#13837,.F.);
#17201=ORIENTED_EDGE('',*,*,#13509,.T.);
#17202=ORIENTED_EDGE('',*,*,#13795,.F.);
#17203=EDGE_LOOP('',(#17199,#17200,#17201,#17202));
#17204=FACE_OUTER_BOUND('',#17203,.F.);
#17205=ADVANCED_FACE('',(#17204),#17198,.F.);
#17206=CARTESIAN_POINT('',(1.088763713788E2,1.478823306137E2,
-2.828427124746E0));
#17207=DIRECTION('',(-4.472135955E-1,-6.324555320337E-1,-6.324555320337E-1));
#17208=DIRECTION('',(8.944271909999E-1,-3.162277660169E-1,-3.162277660169E-1));
#17209=AXIS2_PLACEMENT_3D('',#17206,#17207,#17208);
#17210=PLANE('',#17209);
#17211=ORIENTED_EDGE('',*,*,#13765,.F.);
#17212=ORIENTED_EDGE('',*,*,#13779,.F.);
#17213=ORIENTED_EDGE('',*,*,#13553,.T.);
#17214=ORIENTED_EDGE('',*,*,#13737,.F.);
#17215=EDGE_LOOP('',(#17211,#17212,#17213,#17214));
#17216=FACE_OUTER_BOUND('',#17215,.F.);
#17217=ADVANCED_FACE('',(#17216),#17210,.F.);
#17218=CARTESIAN_POINT('',(1.096763713788E2,0.E0,-1.425E1));
#17219=DIRECTION('',(1.E0,0.E0,0.E0));
#17220=DIRECTION('',(0.E0,0.E0,1.E0));
#17221=AXIS2_PLACEMENT_3D('',#17218,#17219,#17220);
#17222=PLANE('',#17221);
#17223=ORIENTED_EDGE('',*,*,#13625,.T.);
#17224=ORIENTED_EDGE('',*,*,#13611,.T.);
#17225=ORIENTED_EDGE('',*,*,#10422,.T.);
#17226=EDGE_LOOP('',(#17223,#17224,#17225));
#17227=FACE_OUTER_BOUND('',#17226,.F.);
#17228=ADVANCED_FACE('',(#17227),#17222,.T.);
#17229=CARTESIAN_POINT('',(1.096763713788E2,1.509936004509E2,
2.828427124746E-1));
#17230=DIRECTION('',(-4.472135955E-1,6.324555320337E-1,6.324555320337E-1));
#17231=DIRECTION('',(-8.944271909999E-1,-3.162277660169E-1,-3.162277660169E-1));
#17232=AXIS2_PLACEMENT_3D('',#17229,#17230,#17231);
#17233=PLANE('',#17232);
#17234=ORIENTED_EDGE('',*,*,#10430,.F.);
#17235=ORIENTED_EDGE('',*,*,#13583,.F.);
#17237=ORIENTED_EDGE('',*,*,#17236,.T.);
#17239=ORIENTED_EDGE('',*,*,#17238,.F.);
#17240=EDGE_LOOP('',(#17234,#17235,#17237,#17239));
#17241=FACE_OUTER_BOUND('',#17240,.F.);
#17242=ADVANCED_FACE('',(#17241),#17233,.F.);
#17243=CARTESIAN_POINT('',(1.096763713788E2,1.340320872570E2,
-1.158750165685E1));
#17244=DIRECTION('',(-4.472135955E-1,6.324555320337E-1,-6.324555320337E-1));
#17245=DIRECTION('',(-8.944271909999E-1,-3.162277660169E-1,3.162277660169E-1));
#17246=AXIS2_PLACEMENT_3D('',#17243,#17244,#17245);
#17247=PLANE('',#17246);
#17248=ORIENTED_EDGE('',*,*,#17236,.F.);
#17249=ORIENTED_EDGE('',*,*,#13413,.T.);
#17250=ORIENTED_EDGE('',*,*,#10434,.T.);
#17252=ORIENTED_EDGE('',*,*,#17251,.F.);
#17253=EDGE_LOOP('',(#17248,#17249,#17250,#17252));
#17254=FACE_OUTER_BOUND('',#17253,.F.);
#17255=ADVANCED_FACE('',(#17254),#17247,.F.);
#17256=CARTESIAN_POINT('',(1.096763713788E2,0.E0,-1.425E1));
#17257=DIRECTION('',(1.E0,0.E0,0.E0));
#17258=DIRECTION('',(0.E0,0.E0,1.E0));
#17259=AXIS2_PLACEMENT_3D('',#17256,#17257,#17258);
#17260=PLANE('',#17259);
#17261=ORIENTED_EDGE('',*,*,#17238,.T.);
#17262=ORIENTED_EDGE('',*,*,#17251,.T.);
#17263=ORIENTED_EDGE('',*,*,#10432,.T.);
#17264=EDGE_LOOP('',(#17261,#17262,#17263));
#17265=FACE_OUTER_BOUND('',#17264,.F.);
#17266=ADVANCED_FACE('',(#17265),#17260,.T.);
#17267=CARTESIAN_POINT('',(1.096763713788E2,1.340320872570E2,
-5.930647407361E0));
#17268=DIRECTION('',(-4.472135955E-1,6.324555320337E-1,-6.324555320337E-1));
#17269=DIRECTION('',(-8.944271909999E-1,-3.162277660169E-1,3.162277660169E-1));
#17270=AXIS2_PLACEMENT_3D('',#17267,#17268,#17269);
#17271=PLANE('',#17270);
#17272=ORIENTED_EDGE('',*,*,#13511,.F.);
#17274=ORIENTED_EDGE('',*,*,#17273,.T.);
#17275=ORIENTED_EDGE('',*,*,#13478,.T.);
#17276=ORIENTED_EDGE('',*,*,#13493,.F.);
#17277=EDGE_LOOP('',(#17272,#17274,#17275,#17276));
#17278=FACE_OUTER_BOUND('',#17277,.F.);
#17279=ADVANCED_FACE('',(#17278),#17271,.F.);
#17280=CARTESIAN_POINT('',(1.088763713788E2,1.337492445446E2,
-5.647804694886E0));
#17281=DIRECTION('',(-4.472135955E-1,-6.324555320337E-1,6.324555320337E-1));
#17282=DIRECTION('',(8.944271909999E-1,-3.162277660169E-1,3.162277660169E-1));
#17283=AXIS2_PLACEMENT_3D('',#17280,#17281,#17282);
#17284=PLANE('',#17283);
#17285=ORIENTED_EDGE('',*,*,#13211,.F.);
#17286=ORIENTED_EDGE('',*,*,#13228,.F.);
#17287=ORIENTED_EDGE('',*,*,#13242,.T.);
#17288=ORIENTED_EDGE('',*,*,#17273,.F.);
#17289=EDGE_LOOP('',(#17285,#17286,#17287,#17288));
#17290=FACE_OUTER_BOUND('',#17289,.F.);
#17291=ADVANCED_FACE('',(#17290),#17284,.F.);
#17292=CARTESIAN_POINT('',(1.096763713788E2,0.E0,-1.425E1));
#17293=DIRECTION('',(1.E0,0.E0,0.E0));
#17294=DIRECTION('',(0.E0,0.E0,1.E0));
#17295=AXIS2_PLACEMENT_3D('',#17292,#17293,#17294);
#17296=PLANE('',#17295);
#17297=ORIENTED_EDGE('',*,*,#13381,.T.);
#17298=ORIENTED_EDGE('',*,*,#13367,.T.);
#17299=ORIENTED_EDGE('',*,*,#10442,.T.);
#17300=EDGE_LOOP('',(#17297,#17298,#17299));
#17301=FACE_OUTER_BOUND('',#17300,.F.);
#17302=ADVANCED_FACE('',(#17301),#17296,.T.);
#17303=CARTESIAN_POINT('',(1.088763713788E2,8.565693386926E1,
-8.485281374239E0));
#17304=DIRECTION('',(-4.472135955E-1,-6.324555320337E-1,-6.324555320337E-1));
#17305=DIRECTION('',(8.944271909999E-1,-3.162277660169E-1,-3.162277660169E-1));
#17306=AXIS2_PLACEMENT_3D('',#17303,#17304,#17305);
#17307=PLANE('',#17306);
#17308=ORIENTED_EDGE('',*,*,#11521,.F.);
#17309=ORIENTED_EDGE('',*,*,#11535,.F.);
#17310=ORIENTED_EDGE('',*,*,#11686,.T.);
#17311=ORIENTED_EDGE('',*,*,#11493,.F.);
#17312=EDGE_LOOP('',(#17308,#17309,#17310,#17311));
#17313=FACE_OUTER_BOUND('',#17312,.F.);
#17314=ADVANCED_FACE('',(#17313),#17307,.F.);
#17315=CARTESIAN_POINT('',(1.096763713788E2,1.396889415065E2,
-2.290121015584E1));
#17316=DIRECTION('',(-4.472135955E-1,6.324555320337E-1,-6.324555320337E-1));
#17317=DIRECTION('',(-8.944271909999E-1,-3.162277660169E-1,3.162277660169E-1));
#17318=AXIS2_PLACEMENT_3D('',#17315,#17316,#17317);
#17319=PLANE('',#17318);
#17320=ORIENTED_EDGE('',*,*,#10458,.T.);
#17322=ORIENTED_EDGE('',*,*,#17321,.F.);
#17323=ORIENTED_EDGE('',*,*,#8277,.F.);
#17324=ORIENTED_EDGE('',*,*,#10509,.F.);
#17325=EDGE_LOOP('',(#17320,#17322,#17323,#17324));
#17326=FACE_OUTER_BOUND('',#17325,.F.);
#17327=ADVANCED_FACE('',(#17326),#17319,.F.);
#17328=CARTESIAN_POINT('',(1.096763713788E2,0.E0,-1.425E1));
#17329=DIRECTION('',(1.E0,0.E0,0.E0));
#17330=DIRECTION('',(0.E0,0.E0,1.E0));
#17331=AXIS2_PLACEMENT_3D('',#17328,#17329,#17330);
#17332=PLANE('',#17331);
#17333=ORIENTED_EDGE('',*,*,#17321,.T.);
#17334=ORIENTED_EDGE('',*,*,#10456,.T.);
#17335=ORIENTED_EDGE('',*,*,#8279,.T.);
#17336=EDGE_LOOP('',(#17333,#17334,#17335));
#17337=FACE_OUTER_BOUND('',#17336,.F.);
#17338=ADVANCED_FACE('',(#17337),#17332,.T.);
#17339=CARTESIAN_POINT('',(1.096763713788E2,1.594788818251E2,3.111269837221E0));
#17340=DIRECTION('',(-4.472135955E-1,6.324555320337E-1,6.324555320337E-1));
#17341=DIRECTION('',(-8.944271909999E-1,-3.162277660169E-1,-3.162277660169E-1));
#17342=AXIS2_PLACEMENT_3D('',#17339,#17340,#17341);
#17343=PLANE('',#17342);
#17344=ORIENTED_EDGE('',*,*,#10449,.F.);
#17345=ORIENTED_EDGE('',*,*,#10400,.F.);
#17346=ORIENTED_EDGE('',*,*,#8868,.T.);
#17348=ORIENTED_EDGE('',*,*,#17347,.F.);
#17349=EDGE_LOOP('',(#17344,#17345,#17346,#17348));
#17350=FACE_OUTER_BOUND('',#17349,.F.);
#17351=ADVANCED_FACE('',(#17350),#17343,.F.);
#17352=CARTESIAN_POINT('',(1.096763713788E2,0.E0,-1.425E1));
#17353=DIRECTION('',(1.E0,0.E0,0.E0));
#17354=DIRECTION('',(0.E0,0.E0,1.E0));
#17355=AXIS2_PLACEMENT_3D('',#17352,#17353,#17354);
#17356=PLANE('',#17355);
#17357=ORIENTED_EDGE('',*,*,#17347,.T.);
#17358=ORIENTED_EDGE('',*,*,#8866,.T.);
#17359=ORIENTED_EDGE('',*,*,#10451,.T.);
#17360=EDGE_LOOP('',(#17357,#17358,#17359));
#17361=FACE_OUTER_BOUND('',#17360,.F.);
#17362=ADVANCED_FACE('',(#17361),#17356,.T.);
#17363=CARTESIAN_POINT('',(1.096763713788E2,7.273648189890E1,3.04E1));
#17364=DIRECTION('',(-7.359310117618E-1,-6.770565308209E-1,0.E0));
#17365=DIRECTION('',(6.770565308209E-1,-7.359310117618E-1,0.E0));
#17366=AXIS2_PLACEMENT_3D('',#17363,#17364,#17365);
#17367=PLANE('',#17366);
#17368=ORIENTED_EDGE('',*,*,#8605,.F.);
#17369=ORIENTED_EDGE('',*,*,#8303,.F.);
#17371=ORIENTED_EDGE('',*,*,#17370,.F.);
#17372=ORIENTED_EDGE('',*,*,#8842,.T.);
#17373=EDGE_LOOP('',(#17368,#17369,#17371,#17372));
#17374=FACE_OUTER_BOUND('',#17373,.F.);
#17375=ADVANCED_FACE('',(#17374),#17367,.F.);
#17376=CARTESIAN_POINT('',(1.119763713788E2,0.E0,-1.425E1));
#17377=DIRECTION('',(1.E0,0.E0,0.E0));
#17378=DIRECTION('',(0.E0,0.E0,1.E0));
#17379=AXIS2_PLACEMENT_3D('',#17376,#17377,#17378);
#17380=PLANE('',#17379);
#17382=ORIENTED_EDGE('',*,*,#17381,.F.);
#17383=ORIENTED_EDGE('',*,*,#8844,.T.);
#17384=ORIENTED_EDGE('',*,*,#17370,.T.);
#17385=ORIENTED_EDGE('',*,*,#8301,.T.);
#17386=EDGE_LOOP('',(#17382,#17383,#17384,#17385));
#17387=FACE_OUTER_BOUND('',#17386,.F.);
#17388=ADVANCED_FACE('',(#17387),#17380,.T.);
#17389=CARTESIAN_POINT('',(1.099763713788E2,6.473648189890E1,5.14026E1));
#17390=DIRECTION('',(0.E0,0.E0,-1.E0));
#17391=DIRECTION('',(1.E0,0.E0,0.E0));
#17392=AXIS2_PLACEMENT_3D('',#17389,#17390,#17391);
#17393=CYLINDRICAL_SURFACE('',#17392,2.E0);
#17394=ORIENTED_EDGE('',*,*,#8299,.F.);
#17396=ORIENTED_EDGE('',*,*,#17395,.T.);
#17397=ORIENTED_EDGE('',*,*,#8846,.F.);
#17398=ORIENTED_EDGE('',*,*,#17381,.T.);
#17399=EDGE_LOOP('',(#17394,#17396,#17397,#17398));
#17400=FACE_OUTER_BOUND('',#17399,.F.);
#17401=ADVANCED_FACE('',(#17400),#17393,.T.);
#17402=CARTESIAN_POINT('',(1.068528702660E2,6.273648189890E1,-1.425E1));
#17403=DIRECTION('',(0.E0,-1.E0,0.E0));
#17404=DIRECTION('',(1.E0,0.E0,0.E0));
#17405=AXIS2_PLACEMENT_3D('',#17402,#17403,#17404);
#17406=PLANE('',#17405);
#17407=ORIENTED_EDGE('',*,*,#17395,.F.);
#17408=ORIENTED_EDGE('',*,*,#8297,.T.);
#17410=ORIENTED_EDGE('',*,*,#17409,.F.);
#17411=ORIENTED_EDGE('',*,*,#8848,.T.);
#17412=EDGE_LOOP('',(#17407,#17408,#17410,#17411));
#17413=FACE_OUTER_BOUND('',#17412,.F.);
#17414=ADVANCED_FACE('',(#17413),#17406,.T.);
#17415=CARTESIAN_POINT('',(1.080136085282E2,6.473648189890E1,5.14026E1));
#17416=DIRECTION('',(0.E0,0.E0,-1.E0));
#17417=DIRECTION('',(0.E0,-1.E0,0.E0));
#17418=AXIS2_PLACEMENT_3D('',#17415,#17416,#17417);
#17419=CYLINDRICAL_SURFACE('',#17418,2.E0);
#17420=ORIENTED_EDGE('',*,*,#8295,.F.);
#17422=ORIENTED_EDGE('',*,*,#17421,.T.);
#17423=ORIENTED_EDGE('',*,*,#8850,.F.);
#17424=ORIENTED_EDGE('',*,*,#17409,.T.);
#17425=EDGE_LOOP('',(#17420,#17422,#17423,#17424));
#17426=FACE_OUTER_BOUND('',#17425,.F.);
#17427=ADVANCED_FACE('',(#17426),#17419,.T.);
#17428=CARTESIAN_POINT('',(2.698907416963E2,1.565561038748E2,-1.425E1));
#17429=DIRECTION('',(0.E0,0.E0,1.E0));
#17430=DIRECTION('',(1.E0,0.E0,0.E0));
#17431=AXIS2_PLACEMENT_3D('',#17428,#17429,#17430);
#17432=CYLINDRICAL_SURFACE('',#17431,1.881049414242E2);
#17433=ORIENTED_EDGE('',*,*,#17421,.F.);
#17434=ORIENTED_EDGE('',*,*,#8293,.T.);
#17436=ORIENTED_EDGE('',*,*,#17435,.F.);
#17437=ORIENTED_EDGE('',*,*,#8852,.F.);
#17438=EDGE_LOOP('',(#17433,#17434,#17436,#17437));
#17439=FACE_OUTER_BOUND('',#17438,.F.);
#17440=ADVANCED_FACE('',(#17439),#17432,.T.);
#17441=CARTESIAN_POINT('',(7.887412679935E1,1.282334762468E2,-5.14026E1));
#17442=DIRECTION('',(0.E0,0.E0,1.E0));
#17443=DIRECTION('',(9.891855355340E-1,1.466696161119E-1,0.E0));
#17444=AXIS2_PLACEMENT_3D('',#17441,#17442,#17443);
#17445=CYLINDRICAL_SURFACE('',#17444,5.E0);
#17446=ORIENTED_EDGE('',*,*,#8291,.F.);
#17448=ORIENTED_EDGE('',*,*,#17447,.F.);
#17449=ORIENTED_EDGE('',*,*,#8854,.T.);
#17450=ORIENTED_EDGE('',*,*,#17435,.T.);
#17451=EDGE_LOOP('',(#17446,#17448,#17449,#17450));
#17452=FACE_OUTER_BOUND('',#17451,.F.);
#17453=ADVANCED_FACE('',(#17452),#17445,.F.);
#17454=CARTESIAN_POINT('',(8.507637137880E1,1.326257606384E2,-1.425E1));
#17455=DIRECTION('',(0.E0,0.E0,-1.E0));
#17456=DIRECTION('',(-1.E0,0.E0,0.E0));
#17457=AXIS2_PLACEMENT_3D('',#17454,#17455,#17456);
#17458=CYLINDRICAL_SURFACE('',#17457,2.6E0);
#17459=ORIENTED_EDGE('',*,*,#8289,.F.);
#17460=ORIENTED_EDGE('',*,*,#8287,.F.);
#17462=ORIENTED_EDGE('',*,*,#17461,.T.);
#17463=ORIENTED_EDGE('',*,*,#8858,.T.);
#17464=ORIENTED_EDGE('',*,*,#8856,.T.);
#17465=ORIENTED_EDGE('',*,*,#17447,.T.);
#17466=EDGE_LOOP('',(#17459,#17460,#17462,#17463,#17464,#17465));
#17467=FACE_OUTER_BOUND('',#17466,.F.);
#17468=ADVANCED_FACE('',(#17467),#17458,.T.);
#17469=CARTESIAN_POINT('',(7.795997213163E1,1.352935053329E2,5.14026E1));
#17470=DIRECTION('',(0.E0,0.E0,-1.E0));
#17471=DIRECTION('',(9.939195141726E-1,1.101090339021E-1,0.E0));
#17472=AXIS2_PLACEMENT_3D('',#17469,#17470,#17471);
#17473=CYLINDRICAL_SURFACE('',#17472,5.E0);
#17474=ORIENTED_EDGE('',*,*,#8285,.T.);
#17475=ORIENTED_EDGE('',*,*,#8110,.T.);
#17476=ORIENTED_EDGE('',*,*,#8860,.F.);
#17477=ORIENTED_EDGE('',*,*,#17461,.F.);
#17478=EDGE_LOOP('',(#17474,#17475,#17476,#17477));
#17479=FACE_OUTER_BOUND('',#17478,.F.);
#17480=ADVANCED_FACE('',(#17479),#17473,.F.);
#17481=CARTESIAN_POINT('',(1.074667713788E2,1.291593821894E2,-1.425E1));
#17482=DIRECTION('',(-3.137875185994E-1,9.494932296606E-1,0.E0));
#17483=DIRECTION('',(-9.494932296606E-1,-3.137875185994E-1,0.E0));
#17484=AXIS2_PLACEMENT_3D('',#17481,#17482,#17483);
#17485=PLANE('',#17484);
#17486=ORIENTED_EDGE('',*,*,#8319,.T.);
#17488=ORIENTED_EDGE('',*,*,#17487,.F.);
#17489=ORIENTED_EDGE('',*,*,#9016,.F.);
#17491=ORIENTED_EDGE('',*,*,#17490,.F.);
#17492=EDGE_LOOP('',(#17486,#17488,#17489,#17491));
#17493=FACE_OUTER_BOUND('',#17492,.F.);
#17494=ADVANCED_FACE('',(#17493),#17485,.T.);
#17495=CARTESIAN_POINT('',(1.074667713788E2,1.307266206007E2,-1.425E1));
#17496=DIRECTION('',(-1.E0,0.E0,0.E0));
#17497=DIRECTION('',(0.E0,-1.E0,0.E0));
#17498=AXIS2_PLACEMENT_3D('',#17495,#17496,#17497);
#17499=PLANE('',#17498);
#17500=ORIENTED_EDGE('',*,*,#8325,.T.);
#17502=ORIENTED_EDGE('',*,*,#17501,.F.);
#17503=ORIENTED_EDGE('',*,*,#9018,.T.);
#17504=ORIENTED_EDGE('',*,*,#17487,.T.);
#17505=EDGE_LOOP('',(#17500,#17502,#17503,#17504));
#17506=FACE_OUTER_BOUND('',#17505,.F.);
#17507=ADVANCED_FACE('',(#17506),#17499,.T.);
#17508=CARTESIAN_POINT('',(8.832008558330E1,1.260445434547E2,-1.425E1));
#17509=DIRECTION('',(2.375381202197E-1,-9.713782175046E-1,0.E0));
#17510=DIRECTION('',(9.713782175046E-1,2.375381202197E-1,0.E0));
#17511=AXIS2_PLACEMENT_3D('',#17508,#17509,#17510);
#17512=PLANE('',#17511);
#17513=ORIENTED_EDGE('',*,*,#8323,.T.);
#17515=ORIENTED_EDGE('',*,*,#17514,.F.);
#17516=ORIENTED_EDGE('',*,*,#9020,.F.);
#17517=ORIENTED_EDGE('',*,*,#17501,.T.);
#17518=EDGE_LOOP('',(#17513,#17515,#17516,#17517));
#17519=FACE_OUTER_BOUND('',#17518,.F.);
#17520=ADVANCED_FACE('',(#17519),#17512,.T.);
#17521=CARTESIAN_POINT('',(3.110551162597E2,1.611330959132E2,-1.425E1));
#17522=DIRECTION('',(0.E0,0.E0,1.E0));
#17523=DIRECTION('',(1.E0,0.E0,0.E0));
#17524=AXIS2_PLACEMENT_3D('',#17521,#17522,#17523);
#17525=CYLINDRICAL_SURFACE('',#17524,2.244819292344E2);
#17526=ORIENTED_EDGE('',*,*,#8321,.F.);
#17527=ORIENTED_EDGE('',*,*,#17490,.T.);
#17528=ORIENTED_EDGE('',*,*,#9022,.T.);
#17529=ORIENTED_EDGE('',*,*,#17514,.T.);
#17530=EDGE_LOOP('',(#17526,#17527,#17528,#17529));
#17531=FACE_OUTER_BOUND('',#17530,.F.);
#17532=ADVANCED_FACE('',(#17531),#17525,.F.);
#17533=CARTESIAN_POINT('',(1.074667713788E2,1.259710537612E2,-1.425E1));
#17534=DIRECTION('',(-3.876145322744E-1,9.218215523461E-1,0.E0));
#17535=DIRECTION('',(-9.218215523461E-1,-3.876145322744E-1,0.E0));
#17536=AXIS2_PLACEMENT_3D('',#17533,#17534,#17535);
#17537=PLANE('',#17536);
#17538=ORIENTED_EDGE('',*,*,#8329,.T.);
#17540=ORIENTED_EDGE('',*,*,#17539,.F.);
#17541=ORIENTED_EDGE('',*,*,#9026,.F.);
#17543=ORIENTED_EDGE('',*,*,#17542,.F.);
#17544=EDGE_LOOP('',(#17538,#17540,#17541,#17543));
#17545=FACE_OUTER_BOUND('',#17544,.F.);
#17546=ADVANCED_FACE('',(#17545),#17537,.T.);
#17547=CARTESIAN_POINT('',(1.074667713788E2,1.276524378004E2,-1.425E1));
#17548=DIRECTION('',(-1.E0,0.E0,0.E0));
#17549=DIRECTION('',(0.E0,-1.E0,0.E0));
#17550=AXIS2_PLACEMENT_3D('',#17547,#17548,#17549);
#17551=PLANE('',#17550);
#17552=ORIENTED_EDGE('',*,*,#8335,.T.);
#17554=ORIENTED_EDGE('',*,*,#17553,.F.);
#17555=ORIENTED_EDGE('',*,*,#9028,.T.);
#17556=ORIENTED_EDGE('',*,*,#17539,.T.);
#17557=EDGE_LOOP('',(#17552,#17554,#17555,#17556));
#17558=FACE_OUTER_BOUND('',#17557,.F.);
#17559=ADVANCED_FACE('',(#17558),#17551,.T.);
#17560=CARTESIAN_POINT('',(8.907067888800E1,1.215729166051E2,-1.425E1));
#17561=DIRECTION('',(3.137875185946E-1,-9.494932296621E-1,0.E0));
#17562=DIRECTION('',(9.494932296621E-1,3.137875185946E-1,0.E0));
#17563=AXIS2_PLACEMENT_3D('',#17560,#17561,#17562);
#17564=PLANE('',#17563);
#17565=ORIENTED_EDGE('',*,*,#8333,.T.);
#17567=ORIENTED_EDGE('',*,*,#17566,.F.);
#17568=ORIENTED_EDGE('',*,*,#9030,.F.);
#17569=ORIENTED_EDGE('',*,*,#17553,.T.);
#17570=EDGE_LOOP('',(#17565,#17567,#17568,#17569));
#17571=FACE_OUTER_BOUND('',#17570,.F.);
#17572=ADVANCED_FACE('',(#17571),#17564,.T.);
#17573=CARTESIAN_POINT('',(3.107178890518E2,1.610740991379E2,-1.425E1));
#17574=DIRECTION('',(0.E0,0.E0,1.E0));
#17575=DIRECTION('',(1.E0,0.E0,0.E0));
#17576=AXIS2_PLACEMENT_3D('',#17573,#17574,#17575);
#17577=CYLINDRICAL_SURFACE('',#17576,2.241395771575E2);
#17578=ORIENTED_EDGE('',*,*,#8331,.F.);
#17579=ORIENTED_EDGE('',*,*,#17542,.T.);
#17580=ORIENTED_EDGE('',*,*,#9032,.T.);
#17581=ORIENTED_EDGE('',*,*,#17566,.T.);
#17582=EDGE_LOOP('',(#17578,#17579,#17580,#17581));
#17583=FACE_OUTER_BOUND('',#17582,.F.);
#17584=ADVANCED_FACE('',(#17583),#17577,.F.);
#17585=CARTESIAN_POINT('',(1.074667713788E2,1.225895096515E2,-1.425E1));
#17586=DIRECTION('',(-4.585178877457E-1,8.886851785741E-1,0.E0));
#17587=DIRECTION('',(-8.886851785741E-1,-4.585178877457E-1,0.E0));
#17588=AXIS2_PLACEMENT_3D('',#17585,#17586,#17587);
#17589=PLANE('',#17588);
#17590=ORIENTED_EDGE('',*,*,#8339,.T.);
#17592=ORIENTED_EDGE('',*,*,#17591,.F.);
#17593=ORIENTED_EDGE('',*,*,#9036,.F.);
#17595=ORIENTED_EDGE('',*,*,#17594,.F.);
#17596=EDGE_LOOP('',(#17590,#17592,#17593,#17595));
#17597=FACE_OUTER_BOUND('',#17596,.F.);
#17598=ADVANCED_FACE('',(#17597),#17589,.T.);
#17599=CARTESIAN_POINT('',(1.074667713788E2,1.244241284409E2,-1.425E1));
#17600=DIRECTION('',(-1.E0,0.E0,0.E0));
#17601=DIRECTION('',(0.E0,-1.E0,0.E0));
#17602=AXIS2_PLACEMENT_3D('',#17599,#17600,#17601);
#17603=PLANE('',#17602);
#17604=ORIENTED_EDGE('',*,*,#8345,.T.);
#17606=ORIENTED_EDGE('',*,*,#17605,.F.);
#17607=ORIENTED_EDGE('',*,*,#9038,.T.);
#17608=ORIENTED_EDGE('',*,*,#17591,.T.);
#17609=EDGE_LOOP('',(#17604,#17606,#17607,#17608));
#17610=FACE_OUTER_BOUND('',#17609,.F.);
#17611=ADVANCED_FACE('',(#17610),#17603,.T.);
#17612=CARTESIAN_POINT('',(8.992493282020E1,1.170480028440E2,-1.425E1));
#17613=DIRECTION('',(3.876145322700E-1,-9.218215523479E-1,0.E0));
#17614=DIRECTION('',(9.218215523479E-1,3.876145322700E-1,0.E0));
#17615=AXIS2_PLACEMENT_3D('',#17612,#17613,#17614);
#17616=PLANE('',#17615);
#17617=ORIENTED_EDGE('',*,*,#8343,.T.);
#17619=ORIENTED_EDGE('',*,*,#17618,.F.);
#17620=ORIENTED_EDGE('',*,*,#9040,.F.);
#17621=ORIENTED_EDGE('',*,*,#17605,.T.);
#17622=EDGE_LOOP('',(#17617,#17619,#17620,#17621));
#17623=FACE_OUTER_BOUND('',#17622,.F.);
#17624=ADVANCED_FACE('',(#17623),#17616,.T.);
#17625=CARTESIAN_POINT('',(3.103376326105E2,1.609995292556E2,-1.425E1));
#17626=DIRECTION('',(0.E0,0.E0,1.E0));
#17627=DIRECTION('',(1.E0,0.E0,0.E0));
#17628=AXIS2_PLACEMENT_3D('',#17625,#17626,#17627);
#17629=CYLINDRICAL_SURFACE('',#17628,2.237520743208E2);
#17630=ORIENTED_EDGE('',*,*,#8341,.F.);
#17631=ORIENTED_EDGE('',*,*,#17594,.T.);
#17632=ORIENTED_EDGE('',*,*,#9042,.T.);
#17633=ORIENTED_EDGE('',*,*,#17618,.T.);
#17634=EDGE_LOOP('',(#17630,#17631,#17632,#17633));
#17635=FACE_OUTER_BOUND('',#17634,.F.);
#17636=ADVANCED_FACE('',(#17635),#17629,.F.);
#17637=CARTESIAN_POINT('',(1.074667713788E2,1.189547750381E2,-1.425E1));
#17638=DIRECTION('',(-5.260559278511E-1,8.504499754675E-1,0.E0));
#17639=DIRECTION('',(-8.504499754675E-1,-5.260559278511E-1,0.E0));
#17640=AXIS2_PLACEMENT_3D('',#17637,#17638,#17639);
#17641=PLANE('',#17640);
#17642=ORIENTED_EDGE('',*,*,#8349,.T.);
#17644=ORIENTED_EDGE('',*,*,#17643,.F.);
#17645=ORIENTED_EDGE('',*,*,#9046,.F.);
#17647=ORIENTED_EDGE('',*,*,#17646,.F.);
#17648=EDGE_LOOP('',(#17642,#17644,#17645,#17647));
#17649=FACE_OUTER_BOUND('',#17648,.F.);
#17650=ADVANCED_FACE('',(#17649),#17641,.T.);
#17651=CARTESIAN_POINT('',(1.074667713788E2,1.209912430247E2,-1.425E1));
#17652=DIRECTION('',(-1.E0,0.E0,0.E0));
#17653=DIRECTION('',(0.E0,-1.E0,0.E0));
#17654=AXIS2_PLACEMENT_3D('',#17651,#17652,#17653);
#17655=PLANE('',#17654);
#17656=ORIENTED_EDGE('',*,*,#8355,.T.);
#17658=ORIENTED_EDGE('',*,*,#17657,.F.);
#17659=ORIENTED_EDGE('',*,*,#9048,.T.);
#17660=ORIENTED_EDGE('',*,*,#17643,.T.);
#17661=EDGE_LOOP('',(#17656,#17658,#17659,#17660));
#17662=FACE_OUTER_BOUND('',#17661,.F.);
#17663=ADVANCED_FACE('',(#17662),#17655,.T.);
#17664=CARTESIAN_POINT('',(9.089398881430E1,1.124405015037E2,-1.425E1));
#17665=DIRECTION('',(4.585178877451E-1,-8.886851785744E-1,0.E0));
#17666=DIRECTION('',(8.886851785744E-1,4.585178877451E-1,0.E0));
#17667=AXIS2_PLACEMENT_3D('',#17664,#17665,#17666);
#17668=PLANE('',#17667);
#17669=ORIENTED_EDGE('',*,*,#8353,.T.);
#17671=ORIENTED_EDGE('',*,*,#17670,.F.);
#17672=ORIENTED_EDGE('',*,*,#9050,.F.);
#17673=ORIENTED_EDGE('',*,*,#17657,.T.);
#17674=EDGE_LOOP('',(#17669,#17671,#17672,#17673));
#17675=FACE_OUTER_BOUND('',#17674,.F.);
#17676=ADVANCED_FACE('',(#17675),#17668,.T.);
#17677=CARTESIAN_POINT('',(3.099103819287E2,1.609064131514E2,-1.425E1));
#17678=DIRECTION('',(0.E0,0.E0,1.E0));
#17679=DIRECTION('',(1.E0,0.E0,0.E0));
#17680=AXIS2_PLACEMENT_3D('',#17677,#17678,#17679);
#17681=CYLINDRICAL_SURFACE('',#17680,2.233147900936E2);
#17682=ORIENTED_EDGE('',*,*,#8351,.F.);
#17683=ORIENTED_EDGE('',*,*,#17646,.T.);
#17684=ORIENTED_EDGE('',*,*,#9052,.T.);
#17685=ORIENTED_EDGE('',*,*,#17670,.T.);
#17686=EDGE_LOOP('',(#17682,#17683,#17684,#17685));
#17687=FACE_OUTER_BOUND('',#17686,.F.);
#17688=ADVANCED_FACE('',(#17687),#17681,.F.);
#17689=CARTESIAN_POINT('',(1.074667713788E2,1.149913209338E2,-1.425E1));
#17690=DIRECTION('',(-5.898500322223E-1,8.075128107265E-1,0.E0));
#17691=DIRECTION('',(-8.075128107265E-1,-5.898500322223E-1,0.E0));
#17692=AXIS2_PLACEMENT_3D('',#17689,#17690,#17691);
#17693=PLANE('',#17692);
#17694=ORIENTED_EDGE('',*,*,#8359,.T.);
#17696=ORIENTED_EDGE('',*,*,#17695,.F.);
#17697=ORIENTED_EDGE('',*,*,#9056,.F.);
#17699=ORIENTED_EDGE('',*,*,#17698,.F.);
#17700=EDGE_LOOP('',(#17694,#17696,#17697,#17699));
#17701=FACE_OUTER_BOUND('',#17700,.F.);
#17702=ADVANCED_FACE('',(#17701),#17693,.T.);
#17703=CARTESIAN_POINT('',(1.074667713788E2,1.172920248792E2,-1.425E1));
#17704=DIRECTION('',(-1.E0,0.E0,0.E0));
#17705=DIRECTION('',(0.E0,-1.E0,0.E0));
#17706=AXIS2_PLACEMENT_3D('',#17703,#17704,#17705);
#17707=PLANE('',#17706);
#17708=ORIENTED_EDGE('',*,*,#8365,.T.);
#17710=ORIENTED_EDGE('',*,*,#17709,.F.);
#17711=ORIENTED_EDGE('',*,*,#9058,.T.);
#17712=ORIENTED_EDGE('',*,*,#17695,.T.);
#17713=EDGE_LOOP('',(#17708,#17710,#17711,#17712));
#17714=FACE_OUTER_BOUND('',#17713,.F.);
#17715=ADVANCED_FACE('',(#17714),#17707,.T.);
#17716=CARTESIAN_POINT('',(9.199220427140E1,1.077200476993E2,-1.425E1));
#17717=DIRECTION('',(5.260559278532E-1,-8.504499754662E-1,0.E0));
#17718=DIRECTION('',(8.504499754662E-1,5.260559278532E-1,0.E0));
#17719=AXIS2_PLACEMENT_3D('',#17716,#17717,#17718);
#17720=PLANE('',#17719);
#17721=ORIENTED_EDGE('',*,*,#8363,.T.);
#17723=ORIENTED_EDGE('',*,*,#17722,.F.);
#17724=ORIENTED_EDGE('',*,*,#9060,.F.);
#17725=ORIENTED_EDGE('',*,*,#17709,.T.);
#17726=EDGE_LOOP('',(#17721,#17723,#17724,#17725));
#17727=FACE_OUTER_BOUND('',#17726,.F.);
#17728=ADVANCED_FACE('',(#17727),#17720,.T.);
#17729=CARTESIAN_POINT('',(3.094311307160E2,1.607910728313E2,-1.425E1));
#17730=DIRECTION('',(0.E0,0.E0,1.E0));
#17731=DIRECTION('',(1.E0,0.E0,0.E0));
#17732=AXIS2_PLACEMENT_3D('',#17729,#17730,#17731);
#17733=CYLINDRICAL_SURFACE('',#17732,2.228218498135E2);
#17734=ORIENTED_EDGE('',*,*,#8361,.F.);
#17735=ORIENTED_EDGE('',*,*,#17698,.T.);
#17736=ORIENTED_EDGE('',*,*,#9062,.T.);
#17737=ORIENTED_EDGE('',*,*,#17722,.T.);
#17738=EDGE_LOOP('',(#17734,#17735,#17736,#17737));
#17739=FACE_OUTER_BOUND('',#17738,.F.);
#17740=ADVANCED_FACE('',(#17739),#17733,.F.);
#17741=CARTESIAN_POINT('',(1.074667713788E2,1.106010882555E2,-1.425E1));
#17742=DIRECTION('',(-6.495849267713E-1,7.602890390579E-1,0.E0));
#17743=DIRECTION('',(-7.602890390579E-1,-6.495849267713E-1,0.E0));
#17744=AXIS2_PLACEMENT_3D('',#17741,#17742,#17743);
#17745=PLANE('',#17744);
#17746=ORIENTED_EDGE('',*,*,#8369,.T.);
#17748=ORIENTED_EDGE('',*,*,#17747,.F.);
#17749=ORIENTED_EDGE('',*,*,#9066,.F.);
#17751=ORIENTED_EDGE('',*,*,#17750,.F.);
#17752=EDGE_LOOP('',(#17746,#17748,#17749,#17751));
#17753=FACE_OUTER_BOUND('',#17752,.F.);
#17754=ADVANCED_FACE('',(#17753),#17745,.T.);
#17755=CARTESIAN_POINT('',(1.074667713788E2,1.132485096709E2,-1.425E1));
#17756=DIRECTION('',(-1.E0,0.E0,0.E0));
#17757=DIRECTION('',(0.E0,-1.E0,0.E0));
#17758=AXIS2_PLACEMENT_3D('',#17755,#17756,#17757);
#17759=PLANE('',#17758);
#17760=ORIENTED_EDGE('',*,*,#8375,.T.);
#17762=ORIENTED_EDGE('',*,*,#17761,.F.);
#17763=ORIENTED_EDGE('',*,*,#9068,.T.);
#17764=ORIENTED_EDGE('',*,*,#17747,.T.);
#17765=EDGE_LOOP('',(#17760,#17762,#17763,#17764));
#17766=FACE_OUTER_BOUND('',#17765,.F.);
#17767=ADVANCED_FACE('',(#17766),#17759,.T.);
#17768=CARTESIAN_POINT('',(9.323768007440E1,1.028548294061E2,-1.425E1));
#17769=DIRECTION('',(5.898500322235E-1,-8.075128107256E-1,0.E0));
#17770=DIRECTION('',(8.075128107256E-1,5.898500322235E-1,0.E0));
#17771=AXIS2_PLACEMENT_3D('',#17768,#17769,#17770);
#17772=PLANE('',#17771);
#17773=ORIENTED_EDGE('',*,*,#8373,.T.);
#17775=ORIENTED_EDGE('',*,*,#17774,.F.);
#17776=ORIENTED_EDGE('',*,*,#9070,.F.);
#17777=ORIENTED_EDGE('',*,*,#17761,.T.);
#17778=EDGE_LOOP('',(#17773,#17775,#17776,#17777));
#17779=FACE_OUTER_BOUND('',#17778,.F.);
#17780=ADVANCED_FACE('',(#17779),#17772,.T.);
#17781=CARTESIAN_POINT('',(3.088937435515E2,1.606489272541E2,-1.425E1));
#17782=DIRECTION('',(0.E0,0.E0,1.E0));
#17783=DIRECTION('',(1.E0,0.E0,0.E0));
#17784=AXIS2_PLACEMENT_3D('',#17781,#17782,#17783);
#17785=CYLINDRICAL_SURFACE('',#17784,2.222659747371E2);
#17786=ORIENTED_EDGE('',*,*,#8371,.F.);
#17787=ORIENTED_EDGE('',*,*,#17750,.T.);
#17788=ORIENTED_EDGE('',*,*,#9072,.T.);
#17789=ORIENTED_EDGE('',*,*,#17774,.T.);
#17790=EDGE_LOOP('',(#17786,#17787,#17788,#17789));
#17791=FACE_OUTER_BOUND('',#17790,.F.);
#17792=ADVANCED_FACE('',(#17791),#17785,.F.);
#17793=CARTESIAN_POINT('',(1.074667713788E2,1.056522657143E2,-1.425E1));
#17794=DIRECTION('',(-7.050117947812E-1,7.091955789621E-1,0.E0));
#17795=DIRECTION('',(-7.091955789621E-1,-7.050117947812E-1,0.E0));
#17796=AXIS2_PLACEMENT_3D('',#17793,#17794,#17795);
#17797=PLANE('',#17796);
#17798=ORIENTED_EDGE('',*,*,#8379,.T.);
#17800=ORIENTED_EDGE('',*,*,#17799,.F.);
#17801=ORIENTED_EDGE('',*,*,#9076,.F.);
#17803=ORIENTED_EDGE('',*,*,#17802,.F.);
#17804=EDGE_LOOP('',(#17798,#17800,#17801,#17803));
#17805=FACE_OUTER_BOUND('',#17804,.F.);
#17806=ADVANCED_FACE('',(#17805),#17797,.T.);
#17807=CARTESIAN_POINT('',(1.074667713788E2,1.087592957454E2,-1.425E1));
#17808=DIRECTION('',(-1.E0,0.E0,0.E0));
#17809=DIRECTION('',(0.E0,-1.E0,0.E0));
#17810=AXIS2_PLACEMENT_3D('',#17807,#17808,#17809);
#17811=PLANE('',#17810);
#17812=ORIENTED_EDGE('',*,*,#8385,.T.);
#17814=ORIENTED_EDGE('',*,*,#17813,.F.);
#17815=ORIENTED_EDGE('',*,*,#9078,.T.);
#17816=ORIENTED_EDGE('',*,*,#17799,.T.);
#17817=EDGE_LOOP('',(#17812,#17814,#17815,#17816));
#17818=FACE_OUTER_BOUND('',#17817,.F.);
#17819=ADVANCED_FACE('',(#17818),#17811,.T.);
#17820=CARTESIAN_POINT('',(9.465294692730E1,9.781126573260E1,-1.425E1));
#17821=DIRECTION('',(6.495849267722E-1,-7.602890390571E-1,0.E0));
#17822=DIRECTION('',(7.602890390571E-1,6.495849267722E-1,0.E0));
#17823=AXIS2_PLACEMENT_3D('',#17820,#17821,#17822);
#17824=PLANE('',#17823);
#17825=ORIENTED_EDGE('',*,*,#8383,.T.);
#17827=ORIENTED_EDGE('',*,*,#17826,.F.);
#17828=ORIENTED_EDGE('',*,*,#9080,.F.);
#17829=ORIENTED_EDGE('',*,*,#17813,.T.);
#17830=EDGE_LOOP('',(#17825,#17827,#17828,#17829));
#17831=FACE_OUTER_BOUND('',#17830,.F.);
#17832=ADVANCED_FACE('',(#17831),#17824,.T.);
#17833=CARTESIAN_POINT('',(3.082908287039E2,1.604742360520E2,-1.425E1));
#17834=DIRECTION('',(0.E0,0.E0,1.E0));
#17835=DIRECTION('',(1.E0,0.E0,0.E0));
#17836=AXIS2_PLACEMENT_3D('',#17833,#17834,#17835);
#17837=CYLINDRICAL_SURFACE('',#17836,2.216382545703E2);
#17838=ORIENTED_EDGE('',*,*,#8381,.F.);
#17839=ORIENTED_EDGE('',*,*,#17802,.T.);
#17840=ORIENTED_EDGE('',*,*,#9082,.T.);
#17841=ORIENTED_EDGE('',*,*,#17826,.T.);
#17842=EDGE_LOOP('',(#17838,#17839,#17840,#17841));
#17843=FACE_OUTER_BOUND('',#17842,.F.);
#17844=ADVANCED_FACE('',(#17843),#17837,.F.);
#17845=CARTESIAN_POINT('',(1.074667713788E2,1.002726182468E2,-1.425E1));
#17846=DIRECTION('',(-7.502414797327E-1,6.611639146902E-1,0.E0));
#17847=DIRECTION('',(-6.611639146902E-1,-7.502414797327E-1,0.E0));
#17848=AXIS2_PLACEMENT_3D('',#17845,#17846,#17847);
#17849=PLANE('',#17848);
#17850=ORIENTED_EDGE('',*,*,#8389,.T.);
#17852=ORIENTED_EDGE('',*,*,#17851,.F.);
#17853=ORIENTED_EDGE('',*,*,#9086,.F.);
#17855=ORIENTED_EDGE('',*,*,#17854,.F.);
#17856=EDGE_LOOP('',(#17850,#17852,#17853,#17855));
#17857=FACE_OUTER_BOUND('',#17856,.F.);
#17858=ADVANCED_FACE('',(#17857),#17849,.T.);
#17859=CARTESIAN_POINT('',(1.074667713788E2,1.044736533364E2,-1.425E1));
#17860=DIRECTION('',(-1.E0,0.E0,0.E0));
#17861=DIRECTION('',(0.E0,-1.E0,0.E0));
#17862=AXIS2_PLACEMENT_3D('',#17859,#17860,#17861);
#17863=PLANE('',#17862);
#17864=ORIENTED_EDGE('',*,*,#8395,.T.);
#17866=ORIENTED_EDGE('',*,*,#17865,.F.);
#17867=ORIENTED_EDGE('',*,*,#9088,.T.);
#17868=ORIENTED_EDGE('',*,*,#17851,.T.);
#17869=EDGE_LOOP('',(#17864,#17866,#17867,#17868));
#17870=FACE_OUTER_BOUND('',#17869,.F.);
#17871=ADVANCED_FACE('',(#17870),#17863,.T.);
#17872=CARTESIAN_POINT('',(9.607579524620E1,9.314987641830E1,-1.425E1));
#17873=DIRECTION('',(7.050117947775E-1,-7.091955789658E-1,0.E0));
#17874=DIRECTION('',(7.091955789658E-1,7.050117947775E-1,0.E0));
#17875=AXIS2_PLACEMENT_3D('',#17872,#17873,#17874);
#17876=PLANE('',#17875);
#17877=ORIENTED_EDGE('',*,*,#8393,.T.);
#17879=ORIENTED_EDGE('',*,*,#17878,.F.);
#17880=ORIENTED_EDGE('',*,*,#9090,.F.);
#17881=ORIENTED_EDGE('',*,*,#17865,.T.);
#17882=EDGE_LOOP('',(#17877,#17879,#17880,#17881));
#17883=FACE_OUTER_BOUND('',#17882,.F.);
#17884=ADVANCED_FACE('',(#17883),#17876,.T.);
#17885=CARTESIAN_POINT('',(3.076767455100E2,1.602806211116E2,-1.425E1));
#17886=DIRECTION('',(0.E0,0.E0,1.E0));
#17887=DIRECTION('',(1.E0,0.E0,0.E0));
#17888=AXIS2_PLACEMENT_3D('',#17885,#17886,#17887);
#17889=CYLINDRICAL_SURFACE('',#17888,2.209943671953E2);
#17890=ORIENTED_EDGE('',*,*,#8391,.F.);
#17891=ORIENTED_EDGE('',*,*,#17854,.T.);
#17892=ORIENTED_EDGE('',*,*,#9092,.T.);
#17893=ORIENTED_EDGE('',*,*,#17878,.T.);
#17894=EDGE_LOOP('',(#17890,#17891,#17892,#17893));
#17895=FACE_OUTER_BOUND('',#17894,.F.);
#17896=ADVANCED_FACE('',(#17895),#17889,.F.);
#17897=CARTESIAN_POINT('',(1.074667713788E2,9.408173874660E1,-1.425E1));
#17898=DIRECTION('',(-7.918428690031E-1,6.107248732523E-1,0.E0));
#17899=DIRECTION('',(-6.107248732523E-1,-7.918428690031E-1,0.E0));
#17900=AXIS2_PLACEMENT_3D('',#17897,#17898,#17899);
#17901=PLANE('',#17900);
#17902=ORIENTED_EDGE('',*,*,#8399,.T.);
#17904=ORIENTED_EDGE('',*,*,#17903,.F.);
#17905=ORIENTED_EDGE('',*,*,#9096,.F.);
#17907=ORIENTED_EDGE('',*,*,#17906,.F.);
#17908=EDGE_LOOP('',(#17902,#17904,#17905,#17907));
#17909=FACE_OUTER_BOUND('',#17908,.F.);
#17910=ADVANCED_FACE('',(#17909),#17901,.T.);
#17911=CARTESIAN_POINT('',(1.074667713788E2,9.901412576050E1,-1.425E1));
#17912=DIRECTION('',(-1.E0,0.E0,0.E0));
#17913=DIRECTION('',(0.E0,-1.E0,0.E0));
#17914=AXIS2_PLACEMENT_3D('',#17911,#17912,#17913);
#17915=PLANE('',#17914);
#17916=ORIENTED_EDGE('',*,*,#8405,.T.);
#17918=ORIENTED_EDGE('',*,*,#17917,.F.);
#17919=ORIENTED_EDGE('',*,*,#9098,.T.);
#17920=ORIENTED_EDGE('',*,*,#17903,.T.);
#17921=EDGE_LOOP('',(#17916,#17918,#17919,#17920));
#17922=FACE_OUTER_BOUND('',#17921,.F.);
#17923=ADVANCED_FACE('',(#17922),#17915,.T.);
#17924=CARTESIAN_POINT('',(9.777386305670E1,8.801530728170E1,-1.425E1));
#17925=DIRECTION('',(7.502414797293E-1,-6.611639146941E-1,0.E0));
#17926=DIRECTION('',(6.611639146941E-1,7.502414797293E-1,0.E0));
#17927=AXIS2_PLACEMENT_3D('',#17924,#17925,#17926);
#17928=PLANE('',#17927);
#17929=ORIENTED_EDGE('',*,*,#8403,.T.);
#17931=ORIENTED_EDGE('',*,*,#17930,.F.);
#17932=ORIENTED_EDGE('',*,*,#9100,.F.);
#17933=ORIENTED_EDGE('',*,*,#17917,.T.);
#17934=EDGE_LOOP('',(#17929,#17931,#17932,#17933));
#17935=FACE_OUTER_BOUND('',#17934,.F.);
#17936=ADVANCED_FACE('',(#17935),#17928,.T.);
#17937=CARTESIAN_POINT('',(3.069751359184E2,1.600406709917E2,-1.425E1));
#17938=DIRECTION('',(0.E0,0.E0,1.E0));
#17939=DIRECTION('',(1.E0,0.E0,0.E0));
#17940=AXIS2_PLACEMENT_3D('',#17937,#17938,#17939);
#17941=CYLINDRICAL_SURFACE('',#17940,2.202528545138E2);
#17942=ORIENTED_EDGE('',*,*,#8401,.F.);
#17943=ORIENTED_EDGE('',*,*,#17906,.T.);
#17944=ORIENTED_EDGE('',*,*,#9102,.T.);
#17945=ORIENTED_EDGE('',*,*,#17930,.T.);
#17946=EDGE_LOOP('',(#17942,#17943,#17944,#17945));
#17947=FACE_OUTER_BOUND('',#17946,.F.);
#17948=ADVANCED_FACE('',(#17947),#17941,.F.);
#17949=CARTESIAN_POINT('',(1.074667713788E2,8.681255713330E1,-1.425E1));
#17950=DIRECTION('',(-8.297390382582E-1,5.581515281626E-1,0.E0));
#17951=DIRECTION('',(-5.581515281626E-1,-8.297390382582E-1,0.E0));
#17952=AXIS2_PLACEMENT_3D('',#17949,#17950,#17951);
#17953=PLANE('',#17952);
#17954=ORIENTED_EDGE('',*,*,#8409,.T.);
#17956=ORIENTED_EDGE('',*,*,#17955,.F.);
#17957=ORIENTED_EDGE('',*,*,#9106,.F.);
#17959=ORIENTED_EDGE('',*,*,#17958,.F.);
#17960=EDGE_LOOP('',(#17954,#17956,#17957,#17959));
#17961=FACE_OUTER_BOUND('',#17960,.F.);
#17962=ADVANCED_FACE('',(#17961),#17953,.T.);
#17963=CARTESIAN_POINT('',(1.074667713788E2,9.272539574220E1,-1.425E1));
#17964=DIRECTION('',(-1.E0,0.E0,0.E0));
#17965=DIRECTION('',(0.E0,-1.E0,0.E0));
#17966=AXIS2_PLACEMENT_3D('',#17963,#17964,#17965);
#17967=PLANE('',#17966);
#17968=ORIENTED_EDGE('',*,*,#8415,.T.);
#17970=ORIENTED_EDGE('',*,*,#17969,.F.);
#17971=ORIENTED_EDGE('',*,*,#9108,.T.);
#17972=ORIENTED_EDGE('',*,*,#17955,.T.);
#17973=EDGE_LOOP('',(#17968,#17970,#17971,#17972));
#17974=FACE_OUTER_BOUND('',#17973,.F.);
#17975=ADVANCED_FACE('',(#17974),#17967,.T.);
#17976=CARTESIAN_POINT('',(9.969781749730E1,8.265246274060E1,-1.425E1));
#17977=DIRECTION('',(7.918428690031E-1,-6.107248732522E-1,0.E0));
#17978=DIRECTION('',(6.107248732522E-1,7.918428690031E-1,0.E0));
#17979=AXIS2_PLACEMENT_3D('',#17976,#17977,#17978);
#17980=PLANE('',#17979);
#17981=ORIENTED_EDGE('',*,*,#8413,.T.);
#17983=ORIENTED_EDGE('',*,*,#17982,.F.);
#17984=ORIENTED_EDGE('',*,*,#9110,.F.);
#17985=ORIENTED_EDGE('',*,*,#17969,.T.);
#17986=EDGE_LOOP('',(#17981,#17983,#17984,#17985));
#17987=FACE_OUTER_BOUND('',#17986,.F.);
#17988=ADVANCED_FACE('',(#17987),#17980,.T.);
#17989=CARTESIAN_POINT('',(3.061952839556E2,1.597513458600E2,-1.425E1));
#17990=DIRECTION('',(0.E0,0.E0,1.E0));
#17991=DIRECTION('',(1.E0,0.E0,0.E0));
#17992=AXIS2_PLACEMENT_3D('',#17989,#17990,#17991);
#17993=CYLINDRICAL_SURFACE('',#17992,2.194210550089E2);
#17994=ORIENTED_EDGE('',*,*,#8411,.F.);
#17995=ORIENTED_EDGE('',*,*,#17958,.T.);
#17996=ORIENTED_EDGE('',*,*,#9112,.T.);
#17997=ORIENTED_EDGE('',*,*,#17982,.T.);
#17998=EDGE_LOOP('',(#17994,#17995,#17996,#17997));
#17999=FACE_OUTER_BOUND('',#17998,.F.);
#18000=ADVANCED_FACE('',(#17999),#17993,.F.);
#18001=CARTESIAN_POINT('',(1.074667713788E2,7.807293184250E1,-1.425E1));
#18002=DIRECTION('',(-8.638758260790E-1,5.037048313410E-1,0.E0));
#18003=DIRECTION('',(-5.037048313410E-1,-8.638758260790E-1,0.E0));
#18004=AXIS2_PLACEMENT_3D('',#18001,#18002,#18003);
#18005=PLANE('',#18004);
#18006=ORIENTED_EDGE('',*,*,#8419,.T.);
#18008=ORIENTED_EDGE('',*,*,#18007,.F.);
#18009=ORIENTED_EDGE('',*,*,#9116,.F.);
#18011=ORIENTED_EDGE('',*,*,#18010,.F.);
#18012=EDGE_LOOP('',(#18006,#18008,#18009,#18011));
#18013=FACE_OUTER_BOUND('',#18012,.F.);
#18014=ADVANCED_FACE('',(#18013),#18005,.T.);
#18015=CARTESIAN_POINT('',(1.074667713788E2,8.533486556440E1,-1.425E1));
#18016=DIRECTION('',(-1.E0,0.E0,0.E0));
#18017=DIRECTION('',(0.E0,-1.E0,0.E0));
#18018=AXIS2_PLACEMENT_3D('',#18015,#18016,#18017);
#18019=PLANE('',#18018);
#18020=ORIENTED_EDGE('',*,*,#8425,.T.);
#18022=ORIENTED_EDGE('',*,*,#18021,.F.);
#18023=ORIENTED_EDGE('',*,*,#9118,.T.);
#18024=ORIENTED_EDGE('',*,*,#18007,.T.);
#18025=EDGE_LOOP('',(#18020,#18022,#18023,#18024));
#18026=FACE_OUTER_BOUND('',#18025,.F.);
#18027=ADVANCED_FACE('',(#18026),#18019,.T.);
#18028=CARTESIAN_POINT('',(1.018833240591E2,7.703460304520E1,-1.425E1));
#18029=DIRECTION('',(8.297390382599E-1,-5.581515281602E-1,0.E0));
#18030=DIRECTION('',(5.581515281602E-1,8.297390382599E-1,0.E0));
#18031=AXIS2_PLACEMENT_3D('',#18028,#18029,#18030);
#18032=PLANE('',#18031);
#18033=ORIENTED_EDGE('',*,*,#8423,.T.);
#18035=ORIENTED_EDGE('',*,*,#18034,.F.);
#18036=ORIENTED_EDGE('',*,*,#9120,.F.);
#18037=ORIENTED_EDGE('',*,*,#18021,.T.);
#18038=EDGE_LOOP('',(#18033,#18035,#18036,#18037));
#18039=FACE_OUTER_BOUND('',#18038,.F.);
#18040=ADVANCED_FACE('',(#18039),#18032,.T.);
#18041=CARTESIAN_POINT('',(3.053288793046E2,1.594026960106E2,-1.425E1));
#18042=DIRECTION('',(0.E0,0.E0,1.E0));
#18043=DIRECTION('',(1.E0,0.E0,0.E0));
#18044=AXIS2_PLACEMENT_3D('',#18041,#18042,#18043);
#18045=CYLINDRICAL_SURFACE('',#18044,2.184871220950E2);
#18046=ORIENTED_EDGE('',*,*,#8421,.F.);
#18047=ORIENTED_EDGE('',*,*,#18010,.T.);
#18048=ORIENTED_EDGE('',*,*,#9122,.T.);
#18049=ORIENTED_EDGE('',*,*,#18034,.T.);
#18050=EDGE_LOOP('',(#18046,#18047,#18048,#18049));
#18051=FACE_OUTER_BOUND('',#18050,.F.);
#18052=ADVANCED_FACE('',(#18051),#18045,.F.);
#18053=CARTESIAN_POINT('',(3.042517113498E2,1.589307158236E2,-1.425E1));
#18054=DIRECTION('',(0.E0,0.E0,1.E0));
#18055=DIRECTION('',(1.E0,0.E0,0.E0));
#18056=AXIS2_PLACEMENT_3D('',#18053,#18054,#18055);
#18057=CYLINDRICAL_SURFACE('',#18056,2.173110752922E2);
#18058=ORIENTED_EDGE('',*,*,#8429,.F.);
#18060=ORIENTED_EDGE('',*,*,#18059,.T.);
#18061=ORIENTED_EDGE('',*,*,#9126,.T.);
#18063=ORIENTED_EDGE('',*,*,#18062,.T.);
#18064=EDGE_LOOP('',(#18058,#18060,#18061,#18063));
#18065=FACE_OUTER_BOUND('',#18064,.F.);
#18066=ADVANCED_FACE('',(#18065),#18057,.F.);
#18067=CARTESIAN_POINT('',(1.074667713788E2,7.644222150190E1,-1.425E1));
#18068=DIRECTION('',(-1.E0,0.E0,0.E0));
#18069=DIRECTION('',(0.E0,-1.E0,0.E0));
#18070=AXIS2_PLACEMENT_3D('',#18067,#18068,#18069);
#18071=PLANE('',#18070);
#18072=ORIENTED_EDGE('',*,*,#8433,.T.);
#18074=ORIENTED_EDGE('',*,*,#18073,.F.);
#18075=ORIENTED_EDGE('',*,*,#9128,.T.);
#18076=ORIENTED_EDGE('',*,*,#18059,.F.);
#18077=EDGE_LOOP('',(#18072,#18074,#18075,#18076));
#18078=FACE_OUTER_BOUND('',#18077,.F.);
#18079=ADVANCED_FACE('',(#18078),#18071,.T.);
#18080=CARTESIAN_POINT('',(1.043724848979E2,7.113538479210E1,-1.425E1));
#18081=DIRECTION('',(8.638758260832E-1,-5.037048313338E-1,0.E0));
#18082=DIRECTION('',(5.037048313338E-1,8.638758260832E-1,0.E0));
#18083=AXIS2_PLACEMENT_3D('',#18080,#18081,#18082);
#18084=PLANE('',#18083);
#18085=ORIENTED_EDGE('',*,*,#8431,.T.);
#18086=ORIENTED_EDGE('',*,*,#18062,.F.);
#18087=ORIENTED_EDGE('',*,*,#9130,.F.);
#18088=ORIENTED_EDGE('',*,*,#18073,.T.);
#18089=EDGE_LOOP('',(#18085,#18086,#18087,#18088));
#18090=FACE_OUTER_BOUND('',#18089,.F.);
#18091=ADVANCED_FACE('',(#18090),#18084,.T.);
#18092=CARTESIAN_POINT('',(3.117988053028E2,1.612379326360E2,-1.425E1));
#18093=DIRECTION('',(0.E0,0.E0,1.E0));
#18094=DIRECTION('',(1.E0,0.E0,0.E0));
#18095=AXIS2_PLACEMENT_3D('',#18092,#18093,#18094);
#18096=CYLINDRICAL_SURFACE('',#18095,2.252329382913E2);
#18097=ORIENTED_EDGE('',*,*,#8437,.F.);
#18099=ORIENTED_EDGE('',*,*,#18098,.T.);
#18100=ORIENTED_EDGE('',*,*,#9134,.T.);
#18102=ORIENTED_EDGE('',*,*,#18101,.T.);
#18103=EDGE_LOOP('',(#18097,#18099,#18100,#18102));
#18104=FACE_OUTER_BOUND('',#18103,.F.);
#18105=ADVANCED_FACE('',(#18104),#18096,.F.);
#18106=CARTESIAN_POINT('',(1.074667713788E2,1.408657606384E2,-1.425E1));
#18107=DIRECTION('',(0.E0,1.E0,0.E0));
#18108=DIRECTION('',(-1.E0,0.E0,0.E0));
#18109=AXIS2_PLACEMENT_3D('',#18106,#18107,#18108);
#18110=PLANE('',#18109);
#18111=ORIENTED_EDGE('',*,*,#8443,.T.);
#18113=ORIENTED_EDGE('',*,*,#18112,.F.);
#18114=ORIENTED_EDGE('',*,*,#9136,.F.);
#18115=ORIENTED_EDGE('',*,*,#18098,.F.);
#18116=EDGE_LOOP('',(#18111,#18113,#18114,#18115));
#18117=FACE_OUTER_BOUND('',#18116,.F.);
#18118=ADVANCED_FACE('',(#18117),#18110,.T.);
#18119=CARTESIAN_POINT('',(1.074667713788E2,1.430257606384E2,-1.425E1));
#18120=DIRECTION('',(-1.E0,0.E0,0.E0));
#18121=DIRECTION('',(0.E0,-1.E0,0.E0));
#18122=AXIS2_PLACEMENT_3D('',#18119,#18120,#18121);
#18123=PLANE('',#18122);
#18124=ORIENTED_EDGE('',*,*,#8441,.T.);
#18126=ORIENTED_EDGE('',*,*,#18125,.F.);
#18127=ORIENTED_EDGE('',*,*,#9138,.T.);
#18128=ORIENTED_EDGE('',*,*,#18112,.T.);
#18129=EDGE_LOOP('',(#18124,#18126,#18127,#18128));
#18130=FACE_OUTER_BOUND('',#18129,.F.);
#18131=ADVANCED_FACE('',(#18130),#18123,.T.);
#18132=CARTESIAN_POINT('',(8.630011537880E1,1.430257606384E2,-1.425E1));
#18133=DIRECTION('',(0.E0,-1.E0,0.E0));
#18134=DIRECTION('',(1.E0,0.E0,0.E0));
#18135=AXIS2_PLACEMENT_3D('',#18132,#18133,#18134);
#18136=PLANE('',#18135);
#18137=ORIENTED_EDGE('',*,*,#8439,.T.);
#18138=ORIENTED_EDGE('',*,*,#18101,.F.);
#18139=ORIENTED_EDGE('',*,*,#9140,.F.);
#18140=ORIENTED_EDGE('',*,*,#18125,.T.);
#18141=EDGE_LOOP('',(#18137,#18138,#18139,#18140));
#18142=FACE_OUTER_BOUND('',#18141,.F.);
#18143=ADVANCED_FACE('',(#18142),#18136,.T.);
#18144=CARTESIAN_POINT('',(1.074667713788E2,1.380217091921E2,-1.425E1));
#18145=DIRECTION('',(-8.003194190714E-2,9.967922994659E-1,0.E0));
#18146=DIRECTION('',(-9.967922994659E-1,-8.003194190714E-2,0.E0));
#18147=AXIS2_PLACEMENT_3D('',#18144,#18145,#18146);
#18148=PLANE('',#18147);
#18149=ORIENTED_EDGE('',*,*,#8447,.T.);
#18151=ORIENTED_EDGE('',*,*,#18150,.F.);
#18152=ORIENTED_EDGE('',*,*,#9144,.F.);
#18154=ORIENTED_EDGE('',*,*,#18153,.F.);
#18155=EDGE_LOOP('',(#18149,#18151,#18152,#18154));
#18156=FACE_OUTER_BOUND('',#18155,.F.);
#18157=ADVANCED_FACE('',(#18156),#18148,.T.);
#18158=CARTESIAN_POINT('',(1.074667713788E2,1.394257606384E2,-1.425E1));
#18159=DIRECTION('',(-1.E0,0.E0,0.E0));
#18160=DIRECTION('',(0.E0,-1.E0,0.E0));
#18161=AXIS2_PLACEMENT_3D('',#18158,#18159,#18160);
#18162=PLANE('',#18161);
#18163=ORIENTED_EDGE('',*,*,#8453,.T.);
#18165=ORIENTED_EDGE('',*,*,#18164,.F.);
#18166=ORIENTED_EDGE('',*,*,#9146,.T.);
#18167=ORIENTED_EDGE('',*,*,#18150,.T.);
#18168=EDGE_LOOP('',(#18163,#18165,#18166,#18167));
#18169=FACE_OUTER_BOUND('',#18168,.F.);
#18170=ADVANCED_FACE('',(#18169),#18162,.T.);
#18171=CARTESIAN_POINT('',(8.661981217610E1,1.394257606384E2,-1.425E1));
#18172=DIRECTION('',(0.E0,-1.E0,0.E0));
#18173=DIRECTION('',(1.E0,0.E0,0.E0));
#18174=AXIS2_PLACEMENT_3D('',#18171,#18172,#18173);
#18175=PLANE('',#18174);
#18176=ORIENTED_EDGE('',*,*,#8451,.T.);
#18178=ORIENTED_EDGE('',*,*,#18177,.F.);
#18179=ORIENTED_EDGE('',*,*,#9148,.F.);
#18180=ORIENTED_EDGE('',*,*,#18164,.T.);
#18181=EDGE_LOOP('',(#18176,#18178,#18179,#18180));
#18182=FACE_OUTER_BOUND('',#18181,.F.);
#18183=ADVANCED_FACE('',(#18182),#18175,.T.);
#18184=CARTESIAN_POINT('',(3.118339796524E2,1.612389751810E2,-1.425E1));
#18185=DIRECTION('',(0.E0,0.E0,1.E0));
#18186=DIRECTION('',(1.E0,0.E0,0.E0));
#18187=AXIS2_PLACEMENT_3D('',#18184,#18185,#18186);
#18188=CYLINDRICAL_SURFACE('',#18187,2.252680657271E2);
#18189=ORIENTED_EDGE('',*,*,#8449,.F.);
#18190=ORIENTED_EDGE('',*,*,#18153,.T.);
#18191=ORIENTED_EDGE('',*,*,#9150,.T.);
#18192=ORIENTED_EDGE('',*,*,#18177,.T.);
#18193=EDGE_LOOP('',(#18189,#18190,#18191,#18192));
#18194=FACE_OUTER_BOUND('',#18193,.F.);
#18195=ADVANCED_FACE('',(#18194),#18188,.F.);
#18196=CARTESIAN_POINT('',(1.074667713788E2,1.351455356387E2,-1.425E1));
#18197=DIRECTION('',(-1.594205221147E-1,9.872107663152E-1,0.E0));
#18198=DIRECTION('',(-9.872107663152E-1,-1.594205221147E-1,0.E0));
#18199=AXIS2_PLACEMENT_3D('',#18196,#18197,#18198);
#18200=PLANE('',#18199);
#18201=ORIENTED_EDGE('',*,*,#8457,.T.);
#18203=ORIENTED_EDGE('',*,*,#18202,.F.);
#18204=ORIENTED_EDGE('',*,*,#9154,.F.);
#18206=ORIENTED_EDGE('',*,*,#18205,.F.);
#18207=EDGE_LOOP('',(#18201,#18203,#18204,#18206));
#18208=FACE_OUTER_BOUND('',#18207,.F.);
#18209=ADVANCED_FACE('',(#18208),#18200,.T.);
#18210=CARTESIAN_POINT('',(1.074667713788E2,1.365776716692E2,-1.425E1));
#18211=DIRECTION('',(-1.E0,0.E0,0.E0));
#18212=DIRECTION('',(0.E0,-1.E0,0.E0));
#18213=AXIS2_PLACEMENT_3D('',#18210,#18211,#18212);
#18214=PLANE('',#18213);
#18215=ORIENTED_EDGE('',*,*,#8463,.T.);
#18217=ORIENTED_EDGE('',*,*,#18216,.F.);
#18218=ORIENTED_EDGE('',*,*,#9156,.T.);
#18219=ORIENTED_EDGE('',*,*,#18202,.T.);
#18220=EDGE_LOOP('',(#18215,#18217,#18218,#18219));
#18221=FACE_OUTER_BOUND('',#18220,.F.);
#18222=ADVANCED_FACE('',(#18221),#18214,.T.);
#18223=CARTESIAN_POINT('',(8.709919228180E1,1.349423692016E2,-1.425E1));
#18224=DIRECTION('',(8.003194190816E-2,-9.967922994658E-1,0.E0));
#18225=DIRECTION('',(9.967922994658E-1,8.003194190816E-2,0.E0));
#18226=AXIS2_PLACEMENT_3D('',#18223,#18224,#18225);
#18227=PLANE('',#18226);
#18228=ORIENTED_EDGE('',*,*,#8461,.T.);
#18230=ORIENTED_EDGE('',*,*,#18229,.F.);
#18231=ORIENTED_EDGE('',*,*,#9158,.F.);
#18232=ORIENTED_EDGE('',*,*,#18216,.T.);
#18233=EDGE_LOOP('',(#18228,#18230,#18231,#18232));
#18234=FACE_OUTER_BOUND('',#18233,.F.);
#18235=ADVANCED_FACE('',(#18234),#18227,.T.);
#18236=CARTESIAN_POINT('',(3.116115396983E2,1.612136700711E2,-1.425E1));
#18237=DIRECTION('',(0.E0,0.E0,1.E0));
#18238=DIRECTION('',(1.E0,0.E0,0.E0));
#18239=AXIS2_PLACEMENT_3D('',#18236,#18237,#18238);
#18240=CYLINDRICAL_SURFACE('',#18239,2.250441890399E2);
#18241=ORIENTED_EDGE('',*,*,#8459,.F.);
#18242=ORIENTED_EDGE('',*,*,#18205,.T.);
#18243=ORIENTED_EDGE('',*,*,#9160,.T.);
#18244=ORIENTED_EDGE('',*,*,#18229,.T.);
#18245=EDGE_LOOP('',(#18241,#18242,#18243,#18244));
#18246=FACE_OUTER_BOUND('',#18245,.F.);
#18247=ADVANCED_FACE('',(#18246),#18240,.F.);
#18248=CARTESIAN_POINT('',(1.050763713788E2,1.466257606384E2,-1.425E1));
#18249=DIRECTION('',(0.E0,0.E0,-1.E0));
#18250=DIRECTION('',(-1.E0,0.E0,0.E0));
#18251=AXIS2_PLACEMENT_3D('',#18248,#18249,#18250);
#18252=CYLINDRICAL_SURFACE('',#18251,1.35E0);
#18253=ORIENTED_EDGE('',*,*,#8467,.T.);
#18255=ORIENTED_EDGE('',*,*,#18254,.F.);
#18256=ORIENTED_EDGE('',*,*,#9164,.F.);
#18258=ORIENTED_EDGE('',*,*,#18257,.T.);
#18259=EDGE_LOOP('',(#18253,#18255,#18256,#18258));
#18260=FACE_OUTER_BOUND('',#18259,.F.);
#18261=ADVANCED_FACE('',(#18260),#18252,.F.);
#18262=CARTESIAN_POINT('',(1.050763713788E2,1.466257606384E2,-1.425E1));
#18263=DIRECTION('',(0.E0,0.E0,-1.E0));
#18264=DIRECTION('',(-1.E0,0.E0,0.E0));
#18265=AXIS2_PLACEMENT_3D('',#18262,#18263,#18264);
#18266=CYLINDRICAL_SURFACE('',#18265,1.35E0);
#18267=ORIENTED_EDGE('',*,*,#8469,.T.);
#18268=ORIENTED_EDGE('',*,*,#18257,.F.);
#18269=ORIENTED_EDGE('',*,*,#9166,.F.);
#18270=ORIENTED_EDGE('',*,*,#18254,.T.);
#18271=EDGE_LOOP('',(#18267,#18268,#18269,#18270));
#18272=FACE_OUTER_BOUND('',#18271,.F.);
#18273=ADVANCED_FACE('',(#18272),#18266,.F.);
#18274=CARTESIAN_POINT('',(8.507637137880E1,1.466257606384E2,-1.425E1));
#18275=DIRECTION('',(0.E0,0.E0,-1.E0));
#18276=DIRECTION('',(-1.E0,0.E0,0.E0));
#18277=AXIS2_PLACEMENT_3D('',#18274,#18275,#18276);
#18278=CYLINDRICAL_SURFACE('',#18277,1.35E0);
#18279=ORIENTED_EDGE('',*,*,#8473,.T.);
#18281=ORIENTED_EDGE('',*,*,#18280,.F.);
#18282=ORIENTED_EDGE('',*,*,#9170,.F.);
#18284=ORIENTED_EDGE('',*,*,#18283,.T.);
#18285=EDGE_LOOP('',(#18279,#18281,#18282,#18284));
#18286=FACE_OUTER_BOUND('',#18285,.F.);
#18287=ADVANCED_FACE('',(#18286),#18278,.F.);
#18288=CARTESIAN_POINT('',(8.507637137880E1,1.466257606384E2,-1.425E1));
#18289=DIRECTION('',(0.E0,0.E0,-1.E0));
#18290=DIRECTION('',(-1.E0,0.E0,0.E0));
#18291=AXIS2_PLACEMENT_3D('',#18288,#18289,#18290);
#18292=CYLINDRICAL_SURFACE('',#18291,1.35E0);
#18293=ORIENTED_EDGE('',*,*,#8475,.T.);
#18294=ORIENTED_EDGE('',*,*,#18283,.F.);
#18295=ORIENTED_EDGE('',*,*,#9172,.F.);
#18296=ORIENTED_EDGE('',*,*,#18280,.T.);
#18297=EDGE_LOOP('',(#18293,#18294,#18295,#18296));
#18298=FACE_OUTER_BOUND('',#18297,.F.);
#18299=ADVANCED_FACE('',(#18298),#18292,.F.);
#18300=CARTESIAN_POINT('',(8.507637137880E1,1.326257606384E2,-1.425E1));
#18301=DIRECTION('',(0.E0,0.E0,-1.E0));
#18302=DIRECTION('',(-1.E0,0.E0,0.E0));
#18303=AXIS2_PLACEMENT_3D('',#18300,#18301,#18302);
#18304=CYLINDRICAL_SURFACE('',#18303,1.35E0);
#18305=ORIENTED_EDGE('',*,*,#8479,.T.);
#18307=ORIENTED_EDGE('',*,*,#18306,.F.);
#18308=ORIENTED_EDGE('',*,*,#9176,.F.);
#18310=ORIENTED_EDGE('',*,*,#18309,.T.);
#18311=EDGE_LOOP('',(#18305,#18307,#18308,#18310));
#18312=FACE_OUTER_BOUND('',#18311,.F.);
#18313=ADVANCED_FACE('',(#18312),#18304,.F.);
#18314=CARTESIAN_POINT('',(8.507637137880E1,1.326257606384E2,-1.425E1));
#18315=DIRECTION('',(0.E0,0.E0,-1.E0));
#18316=DIRECTION('',(-1.E0,0.E0,0.E0));
#18317=AXIS2_PLACEMENT_3D('',#18314,#18315,#18316);
#18318=CYLINDRICAL_SURFACE('',#18317,1.35E0);
#18319=ORIENTED_EDGE('',*,*,#8481,.T.);
#18320=ORIENTED_EDGE('',*,*,#18309,.F.);
#18321=ORIENTED_EDGE('',*,*,#9178,.F.);
#18322=ORIENTED_EDGE('',*,*,#18306,.T.);
#18323=EDGE_LOOP('',(#18319,#18320,#18321,#18322));
#18324=FACE_OUTER_BOUND('',#18323,.F.);
#18325=ADVANCED_FACE('',(#18324),#18318,.F.);
#18326=CARTESIAN_POINT('',(1.074667713788E2,1.322036500820E2,-1.425E1));
#18327=DIRECTION('',(-2.375381202202E-1,9.713782175045E-1,0.E0));
#18328=DIRECTION('',(-9.713782175045E-1,-2.375381202202E-1,0.E0));
#18329=AXIS2_PLACEMENT_3D('',#18326,#18327,#18328);
#18330=PLANE('',#18329);
#18331=ORIENTED_EDGE('',*,*,#8485,.F.);
#18333=ORIENTED_EDGE('',*,*,#18332,.F.);
#18334=ORIENTED_EDGE('',*,*,#9182,.T.);
#18336=ORIENTED_EDGE('',*,*,#18335,.F.);
#18337=EDGE_LOOP('',(#18331,#18333,#18334,#18336));
#18338=FACE_OUTER_BOUND('',#18337,.F.);
#18339=ADVANCED_FACE('',(#18338),#18330,.T.);
#18340=CARTESIAN_POINT('',(1.074667713788E2,1.336892715748E2,-1.425E1));
#18341=DIRECTION('',(-1.E0,0.E0,0.E0));
#18342=DIRECTION('',(0.E0,-1.E0,0.E0));
#18343=AXIS2_PLACEMENT_3D('',#18340,#18341,#18342);
#18344=PLANE('',#18343);
#18345=ORIENTED_EDGE('',*,*,#8491,.T.);
#18347=ORIENTED_EDGE('',*,*,#18346,.F.);
#18348=ORIENTED_EDGE('',*,*,#9184,.T.);
#18349=ORIENTED_EDGE('',*,*,#18332,.T.);
#18350=EDGE_LOOP('',(#18345,#18347,#18348,#18349));
#18351=FACE_OUTER_BOUND('',#18350,.F.);
#18352=ADVANCED_FACE('',(#18351),#18344,.T.);
#18353=CARTESIAN_POINT('',(8.766483953470E1,1.304915407344E2,-1.425E1));
#18354=DIRECTION('',(1.594205221125E-1,-9.872107663156E-1,0.E0));
#18355=DIRECTION('',(9.872107663156E-1,1.594205221125E-1,0.E0));
#18356=AXIS2_PLACEMENT_3D('',#18353,#18354,#18355);
#18357=PLANE('',#18356);
#18358=ORIENTED_EDGE('',*,*,#8489,.T.);
#18360=ORIENTED_EDGE('',*,*,#18359,.F.);
#18361=ORIENTED_EDGE('',*,*,#9186,.F.);
#18362=ORIENTED_EDGE('',*,*,#18346,.T.);
#18363=EDGE_LOOP('',(#18358,#18360,#18361,#18362));
#18364=FACE_OUTER_BOUND('',#18363,.F.);
#18365=ADVANCED_FACE('',(#18364),#18357,.T.);
#18366=CARTESIAN_POINT('',(3.113523089736E2,1.611789479077E2,-1.425E1));
#18367=DIRECTION('',(0.E0,0.E0,1.E0));
#18368=DIRECTION('',(1.E0,0.E0,0.E0));
#18369=AXIS2_PLACEMENT_3D('',#18366,#18367,#18368);
#18370=CYLINDRICAL_SURFACE('',#18369,2.247826409401E2);
#18371=ORIENTED_EDGE('',*,*,#8487,.F.);
#18372=ORIENTED_EDGE('',*,*,#18335,.T.);
#18373=ORIENTED_EDGE('',*,*,#9188,.T.);
#18374=ORIENTED_EDGE('',*,*,#18359,.T.);
#18375=EDGE_LOOP('',(#18371,#18372,#18373,#18374));
#18376=FACE_OUTER_BOUND('',#18375,.F.);
#18377=ADVANCED_FACE('',(#18376),#18370,.F.);
#18378=CARTESIAN_POINT('',(1.096763713788E2,7.463511763736E1,
-3.102220282615E0));
#18379=DIRECTION('',(-4.472135955E-1,6.324555320337E-1,-6.324555320337E-1));
#18380=DIRECTION('',(-8.944271909999E-1,-3.162277660169E-1,3.162277660169E-1));
#18381=AXIS2_PLACEMENT_3D('',#18378,#18379,#18380);
#18382=PLANE('',#18381);
#18383=ORIENTED_EDGE('',*,*,#8634,.F.);
#18384=ORIENTED_EDGE('',*,*,#8649,.T.);
#18385=ORIENTED_EDGE('',*,*,#8573,.T.);
#18386=ORIENTED_EDGE('',*,*,#8588,.F.);
#18387=EDGE_LOOP('',(#18383,#18384,#18385,#18386));
#18388=FACE_OUTER_BOUND('',#18387,.F.);
#18389=ADVANCED_FACE('',(#18388),#18382,.F.);
#18393=DIMENSIONAL_EXPONENTS(0.E0,0.E0,0.E0,0.E0,0.E0,0.E0,0.E0);
#18395=PLANE_ANGLE_MEASURE_WITH_UNIT(PLANE_ANGLE_MEASURE(1.745329251994E-2),
#18394);
#18396=(CONVERSION_BASED_UNIT('DEGREE',#18395)NAMED_UNIT(*)PLANE_ANGLE_UNIT());
#18398=UNCERTAINTY_MEASURE_WITH_UNIT(LENGTH_MEASURE(9.708359100047E-3),#18392,
'closure',
'Maximum model space distance between geometric entities at asserted connectivities');
#18399=(GEOMETRIC_REPRESENTATION_CONTEXT(3)GLOBAL_UNCERTAINTY_ASSIGNED_CONTEXT((
#18398))GLOBAL_UNIT_ASSIGNED_CONTEXT((#18392,#18396,#18397))REPRESENTATION_CONTEXT('ID1','3'));
#18401=APPLICATION_CONTEXT(
'CONFIGURATION CONTROLLED 3D DESIGNS OF MECHANICAL PARTS AND ASSEMBLIES');
#18402=APPLICATION_PROTOCOL_DEFINITION('international standard',
'config_control_design',1994,#18401);
#18403=DESIGN_CONTEXT('',#18401,'design');
#18404=MECHANICAL_CONTEXT('',#18401,'mechanical');
#18405=PRODUCT('332000195','332000195','NOT SPECIFIED',(#18404));
#18406=PRODUCT_DEFINITION_FORMATION_WITH_SPECIFIED_SOURCE('1','LAST_VERSION',
#18405,.MADE.);
#18410=PRODUCT_CATEGORY('part','');
#18411=PRODUCT_RELATED_PRODUCT_CATEGORY('detail','',(#18405));
#18412=PRODUCT_CATEGORY_RELATIONSHIP('','',#18410,#18411);
#18413=SECURITY_CLASSIFICATION_LEVEL('unclassified');
#18414=SECURITY_CLASSIFICATION('','',#18413);
#18415=CC_DESIGN_SECURITY_CLASSIFICATION(#18414,(#18406));
#18416=APPROVAL_STATUS('approved');
#18417=APPROVAL(#18416,'');
#18418=CC_DESIGN_APPROVAL(#18417,(#18414,#18406,#18407));
#18419=CALENDAR_DATE(126,18,8);
#18420=COORDINATED_UNIVERSAL_TIME_OFFSET(8,0,.AHEAD.);
#18421=LOCAL_TIME(14,14,4.E1,#18420);
#18422=DATE_AND_TIME(#18419,#18421);
#18423=APPROVAL_DATE_TIME(#18422,#18417);
#18424=DATE_TIME_ROLE('creation_date');
#18425=CC_DESIGN_DATE_AND_TIME_ASSIGNMENT(#18422,#18424,(#18407));
#18426=DATE_TIME_ROLE('classification_date');
#18427=CC_DESIGN_DATE_AND_TIME_ASSIGNMENT(#18422,#18426,(#18414));
#18428=PERSON('UNSPECIFIED','UNSPECIFIED',$,$,$,$);
#18429=ORGANIZATION('UNSPECIFIED','UNSPECIFIED','UNSPECIFIED');
#18430=PERSON_AND_ORGANIZATION(#18428,#18429);
#18431=APPROVAL_ROLE('approver');
#18432=APPROVAL_PERSON_ORGANIZATION(#18430,#18417,#18431);
#18433=PERSON_AND_ORGANIZATION_ROLE('creator');
#18434=CC_DESIGN_PERSON_AND_ORGANIZATION_ASSIGNMENT(#18430,#18433,(#18406,
#18407));
#18435=PERSON_AND_ORGANIZATION_ROLE('design_supplier');
#18436=CC_DESIGN_PERSON_AND_ORGANIZATION_ASSIGNMENT(#18430,#18435,(#18406));
#18437=PERSON_AND_ORGANIZATION_ROLE('classification_officer');
#18438=CC_DESIGN_PERSON_AND_ORGANIZATION_ASSIGNMENT(#18430,#18437,(#18414));
#18439=PERSON_AND_ORGANIZATION_ROLE('design_owner');
#18440=CC_DESIGN_PERSON_AND_ORGANIZATION_ASSIGNMENT(#18430,#18439,(#18405));
#9=B_SPLINE_CURVE_WITH_KNOTS('',3,(#5,#6,#7,#8),.UNSPECIFIED.,.F.,.F.,(4,4),(
0.E0,1.E0),.UNSPECIFIED.);
#17=B_SPLINE_CURVE_WITH_KNOTS('',3,(#10,#11,#12,#13,#14,#15,#16),.UNSPECIFIED.,
.F.,.F.,(4,1,1,1,4),(0.E0,2.5E-1,5.E-1,7.5E-1,1.E0),.UNSPECIFIED.);
#29=B_SPLINE_CURVE_WITH_KNOTS('',3,(#22,#23,#24,#25,#26,#27,#28),.UNSPECIFIED.,
.F.,.F.,(4,1,1,1,4),(0.E0,2.5E-1,5.E-1,7.5E-1,1.E0),.UNSPECIFIED.);
#252=B_SPLINE_CURVE_WITH_KNOTS('',3,(#246,#247,#248,#249,#250,#251),
.UNSPECIFIED.,.F.,.F.,(4,1,1,4),(0.E0,3.333333333333E-1,6.666666666667E-1,1.E0),
.UNSPECIFIED.);
#259=B_SPLINE_CURVE_WITH_KNOTS('',3,(#253,#254,#255,#256,#257,#258),
.UNSPECIFIED.,.F.,.F.,(4,1,1,4),(0.E0,3.333333333333E-1,6.666666666667E-1,1.E0),
.UNSPECIFIED.);
#264=B_SPLINE_CURVE_WITH_KNOTS('',3,(#260,#261,#262,#263),.UNSPECIFIED.,.F.,.F.,
(4,4),(0.E0,1.E0),.UNSPECIFIED.);
#270=B_SPLINE_CURVE_WITH_KNOTS('',3,(#265,#266,#267,#268,#269),.UNSPECIFIED.,
.F.,.F.,(4,1,4),(0.E0,5.E-1,1.E0),.UNSPECIFIED.);
#278=B_SPLINE_CURVE_WITH_KNOTS('',3,(#271,#272,#273,#274,#275,#276,#277),
.UNSPECIFIED.,.F.,.F.,(4,1,1,1,4),(0.E0,2.5E-1,5.E-1,7.5E-1,1.E0),
.UNSPECIFIED.);
#288=B_SPLINE_CURVE_WITH_KNOTS('',3,(#283,#284,#285,#286,#287),.UNSPECIFIED.,
.F.,.F.,(4,1,4),(0.E0,5.E-1,1.E0),.UNSPECIFIED.);
#305=B_SPLINE_CURVE_WITH_KNOTS('',3,(#301,#302,#303,#304),.UNSPECIFIED.,.F.,.F.,
(4,4),(0.E0,1.E0),.UNSPECIFIED.);
#310=B_SPLINE_CURVE_WITH_KNOTS('',3,(#306,#307,#308,#309),.UNSPECIFIED.,.F.,.F.,
(4,4),(0.E0,1.E0),.UNSPECIFIED.);
#315=B_SPLINE_CURVE_WITH_KNOTS('',3,(#311,#312,#313,#314),.UNSPECIFIED.,.F.,.F.,
(4,4),(0.E0,1.E0),.UNSPECIFIED.);
#320=B_SPLINE_CURVE_WITH_KNOTS('',3,(#316,#317,#318,#319),.UNSPECIFIED.,.F.,.F.,
(4,4),(0.E0,1.E0),.UNSPECIFIED.);
#325=B_SPLINE_CURVE_WITH_KNOTS('',3,(#321,#322,#323,#324),.UNSPECIFIED.,.F.,.F.,
(4,4),(0.E0,1.E0),.UNSPECIFIED.);
#330=B_SPLINE_CURVE_WITH_KNOTS('',3,(#326,#327,#328,#329),.UNSPECIFIED.,.F.,.F.,
(4,4),(0.E0,1.E0),.UNSPECIFIED.);
#335=B_SPLINE_CURVE_WITH_KNOTS('',3,(#331,#332,#333,#334),.UNSPECIFIED.,.F.,.F.,
(4,4),(0.E0,1.E0),.UNSPECIFIED.);
#340=B_SPLINE_CURVE_WITH_KNOTS('',3,(#336,#337,#338,#339),.UNSPECIFIED.,.F.,.F.,
(4,4),(0.E0,1.E0),.UNSPECIFIED.);
#345=B_SPLINE_CURVE_WITH_KNOTS('',3,(#341,#342,#343,#344),.UNSPECIFIED.,.F.,.F.,
(4,4),(0.E0,1.E0),.UNSPECIFIED.);
#350=B_SPLINE_CURVE_WITH_KNOTS('',3,(#346,#347,#348,#349),.UNSPECIFIED.,.F.,.F.,
(4,4),(0.E0,1.E0),.UNSPECIFIED.);
#355=B_SPLINE_CURVE_WITH_KNOTS('',3,(#351,#352,#353,#354),.UNSPECIFIED.,.F.,.F.,
(4,4),(0.E0,1.E0),.UNSPECIFIED.);
#360=B_SPLINE_CURVE_WITH_KNOTS('',3,(#356,#357,#358,#359),.UNSPECIFIED.,.F.,.F.,
(4,4),(0.E0,1.E0),.UNSPECIFIED.);
#365=B_SPLINE_CURVE_WITH_KNOTS('',3,(#361,#362,#363,#364),.UNSPECIFIED.,.F.,.F.,
(4,4),(0.E0,1.E0),.UNSPECIFIED.);
#370=B_SPLINE_CURVE_WITH_KNOTS('',3,(#366,#367,#368,#369),.UNSPECIFIED.,.F.,.F.,
(4,4),(0.E0,1.E0),.UNSPECIFIED.);
#375=B_SPLINE_CURVE_WITH_KNOTS('',3,(#371,#372,#373,#374),.UNSPECIFIED.,.F.,.F.,
(4,4),(0.E0,1.E0),.UNSPECIFIED.);
#384=B_SPLINE_CURVE_WITH_KNOTS('',3,(#380,#381,#382,#383),.UNSPECIFIED.,.F.,.F.,
(4,4),(0.E0,1.E0),.UNSPECIFIED.);
#598=B_SPLINE_CURVE_WITH_KNOTS('',3,(#593,#594,#595,#596,#597),.UNSPECIFIED.,
.F.,.F.,(4,1,4),(0.E0,5.E-1,1.E0),.UNSPECIFIED.);
#606=B_SPLINE_CURVE_WITH_KNOTS('',3,(#599,#600,#601,#602,#603,#604,#605),
.UNSPECIFIED.,.F.,.F.,(4,1,1,1,4),(0.E0,2.5E-1,5.E-1,7.5E-1,1.E0),
.UNSPECIFIED.);
#612=B_SPLINE_CURVE_WITH_KNOTS('',3,(#607,#608,#609,#610,#611),.UNSPECIFIED.,
.F.,.F.,(4,1,4),(0.E0,5.E-1,1.E0),.UNSPECIFIED.);
#618=B_SPLINE_CURVE_WITH_KNOTS('',3,(#613,#614,#615,#616,#617),.UNSPECIFIED.,
.F.,.F.,(4,1,4),(0.E0,5.E-1,1.E0),.UNSPECIFIED.);
#623=B_SPLINE_CURVE_WITH_KNOTS('',3,(#619,#620,#621,#622),.UNSPECIFIED.,.F.,.F.,
(4,4),(0.E0,1.E0),.UNSPECIFIED.);
#628=B_SPLINE_CURVE_WITH_KNOTS('',3,(#624,#625,#626,#627),.UNSPECIFIED.,.F.,.F.,
(4,4),(0.E0,1.E0),.UNSPECIFIED.);
#764=B_SPLINE_CURVE_WITH_KNOTS('',3,(#753,#754,#755,#756,#757,#758,#759,#760,
#761,#762,#763),.UNSPECIFIED.,.F.,.F.,(4,1,1,1,1,1,1,1,4),(0.E0,1.25E-1,2.5E-1,
3.75E-1,5.E-1,6.25E-1,7.5E-1,8.75E-1,1.E0),.UNSPECIFIED.);
#776=B_SPLINE_CURVE_WITH_KNOTS('',3,(#765,#766,#767,#768,#769,#770,#771,#772,
#773,#774,#775),.UNSPECIFIED.,.F.,.F.,(4,1,1,1,1,1,1,1,4),(0.E0,1.25E-1,2.5E-1,
3.75E-1,5.E-1,6.25E-1,7.5E-1,8.75E-1,1.E0),.UNSPECIFIED.);
#788=B_SPLINE_CURVE_WITH_KNOTS('',3,(#777,#778,#779,#780,#781,#782,#783,#784,
#785,#786,#787),.UNSPECIFIED.,.F.,.F.,(4,1,1,1,1,1,1,1,4),(0.E0,1.25E-1,2.5E-1,
3.75E-1,5.E-1,6.25E-1,7.5E-1,8.75E-1,1.E0),.UNSPECIFIED.);
#800=B_SPLINE_CURVE_WITH_KNOTS('',3,(#789,#790,#791,#792,#793,#794,#795,#796,
#797,#798,#799),.UNSPECIFIED.,.F.,.F.,(4,1,1,1,1,1,1,1,4),(0.E0,1.25E-1,2.5E-1,
3.75E-1,5.E-1,6.25E-1,7.5E-1,8.75E-1,1.E0),.UNSPECIFIED.);
#812=B_SPLINE_CURVE_WITH_KNOTS('',3,(#801,#802,#803,#804,#805,#806,#807,#808,
#809,#810,#811),.UNSPECIFIED.,.F.,.F.,(4,1,1,1,1,1,1,1,4),(0.E0,1.25E-1,2.5E-1,
3.75E-1,5.E-1,6.25E-1,7.5E-1,8.75E-1,1.E0),.UNSPECIFIED.);
#824=B_SPLINE_CURVE_WITH_KNOTS('',3,(#813,#814,#815,#816,#817,#818,#819,#820,
#821,#822,#823),.UNSPECIFIED.,.F.,.F.,(4,1,1,1,1,1,1,1,4),(0.E0,1.25E-1,2.5E-1,
3.75E-1,5.E-1,6.25E-1,7.5E-1,8.75E-1,1.E0),.UNSPECIFIED.);
#5682=B_SPLINE_CURVE_WITH_KNOTS('',3,(#5677,#5678,#5679,#5680,#5681),
.UNSPECIFIED.,.F.,.F.,(4,1,4),(0.E0,5.E-1,1.E0),.UNSPECIFIED.);
#5687=B_SPLINE_CURVE_WITH_KNOTS('',3,(#5683,#5684,#5685,#5686),.UNSPECIFIED.,
.F.,.F.,(4,4),(0.E0,1.E0),.UNSPECIFIED.);
#5702=B_SPLINE_CURVE_WITH_KNOTS('',3,(#5696,#5697,#5698,#5699,#5700,#5701),
.UNSPECIFIED.,.F.,.F.,(4,1,1,4),(0.E0,3.333333333333E-1,6.666666666667E-1,1.E0),
.UNSPECIFIED.);
#5709=B_SPLINE_CURVE_WITH_KNOTS('',3,(#5703,#5704,#5705,#5706,#5707,#5708),
.UNSPECIFIED.,.F.,.F.,(4,1,1,4),(0.E0,3.333333333333E-1,6.666666666667E-1,1.E0),
.UNSPECIFIED.);
#5718=B_SPLINE_CURVE_WITH_KNOTS('',3,(#5714,#5715,#5716,#5717),.UNSPECIFIED.,
.F.,.F.,(4,4),(0.E0,1.E0),.UNSPECIFIED.);
#5755=B_SPLINE_CURVE_WITH_KNOTS('',3,(#5751,#5752,#5753,#5754),.UNSPECIFIED.,
.F.,.F.,(4,4),(0.E0,1.E0),.UNSPECIFIED.);
#5792=B_SPLINE_CURVE_WITH_KNOTS('',3,(#5788,#5789,#5790,#5791),.UNSPECIFIED.,
.F.,.F.,(4,4),(0.E0,1.E0),.UNSPECIFIED.);
#5829=B_SPLINE_CURVE_WITH_KNOTS('',3,(#5825,#5826,#5827,#5828),.UNSPECIFIED.,
.F.,.F.,(4,4),(0.E0,1.E0),.UNSPECIFIED.);
#5866=B_SPLINE_CURVE_WITH_KNOTS('',3,(#5862,#5863,#5864,#5865),.UNSPECIFIED.,
.F.,.F.,(4,4),(0.E0,1.E0),.UNSPECIFIED.);
#5903=B_SPLINE_CURVE_WITH_KNOTS('',3,(#5899,#5900,#5901,#5902),.UNSPECIFIED.,
.F.,.F.,(4,4),(0.E0,1.E0),.UNSPECIFIED.);
#5940=B_SPLINE_CURVE_WITH_KNOTS('',3,(#5936,#5937,#5938,#5939),.UNSPECIFIED.,
.F.,.F.,(4,4),(0.E0,1.E0),.UNSPECIFIED.);
#5977=B_SPLINE_CURVE_WITH_KNOTS('',3,(#5973,#5974,#5975,#5976),.UNSPECIFIED.,
.F.,.F.,(4,4),(0.E0,1.E0),.UNSPECIFIED.);
#6014=B_SPLINE_CURVE_WITH_KNOTS('',3,(#6010,#6011,#6012,#6013),.UNSPECIFIED.,
.F.,.F.,(4,4),(0.E0,1.E0),.UNSPECIFIED.);
#6051=B_SPLINE_CURVE_WITH_KNOTS('',3,(#6047,#6048,#6049,#6050),.UNSPECIFIED.,
.F.,.F.,(4,4),(0.E0,1.E0),.UNSPECIFIED.);
#6088=B_SPLINE_CURVE_WITH_KNOTS('',3,(#6084,#6085,#6086,#6087),.UNSPECIFIED.,
.F.,.F.,(4,4),(0.E0,1.E0),.UNSPECIFIED.);
#6125=B_SPLINE_CURVE_WITH_KNOTS('',3,(#6121,#6122,#6123,#6124),.UNSPECIFIED.,
.F.,.F.,(4,4),(0.E0,1.E0),.UNSPECIFIED.);
#6138=B_SPLINE_CURVE_WITH_KNOTS('',3,(#6134,#6135,#6136,#6137),.UNSPECIFIED.,
.F.,.F.,(4,4),(0.E0,1.E0),.UNSPECIFIED.);
#6167=B_SPLINE_CURVE_WITH_KNOTS('',3,(#6163,#6164,#6165,#6166),.UNSPECIFIED.,
.F.,.F.,(4,4),(0.E0,1.E0),.UNSPECIFIED.);
#6228=B_SPLINE_CURVE_WITH_KNOTS('',3,(#6224,#6225,#6226,#6227),.UNSPECIFIED.,
.F.,.F.,(4,4),(0.E0,1.E0),.UNSPECIFIED.);
#6265=B_SPLINE_CURVE_WITH_KNOTS('',3,(#6261,#6262,#6263,#6264),.UNSPECIFIED.,
.F.,.F.,(4,4),(0.E0,1.E0),.UNSPECIFIED.);
#6281=B_SPLINE_CURVE_WITH_KNOTS('',3,(#6270,#6271,#6272,#6273,#6274,#6275,#6276,
#6277,#6278,#6279,#6280),.UNSPECIFIED.,.F.,.F.,(4,1,1,1,1,1,1,1,4),(0.E0,
1.25E-1,2.5E-1,3.75E-1,5.E-1,6.25E-1,7.5E-1,8.75E-1,1.E0),.UNSPECIFIED.);
#6297=B_SPLINE_CURVE_WITH_KNOTS('',3,(#6286,#6287,#6288,#6289,#6290,#6291,#6292,
#6293,#6294,#6295,#6296),.UNSPECIFIED.,.F.,.F.,(4,1,1,1,1,1,1,1,4),(0.E0,
1.25E-1,2.5E-1,3.75E-1,5.E-1,6.25E-1,7.5E-1,8.75E-1,1.E0),.UNSPECIFIED.);
#6313=B_SPLINE_CURVE_WITH_KNOTS('',3,(#6302,#6303,#6304,#6305,#6306,#6307,#6308,
#6309,#6310,#6311,#6312),.UNSPECIFIED.,.F.,.F.,(4,1,1,1,1,1,1,1,4),(0.E0,
1.25E-1,2.5E-1,3.75E-1,5.E-1,6.25E-1,7.5E-1,8.75E-1,1.E0),.UNSPECIFIED.);
#6329=B_SPLINE_CURVE_WITH_KNOTS('',3,(#6318,#6319,#6320,#6321,#6322,#6323,#6324,
#6325,#6326,#6327,#6328),.UNSPECIFIED.,.F.,.F.,(4,1,1,1,1,1,1,1,4),(0.E0,
1.25E-1,2.5E-1,3.75E-1,5.E-1,6.25E-1,7.5E-1,8.75E-1,1.E0),.UNSPECIFIED.);
#6345=B_SPLINE_CURVE_WITH_KNOTS('',3,(#6334,#6335,#6336,#6337,#6338,#6339,#6340,
#6341,#6342,#6343,#6344),.UNSPECIFIED.,.F.,.F.,(4,1,1,1,1,1,1,1,4),(0.E0,
1.25E-1,2.5E-1,3.75E-1,5.E-1,6.25E-1,7.5E-1,8.75E-1,1.E0),.UNSPECIFIED.);
#6361=B_SPLINE_CURVE_WITH_KNOTS('',3,(#6350,#6351,#6352,#6353,#6354,#6355,#6356,
#6357,#6358,#6359,#6360),.UNSPECIFIED.,.F.,.F.,(4,1,1,1,1,1,1,1,4),(0.E0,
1.25E-1,2.5E-1,3.75E-1,5.E-1,6.25E-1,7.5E-1,8.75E-1,1.E0),.UNSPECIFIED.);
#6398=B_SPLINE_CURVE_WITH_KNOTS('',3,(#6394,#6395,#6396,#6397),.UNSPECIFIED.,
.F.,.F.,(4,4),(0.E0,1.E0),.UNSPECIFIED.);
#8106=EDGE_CURVE('',#6413,#6414,#4,.T.);
#8108=EDGE_CURVE('',#6415,#6414,#628,.T.);
#8110=EDGE_CURVE('',#6417,#6415,#5722,.T.);
#8112=EDGE_CURVE('',#6417,#6413,#9,.T.);
#8122=EDGE_CURVE('',#6413,#6425,#17,.T.);
#8124=EDGE_CURVE('',#6425,#6427,#21,.T.);
#8126=EDGE_CURVE('',#6427,#6414,#29,.T.);
#8137=EDGE_CURVE('',#6430,#6431,#33,.T.);
#8139=EDGE_CURVE('',#6431,#6433,#37,.T.);
#8141=EDGE_CURVE('',#6433,#6435,#41,.T.);
#8143=EDGE_CURVE('',#6437,#6435,#2256,.T.);
#8145=EDGE_CURVE('',#6437,#6439,#45,.T.);
#8147=EDGE_CURVE('',#6439,#6441,#49,.T.);
#8149=EDGE_CURVE('',#6441,#6443,#53,.T.);
#8151=EDGE_CURVE('',#6443,#6445,#57,.T.);
#8153=EDGE_CURVE('',#6445,#6447,#61,.T.);
#8155=EDGE_CURVE('',#6449,#6447,#2224,.T.);
#8157=EDGE_CURVE('',#6449,#6451,#65,.T.);
#8159=EDGE_CURVE('',#6451,#6453,#69,.T.);
#8161=EDGE_CURVE('',#6453,#6455,#73,.T.);
#8163=EDGE_CURVE('',#6455,#6457,#77,.T.);
#8165=EDGE_CURVE('',#6459,#6457,#2184,.T.);
#8167=EDGE_CURVE('',#6459,#6461,#81,.T.);
#8169=EDGE_CURVE('',#6461,#6463,#85,.T.);
#8171=EDGE_CURVE('',#6465,#6463,#2148,.T.);
#8173=EDGE_CURVE('',#6465,#6467,#89,.T.);
#8175=EDGE_CURVE('',#6467,#6469,#93,.T.);
#8177=EDGE_CURVE('',#6471,#6469,#2132,.T.);
#8179=EDGE_CURVE('',#6471,#6473,#97,.T.);
#8181=EDGE_CURVE('',#6473,#6475,#101,.T.);
#8183=EDGE_CURVE('',#6477,#6475,#2096,.T.);
#8185=EDGE_CURVE('',#6477,#6479,#105,.T.);
#8187=EDGE_CURVE('',#6479,#6481,#109,.T.);
#8189=EDGE_CURVE('',#6483,#6481,#2080,.T.);
#8191=EDGE_CURVE('',#6483,#6485,#113,.T.);
#8193=EDGE_CURVE('',#6485,#6487,#117,.T.);
#8195=EDGE_CURVE('',#6489,#6487,#2044,.T.);
#8197=EDGE_CURVE('',#6489,#6491,#121,.T.);
#8199=EDGE_CURVE('',#6491,#6493,#125,.T.);
#8201=EDGE_CURVE('',#6493,#6495,#129,.T.);
#8203=EDGE_CURVE('',#6495,#6497,#133,.T.);
#8205=EDGE_CURVE('',#6499,#6497,#2008,.T.);
#8207=EDGE_CURVE('',#6499,#6501,#137,.T.);
#8209=EDGE_CURVE('',#6501,#6503,#141,.T.);
#8211=EDGE_CURVE('',#6503,#6505,#145,.T.);
#8213=EDGE_CURVE('',#6505,#6507,#149,.T.);
#8215=EDGE_CURVE('',#6507,#6509,#153,.T.);
#8217=EDGE_CURVE('',#6511,#6509,#1972,.T.);
#8219=EDGE_CURVE('',#6511,#6513,#157,.T.);
#8221=EDGE_CURVE('',#6513,#6515,#161,.T.);
#8223=EDGE_CURVE('',#6515,#6517,#165,.T.);
#8225=EDGE_CURVE('',#6517,#6519,#169,.T.);
#8227=EDGE_CURVE('',#6521,#6519,#1932,.T.);
#8229=EDGE_CURVE('',#6521,#6523,#173,.T.);
#8231=EDGE_CURVE('',#6523,#6525,#177,.T.);
#8233=EDGE_CURVE('',#6527,#6525,#1896,.T.);
#8235=EDGE_CURVE('',#6527,#6529,#181,.T.);
#8237=EDGE_CURVE('',#6529,#6531,#185,.T.);
#8239=EDGE_CURVE('',#6533,#6531,#1880,.T.);
#8241=EDGE_CURVE('',#6533,#6535,#189,.T.);
#8243=EDGE_CURVE('',#6535,#6537,#193,.T.);
#8245=EDGE_CURVE('',#6539,#6537,#1844,.T.);
#8247=EDGE_CURVE('',#6539,#6541,#197,.T.);
#8249=EDGE_CURVE('',#6541,#6543,#201,.T.);
#8251=EDGE_CURVE('',#6545,#6543,#1828,.T.);
#8253=EDGE_CURVE('',#6545,#6547,#205,.T.);
#8255=EDGE_CURVE('',#6547,#6549,#209,.T.);
#8257=EDGE_CURVE('',#6551,#6549,#1792,.T.);
#8259=EDGE_CURVE('',#6551,#6553,#213,.T.);
#8261=EDGE_CURVE('',#6553,#6555,#217,.T.);
#8263=EDGE_CURVE('',#6557,#6555,#1776,.T.);
#8265=EDGE_CURVE('',#6557,#6559,#221,.T.);
#8267=EDGE_CURVE('',#6559,#6561,#225,.T.);
#8269=EDGE_CURVE('',#6563,#6561,#1740,.T.);
#8271=EDGE_CURVE('',#6563,#6565,#229,.T.);
#8273=EDGE_CURVE('',#6565,#6567,#233,.T.);
#8275=EDGE_CURVE('',#6567,#6569,#237,.T.);
#8277=EDGE_CURVE('',#6569,#6571,#241,.T.);
#8279=EDGE_CURVE('',#6573,#6571,#5620,.T.);
#8281=EDGE_CURVE('',#6573,#6425,#245,.T.);
#8285=EDGE_CURVE('',#6574,#6417,#5718,.T.);
#8287=EDGE_CURVE('',#6574,#6575,#252,.T.);
#8289=EDGE_CURVE('',#6575,#6576,#259,.T.);
#8291=EDGE_CURVE('',#6576,#6422,#264,.T.);
#8293=EDGE_CURVE('',#6420,#6422,#5682,.T.);
#8295=EDGE_CURVE('',#6420,#6577,#270,.T.);
#8297=EDGE_CURVE('',#6579,#6577,#5664,.T.);
#8299=EDGE_CURVE('',#6579,#6580,#278,.T.);
#8301=EDGE_CURVE('',#6582,#6580,#5652,.T.);
#8303=EDGE_CURVE('',#6582,#6584,#282,.T.);
#8305=EDGE_CURVE('',#6584,#6585,#288,.T.);
#8307=EDGE_CURVE('',#6587,#6585,#440,.T.);
#8309=EDGE_CURVE('',#6587,#6589,#292,.T.);
#8311=EDGE_CURVE('',#6589,#6591,#296,.T.);
#8313=EDGE_CURVE('',#6593,#6591,#404,.T.);
#8315=EDGE_CURVE('',#6593,#6430,#300,.T.);
#8319=EDGE_CURVE('',#6596,#6597,#5726,.T.);
#8321=EDGE_CURVE('',#6596,#6598,#305,.T.);
#8323=EDGE_CURVE('',#6600,#6598,#5742,.T.);
#8325=EDGE_CURVE('',#6597,#6600,#5730,.T.);
#8329=EDGE_CURVE('',#6603,#6604,#5763,.T.);
#8331=EDGE_CURVE('',#6603,#6605,#310,.T.);
#8333=EDGE_CURVE('',#6607,#6605,#5779,.T.);
#8335=EDGE_CURVE('',#6604,#6607,#5767,.T.);
#8339=EDGE_CURVE('',#6610,#6611,#5800,.T.);
#8341=EDGE_CURVE('',#6610,#6612,#315,.T.);
#8343=EDGE_CURVE('',#6614,#6612,#5816,.T.);
#8345=EDGE_CURVE('',#6611,#6614,#5804,.T.);
#8349=EDGE_CURVE('',#6617,#6618,#5837,.T.);
#8351=EDGE_CURVE('',#6617,#6619,#320,.T.);
#8353=EDGE_CURVE('',#6621,#6619,#5853,.T.);
#8355=EDGE_CURVE('',#6618,#6621,#5841,.T.);
#8359=EDGE_CURVE('',#6624,#6625,#5874,.T.);
#8361=EDGE_CURVE('',#6624,#6626,#325,.T.);
#8363=EDGE_CURVE('',#6628,#6626,#5890,.T.);
#8365=EDGE_CURVE('',#6625,#6628,#5878,.T.);
#8369=EDGE_CURVE('',#6631,#6632,#5911,.T.);
#8371=EDGE_CURVE('',#6631,#6633,#330,.T.);
#8373=EDGE_CURVE('',#6635,#6633,#5927,.T.);
#8375=EDGE_CURVE('',#6632,#6635,#5915,.T.);
#8379=EDGE_CURVE('',#6638,#6639,#5948,.T.);
#8381=EDGE_CURVE('',#6638,#6640,#335,.T.);
#8383=EDGE_CURVE('',#6642,#6640,#5964,.T.);
#8385=EDGE_CURVE('',#6639,#6642,#5952,.T.);
#8389=EDGE_CURVE('',#6645,#6646,#5985,.T.);
#8391=EDGE_CURVE('',#6645,#6647,#340,.T.);
#8393=EDGE_CURVE('',#6649,#6647,#6001,.T.);
#8395=EDGE_CURVE('',#6646,#6649,#5989,.T.);
#8399=EDGE_CURVE('',#6652,#6653,#6022,.T.);
#8401=EDGE_CURVE('',#6652,#6654,#345,.T.);
#8403=EDGE_CURVE('',#6656,#6654,#6038,.T.);
#8405=EDGE_CURVE('',#6653,#6656,#6026,.T.);
#8409=EDGE_CURVE('',#6659,#6660,#6059,.T.);
#8411=EDGE_CURVE('',#6659,#6661,#350,.T.);
#8413=EDGE_CURVE('',#6663,#6661,#6075,.T.);
#8415=EDGE_CURVE('',#6660,#6663,#6063,.T.);
#8419=EDGE_CURVE('',#6666,#6667,#6096,.T.);
#8421=EDGE_CURVE('',#6666,#6668,#355,.T.);
#8423=EDGE_CURVE('',#6670,#6668,#6112,.T.);
#8425=EDGE_CURVE('',#6667,#6670,#6100,.T.);
#8429=EDGE_CURVE('',#6671,#6672,#360,.T.);
#8431=EDGE_CURVE('',#6674,#6672,#6154,.T.);
#8433=EDGE_CURVE('',#6671,#6674,#6146,.T.);
#8437=EDGE_CURVE('',#6675,#6676,#365,.T.);
#8439=EDGE_CURVE('',#6678,#6676,#6191,.T.);
#8441=EDGE_CURVE('',#6680,#6678,#6179,.T.);
#8443=EDGE_CURVE('',#6675,#6680,#6175,.T.);
#8447=EDGE_CURVE('',#6683,#6684,#6199,.T.);
#8449=EDGE_CURVE('',#6683,#6685,#370,.T.);
#8451=EDGE_CURVE('',#6687,#6685,#6215,.T.);
#8453=EDGE_CURVE('',#6684,#6687,#6203,.T.);
#8457=EDGE_CURVE('',#6690,#6691,#6236,.T.);
#8459=EDGE_CURVE('',#6690,#6692,#375,.T.);
#8461=EDGE_CURVE('',#6694,#6692,#6252,.T.);
#8463=EDGE_CURVE('',#6691,#6694,#6240,.T.);
#8467=EDGE_CURVE('',#6695,#6696,#6281,.T.);
#8469=EDGE_CURVE('',#6696,#6695,#6297,.T.);
#8473=EDGE_CURVE('',#6697,#6698,#6313,.T.);
#8475=EDGE_CURVE('',#6698,#6697,#6329,.T.);
#8479=EDGE_CURVE('',#6699,#6700,#6345,.T.);
#8481=EDGE_CURVE('',#6700,#6699,#6361,.T.);
#8485=EDGE_CURVE('',#6703,#6704,#379,.T.);
#8487=EDGE_CURVE('',#6704,#6705,#384,.T.);
#8489=EDGE_CURVE('',#6707,#6705,#6385,.T.);
#8491=EDGE_CURVE('',#6703,#6707,#6373,.T.);
#8502=EDGE_CURVE('',#8062,#6430,#396,.T.);
#8504=EDGE_CURVE('',#8062,#7828,#388,.T.);
#8506=EDGE_CURVE('',#7827,#7828,#2276,.T.);
#8508=EDGE_CURVE('',#7827,#6431,#392,.T.);
#8519=EDGE_CURVE('',#7834,#6593,#400,.T.);
#8521=EDGE_CURVE('',#8062,#7834,#412,.T.);
#8534=EDGE_CURVE('',#6591,#7834,#408,.T.);
#8547=EDGE_CURVE('',#6589,#8062,#416,.T.);
#8557=EDGE_CURVE('',#7840,#8062,#420,.T.);
#8561=EDGE_CURVE('',#7840,#6587,#436,.T.);
#8571=EDGE_CURVE('',#7838,#7840,#432,.T.);
#8573=EDGE_CURVE('',#8070,#7838,#6410,.T.);
#8575=EDGE_CURVE('',#8070,#8062,#424,.T.);
#8586=EDGE_CURVE('',#7836,#6585,#448,.T.);
#8588=EDGE_CURVE('',#7836,#7838,#428,.T.);
#8601=EDGE_CURVE('',#7868,#7836,#444,.T.);
#8605=EDGE_CURVE('',#6584,#6724,#452,.T.);
#8607=EDGE_CURVE('',#6723,#6724,#598,.T.);
#8609=EDGE_CURVE('',#6723,#7844,#456,.T.);
#8611=EDGE_CURVE('',#7844,#7849,#460,.T.);
#8613=EDGE_CURVE('',#7849,#7852,#464,.T.);
#8615=EDGE_CURVE('',#7852,#7855,#468,.T.);
#8617=EDGE_CURVE('',#7855,#7862,#472,.T.);
#8619=EDGE_CURVE('',#7862,#7865,#476,.T.);
#8621=EDGE_CURVE('',#7865,#7868,#480,.T.);
#8632=EDGE_CURVE('',#7868,#8072,#484,.T.);
#8634=EDGE_CURVE('',#8072,#7836,#488,.T.);
#8645=EDGE_CURVE('',#7866,#7868,#500,.T.);
#8647=EDGE_CURVE('',#7866,#8070,#492,.T.);
#8649=EDGE_CURVE('',#8072,#8070,#6406,.T.);
#8659=EDGE_CURVE('',#7865,#7866,#496,.T.);
#8671=EDGE_CURVE('',#7865,#8080,#504,.T.);
#8673=EDGE_CURVE('',#8080,#8070,#508,.T.);
#8686=EDGE_CURVE('',#8080,#7862,#512,.T.);
#8698=EDGE_CURVE('',#7860,#7862,#532,.T.);
#8700=EDGE_CURVE('',#7860,#8070,#516,.T.);
#8711=EDGE_CURVE('',#7855,#7856,#520,.T.);
#8713=EDGE_CURVE('',#7856,#7858,#524,.T.);
#8715=EDGE_CURVE('',#7858,#7860,#528,.T.);
#8727=EDGE_CURVE('',#8076,#7855,#548,.T.);
#8729=EDGE_CURVE('',#8076,#8074,#536,.T.);
#8731=EDGE_CURVE('',#8074,#7856,#540,.T.);
#8743=EDGE_CURVE('',#7852,#8076,#544,.T.);
#8755=EDGE_CURVE('',#7850,#7852,#560,.T.);
#8757=EDGE_CURVE('',#7850,#8074,#552,.T.);
#8768=EDGE_CURVE('',#7849,#7850,#556,.T.);
#8780=EDGE_CURVE('',#7849,#8078,#564,.T.);
#8782=EDGE_CURVE('',#8078,#8074,#568,.T.);
#8795=EDGE_CURVE('',#8078,#7844,#572,.T.);
#8807=EDGE_CURVE('',#7843,#7844,#580,.T.);
#8809=EDGE_CURVE('',#7843,#8074,#576,.T.);
#8822=EDGE_CURVE('',#6723,#6721,#584,.T.);
#8824=EDGE_CURVE('',#6721,#7846,#588,.T.);
#8826=EDGE_CURVE('',#7846,#7843,#592,.T.);
#8836=EDGE_CURVE('',#6718,#6719,#832,.T.);
#8838=EDGE_CURVE('',#6721,#6718,#2380,.T.);
#8842=EDGE_CURVE('',#6726,#6724,#5640,.T.);
#8844=EDGE_CURVE('',#6728,#6726,#5644,.T.);
#8846=EDGE_CURVE('',#6728,#6729,#606,.T.);
#8848=EDGE_CURVE('',#6731,#6729,#5668,.T.);
#8850=EDGE_CURVE('',#6731,#6421,#612,.T.);
#8852=EDGE_CURVE('',#6421,#6424,#618,.T.);
#8854=EDGE_CURVE('',#6732,#6424,#5687,.T.);
#8856=EDGE_CURVE('',#6733,#6732,#5709,.T.);
#8858=EDGE_CURVE('',#6734,#6733,#5702,.T.);
#8860=EDGE_CURVE('',#6734,#6415,#623,.T.);
#8864=EDGE_CURVE('',#6427,#6736,#632,.T.);
#8866=EDGE_CURVE('',#6738,#6736,#5632,.T.);
#8868=EDGE_CURVE('',#6740,#6738,#5624,.T.);
#8870=EDGE_CURVE('',#6742,#6740,#1656,.T.);
#8872=EDGE_CURVE('',#6744,#6742,#1652,.T.);
#8874=EDGE_CURVE('',#6746,#6744,#1640,.T.);
#8876=EDGE_CURVE('',#6748,#6746,#1628,.T.);
#8878=EDGE_CURVE('',#6750,#6748,#1620,.T.);
#8880=EDGE_CURVE('',#6752,#6750,#1612,.T.);
#8882=EDGE_CURVE('',#6754,#6752,#1600,.T.);
#8884=EDGE_CURVE('',#6756,#6754,#1580,.T.);
#8886=EDGE_CURVE('',#6758,#6756,#1572,.T.);
#8888=EDGE_CURVE('',#6760,#6758,#1564,.T.);
#8890=EDGE_CURVE('',#6762,#6760,#1552,.T.);
#8892=EDGE_CURVE('',#6764,#6762,#1544,.T.);
#8894=EDGE_CURVE('',#6766,#6764,#1532,.T.);
#8896=EDGE_CURVE('',#6768,#6766,#1512,.T.);
#8898=EDGE_CURVE('',#6770,#6768,#1504,.T.);
#8900=EDGE_CURVE('',#6772,#6770,#1496,.T.);
#8902=EDGE_CURVE('',#6774,#6772,#1484,.T.);
#8904=EDGE_CURVE('',#6776,#6774,#1476,.T.);
#8906=EDGE_CURVE('',#6778,#6776,#1464,.T.);
#8908=EDGE_CURVE('',#6780,#6778,#1444,.T.);
#8910=EDGE_CURVE('',#6782,#6780,#1436,.T.);
#8912=EDGE_CURVE('',#6784,#6782,#1428,.T.);
#8914=EDGE_CURVE('',#6786,#6784,#1416,.T.);
#8916=EDGE_CURVE('',#6788,#6786,#1408,.T.);
#8918=EDGE_CURVE('',#6790,#6788,#1396,.T.);
#8920=EDGE_CURVE('',#6792,#6790,#1376,.T.);
#8922=EDGE_CURVE('',#6794,#6792,#1368,.T.);
#8924=EDGE_CURVE('',#6796,#6794,#1360,.T.);
#8926=EDGE_CURVE('',#6798,#6796,#1352,.T.);
#8928=EDGE_CURVE('',#6800,#6798,#1340,.T.);
#8930=EDGE_CURVE('',#6802,#6800,#1328,.T.);
#8932=EDGE_CURVE('',#6804,#6802,#1316,.T.);
#8934=EDGE_CURVE('',#6804,#6806,#636,.T.);
#8936=EDGE_CURVE('',#6808,#6806,#1280,.T.);
#8938=EDGE_CURVE('',#6810,#6808,#1272,.T.);
#8940=EDGE_CURVE('',#6812,#6810,#1264,.T.);
#8942=EDGE_CURVE('',#6814,#6812,#1252,.T.);
#8944=EDGE_CURVE('',#6816,#6814,#1244,.T.);
#8946=EDGE_CURVE('',#6818,#6816,#1212,.T.);
#8948=EDGE_CURVE('',#6820,#6818,#1204,.T.);
#8950=EDGE_CURVE('',#6822,#6820,#1196,.T.);
#8952=EDGE_CURVE('',#6824,#6822,#1184,.T.);
#8954=EDGE_CURVE('',#6826,#6824,#1176,.T.);
#8956=EDGE_CURVE('',#6828,#6826,#1164,.T.);
#8958=EDGE_CURVE('',#6830,#6828,#1144,.T.);
#8960=EDGE_CURVE('',#6832,#6830,#1136,.T.);
#8962=EDGE_CURVE('',#6834,#6832,#1128,.T.);
#8964=EDGE_CURVE('',#6836,#6834,#1116,.T.);
#8966=EDGE_CURVE('',#6838,#6836,#1108,.T.);
#8968=EDGE_CURVE('',#6840,#6838,#1096,.T.);
#8970=EDGE_CURVE('',#6842,#6840,#1076,.T.);
#8972=EDGE_CURVE('',#6844,#6842,#1068,.T.);
#8974=EDGE_CURVE('',#6846,#6844,#1060,.T.);
#8976=EDGE_CURVE('',#6848,#6846,#1048,.T.);
#8978=EDGE_CURVE('',#6850,#6848,#1040,.T.);
#8980=EDGE_CURVE('',#6852,#6850,#1028,.T.);
#8982=EDGE_CURVE('',#6854,#6852,#1008,.T.);
#8984=EDGE_CURVE('',#6856,#6854,#1000,.T.);
#8986=EDGE_CURVE('',#6858,#6856,#992,.T.);
#8988=EDGE_CURVE('',#6860,#6858,#984,.T.);
#8990=EDGE_CURVE('',#6862,#6860,#972,.T.);
#8992=EDGE_CURVE('',#6864,#6862,#952,.T.);
#8994=EDGE_CURVE('',#6866,#6864,#944,.T.);
#8996=EDGE_CURVE('',#6868,#6866,#936,.T.);
#8998=EDGE_CURVE('',#6870,#6868,#928,.T.);
#9000=EDGE_CURVE('',#6872,#6870,#920,.T.);
#9002=EDGE_CURVE('',#6874,#6872,#912,.T.);
#9004=EDGE_CURVE('',#6876,#6874,#900,.T.);
#9006=EDGE_CURVE('',#6878,#6876,#892,.T.);
#9008=EDGE_CURVE('',#6880,#6878,#860,.T.);
#9010=EDGE_CURVE('',#6882,#6880,#852,.T.);
#9012=EDGE_CURVE('',#6719,#6882,#844,.T.);
#9016=EDGE_CURVE('',#6885,#6886,#640,.T.);
#9018=EDGE_CURVE('',#6888,#6886,#5734,.T.);
#9020=EDGE_CURVE('',#6888,#6890,#644,.T.);
#9022=EDGE_CURVE('',#6885,#6890,#5755,.T.);
#9026=EDGE_CURVE('',#6893,#6894,#648,.T.);
#9028=EDGE_CURVE('',#6896,#6894,#5771,.T.);
#9030=EDGE_CURVE('',#6896,#6898,#652,.T.);
#9032=EDGE_CURVE('',#6893,#6898,#5792,.T.);
#9036=EDGE_CURVE('',#6901,#6902,#656,.T.);
#9038=EDGE_CURVE('',#6904,#6902,#5808,.T.);
#9040=EDGE_CURVE('',#6904,#6906,#660,.T.);
#9042=EDGE_CURVE('',#6901,#6906,#5829,.T.);
#9046=EDGE_CURVE('',#6909,#6910,#664,.T.);
#9048=EDGE_CURVE('',#6912,#6910,#5845,.T.);
#9050=EDGE_CURVE('',#6912,#6914,#668,.T.);
#9052=EDGE_CURVE('',#6909,#6914,#5866,.T.);
#9056=EDGE_CURVE('',#6917,#6918,#672,.T.);
#9058=EDGE_CURVE('',#6920,#6918,#5882,.T.);
#9060=EDGE_CURVE('',#6920,#6922,#676,.T.);
#9062=EDGE_CURVE('',#6917,#6922,#5903,.T.);
#9066=EDGE_CURVE('',#6925,#6926,#680,.T.);
#9068=EDGE_CURVE('',#6928,#6926,#5919,.T.);
#9070=EDGE_CURVE('',#6928,#6930,#684,.T.);
#9072=EDGE_CURVE('',#6925,#6930,#5940,.T.);
#9076=EDGE_CURVE('',#6933,#6934,#688,.T.);
#9078=EDGE_CURVE('',#6936,#6934,#5956,.T.);
#9080=EDGE_CURVE('',#6936,#6938,#692,.T.);
#9082=EDGE_CURVE('',#6933,#6938,#5977,.T.);
#9086=EDGE_CURVE('',#6941,#6942,#696,.T.);
#9088=EDGE_CURVE('',#6944,#6942,#5993,.T.);
#9090=EDGE_CURVE('',#6944,#6946,#700,.T.);
#9092=EDGE_CURVE('',#6941,#6946,#6014,.T.);
#9096=EDGE_CURVE('',#6949,#6950,#704,.T.);
#9098=EDGE_CURVE('',#6952,#6950,#6030,.T.);
#9100=EDGE_CURVE('',#6952,#6954,#708,.T.);
#9102=EDGE_CURVE('',#6949,#6954,#6051,.T.);
#9106=EDGE_CURVE('',#6957,#6958,#712,.T.);
#9108=EDGE_CURVE('',#6960,#6958,#6067,.T.);
#9110=EDGE_CURVE('',#6960,#6962,#716,.T.);
#9112=EDGE_CURVE('',#6957,#6962,#6088,.T.);
#9116=EDGE_CURVE('',#6965,#6966,#720,.T.);
#9118=EDGE_CURVE('',#6968,#6966,#6104,.T.);
#9120=EDGE_CURVE('',#6968,#6970,#724,.T.);
#9122=EDGE_CURVE('',#6965,#6970,#6125,.T.);
#9126=EDGE_CURVE('',#6971,#6972,#6138,.T.);
#9128=EDGE_CURVE('',#6974,#6971,#6150,.T.);
#9130=EDGE_CURVE('',#6974,#6972,#728,.T.);
#9134=EDGE_CURVE('',#6975,#6976,#6167,.T.);
#9136=EDGE_CURVE('',#6975,#6978,#732,.T.);
#9138=EDGE_CURVE('',#6980,#6978,#6183,.T.);
#9140=EDGE_CURVE('',#6980,#6976,#736,.T.);
#9144=EDGE_CURVE('',#6983,#6984,#740,.T.);
#9146=EDGE_CURVE('',#6986,#6984,#6207,.T.);
#9148=EDGE_CURVE('',#6986,#6988,#744,.T.);
#9150=EDGE_CURVE('',#6983,#6988,#6228,.T.);
#9154=EDGE_CURVE('',#6991,#6992,#748,.T.);
#9156=EDGE_CURVE('',#6994,#6992,#6244,.T.);
#9158=EDGE_CURVE('',#6994,#6996,#752,.T.);
#9160=EDGE_CURVE('',#6991,#6996,#6265,.T.);
#9164=EDGE_CURVE('',#6997,#6998,#764,.T.);
#9166=EDGE_CURVE('',#6998,#6997,#776,.T.);
#9170=EDGE_CURVE('',#6999,#7000,#788,.T.);
#9172=EDGE_CURVE('',#7000,#6999,#800,.T.);
#9176=EDGE_CURVE('',#7001,#7002,#812,.T.);
#9178=EDGE_CURVE('',#7002,#7001,#824,.T.);
#9182=EDGE_CURVE('',#6709,#6711,#6369,.T.);
#9184=EDGE_CURVE('',#6713,#6709,#6377,.T.);
#9186=EDGE_CURVE('',#6713,#6715,#828,.T.);
#9188=EDGE_CURVE('',#6711,#6715,#6398,.T.);
#9199=EDGE_CURVE('',#7004,#6719,#840,.T.);
#9201=EDGE_CURVE('',#7004,#7006,#836,.T.);
#9203=EDGE_CURVE('',#6718,#7006,#2384,.T.);
#9215=EDGE_CURVE('',#6882,#7004,#848,.T.);
#9228=EDGE_CURVE('',#7006,#6880,#856,.T.);
#9238=EDGE_CURVE('',#7006,#7010,#872,.T.);
#9242=EDGE_CURVE('',#6878,#7744,#864,.T.);
#9244=EDGE_CURVE('',#7010,#7744,#880,.T.);
#9254=EDGE_CURVE('',#7009,#7010,#876,.T.);
#9256=EDGE_CURVE('',#7009,#7012,#868,.T.);
#9258=EDGE_CURVE('',#7006,#7012,#2388,.T.);
#9271=EDGE_CURVE('',#7744,#7746,#884,.T.);
#9273=EDGE_CURVE('',#7746,#7009,#888,.T.);
#9284=EDGE_CURVE('',#6876,#8066,#896,.T.);
#9286=EDGE_CURVE('',#7746,#8066,#2464,.T.);
#9299=EDGE_CURVE('',#7694,#6874,#908,.T.);
#9301=EDGE_CURVE('',#7694,#8066,#904,.T.);
#9314=EDGE_CURVE('',#6872,#7694,#916,.T.);
#9327=EDGE_CURVE('',#6870,#8064,#924,.T.);
#9329=EDGE_CURVE('',#8066,#8064,#2496,.T.);
#9340=EDGE_CURVE('',#6868,#8064,#932,.T.);
#9352=EDGE_CURVE('',#6866,#8064,#940,.T.);
#9365=EDGE_CURVE('',#8064,#6864,#948,.T.);
#9375=EDGE_CURVE('',#8064,#7642,#960,.T.);
#9379=EDGE_CURVE('',#7642,#6862,#968,.T.);
#9389=EDGE_CURVE('',#7641,#7642,#964,.T.);
#9391=EDGE_CURVE('',#7641,#8056,#956,.T.);
#9393=EDGE_CURVE('',#8064,#8056,#2504,.T.);
#9407=EDGE_CURVE('',#6860,#7644,#976,.T.);
#9409=EDGE_CURVE('',#7644,#7641,#980,.T.);
#9420=EDGE_CURVE('',#6858,#8054,#988,.T.);
#9422=EDGE_CURVE('',#7644,#8054,#2580,.T.);
#9434=EDGE_CURVE('',#6856,#8054,#996,.T.);
#9447=EDGE_CURVE('',#8054,#6854,#1004,.T.);
#9457=EDGE_CURVE('',#8054,#7586,#1016,.T.);
#9461=EDGE_CURVE('',#7586,#6852,#1024,.T.);
#9471=EDGE_CURVE('',#7585,#7586,#1020,.T.);
#9473=EDGE_CURVE('',#7585,#8046,#1012,.T.);
#9475=EDGE_CURVE('',#8054,#8046,#2584,.T.);
#9489=EDGE_CURVE('',#6850,#7588,#1032,.T.);
#9491=EDGE_CURVE('',#7588,#7585,#1036,.T.);
#9502=EDGE_CURVE('',#6848,#8044,#1044,.T.);
#9504=EDGE_CURVE('',#7588,#8044,#2660,.T.);
#9516=EDGE_CURVE('',#7520,#6846,#1056,.T.);
#9518=EDGE_CURVE('',#7520,#8044,#1052,.T.);
#9531=EDGE_CURVE('',#6844,#7520,#1064,.T.);
#9544=EDGE_CURVE('',#8044,#6842,#1072,.T.);
#9554=EDGE_CURVE('',#8044,#7524,#1084,.T.);
#9558=EDGE_CURVE('',#7524,#6840,#1092,.T.);
#9568=EDGE_CURVE('',#7523,#7524,#1088,.T.);
#9570=EDGE_CURVE('',#7523,#8032,#1080,.T.);
#9572=EDGE_CURVE('',#8044,#8032,#2664,.T.);
#9586=EDGE_CURVE('',#6838,#7526,#1100,.T.);
#9588=EDGE_CURVE('',#7526,#7523,#1104,.T.);
#9599=EDGE_CURVE('',#6836,#8030,#1112,.T.);
#9601=EDGE_CURVE('',#7526,#8030,#2740,.T.);
#9613=EDGE_CURVE('',#7458,#6834,#1124,.T.);
#9615=EDGE_CURVE('',#7458,#8030,#1120,.T.);
#9628=EDGE_CURVE('',#6832,#7458,#1132,.T.);
#9641=EDGE_CURVE('',#8030,#6830,#1140,.T.);
#9651=EDGE_CURVE('',#8030,#7462,#1152,.T.);
#9655=EDGE_CURVE('',#7462,#6828,#1160,.T.);
#9665=EDGE_CURVE('',#7461,#7462,#1156,.T.);
#9667=EDGE_CURVE('',#7461,#8018,#1148,.T.);
#9669=EDGE_CURVE('',#8030,#8018,#2744,.T.);
#9683=EDGE_CURVE('',#6826,#7464,#1168,.T.);
#9685=EDGE_CURVE('',#7464,#7461,#1172,.T.);
#9696=EDGE_CURVE('',#6824,#8016,#1180,.T.);
#9698=EDGE_CURVE('',#7464,#8016,#2820,.T.);
#9710=EDGE_CURVE('',#7392,#6822,#1192,.T.);
#9712=EDGE_CURVE('',#7392,#8016,#1188,.T.);
#9725=EDGE_CURVE('',#6820,#7392,#1200,.T.);
#9738=EDGE_CURVE('',#8016,#6818,#1208,.T.);
#9748=EDGE_CURVE('',#8016,#7396,#1224,.T.);
#9752=EDGE_CURVE('',#6816,#7398,#1216,.T.);
#9754=EDGE_CURVE('',#7396,#7398,#1232,.T.);
#9764=EDGE_CURVE('',#7395,#7396,#1228,.T.);
#9766=EDGE_CURVE('',#7395,#8004,#1220,.T.);
#9768=EDGE_CURVE('',#8016,#8004,#2824,.T.);
#9781=EDGE_CURVE('',#7398,#7400,#1236,.T.);
#9783=EDGE_CURVE('',#7400,#7395,#1240,.T.);
#9794=EDGE_CURVE('',#6814,#8002,#1248,.T.);
#9796=EDGE_CURVE('',#7400,#8002,#2900,.T.);
#9809=EDGE_CURVE('',#7326,#6812,#1260,.T.);
#9811=EDGE_CURVE('',#7326,#8002,#1256,.T.);
#9824=EDGE_CURVE('',#6810,#7326,#1268,.T.);
#9837=EDGE_CURVE('',#8002,#6808,#1276,.T.);
#9847=EDGE_CURVE('',#8002,#7330,#1292,.T.);
#9851=EDGE_CURVE('',#6806,#7332,#1284,.T.);
#9853=EDGE_CURVE('',#7330,#7332,#1300,.T.);
#9863=EDGE_CURVE('',#7329,#7330,#1296,.T.);
#9865=EDGE_CURVE('',#7329,#7990,#1288,.T.);
#9867=EDGE_CURVE('',#8002,#7990,#2904,.T.);
#9880=EDGE_CURVE('',#7332,#7334,#1304,.T.);
#9882=EDGE_CURVE('',#7334,#7329,#1308,.T.);
#9893=EDGE_CURVE('',#6804,#7988,#1312,.T.);
#9895=EDGE_CURVE('',#7334,#7988,#2980,.T.);
#9908=EDGE_CURVE('',#6802,#7258,#1320,.T.);
#9910=EDGE_CURVE('',#7257,#7258,#1332,.T.);
#9912=EDGE_CURVE('',#7257,#7988,#1324,.T.);
#9925=EDGE_CURVE('',#7258,#6800,#1336,.T.);
#9938=EDGE_CURVE('',#6798,#7260,#1344,.T.);
#9940=EDGE_CURVE('',#7260,#7257,#1348,.T.);
#9951=EDGE_CURVE('',#6796,#7984,#1356,.T.);
#9953=EDGE_CURVE('',#7260,#7984,#3020,.T.);
#9965=EDGE_CURVE('',#6794,#7984,#1364,.T.);
#9978=EDGE_CURVE('',#7984,#6792,#1372,.T.);
#9988=EDGE_CURVE('',#7984,#7186,#1384,.T.);
#9992=EDGE_CURVE('',#7186,#6790,#1392,.T.);
#10002=EDGE_CURVE('',#7185,#7186,#1388,.T.);
#10004=EDGE_CURVE('',#7185,#7970,#1380,.T.);
#10006=EDGE_CURVE('',#7984,#7970,#3024,.T.);
#10020=EDGE_CURVE('',#6788,#7188,#1400,.T.);
#10022=EDGE_CURVE('',#7188,#7185,#1404,.T.);
#10033=EDGE_CURVE('',#6786,#7964,#1412,.T.);
#10035=EDGE_CURVE('',#7188,#7964,#3100,.T.);
#10047=EDGE_CURVE('',#7122,#6784,#1424,.T.);
#10049=EDGE_CURVE('',#7122,#7964,#1420,.T.);
#10062=EDGE_CURVE('',#6782,#7122,#1432,.T.);
#10075=EDGE_CURVE('',#7964,#6780,#1440,.T.);
#10085=EDGE_CURVE('',#7964,#7126,#1452,.T.);
#10089=EDGE_CURVE('',#7126,#6778,#1460,.T.);
#10099=EDGE_CURVE('',#7125,#7126,#1456,.T.);
#10101=EDGE_CURVE('',#7125,#7950,#1448,.T.);
#10103=EDGE_CURVE('',#7964,#7950,#3104,.T.);
#10117=EDGE_CURVE('',#6776,#7128,#1468,.T.);
#10119=EDGE_CURVE('',#7128,#7125,#1472,.T.);
#10130=EDGE_CURVE('',#6774,#7944,#1480,.T.);
#10132=EDGE_CURVE('',#7128,#7944,#3180,.T.);
#10144=EDGE_CURVE('',#7076,#6772,#1492,.T.);
#10146=EDGE_CURVE('',#7076,#7944,#1488,.T.);
#10159=EDGE_CURVE('',#6770,#7076,#1500,.T.);
#10172=EDGE_CURVE('',#7944,#6768,#1508,.T.);
#10182=EDGE_CURVE('',#7944,#7080,#1520,.T.);
#10186=EDGE_CURVE('',#7080,#6766,#1528,.T.);
#10196=EDGE_CURVE('',#7079,#7080,#1524,.T.);
#10198=EDGE_CURVE('',#7079,#7930,#1516,.T.);
#10200=EDGE_CURVE('',#7944,#7930,#3184,.T.);
#10214=EDGE_CURVE('',#6764,#7082,#1536,.T.);
#10216=EDGE_CURVE('',#7082,#7079,#1540,.T.);
#10227=EDGE_CURVE('',#6762,#7924,#1548,.T.);
#10229=EDGE_CURVE('',#7082,#7924,#3260,.T.);
#10241=EDGE_CURVE('',#7036,#6760,#1560,.T.);
#10243=EDGE_CURVE('',#7036,#7924,#1556,.T.);
#10256=EDGE_CURVE('',#6758,#7036,#1568,.T.);
#10269=EDGE_CURVE('',#7924,#6756,#1576,.T.);
#10279=EDGE_CURVE('',#7924,#7040,#1588,.T.);
#10283=EDGE_CURVE('',#7040,#6754,#1596,.T.);
#10293=EDGE_CURVE('',#7039,#7040,#1592,.T.);
#10295=EDGE_CURVE('',#7039,#7926,#1584,.T.);
#10297=EDGE_CURVE('',#7924,#7926,#3264,.T.);
#10311=EDGE_CURVE('',#6752,#7042,#1604,.T.);
#10313=EDGE_CURVE('',#7042,#7039,#1608,.T.);
#10324=EDGE_CURVE('',#6750,#8082,#1616,.T.);
#10326=EDGE_CURVE('',#7042,#8082,#3336,.T.);
#10338=EDGE_CURVE('',#7028,#6748,#1624,.T.);
#10340=EDGE_CURVE('',#8082,#7028,#1636,.T.);
#10353=EDGE_CURVE('',#6746,#7028,#1632,.T.);
#10366=EDGE_CURVE('',#8082,#6744,#1648,.T.);
#10376=EDGE_CURVE('',#6742,#7069,#1644,.T.);
#10378=EDGE_CURVE('',#7074,#7069,#3364,.T.);
#10380=EDGE_CURVE('',#8082,#7074,#3348,.T.);
#10392=EDGE_CURVE('',#7894,#7896,#1692,.T.);
#10394=EDGE_CURVE('',#7070,#7894,#3376,.T.);
#10396=EDGE_CURVE('',#7069,#7070,#3352,.T.);
#10400=EDGE_CURVE('',#6740,#7896,#1660,.T.);
#10410=EDGE_CURVE('',#7872,#7179,#1664,.T.);
#10412=EDGE_CURVE('',#7182,#7179,#3556,.T.);
#10414=EDGE_CURVE('',#7874,#7182,#3544,.T.);
#10416=EDGE_CURVE('',#7876,#7874,#3540,.T.);
#10418=EDGE_CURVE('',#7876,#7878,#1668,.T.);
#10420=EDGE_CURVE('',#7878,#7117,#1672,.T.);
#10422=EDGE_CURVE('',#7120,#7117,#5552,.T.);
#10424=EDGE_CURVE('',#7880,#7120,#3520,.T.);
#10426=EDGE_CURVE('',#7882,#7880,#3516,.T.);
#10428=EDGE_CURVE('',#7882,#7884,#1676,.T.);
#10430=EDGE_CURVE('',#7884,#7061,#1680,.T.);
#10432=EDGE_CURVE('',#7064,#7061,#5576,.T.);
#10434=EDGE_CURVE('',#7886,#7064,#5564,.T.);
#10436=EDGE_CURVE('',#7888,#7886,#3404,.T.);
#10438=EDGE_CURVE('',#7888,#7890,#1684,.T.);
#10440=EDGE_CURVE('',#7890,#7031,#1688,.T.);
#10442=EDGE_CURVE('',#7034,#7031,#5600,.T.);
#10444=EDGE_CURVE('',#7892,#7034,#3384,.T.);
#10446=EDGE_CURVE('',#7894,#7892,#3368,.T.);
#10449=EDGE_CURVE('',#7896,#7066,#1696,.T.);
#10451=EDGE_CURVE('',#6736,#7066,#5636,.T.);
#10456=EDGE_CURVE('',#7026,#6573,#5616,.T.);
#10458=EDGE_CURVE('',#7870,#7026,#5608,.T.);
#10460=EDGE_CURVE('',#7898,#7870,#1716,.T.);
#10462=EDGE_CURVE('',#7898,#7872,#1700,.T.);
#10473=EDGE_CURVE('',#7900,#7872,#1708,.T.);
#10475=EDGE_CURVE('',#7900,#7180,#1704,.T.);
#10477=EDGE_CURVE('',#7179,#7180,#3548,.T.);
#10488=EDGE_CURVE('',#7252,#7898,#1712,.T.);
#10490=EDGE_CURVE('',#7250,#7252,#3876,.T.);
#10492=EDGE_CURVE('',#7900,#7250,#3864,.T.);
#10503=EDGE_CURVE('',#7247,#6567,#1728,.T.);
#10505=EDGE_CURVE('',#7252,#7247,#3880,.T.);
#10509=EDGE_CURVE('',#7870,#6569,#1720,.T.);
#10521=EDGE_CURVE('',#7902,#6565,#1732,.T.);
#10523=EDGE_CURVE('',#7902,#7248,#1724,.T.);
#10525=EDGE_CURVE('',#7247,#7248,#3868,.T.);
#10537=EDGE_CURVE('',#7254,#6563,#1736,.T.);
#10539=EDGE_CURVE('',#7902,#7254,#1748,.T.);
#10552=EDGE_CURVE('',#6561,#7254,#1744,.T.);
#10565=EDGE_CURVE('',#7902,#6559,#1752,.T.);
#10577=EDGE_CURVE('',#7322,#6557,#1772,.T.);
#10579=EDGE_CURVE('',#7322,#7902,#1756,.T.);
#10589=EDGE_CURVE('',#6555,#7318,#1760,.T.);
#10591=EDGE_CURVE('',#7318,#7320,#1764,.T.);
#10593=EDGE_CURVE('',#7320,#7322,#1768,.T.);
#10606=EDGE_CURVE('',#7910,#6553,#1784,.T.);
#10608=EDGE_CURVE('',#7910,#7318,#1780,.T.);
#10620=EDGE_CURVE('',#7324,#6551,#1788,.T.);
#10622=EDGE_CURVE('',#7910,#7324,#1800,.T.);
#10635=EDGE_CURVE('',#6549,#7324,#1796,.T.);
#10648=EDGE_CURVE('',#7910,#6547,#1804,.T.);
#10660=EDGE_CURVE('',#7388,#6545,#1824,.T.);
#10662=EDGE_CURVE('',#7388,#7910,#1808,.T.);
#10672=EDGE_CURVE('',#6543,#7384,#1812,.T.);
#10674=EDGE_CURVE('',#7384,#7386,#1816,.T.);
#10676=EDGE_CURVE('',#7386,#7388,#1820,.T.);
#10689=EDGE_CURVE('',#7922,#6541,#1836,.T.);
#10691=EDGE_CURVE('',#7922,#7384,#1832,.T.);
#10703=EDGE_CURVE('',#7390,#6539,#1840,.T.);
#10705=EDGE_CURVE('',#7922,#7390,#1852,.T.);
#10718=EDGE_CURVE('',#6537,#7390,#1848,.T.);
#10731=EDGE_CURVE('',#6535,#7922,#1856,.T.);
#10743=EDGE_CURVE('',#7454,#6533,#1876,.T.);
#10745=EDGE_CURVE('',#7454,#7922,#1860,.T.);
#10755=EDGE_CURVE('',#6531,#7450,#1864,.T.);
#10757=EDGE_CURVE('',#7450,#7452,#1868,.T.);
#10759=EDGE_CURVE('',#7452,#7454,#1872,.T.);
#10772=EDGE_CURVE('',#8100,#6529,#1888,.T.);
#10774=EDGE_CURVE('',#8100,#7450,#1884,.T.);
#10786=EDGE_CURVE('',#7456,#6527,#1892,.T.);
#10788=EDGE_CURVE('',#8100,#7456,#1904,.T.);
#10801=EDGE_CURVE('',#6525,#7456,#1900,.T.);
#10814=EDGE_CURVE('',#6523,#8100,#1908,.T.);
#10826=EDGE_CURVE('',#7518,#6521,#1928,.T.);
#10828=EDGE_CURVE('',#7518,#8100,#1912,.T.);
#10838=EDGE_CURVE('',#6519,#7514,#1916,.T.);
#10840=EDGE_CURVE('',#7514,#7516,#1920,.T.);
#10842=EDGE_CURVE('',#7516,#7518,#1924,.T.);
#10855=EDGE_CURVE('',#8090,#6517,#1940,.T.);
#10857=EDGE_CURVE('',#8090,#7514,#1936,.T.);
#10869=EDGE_CURVE('',#8090,#6515,#1944,.T.);
#10882=EDGE_CURVE('',#6513,#8090,#1948,.T.);
#10894=EDGE_CURVE('',#7582,#6511,#1968,.T.);
#10896=EDGE_CURVE('',#7582,#8090,#1952,.T.);
#10906=EDGE_CURVE('',#6509,#7578,#1956,.T.);
#10908=EDGE_CURVE('',#7578,#7580,#1960,.T.);
#10910=EDGE_CURVE('',#7580,#7582,#1964,.T.);
#10923=EDGE_CURVE('',#6507,#7578,#1976,.T.);
#10936=EDGE_CURVE('',#6505,#7942,#1980,.T.);
#10938=EDGE_CURVE('',#7942,#7580,#1984,.T.);
#10949=EDGE_CURVE('',#7569,#6503,#1996,.T.);
#10951=EDGE_CURVE('',#7574,#7569,#4608,.T.);
#10953=EDGE_CURVE('',#7574,#7942,#1988,.T.);
#10966=EDGE_CURVE('',#7962,#6501,#2000,.T.);
#10968=EDGE_CURVE('',#7962,#7570,#1992,.T.);
#10970=EDGE_CURVE('',#7569,#7570,#4596,.T.);
#10982=EDGE_CURVE('',#7576,#6499,#2004,.T.);
#10984=EDGE_CURVE('',#7962,#7576,#2016,.T.);
#10997=EDGE_CURVE('',#6497,#7576,#2012,.T.);
#11010=EDGE_CURVE('',#6495,#7962,#2020,.T.);
#11021=EDGE_CURVE('',#7631,#6493,#2032,.T.);
#11023=EDGE_CURVE('',#7636,#7631,#4832,.T.);
#11025=EDGE_CURVE('',#7636,#7962,#2024,.T.);
#11037=EDGE_CURVE('',#7982,#6491,#2036,.T.);
#11039=EDGE_CURVE('',#7982,#7632,#2028,.T.);
#11041=EDGE_CURVE('',#7631,#7632,#4820,.T.);
#11053=EDGE_CURVE('',#7638,#6489,#2040,.T.);
#11055=EDGE_CURVE('',#7982,#7638,#2052,.T.);
#11068=EDGE_CURVE('',#6487,#7638,#2048,.T.);
#11081=EDGE_CURVE('',#6485,#7982,#2056,.T.);
#11093=EDGE_CURVE('',#7690,#6483,#2076,.T.);
#11095=EDGE_CURVE('',#7690,#7982,#2060,.T.);
#11105=EDGE_CURVE('',#6481,#7686,#2064,.T.);
#11107=EDGE_CURVE('',#7686,#7688,#2068,.T.);
#11109=EDGE_CURVE('',#7688,#7690,#2072,.T.);
#11122=EDGE_CURVE('',#8000,#6479,#2088,.T.);
#11124=EDGE_CURVE('',#8000,#7686,#2084,.T.);
#11136=EDGE_CURVE('',#7692,#6477,#2092,.T.);
#11138=EDGE_CURVE('',#8000,#7692,#2104,.T.);
#11151=EDGE_CURVE('',#6475,#7692,#2100,.T.);
#11164=EDGE_CURVE('',#6473,#8000,#2108,.T.);
#11176=EDGE_CURVE('',#7740,#6471,#2128,.T.);
#11178=EDGE_CURVE('',#7740,#8000,#2112,.T.);
#11188=EDGE_CURVE('',#6469,#7736,#2116,.T.);
#11190=EDGE_CURVE('',#7736,#7738,#2120,.T.);
#11192=EDGE_CURVE('',#7738,#7740,#2124,.T.);
#11205=EDGE_CURVE('',#8014,#6467,#2140,.T.);
#11207=EDGE_CURVE('',#8014,#7736,#2136,.T.);
#11219=EDGE_CURVE('',#7742,#6465,#2144,.T.);
#11221=EDGE_CURVE('',#8014,#7742,#2156,.T.);
#11234=EDGE_CURVE('',#6463,#7742,#2152,.T.);
#11247=EDGE_CURVE('',#6461,#8014,#2160,.T.);
#11259=EDGE_CURVE('',#7776,#6459,#2180,.T.);
#11261=EDGE_CURVE('',#7776,#8014,#2164,.T.);
#11271=EDGE_CURVE('',#6457,#7772,#2168,.T.);
#11273=EDGE_CURVE('',#7772,#7774,#2172,.T.);
#11275=EDGE_CURVE('',#7774,#7776,#2176,.T.);
#11288=EDGE_CURVE('',#8028,#6455,#2192,.T.);
#11290=EDGE_CURVE('',#8028,#7772,#2188,.T.);
#11302=EDGE_CURVE('',#8028,#6453,#2196,.T.);
#11315=EDGE_CURVE('',#6451,#8028,#2200,.T.);
#11327=EDGE_CURVE('',#7816,#6449,#2220,.T.);
#11329=EDGE_CURVE('',#7816,#8028,#2204,.T.);
#11339=EDGE_CURVE('',#6447,#7812,#2208,.T.);
#11341=EDGE_CURVE('',#7812,#7814,#2212,.T.);
#11343=EDGE_CURVE('',#7814,#7816,#2216,.T.);
#11356=EDGE_CURVE('',#8042,#6445,#2232,.T.);
#11358=EDGE_CURVE('',#8042,#7812,#2228,.T.);
#11370=EDGE_CURVE('',#8042,#6443,#2236,.T.);
#11383=EDGE_CURVE('',#6441,#8042,#2240,.T.);
#11395=EDGE_CURVE('',#6439,#8042,#2244,.T.);
#11405=EDGE_CURVE('',#7810,#6437,#2252,.T.);
#11407=EDGE_CURVE('',#8052,#7810,#2264,.T.);
#11409=EDGE_CURVE('',#8052,#8042,#2248,.T.);
#11423=EDGE_CURVE('',#6435,#7810,#2260,.T.);
#11436=EDGE_CURVE('',#6433,#8052,#2268,.T.);
#11447=EDGE_CURVE('',#7832,#7827,#2288,.T.);
#11449=EDGE_CURVE('',#7832,#8052,#2272,.T.);
#11462=EDGE_CURVE('',#7828,#7830,#2280,.T.);
#11464=EDGE_CURVE('',#7830,#7832,#2284,.T.);
#11476=EDGE_CURVE('',#8062,#8060,#2292,.T.);
#11478=EDGE_CURVE('',#8060,#7830,#2296,.T.);
#11489=EDGE_CURVE('',#7819,#8062,#2304,.T.);
#11491=EDGE_CURVE('',#7824,#7819,#2324,.T.);
#11493=EDGE_CURVE('',#7824,#8060,#2300,.T.);
#11504=EDGE_CURVE('',#7819,#7820,#2312,.T.);
#11508=EDGE_CURVE('',#8070,#7820,#2308,.T.);
#11519=EDGE_CURVE('',#7820,#7822,#2316,.T.);
#11521=EDGE_CURVE('',#7822,#7824,#2320,.T.);
#11533=EDGE_CURVE('',#8070,#8068,#2328,.T.);
#11535=EDGE_CURVE('',#8068,#7822,#2332,.T.);
#11548=EDGE_CURVE('',#7858,#8068,#2336,.T.);
#11561=EDGE_CURVE('',#8074,#8068,#2340,.T.);
#11572=EDGE_CURVE('',#7779,#7780,#2352,.T.);
#11574=EDGE_CURVE('',#7779,#8068,#2344,.T.);
#11577=EDGE_CURVE('',#8074,#7780,#2348,.T.);
#11588=EDGE_CURVE('',#7780,#7782,#2356,.T.);
#11590=EDGE_CURVE('',#7782,#7784,#2360,.T.);
#11592=EDGE_CURVE('',#7784,#7779,#2364,.T.);
#11603=EDGE_CURVE('',#8074,#7006,#2368,.T.);
#11605=EDGE_CURVE('',#7006,#7782,#2372,.T.);
#11618=EDGE_CURVE('',#7846,#7006,#2376,.T.);
#11644=EDGE_CURVE('',#7784,#7012,#2392,.T.);
#11657=EDGE_CURVE('',#8068,#7012,#2396,.T.);
#11667=EDGE_CURVE('',#8068,#7788,#2408,.T.);
#11670=EDGE_CURVE('',#7012,#7790,#2400,.T.);
#11672=EDGE_CURVE('',#7788,#7790,#2416,.T.);
#11682=EDGE_CURVE('',#7787,#7788,#2412,.T.);
#11684=EDGE_CURVE('',#7787,#8060,#2404,.T.);
#11686=EDGE_CURVE('',#8068,#8060,#5604,.T.);
#11699=EDGE_CURVE('',#7790,#7792,#2420,.T.);
#11701=EDGE_CURVE('',#7792,#7787,#2424,.T.);
#11713=EDGE_CURVE('',#7012,#7018,#2428,.T.);
#11715=EDGE_CURVE('',#7792,#7018,#5272,.T.);
#11725=EDGE_CURVE('',#7015,#7016,#2440,.T.);
#11727=EDGE_CURVE('',#7015,#7018,#2432,.T.);
#11730=EDGE_CURVE('',#7012,#7016,#2436,.T.);
#11741=EDGE_CURVE('',#7016,#7748,#2444,.T.);
#11743=EDGE_CURVE('',#7748,#7750,#2448,.T.);
#11745=EDGE_CURVE('',#7750,#7015,#2452,.T.);
#11756=EDGE_CURVE('',#7012,#8066,#2456,.T.);
#11758=EDGE_CURVE('',#8066,#7748,#2460,.T.);
#11783=EDGE_CURVE('',#8066,#8058,#2468,.T.);
#11785=EDGE_CURVE('',#7750,#8058,#5168,.T.);
#11795=EDGE_CURVE('',#7697,#7698,#2480,.T.);
#11797=EDGE_CURVE('',#7697,#8058,#2472,.T.);
#11800=EDGE_CURVE('',#8066,#7698,#2476,.T.);
#11811=EDGE_CURVE('',#7698,#7700,#2484,.T.);
#11813=EDGE_CURVE('',#7700,#7702,#2488,.T.);
#11815=EDGE_CURVE('',#7702,#7697,#2492,.T.);
#11827=EDGE_CURVE('',#8064,#7700,#2500,.T.);
#11841=EDGE_CURVE('',#7702,#8056,#2508,.T.);
#11854=EDGE_CURVE('',#8058,#8056,#2512,.T.);
#11864=EDGE_CURVE('',#8058,#7706,#2524,.T.);
#11867=EDGE_CURVE('',#8056,#7708,#2516,.T.);
#11869=EDGE_CURVE('',#7706,#7708,#2532,.T.);
#11879=EDGE_CURVE('',#7705,#7706,#2528,.T.);
#11881=EDGE_CURVE('',#7705,#8050,#2520,.T.);
#11883=EDGE_CURVE('',#8058,#8050,#5172,.T.);
#11896=EDGE_CURVE('',#7708,#7710,#2536,.T.);
#11898=EDGE_CURVE('',#7710,#7705,#2540,.T.);
#11910=EDGE_CURVE('',#8056,#8048,#2544,.T.);
#11912=EDGE_CURVE('',#7710,#8048,#5312,.T.);
#11922=EDGE_CURVE('',#7647,#7648,#2556,.T.);
#11924=EDGE_CURVE('',#7647,#8048,#2548,.T.);
#11927=EDGE_CURVE('',#8056,#7648,#2552,.T.);
#11938=EDGE_CURVE('',#7648,#7650,#2560,.T.);
#11940=EDGE_CURVE('',#7650,#7652,#2564,.T.);
#11942=EDGE_CURVE('',#7652,#7647,#2568,.T.);
#11953=EDGE_CURVE('',#8056,#8054,#2572,.T.);
#11955=EDGE_CURVE('',#8054,#7650,#2576,.T.);
#11981=EDGE_CURVE('',#7652,#8046,#2588,.T.);
#11994=EDGE_CURVE('',#8048,#8046,#2592,.T.);
#12004=EDGE_CURVE('',#8048,#7656,#2604,.T.);
#12007=EDGE_CURVE('',#8046,#7658,#2596,.T.);
#12009=EDGE_CURVE('',#7656,#7658,#2612,.T.);
#12019=EDGE_CURVE('',#7655,#7656,#2608,.T.);
#12021=EDGE_CURVE('',#7655,#8036,#2600,.T.);
#12023=EDGE_CURVE('',#8048,#8036,#5316,.T.);
#12036=EDGE_CURVE('',#7658,#7660,#2616,.T.);
#12038=EDGE_CURVE('',#7660,#7655,#2620,.T.);
#12050=EDGE_CURVE('',#8046,#8034,#2624,.T.);
#12052=EDGE_CURVE('',#7660,#8034,#4956,.T.);
#12062=EDGE_CURVE('',#7591,#7592,#2636,.T.);
#12064=EDGE_CURVE('',#7591,#8034,#2628,.T.);
#12067=EDGE_CURVE('',#8046,#7592,#2632,.T.);
#12078=EDGE_CURVE('',#7592,#7594,#2640,.T.);
#12080=EDGE_CURVE('',#7594,#7596,#2644,.T.);
#12082=EDGE_CURVE('',#7596,#7591,#2648,.T.);
#12093=EDGE_CURVE('',#8046,#8044,#2652,.T.);
#12095=EDGE_CURVE('',#8044,#7594,#2656,.T.);
#12121=EDGE_CURVE('',#7596,#8032,#2668,.T.);
#12134=EDGE_CURVE('',#8034,#8032,#2672,.T.);
#12144=EDGE_CURVE('',#8034,#7600,#2684,.T.);
#12147=EDGE_CURVE('',#8032,#7602,#2676,.T.);
#12149=EDGE_CURVE('',#7600,#7602,#2692,.T.);
#12159=EDGE_CURVE('',#7599,#7600,#2688,.T.);
#12161=EDGE_CURVE('',#7599,#8022,#2680,.T.);
#12163=EDGE_CURVE('',#8034,#8022,#4960,.T.);
#12176=EDGE_CURVE('',#7602,#7604,#2696,.T.);
#12178=EDGE_CURVE('',#7604,#7599,#2700,.T.);
#12190=EDGE_CURVE('',#8032,#8020,#2704,.T.);
#12192=EDGE_CURVE('',#7604,#8020,#5372,.T.);
#12202=EDGE_CURVE('',#7529,#7530,#2716,.T.);
#12204=EDGE_CURVE('',#7529,#8020,#2708,.T.);
#12207=EDGE_CURVE('',#8032,#7530,#2712,.T.);
#12218=EDGE_CURVE('',#7530,#7532,#2720,.T.);
#12220=EDGE_CURVE('',#7532,#7534,#2724,.T.);
#12222=EDGE_CURVE('',#7534,#7529,#2728,.T.);
#12233=EDGE_CURVE('',#8032,#8030,#2732,.T.);
#12235=EDGE_CURVE('',#8030,#7532,#2736,.T.);
#12261=EDGE_CURVE('',#7534,#8018,#2748,.T.);
#12274=EDGE_CURVE('',#8020,#8018,#2752,.T.);
#12284=EDGE_CURVE('',#8020,#7538,#2764,.T.);
#12287=EDGE_CURVE('',#8018,#7540,#2756,.T.);
#12289=EDGE_CURVE('',#7538,#7540,#2772,.T.);
#12299=EDGE_CURVE('',#7537,#7538,#2768,.T.);
#12301=EDGE_CURVE('',#7537,#8008,#2760,.T.);
#12303=EDGE_CURVE('',#8020,#8008,#5376,.T.);
#12316=EDGE_CURVE('',#7540,#7542,#2776,.T.);
#12318=EDGE_CURVE('',#7542,#7537,#2780,.T.);
#12330=EDGE_CURVE('',#8018,#8006,#2784,.T.);
#12332=EDGE_CURVE('',#7542,#8006,#4728,.T.);
#12342=EDGE_CURVE('',#7467,#7468,#2796,.T.);
#12344=EDGE_CURVE('',#7467,#8006,#2788,.T.);
#12347=EDGE_CURVE('',#8018,#7468,#2792,.T.);
#12358=EDGE_CURVE('',#7468,#7470,#2800,.T.);
#12360=EDGE_CURVE('',#7470,#7472,#2804,.T.);
#12362=EDGE_CURVE('',#7472,#7467,#2808,.T.);
#12373=EDGE_CURVE('',#8018,#8016,#2812,.T.);
#12375=EDGE_CURVE('',#8016,#7470,#2816,.T.);
#12401=EDGE_CURVE('',#7472,#8004,#2828,.T.);
#12414=EDGE_CURVE('',#8006,#8004,#2832,.T.);
#12424=EDGE_CURVE('',#8006,#7476,#2844,.T.);
#12427=EDGE_CURVE('',#8004,#7478,#2836,.T.);
#12429=EDGE_CURVE('',#7476,#7478,#2852,.T.);
#12439=EDGE_CURVE('',#7475,#7476,#2848,.T.);
#12441=EDGE_CURVE('',#7475,#7994,#2840,.T.);
#12443=EDGE_CURVE('',#8006,#7994,#4732,.T.);
#12456=EDGE_CURVE('',#7478,#7480,#2856,.T.);
#12458=EDGE_CURVE('',#7480,#7475,#2860,.T.);
#12470=EDGE_CURVE('',#8004,#7992,#2864,.T.);
#12472=EDGE_CURVE('',#7480,#7992,#5432,.T.);
#12482=EDGE_CURVE('',#7403,#7404,#2876,.T.);
#12484=EDGE_CURVE('',#7403,#7992,#2868,.T.);
#12487=EDGE_CURVE('',#8004,#7404,#2872,.T.);
#12498=EDGE_CURVE('',#7404,#7406,#2880,.T.);
#12500=EDGE_CURVE('',#7406,#7408,#2884,.T.);
#12502=EDGE_CURVE('',#7408,#7403,#2888,.T.);
#12513=EDGE_CURVE('',#8004,#8002,#2892,.T.);
#12515=EDGE_CURVE('',#8002,#7406,#2896,.T.);
#12541=EDGE_CURVE('',#7408,#7990,#2908,.T.);
#12554=EDGE_CURVE('',#7992,#7990,#2912,.T.);
#12564=EDGE_CURVE('',#7992,#7412,#2924,.T.);
#12567=EDGE_CURVE('',#7990,#7414,#2916,.T.);
#12569=EDGE_CURVE('',#7412,#7414,#2932,.T.);
#12579=EDGE_CURVE('',#7411,#7412,#2928,.T.);
#12581=EDGE_CURVE('',#7411,#7976,#2920,.T.);
#12583=EDGE_CURVE('',#7992,#7976,#5436,.T.);
#12596=EDGE_CURVE('',#7414,#7416,#2936,.T.);
#12598=EDGE_CURVE('',#7416,#7411,#2940,.T.);
#12610=EDGE_CURVE('',#7990,#7974,#2944,.T.);
#12612=EDGE_CURVE('',#7416,#7974,#4404,.T.);
#12622=EDGE_CURVE('',#7337,#7338,#2956,.T.);
#12624=EDGE_CURVE('',#7337,#7974,#2948,.T.);
#12627=EDGE_CURVE('',#7990,#7338,#2952,.T.);
#12638=EDGE_CURVE('',#7338,#7340,#2960,.T.);
#12640=EDGE_CURVE('',#7340,#7342,#2964,.T.);
#12642=EDGE_CURVE('',#7342,#7337,#2968,.T.);
#12653=EDGE_CURVE('',#7990,#7988,#2972,.T.);
#12655=EDGE_CURVE('',#7988,#7340,#2976,.T.);
#12680=EDGE_CURVE('',#7988,#7972,#2984,.T.);
#12682=EDGE_CURVE('',#7342,#7972,#4444,.T.);
#12692=EDGE_CURVE('',#7263,#7264,#2996,.T.);
#12694=EDGE_CURVE('',#7263,#7972,#2988,.T.);
#12697=EDGE_CURVE('',#7988,#7264,#2992,.T.);
#12708=EDGE_CURVE('',#7264,#7266,#3000,.T.);
#12710=EDGE_CURVE('',#7266,#7268,#3004,.T.);
#12712=EDGE_CURVE('',#7268,#7263,#3008,.T.);
#12723=EDGE_CURVE('',#7988,#7984,#3012,.T.);
#12725=EDGE_CURVE('',#7984,#7266,#3016,.T.);
#12751=EDGE_CURVE('',#7268,#7970,#3028,.T.);
#12764=EDGE_CURVE('',#7972,#7970,#3032,.T.);
#12774=EDGE_CURVE('',#7972,#7272,#3044,.T.);
#12777=EDGE_CURVE('',#7970,#7274,#3036,.T.);
#12779=EDGE_CURVE('',#7272,#7274,#3052,.T.);
#12789=EDGE_CURVE('',#7271,#7272,#3048,.T.);
#12791=EDGE_CURVE('',#7271,#7954,#3040,.T.);
#12793=EDGE_CURVE('',#7972,#7954,#4448,.T.);
#12806=EDGE_CURVE('',#7274,#7276,#3056,.T.);
#12808=EDGE_CURVE('',#7276,#7271,#3060,.T.);
#12820=EDGE_CURVE('',#7970,#7952,#3064,.T.);
#12822=EDGE_CURVE('',#7276,#7952,#4076,.T.);
#12832=EDGE_CURVE('',#7191,#7192,#3076,.T.);
#12834=EDGE_CURVE('',#7191,#7952,#3068,.T.);
#12837=EDGE_CURVE('',#7970,#7192,#3072,.T.);
#12848=EDGE_CURVE('',#7192,#7194,#3080,.T.);
#12850=EDGE_CURVE('',#7194,#7196,#3084,.T.);
#12852=EDGE_CURVE('',#7196,#7191,#3088,.T.);
#12863=EDGE_CURVE('',#7970,#7964,#3092,.T.);
#12865=EDGE_CURVE('',#7964,#7194,#3096,.T.);
#12891=EDGE_CURVE('',#7196,#7950,#3108,.T.);
#12904=EDGE_CURVE('',#7952,#7950,#3112,.T.);
#12914=EDGE_CURVE('',#7952,#7200,#3124,.T.);
#12917=EDGE_CURVE('',#7950,#7202,#3116,.T.);
#12919=EDGE_CURVE('',#7200,#7202,#3132,.T.);
#12929=EDGE_CURVE('',#7199,#7200,#3128,.T.);
#12931=EDGE_CURVE('',#7199,#7934,#3120,.T.);
#12933=EDGE_CURVE('',#7952,#7934,#4080,.T.);
#12946=EDGE_CURVE('',#7202,#7204,#3136,.T.);
#12948=EDGE_CURVE('',#7204,#7199,#3140,.T.);
#12960=EDGE_CURVE('',#7950,#7932,#3144,.T.);
#12962=EDGE_CURVE('',#7204,#7932,#5504,.T.);
#12972=EDGE_CURVE('',#7131,#7132,#3156,.T.);
#12974=EDGE_CURVE('',#7131,#7932,#3148,.T.);
#12977=EDGE_CURVE('',#7950,#7132,#3152,.T.);
#12988=EDGE_CURVE('',#7132,#7134,#3160,.T.);
#12990=EDGE_CURVE('',#7134,#7136,#3164,.T.);
#12992=EDGE_CURVE('',#7136,#7131,#3168,.T.);
#13003=EDGE_CURVE('',#7950,#7944,#3172,.T.);
#13005=EDGE_CURVE('',#7944,#7134,#3176,.T.);
#13031=EDGE_CURVE('',#7136,#7930,#3188,.T.);
#13044=EDGE_CURVE('',#7932,#7930,#3192,.T.);
#13054=EDGE_CURVE('',#7932,#7140,#3204,.T.);
#13057=EDGE_CURVE('',#7930,#7142,#3196,.T.);
#13059=EDGE_CURVE('',#7140,#7142,#3212,.T.);
#13069=EDGE_CURVE('',#7139,#7140,#3208,.T.);
#13071=EDGE_CURVE('',#7139,#7966,#3200,.T.);
#13073=EDGE_CURVE('',#7932,#7966,#5508,.T.);
#13086=EDGE_CURVE('',#7142,#7144,#3216,.T.);
#13088=EDGE_CURVE('',#7144,#7139,#3220,.T.);
#13100=EDGE_CURVE('',#7930,#7946,#3224,.T.);
#13102=EDGE_CURVE('',#7144,#7946,#3700,.T.);
#13112=EDGE_CURVE('',#7085,#7086,#3236,.T.);
#13114=EDGE_CURVE('',#7085,#7946,#3228,.T.);
#13117=EDGE_CURVE('',#7930,#7086,#3232,.T.);
#13128=EDGE_CURVE('',#7086,#7088,#3240,.T.);
#13130=EDGE_CURVE('',#7088,#7090,#3244,.T.);
#13132=EDGE_CURVE('',#7090,#7085,#3248,.T.);
#13143=EDGE_CURVE('',#7930,#7924,#3252,.T.);
#13145=EDGE_CURVE('',#7924,#7088,#3256,.T.);
#13171=EDGE_CURVE('',#7090,#7926,#3268,.T.);
#13184=EDGE_CURVE('',#7946,#7926,#3272,.T.);
#13194=EDGE_CURVE('',#7946,#7094,#3284,.T.);
#13197=EDGE_CURVE('',#7926,#7096,#3276,.T.);
#13199=EDGE_CURVE('',#7094,#7096,#3292,.T.);
#13209=EDGE_CURVE('',#7093,#7094,#3288,.T.);
#13211=EDGE_CURVE('',#7093,#7948,#3280,.T.);
#13213=EDGE_CURVE('',#7946,#7948,#3704,.T.);
#13226=EDGE_CURVE('',#7096,#7098,#3296,.T.);
#13228=EDGE_CURVE('',#7098,#7093,#3300,.T.);
#13240=EDGE_CURVE('',#7926,#7928,#3304,.T.);
#13242=EDGE_CURVE('',#7098,#7928,#5588,.T.);
#13252=EDGE_CURVE('',#7045,#7046,#3316,.T.);
#13254=EDGE_CURVE('',#7045,#7928,#3308,.T.);
#13257=EDGE_CURVE('',#7926,#7046,#3312,.T.);
#13268=EDGE_CURVE('',#7046,#7048,#3320,.T.);
#13270=EDGE_CURVE('',#7048,#7050,#3324,.T.);
#13272=EDGE_CURVE('',#7050,#7045,#3328,.T.);
#13283=EDGE_CURVE('',#7926,#8082,#3332,.T.);
#13285=EDGE_CURVE('',#7048,#8082,#3340,.T.);
#13310=EDGE_CURVE('',#8082,#8092,#3344,.T.);
#13312=EDGE_CURVE('',#7050,#8092,#3436,.T.);
#13322=EDGE_CURVE('',#7072,#7074,#3360,.T.);
#13324=EDGE_CURVE('',#8092,#7072,#3372,.T.);
#13337=EDGE_CURVE('',#7070,#7072,#3356,.T.);
#13350=EDGE_CURVE('',#8092,#7892,#3380,.T.);
#13363=EDGE_CURVE('',#8092,#7032,#3388,.T.);
#13367=EDGE_CURVE('',#7032,#7034,#5596,.T.);
#13378=EDGE_CURVE('',#8092,#7890,#3396,.T.);
#13381=EDGE_CURVE('',#7031,#7032,#5592,.T.);
#13392=EDGE_CURVE('',#7058,#7888,#3400,.T.);
#13394=EDGE_CURVE('',#7056,#7058,#3424,.T.);
#13396=EDGE_CURVE('',#7056,#8092,#3392,.T.);
#13407=EDGE_CURVE('',#7053,#7914,#3408,.T.);
#13409=EDGE_CURVE('',#7058,#7053,#3428,.T.);
#13413=EDGE_CURVE('',#7914,#7886,#5560,.T.);
#13423=EDGE_CURVE('',#7053,#7054,#3416,.T.);
#13426=EDGE_CURVE('',#7928,#7914,#3440,.T.);
#13428=EDGE_CURVE('',#7928,#7054,#3412,.T.);
#13439=EDGE_CURVE('',#7054,#7056,#3420,.T.);
#13452=EDGE_CURVE('',#7928,#8092,#3432,.T.);
#13476=EDGE_CURVE('',#7104,#7106,#3452,.T.);
#13478=EDGE_CURVE('',#7928,#7104,#5584,.T.);
#13481=EDGE_CURVE('',#7106,#7914,#3468,.T.);
#13491=EDGE_CURVE('',#7101,#7102,#3444,.T.);
#13493=EDGE_CURVE('',#7102,#7104,#3448,.T.);
#13496=EDGE_CURVE('',#7106,#7101,#3456,.T.);
#13507=EDGE_CURVE('',#7101,#7912,#3460,.T.);
#13509=EDGE_CURVE('',#7948,#7912,#5536,.T.);
#13511=EDGE_CURVE('',#7948,#7102,#3464,.T.);
#13521=EDGE_CURVE('',#7912,#7914,#3472,.T.);
#13534=EDGE_CURVE('',#7912,#7110,#3484,.T.);
#13537=EDGE_CURVE('',#7914,#7112,#3476,.T.);
#13539=EDGE_CURVE('',#7110,#7112,#3492,.T.);
#13549=EDGE_CURVE('',#7109,#7110,#3488,.T.);
#13551=EDGE_CURVE('',#7109,#7906,#3480,.T.);
#13553=EDGE_CURVE('',#7912,#7906,#5540,.T.);
#13566=EDGE_CURVE('',#7112,#7114,#3496,.T.);
#13568=EDGE_CURVE('',#7114,#7109,#3500,.T.);
#13579=EDGE_CURVE('',#7114,#7882,#3512,.T.);
#13583=EDGE_CURVE('',#7914,#7884,#3504,.T.);
#13593=EDGE_CURVE('',#7880,#7906,#3508,.T.);
#13607=EDGE_CURVE('',#7906,#7118,#3524,.T.);
#13611=EDGE_CURVE('',#7118,#7120,#5548,.T.);
#13622=EDGE_CURVE('',#7906,#7878,#3528,.T.);
#13625=EDGE_CURVE('',#7117,#7118,#5544,.T.);
#13636=EDGE_CURVE('',#7176,#7876,#3536,.T.);
#13638=EDGE_CURVE('',#7174,#7176,#3576,.T.);
#13640=EDGE_CURVE('',#7906,#7174,#3584,.T.);
#13651=EDGE_CURVE('',#7874,#7900,#3532,.T.);
#13653=EDGE_CURVE('',#7171,#7900,#3560,.T.);
#13655=EDGE_CURVE('',#7176,#7171,#3580,.T.);
#13670=EDGE_CURVE('',#7180,#7182,#3552,.T.);
#13691=EDGE_CURVE('',#7171,#7172,#3568,.T.);
#13694=EDGE_CURVE('',#7904,#7900,#3852,.T.);
#13696=EDGE_CURVE('',#7904,#7172,#3564,.T.);
#13707=EDGE_CURVE('',#7172,#7174,#3572,.T.);
#13720=EDGE_CURVE('',#7906,#7904,#3588,.T.);
#13733=EDGE_CURVE('',#7163,#7904,#3596,.T.);
#13735=EDGE_CURVE('',#7168,#7163,#3616,.T.);
#13737=EDGE_CURVE('',#7168,#7906,#3592,.T.);
#13747=EDGE_CURVE('',#7163,#7164,#3604,.T.);
#13750=EDGE_CURVE('',#7916,#7904,#3812,.T.);
#13752=EDGE_CURVE('',#7916,#7164,#3600,.T.);
#13763=EDGE_CURVE('',#7164,#7166,#3608,.T.);
#13765=EDGE_CURVE('',#7166,#7168,#3612,.T.);
#13777=EDGE_CURVE('',#7916,#7912,#3620,.T.);
#13779=EDGE_CURVE('',#7912,#7166,#3624,.T.);
#13791=EDGE_CURVE('',#7155,#7916,#3632,.T.);
#13793=EDGE_CURVE('',#7160,#7155,#3652,.T.);
#13795=EDGE_CURVE('',#7160,#7912,#3628,.T.);
#13805=EDGE_CURVE('',#7155,#7156,#3640,.T.);
#13808=EDGE_CURVE('',#7968,#7916,#3772,.T.);
#13810=EDGE_CURVE('',#7968,#7156,#3636,.T.);
#13821=EDGE_CURVE('',#7156,#7158,#3644,.T.);
#13823=EDGE_CURVE('',#7158,#7160,#3648,.T.);
#13835=EDGE_CURVE('',#7968,#7948,#3656,.T.);
#13837=EDGE_CURVE('',#7948,#7158,#3660,.T.);
#13849=EDGE_CURVE('',#7147,#7968,#3668,.T.);
#13851=EDGE_CURVE('',#7152,#7147,#3688,.T.);
#13853=EDGE_CURVE('',#7152,#7948,#3664,.T.);
#13863=EDGE_CURVE('',#7147,#7148,#3676,.T.);
#13866=EDGE_CURVE('',#7966,#7968,#3708,.T.);
#13868=EDGE_CURVE('',#7966,#7148,#3672,.T.);
#13879=EDGE_CURVE('',#7148,#7150,#3680,.T.);
#13881=EDGE_CURVE('',#7150,#7152,#3684,.T.);
#13893=EDGE_CURVE('',#7966,#7946,#3692,.T.);
#13895=EDGE_CURVE('',#7946,#7150,#3696,.T.);
#13930=EDGE_CURVE('',#7218,#7220,#3720,.T.);
#13932=EDGE_CURVE('',#7966,#7218,#5520,.T.);
#13935=EDGE_CURVE('',#7220,#7968,#3736,.T.);
#13945=EDGE_CURVE('',#7215,#7216,#3712,.T.);
#13947=EDGE_CURVE('',#7216,#7218,#3716,.T.);
#13950=EDGE_CURVE('',#7220,#7215,#3724,.T.);
#13961=EDGE_CURVE('',#7215,#8094,#3728,.T.);
#13963=EDGE_CURVE('',#7986,#8094,#5524,.T.);
#13965=EDGE_CURVE('',#7986,#7216,#3732,.T.);
#13975=EDGE_CURVE('',#8094,#7968,#3740,.T.);
#13988=EDGE_CURVE('',#8094,#7224,#3752,.T.);
#13991=EDGE_CURVE('',#7968,#7226,#3744,.T.);
#13993=EDGE_CURVE('',#7224,#7226,#3760,.T.);
#14003=EDGE_CURVE('',#7223,#7224,#3756,.T.);
#14005=EDGE_CURVE('',#7223,#7918,#3748,.T.);
#14007=EDGE_CURVE('',#8094,#7918,#5528,.T.);
#14020=EDGE_CURVE('',#7226,#7228,#3764,.T.);
#14022=EDGE_CURVE('',#7228,#7223,#3768,.T.);
#14035=EDGE_CURVE('',#7228,#7916,#3776,.T.);
#14045=EDGE_CURVE('',#7918,#7916,#3780,.T.);
#14058=EDGE_CURVE('',#7918,#7232,#3792,.T.);
#14061=EDGE_CURVE('',#7916,#7234,#3784,.T.);
#14063=EDGE_CURVE('',#7232,#7234,#3800,.T.);
#14073=EDGE_CURVE('',#7231,#7232,#3796,.T.);
#14075=EDGE_CURVE('',#7231,#7908,#3788,.T.);
#14077=EDGE_CURVE('',#7918,#7908,#5532,.T.);
#14090=EDGE_CURVE('',#7234,#7236,#3804,.T.);
#14092=EDGE_CURVE('',#7236,#7231,#3808,.T.);
#14105=EDGE_CURVE('',#7236,#7904,#3820,.T.);
#14115=EDGE_CURVE('',#7904,#7908,#3816,.T.);
#14128=EDGE_CURVE('',#7908,#7240,#3832,.T.);
#14131=EDGE_CURVE('',#7904,#7242,#3824,.T.);
#14133=EDGE_CURVE('',#7240,#7242,#3840,.T.);
#14143=EDGE_CURVE('',#7239,#7240,#3836,.T.);
#14145=EDGE_CURVE('',#7239,#7902,#3828,.T.);
#14147=EDGE_CURVE('',#7908,#7902,#3884,.T.);
#14160=EDGE_CURVE('',#7242,#7244,#3844,.T.);
#14162=EDGE_CURVE('',#7244,#7239,#3848,.T.);
#14175=EDGE_CURVE('',#7244,#7900,#3860,.T.);
#14185=EDGE_CURVE('',#7900,#7902,#3856,.T.);
#14201=EDGE_CURVE('',#7248,#7250,#3872,.T.);
#14224=EDGE_CURVE('',#7908,#7320,#3888,.T.);
#14237=EDGE_CURVE('',#7908,#7910,#3892,.T.);
#14250=EDGE_CURVE('',#7311,#7910,#3900,.T.);
#14252=EDGE_CURVE('',#7316,#7311,#3920,.T.);
#14254=EDGE_CURVE('',#7316,#7908,#3896,.T.);
#14264=EDGE_CURVE('',#7311,#7312,#3908,.T.);
#14267=EDGE_CURVE('',#7920,#7910,#4244,.T.);
#14269=EDGE_CURVE('',#7920,#7312,#3904,.T.);
#14280=EDGE_CURVE('',#7312,#7314,#3912,.T.);
#14282=EDGE_CURVE('',#7314,#7316,#3916,.T.);
#14294=EDGE_CURVE('',#7920,#7918,#3924,.T.);
#14296=EDGE_CURVE('',#7918,#7314,#3928,.T.);
#14308=EDGE_CURVE('',#7303,#7920,#3936,.T.);
#14310=EDGE_CURVE('',#7308,#7303,#3956,.T.);
#14312=EDGE_CURVE('',#7308,#7918,#3932,.T.);
#14322=EDGE_CURVE('',#7303,#7304,#3944,.T.);
#14325=EDGE_CURVE('',#8096,#7920,#4228,.T.);
#14327=EDGE_CURVE('',#8096,#7304,#3940,.T.);
#14338=EDGE_CURVE('',#7304,#7306,#3948,.T.);
#14340=EDGE_CURVE('',#7306,#7308,#3952,.T.);
#14352=EDGE_CURVE('',#8096,#8094,#3960,.T.);
#14354=EDGE_CURVE('',#8094,#7306,#3964,.T.);
#14366=EDGE_CURVE('',#7295,#8096,#3972,.T.);
#14368=EDGE_CURVE('',#7300,#7295,#3992,.T.);
#14370=EDGE_CURVE('',#7300,#8094,#3968,.T.);
#14380=EDGE_CURVE('',#7295,#7296,#3980,.T.);
#14383=EDGE_CURVE('',#8084,#8096,#4188,.T.);
#14385=EDGE_CURVE('',#8084,#7296,#3976,.T.);
#14396=EDGE_CURVE('',#7296,#7298,#3984,.T.);
#14398=EDGE_CURVE('',#7298,#7300,#3988,.T.);
#14410=EDGE_CURVE('',#8084,#7986,#3996,.T.);
#14412=EDGE_CURVE('',#7986,#7298,#4000,.T.);
#14424=EDGE_CURVE('',#7287,#8084,#4008,.T.);
#14426=EDGE_CURVE('',#7292,#7287,#4028,.T.);
#14428=EDGE_CURVE('',#7292,#7986,#4004,.T.);
#14438=EDGE_CURVE('',#7287,#7288,#4016,.T.);
#14441=EDGE_CURVE('',#7936,#8084,#4148,.T.);
#14443=EDGE_CURVE('',#7936,#7288,#4012,.T.);
#14454=EDGE_CURVE('',#7288,#7290,#4020,.T.);
#14456=EDGE_CURVE('',#7290,#7292,#4024,.T.);
#14468=EDGE_CURVE('',#7936,#7934,#4032,.T.);
#14470=EDGE_CURVE('',#7934,#7290,#4036,.T.);
#14482=EDGE_CURVE('',#7279,#7936,#4044,.T.);
#14484=EDGE_CURVE('',#7284,#7279,#4064,.T.);
#14486=EDGE_CURVE('',#7284,#7934,#4040,.T.);
#14496=EDGE_CURVE('',#7279,#7280,#4052,.T.);
#14499=EDGE_CURVE('',#7954,#7936,#4084,.T.);
#14501=EDGE_CURVE('',#7954,#7280,#4048,.T.);
#14512=EDGE_CURVE('',#7280,#7282,#4056,.T.);
#14514=EDGE_CURVE('',#7282,#7284,#4060,.T.);
#14526=EDGE_CURVE('',#7954,#7952,#4068,.T.);
#14528=EDGE_CURVE('',#7952,#7282,#4072,.T.);
#14563=EDGE_CURVE('',#7356,#7358,#4096,.T.);
#14565=EDGE_CURVE('',#7954,#7356,#4460,.T.);
#14568=EDGE_CURVE('',#7358,#7936,#4112,.T.);
#14578=EDGE_CURVE('',#7353,#7354,#4088,.T.);
#14580=EDGE_CURVE('',#7354,#7356,#4092,.T.);
#14583=EDGE_CURVE('',#7358,#7353,#4100,.T.);
#14594=EDGE_CURVE('',#7353,#7938,#4104,.T.);
#14596=EDGE_CURVE('',#7956,#7938,#5456,.T.);
#14598=EDGE_CURVE('',#7956,#7354,#4108,.T.);
#14608=EDGE_CURVE('',#7938,#7936,#4116,.T.);
#14621=EDGE_CURVE('',#7938,#7362,#4128,.T.);
#14624=EDGE_CURVE('',#7936,#7364,#4120,.T.);
#14626=EDGE_CURVE('',#7362,#7364,#4136,.T.);
#14636=EDGE_CURVE('',#7361,#7362,#4132,.T.);
#14638=EDGE_CURVE('',#7361,#8086,#4124,.T.);
#14640=EDGE_CURVE('',#7938,#8086,#5460,.T.);
#14653=EDGE_CURVE('',#7364,#7366,#4140,.T.);
#14655=EDGE_CURVE('',#7366,#7361,#4144,.T.);
#14668=EDGE_CURVE('',#7366,#8084,#4152,.T.);
#14678=EDGE_CURVE('',#8086,#8084,#4156,.T.);
#14691=EDGE_CURVE('',#8086,#7370,#4168,.T.);
#14694=EDGE_CURVE('',#8084,#7372,#4160,.T.);
#14696=EDGE_CURVE('',#7370,#7372,#4176,.T.);
#14706=EDGE_CURVE('',#7369,#7370,#4172,.T.);
#14708=EDGE_CURVE('',#7369,#8098,#4164,.T.);
#14710=EDGE_CURVE('',#8086,#8098,#5464,.T.);
#14723=EDGE_CURVE('',#7372,#7374,#4180,.T.);
#14725=EDGE_CURVE('',#7374,#7369,#4184,.T.);
#14738=EDGE_CURVE('',#7374,#8096,#4192,.T.);
#14748=EDGE_CURVE('',#8098,#8096,#4196,.T.);
#14761=EDGE_CURVE('',#8098,#7378,#4208,.T.);
#14764=EDGE_CURVE('',#8096,#7380,#4200,.T.);
#14766=EDGE_CURVE('',#7378,#7380,#4216,.T.);
#14776=EDGE_CURVE('',#7377,#7378,#4212,.T.);
#14778=EDGE_CURVE('',#7377,#7922,#4204,.T.);
#14780=EDGE_CURVE('',#8098,#7922,#4248,.T.);
#14793=EDGE_CURVE('',#7380,#7382,#4220,.T.);
#14795=EDGE_CURVE('',#7382,#7377,#4224,.T.);
#14808=EDGE_CURVE('',#7382,#7920,#4232,.T.);
#14818=EDGE_CURVE('',#7922,#7920,#4236,.T.);
#14833=EDGE_CURVE('',#7920,#7386,#4240,.T.);
#14857=EDGE_CURVE('',#8098,#7452,#4256,.T.);
#14870=EDGE_CURVE('',#8100,#8098,#4252,.T.);
#14883=EDGE_CURVE('',#7443,#8100,#4264,.T.);
#14885=EDGE_CURVE('',#7448,#7443,#4284,.T.);
#14887=EDGE_CURVE('',#7448,#8098,#4260,.T.);
#14897=EDGE_CURVE('',#7443,#7444,#4272,.T.);
#14900=EDGE_CURVE('',#8088,#8100,#4584,.T.);
#14902=EDGE_CURVE('',#8088,#7444,#4268,.T.);
#14913=EDGE_CURVE('',#7444,#7446,#4276,.T.);
#14915=EDGE_CURVE('',#7446,#7448,#4280,.T.);
#14927=EDGE_CURVE('',#8088,#8086,#4288,.T.);
#14929=EDGE_CURVE('',#8086,#7446,#4292,.T.);
#14941=EDGE_CURVE('',#7435,#8088,#4300,.T.);
#14943=EDGE_CURVE('',#7440,#7435,#4320,.T.);
#14945=EDGE_CURVE('',#7440,#8086,#4296,.T.);
#14955=EDGE_CURVE('',#7435,#7436,#4308,.T.);
#14958=EDGE_CURVE('',#7940,#8088,#4568,.T.);
#14960=EDGE_CURVE('',#7940,#7436,#4304,.T.);
#14971=EDGE_CURVE('',#7436,#7438,#4312,.T.);
#14973=EDGE_CURVE('',#7438,#7440,#4316,.T.);
#14985=EDGE_CURVE('',#7940,#7938,#4324,.T.);
#14987=EDGE_CURVE('',#7938,#7438,#4328,.T.);
#14999=EDGE_CURVE('',#7427,#7940,#4336,.T.);
#15001=EDGE_CURVE('',#7432,#7427,#4356,.T.);
#15003=EDGE_CURVE('',#7432,#7938,#4332,.T.);
#15013=EDGE_CURVE('',#7427,#7428,#4344,.T.);
#15016=EDGE_CURVE('',#7958,#7940,#4528,.T.);
#15018=EDGE_CURVE('',#7958,#7428,#4340,.T.);
#15029=EDGE_CURVE('',#7428,#7430,#4348,.T.);
#15031=EDGE_CURVE('',#7430,#7432,#4352,.T.);
#15043=EDGE_CURVE('',#7958,#7956,#4360,.T.);
#15045=EDGE_CURVE('',#7956,#7430,#4364,.T.);
#15057=EDGE_CURVE('',#7419,#7958,#4372,.T.);
#15059=EDGE_CURVE('',#7424,#7419,#4392,.T.);
#15061=EDGE_CURVE('',#7424,#7956,#4368,.T.);
#15071=EDGE_CURVE('',#7419,#7420,#4380,.T.);
#15074=EDGE_CURVE('',#7976,#7958,#4464,.T.);
#15076=EDGE_CURVE('',#7976,#7420,#4376,.T.);
#15087=EDGE_CURVE('',#7420,#7422,#4384,.T.);
#15089=EDGE_CURVE('',#7422,#7424,#4388,.T.);
#15101=EDGE_CURVE('',#7976,#7974,#4396,.T.);
#15103=EDGE_CURVE('',#7974,#7422,#4400,.T.);
#15128=EDGE_CURVE('',#7974,#7956,#4408,.T.);
#15139=EDGE_CURVE('',#7345,#7346,#4420,.T.);
#15141=EDGE_CURVE('',#7345,#7956,#4412,.T.);
#15144=EDGE_CURVE('',#7974,#7346,#4416,.T.);
#15155=EDGE_CURVE('',#7346,#7348,#4424,.T.);
#15157=EDGE_CURVE('',#7348,#7350,#4428,.T.);
#15159=EDGE_CURVE('',#7350,#7345,#4432,.T.);
#15170=EDGE_CURVE('',#7974,#7972,#4436,.T.);
#15172=EDGE_CURVE('',#7972,#7348,#4440,.T.);
#15198=EDGE_CURVE('',#7350,#7954,#4452,.T.);
#15208=EDGE_CURVE('',#7956,#7954,#4456,.T.);
#15233=EDGE_CURVE('',#7494,#7496,#4476,.T.);
#15235=EDGE_CURVE('',#7976,#7494,#5448,.T.);
#15238=EDGE_CURVE('',#7496,#7958,#4492,.T.);
#15248=EDGE_CURVE('',#7491,#7492,#4468,.T.);
#15250=EDGE_CURVE('',#7492,#7494,#4472,.T.);
#15253=EDGE_CURVE('',#7496,#7491,#4480,.T.);
#15264=EDGE_CURVE('',#7491,#7960,#4484,.T.);
#15266=EDGE_CURVE('',#7978,#7960,#5452,.T.);
#15268=EDGE_CURVE('',#7978,#7492,#4488,.T.);
#15278=EDGE_CURVE('',#7960,#7958,#4496,.T.);
#15291=EDGE_CURVE('',#7960,#7500,#4508,.T.);
#15294=EDGE_CURVE('',#7958,#7502,#4500,.T.);
#15296=EDGE_CURVE('',#7500,#7502,#4516,.T.);
#15306=EDGE_CURVE('',#7499,#7500,#4512,.T.);
#15308=EDGE_CURVE('',#7499,#7942,#4504,.T.);
#15310=EDGE_CURVE('',#7960,#7942,#4592,.T.);
#15323=EDGE_CURVE('',#7502,#7504,#4520,.T.);
#15325=EDGE_CURVE('',#7504,#7499,#4524,.T.);
#15338=EDGE_CURVE('',#7504,#7940,#4532,.T.);
#15348=EDGE_CURVE('',#7942,#7940,#4536,.T.);
#15361=EDGE_CURVE('',#7942,#7508,#4548,.T.);
#15364=EDGE_CURVE('',#7940,#7510,#4540,.T.);
#15366=EDGE_CURVE('',#7508,#7510,#4556,.T.);
#15376=EDGE_CURVE('',#7507,#7508,#4552,.T.);
#15378=EDGE_CURVE('',#7507,#8090,#4544,.T.);
#15380=EDGE_CURVE('',#7942,#8090,#4588,.T.);
#15393=EDGE_CURVE('',#7510,#7512,#4560,.T.);
#15395=EDGE_CURVE('',#7512,#7507,#4564,.T.);
#15408=EDGE_CURVE('',#7512,#8088,#4572,.T.);
#15418=EDGE_CURVE('',#8090,#8088,#4576,.T.);
#15433=EDGE_CURVE('',#8088,#7516,#4580,.T.);
#15468=EDGE_CURVE('',#7572,#7574,#4604,.T.);
#15470=EDGE_CURVE('',#7960,#7572,#4616,.T.);
#15483=EDGE_CURVE('',#7570,#7572,#4600,.T.);
#15496=EDGE_CURVE('',#7962,#7960,#4612,.T.);
#15509=EDGE_CURVE('',#7561,#7962,#4624,.T.);
#15511=EDGE_CURVE('',#7566,#7561,#4644,.T.);
#15513=EDGE_CURVE('',#7566,#7960,#4620,.T.);
#15523=EDGE_CURVE('',#7561,#7562,#4632,.T.);
#15526=EDGE_CURVE('',#7980,#7962,#4816,.T.);
#15528=EDGE_CURVE('',#7980,#7562,#4628,.T.);
#15539=EDGE_CURVE('',#7562,#7564,#4636,.T.);
#15541=EDGE_CURVE('',#7564,#7566,#4640,.T.);
#15553=EDGE_CURVE('',#7980,#7978,#4648,.T.);
#15555=EDGE_CURVE('',#7978,#7564,#4652,.T.);
#15567=EDGE_CURVE('',#7553,#7980,#4660,.T.);
#15569=EDGE_CURVE('',#7558,#7553,#4680,.T.);
#15571=EDGE_CURVE('',#7558,#7978,#4656,.T.);
#15581=EDGE_CURVE('',#7553,#7554,#4668,.T.);
#15584=EDGE_CURVE('',#7996,#7980,#4800,.T.);
#15586=EDGE_CURVE('',#7996,#7554,#4664,.T.);
#15597=EDGE_CURVE('',#7554,#7556,#4672,.T.);
#15599=EDGE_CURVE('',#7556,#7558,#4676,.T.);
#15611=EDGE_CURVE('',#7996,#7994,#4684,.T.);
#15613=EDGE_CURVE('',#7994,#7556,#4688,.T.);
#15625=EDGE_CURVE('',#7545,#7996,#4696,.T.);
#15627=EDGE_CURVE('',#7550,#7545,#4716,.T.);
#15629=EDGE_CURVE('',#7550,#7994,#4692,.T.);
#15639=EDGE_CURVE('',#7545,#7546,#4704,.T.);
#15642=EDGE_CURVE('',#8008,#7996,#4736,.T.);
#15644=EDGE_CURVE('',#8008,#7546,#4700,.T.);
#15655=EDGE_CURVE('',#7546,#7548,#4708,.T.);
#15657=EDGE_CURVE('',#7548,#7550,#4712,.T.);
#15669=EDGE_CURVE('',#8008,#8006,#4720,.T.);
#15671=EDGE_CURVE('',#8006,#7548,#4724,.T.);
#15706=EDGE_CURVE('',#7618,#7620,#4748,.T.);
#15708=EDGE_CURVE('',#8008,#7618,#5388,.T.);
#15711=EDGE_CURVE('',#7620,#7996,#4764,.T.);
#15721=EDGE_CURVE('',#7615,#7616,#4740,.T.);
#15723=EDGE_CURVE('',#7616,#7618,#4744,.T.);
#15726=EDGE_CURVE('',#7620,#7615,#4752,.T.);
#15737=EDGE_CURVE('',#7615,#7998,#4756,.T.);
#15739=EDGE_CURVE('',#8010,#7998,#5392,.T.);
#15741=EDGE_CURVE('',#8010,#7616,#4760,.T.);
#15751=EDGE_CURVE('',#7998,#7996,#4768,.T.);
#15764=EDGE_CURVE('',#7998,#7624,#4780,.T.);
#15767=EDGE_CURVE('',#7996,#7626,#4772,.T.);
#15769=EDGE_CURVE('',#7624,#7626,#4788,.T.);
#15779=EDGE_CURVE('',#7623,#7624,#4784,.T.);
#15781=EDGE_CURVE('',#7623,#7982,#4776,.T.);
#15783=EDGE_CURVE('',#7998,#7982,#4836,.T.);
#15796=EDGE_CURVE('',#7626,#7628,#4792,.T.);
#15798=EDGE_CURVE('',#7628,#7623,#4796,.T.);
#15811=EDGE_CURVE('',#7628,#7980,#4804,.T.);
#15821=EDGE_CURVE('',#7982,#7980,#4808,.T.);
#15836=EDGE_CURVE('',#7980,#7634,#4812,.T.);
#15838=EDGE_CURVE('',#7632,#7634,#4824,.T.);
#15848=EDGE_CURVE('',#7634,#7636,#4828,.T.);
#15874=EDGE_CURVE('',#7998,#7688,#4844,.T.);
#15887=EDGE_CURVE('',#8000,#7998,#4840,.T.);
#15900=EDGE_CURVE('',#7679,#8000,#4852,.T.);
#15902=EDGE_CURVE('',#7684,#7679,#4872,.T.);
#15904=EDGE_CURVE('',#7684,#7998,#4848,.T.);
#15914=EDGE_CURVE('',#7679,#7680,#4860,.T.);
#15917=EDGE_CURVE('',#8012,#8000,#5044,.T.);
#15919=EDGE_CURVE('',#8012,#7680,#4856,.T.);
#15930=EDGE_CURVE('',#7680,#7682,#4864,.T.);
#15932=EDGE_CURVE('',#7682,#7684,#4868,.T.);
#15944=EDGE_CURVE('',#8012,#8010,#4876,.T.);
#15946=EDGE_CURVE('',#8010,#7682,#4880,.T.);
#15958=EDGE_CURVE('',#7671,#8012,#4888,.T.);
#15960=EDGE_CURVE('',#7676,#7671,#4908,.T.);
#15962=EDGE_CURVE('',#7676,#8010,#4884,.T.);
#15972=EDGE_CURVE('',#7671,#7672,#4896,.T.);
#15975=EDGE_CURVE('',#8024,#8012,#5028,.T.);
#15977=EDGE_CURVE('',#8024,#7672,#4892,.T.);
#15988=EDGE_CURVE('',#7672,#7674,#4900,.T.);
#15990=EDGE_CURVE('',#7674,#7676,#4904,.T.);
#16002=EDGE_CURVE('',#8024,#8022,#4912,.T.);
#16004=EDGE_CURVE('',#8022,#7674,#4916,.T.);
#16016=EDGE_CURVE('',#7663,#8024,#4924,.T.);
#16018=EDGE_CURVE('',#7668,#7663,#4944,.T.);
#16020=EDGE_CURVE('',#7668,#8022,#4920,.T.);
#16030=EDGE_CURVE('',#7663,#7664,#4932,.T.);
#16033=EDGE_CURVE('',#8036,#8024,#4964,.T.);
#16035=EDGE_CURVE('',#8036,#7664,#4928,.T.);
#16046=EDGE_CURVE('',#7664,#7666,#4936,.T.);
#16048=EDGE_CURVE('',#7666,#7668,#4940,.T.);
#16060=EDGE_CURVE('',#8036,#8034,#4948,.T.);
#16062=EDGE_CURVE('',#8034,#7666,#4952,.T.);
#16097=EDGE_CURVE('',#7724,#7726,#4976,.T.);
#16099=EDGE_CURVE('',#8036,#7724,#5328,.T.);
#16102=EDGE_CURVE('',#7726,#8024,#4992,.T.);
#16112=EDGE_CURVE('',#7721,#7722,#4968,.T.);
#16114=EDGE_CURVE('',#7722,#7724,#4972,.T.);
#16117=EDGE_CURVE('',#7726,#7721,#4980,.T.);
#16128=EDGE_CURVE('',#7721,#8026,#4984,.T.);
#16130=EDGE_CURVE('',#8038,#8026,#5332,.T.);
#16132=EDGE_CURVE('',#8038,#7722,#4988,.T.);
#16142=EDGE_CURVE('',#8026,#8024,#4996,.T.);
#16155=EDGE_CURVE('',#8026,#7730,#5008,.T.);
#16158=EDGE_CURVE('',#8024,#7732,#5000,.T.);
#16160=EDGE_CURVE('',#7730,#7732,#5016,.T.);
#16170=EDGE_CURVE('',#7729,#7730,#5012,.T.);
#16172=EDGE_CURVE('',#7729,#8014,#5004,.T.);
#16174=EDGE_CURVE('',#8026,#8014,#5048,.T.);
#16187=EDGE_CURVE('',#7732,#7734,#5020,.T.);
#16189=EDGE_CURVE('',#7734,#7729,#5024,.T.);
#16202=EDGE_CURVE('',#7734,#8012,#5032,.T.);
#16212=EDGE_CURVE('',#8014,#8012,#5036,.T.);
#16227=EDGE_CURVE('',#8012,#7738,#5040,.T.);
#16251=EDGE_CURVE('',#8026,#7774,#5056,.T.);
#16264=EDGE_CURVE('',#8028,#8026,#5052,.T.);
#16277=EDGE_CURVE('',#7765,#8028,#5064,.T.);
#16279=EDGE_CURVE('',#7770,#7765,#5084,.T.);
#16281=EDGE_CURVE('',#7770,#8026,#5060,.T.);
#16291=EDGE_CURVE('',#7765,#7766,#5072,.T.);
#16294=EDGE_CURVE('',#8040,#8028,#5256,.T.);
#16296=EDGE_CURVE('',#8040,#7766,#5068,.T.);
#16307=EDGE_CURVE('',#7766,#7768,#5076,.T.);
#16309=EDGE_CURVE('',#7768,#7770,#5080,.T.);
#16321=EDGE_CURVE('',#8040,#8038,#5088,.T.);
#16323=EDGE_CURVE('',#8038,#7768,#5092,.T.);
#16335=EDGE_CURVE('',#7757,#8040,#5100,.T.);
#16337=EDGE_CURVE('',#7762,#7757,#5120,.T.);
#16339=EDGE_CURVE('',#7762,#8038,#5096,.T.);
#16349=EDGE_CURVE('',#7757,#7758,#5108,.T.);
#16352=EDGE_CURVE('',#7024,#8040,#5240,.T.);
#16354=EDGE_CURVE('',#7024,#7758,#5104,.T.);
#16365=EDGE_CURVE('',#7758,#7760,#5112,.T.);
#16367=EDGE_CURVE('',#7760,#7762,#5116,.T.);
#16379=EDGE_CURVE('',#7024,#8050,#5124,.T.);
#16381=EDGE_CURVE('',#8050,#7760,#5128,.T.);
#16393=EDGE_CURVE('',#7021,#7024,#5136,.T.);
#16395=EDGE_CURVE('',#7754,#7021,#5156,.T.);
#16397=EDGE_CURVE('',#7754,#8050,#5132,.T.);
#16407=EDGE_CURVE('',#7021,#7022,#5144,.T.);
#16410=EDGE_CURVE('',#7018,#7024,#5176,.T.);
#16412=EDGE_CURVE('',#7018,#7022,#5140,.T.);
#16423=EDGE_CURVE('',#7022,#7752,#5148,.T.);
#16425=EDGE_CURVE('',#7752,#7754,#5152,.T.);
#16437=EDGE_CURVE('',#7018,#8058,#5160,.T.);
#16439=EDGE_CURVE('',#8058,#7752,#5164,.T.);
#16474=EDGE_CURVE('',#7798,#7800,#5188,.T.);
#16476=EDGE_CURVE('',#7018,#7798,#5268,.T.);
#16479=EDGE_CURVE('',#7800,#7024,#5204,.T.);
#16489=EDGE_CURVE('',#7795,#7796,#5180,.T.);
#16491=EDGE_CURVE('',#7796,#7798,#5184,.T.);
#16494=EDGE_CURVE('',#7800,#7795,#5192,.T.);
#16505=EDGE_CURVE('',#7795,#8052,#5196,.T.);
#16507=EDGE_CURVE('',#8060,#8052,#5260,.T.);
#16509=EDGE_CURVE('',#8060,#7796,#5200,.T.);
#16522=EDGE_CURVE('',#8052,#7024,#5208,.T.);
#16532=EDGE_CURVE('',#8052,#7804,#5220,.T.);
#16535=EDGE_CURVE('',#7024,#7806,#5212,.T.);
#16537=EDGE_CURVE('',#7804,#7806,#5228,.T.);
#16547=EDGE_CURVE('',#7803,#7804,#5224,.T.);
#16549=EDGE_CURVE('',#7803,#8042,#5216,.T.);
#16563=EDGE_CURVE('',#7806,#7808,#5232,.T.);
#16565=EDGE_CURVE('',#7808,#7803,#5236,.T.);
#16578=EDGE_CURVE('',#7808,#8040,#5244,.T.);
#16588=EDGE_CURVE('',#8042,#8040,#5248,.T.);
#16603=EDGE_CURVE('',#8040,#7814,#5252,.T.);
#16639=EDGE_CURVE('',#8060,#7018,#5264,.T.);
#16665=EDGE_CURVE('',#8050,#8038,#5276,.T.);
#16676=EDGE_CURVE('',#7713,#7714,#5288,.T.);
#16678=EDGE_CURVE('',#7713,#8038,#5280,.T.);
#16681=EDGE_CURVE('',#8050,#7714,#5284,.T.);
#16692=EDGE_CURVE('',#7714,#7716,#5292,.T.);
#16694=EDGE_CURVE('',#7716,#7718,#5296,.T.);
#16696=EDGE_CURVE('',#7718,#7713,#5300,.T.);
#16707=EDGE_CURVE('',#8050,#8048,#5304,.T.);
#16709=EDGE_CURVE('',#8048,#7716,#5308,.T.);
#16735=EDGE_CURVE('',#7718,#8036,#5320,.T.);
#16745=EDGE_CURVE('',#8038,#8036,#5324,.T.);
#16784=EDGE_CURVE('',#8022,#8010,#5336,.T.);
#16795=EDGE_CURVE('',#7607,#7608,#5348,.T.);
#16797=EDGE_CURVE('',#7607,#8010,#5340,.T.);
#16800=EDGE_CURVE('',#8022,#7608,#5344,.T.);
#16811=EDGE_CURVE('',#7608,#7610,#5352,.T.);
#16813=EDGE_CURVE('',#7610,#7612,#5356,.T.);
#16815=EDGE_CURVE('',#7612,#7607,#5360,.T.);
#16826=EDGE_CURVE('',#8022,#8020,#5364,.T.);
#16828=EDGE_CURVE('',#8020,#7610,#5368,.T.);
#16854=EDGE_CURVE('',#7612,#8008,#5380,.T.);
#16864=EDGE_CURVE('',#8010,#8008,#5384,.T.);
#16903=EDGE_CURVE('',#7994,#7978,#5396,.T.);
#16914=EDGE_CURVE('',#7483,#7484,#5408,.T.);
#16916=EDGE_CURVE('',#7483,#7978,#5400,.T.);
#16919=EDGE_CURVE('',#7994,#7484,#5404,.T.);
#16930=EDGE_CURVE('',#7484,#7486,#5412,.T.);
#16932=EDGE_CURVE('',#7486,#7488,#5416,.T.);
#16934=EDGE_CURVE('',#7488,#7483,#5420,.T.);
#16945=EDGE_CURVE('',#7994,#7992,#5424,.T.);
#16947=EDGE_CURVE('',#7992,#7486,#5428,.T.);
#16973=EDGE_CURVE('',#7488,#7976,#5440,.T.);
#16983=EDGE_CURVE('',#7978,#7976,#5444,.T.);
#17058=EDGE_CURVE('',#7934,#7986,#5468,.T.);
#17069=EDGE_CURVE('',#7207,#7208,#5480,.T.);
#17071=EDGE_CURVE('',#7207,#7986,#5472,.T.);
#17074=EDGE_CURVE('',#7934,#7208,#5476,.T.);
#17085=EDGE_CURVE('',#7208,#7210,#5484,.T.);
#17087=EDGE_CURVE('',#7210,#7212,#5488,.T.);
#17089=EDGE_CURVE('',#7212,#7207,#5492,.T.);
#17100=EDGE_CURVE('',#7934,#7932,#5496,.T.);
#17102=EDGE_CURVE('',#7932,#7210,#5500,.T.);
#17128=EDGE_CURVE('',#7212,#7966,#5512,.T.);
#17138=EDGE_CURVE('',#7986,#7966,#5516,.T.);
#17236=EDGE_CURVE('',#7914,#7062,#5556,.T.);
#17238=EDGE_CURVE('',#7061,#7062,#5568,.T.);
#17251=EDGE_CURVE('',#7062,#7064,#5572,.T.);
#17273=EDGE_CURVE('',#7948,#7928,#5580,.T.);
#17321=EDGE_CURVE('',#6571,#7026,#5612,.T.);
#17347=EDGE_CURVE('',#7066,#6738,#5628,.T.);
#17370=EDGE_CURVE('',#6726,#6582,#5648,.T.);
#17381=EDGE_CURVE('',#6728,#6580,#5660,.T.);
#17395=EDGE_CURVE('',#6579,#6729,#5656,.T.);
#17409=EDGE_CURVE('',#6731,#6577,#5676,.T.);
#17421=EDGE_CURVE('',#6420,#6421,#5672,.T.);
#17435=EDGE_CURVE('',#6424,#6422,#5691,.T.);
#17447=EDGE_CURVE('',#6732,#6576,#5713,.T.);
#17461=EDGE_CURVE('',#6574,#6734,#5695,.T.);
#17487=EDGE_CURVE('',#6886,#6597,#5738,.T.);
#17490=EDGE_CURVE('',#6596,#6885,#5750,.T.);
#17501=EDGE_CURVE('',#6888,#6600,#5746,.T.);
#17514=EDGE_CURVE('',#6890,#6598,#5759,.T.);
#17539=EDGE_CURVE('',#6894,#6604,#5775,.T.);
#17542=EDGE_CURVE('',#6603,#6893,#5787,.T.);
#17553=EDGE_CURVE('',#6896,#6607,#5783,.T.);
#17566=EDGE_CURVE('',#6898,#6605,#5796,.T.);
#17591=EDGE_CURVE('',#6902,#6611,#5812,.T.);
#17594=EDGE_CURVE('',#6610,#6901,#5824,.T.);
#17605=EDGE_CURVE('',#6904,#6614,#5820,.T.);
#17618=EDGE_CURVE('',#6906,#6612,#5833,.T.);
#17643=EDGE_CURVE('',#6910,#6618,#5849,.T.);
#17646=EDGE_CURVE('',#6617,#6909,#5861,.T.);
#17657=EDGE_CURVE('',#6912,#6621,#5857,.T.);
#17670=EDGE_CURVE('',#6914,#6619,#5870,.T.);
#17695=EDGE_CURVE('',#6918,#6625,#5886,.T.);
#17698=EDGE_CURVE('',#6624,#6917,#5898,.T.);
#17709=EDGE_CURVE('',#6920,#6628,#5894,.T.);
#17722=EDGE_CURVE('',#6922,#6626,#5907,.T.);
#17747=EDGE_CURVE('',#6926,#6632,#5923,.T.);
#17750=EDGE_CURVE('',#6631,#6925,#5935,.T.);
#17761=EDGE_CURVE('',#6928,#6635,#5931,.T.);
#17774=EDGE_CURVE('',#6930,#6633,#5944,.T.);
#17799=EDGE_CURVE('',#6934,#6639,#5960,.T.);
#17802=EDGE_CURVE('',#6638,#6933,#5972,.T.);
#17813=EDGE_CURVE('',#6936,#6642,#5968,.T.);
#17826=EDGE_CURVE('',#6938,#6640,#5981,.T.);
#17851=EDGE_CURVE('',#6942,#6646,#5997,.T.);
#17854=EDGE_CURVE('',#6645,#6941,#6009,.T.);
#17865=EDGE_CURVE('',#6944,#6649,#6005,.T.);
#17878=EDGE_CURVE('',#6946,#6647,#6018,.T.);
#17903=EDGE_CURVE('',#6950,#6653,#6034,.T.);
#17906=EDGE_CURVE('',#6652,#6949,#6046,.T.);
#17917=EDGE_CURVE('',#6952,#6656,#6042,.T.);
#17930=EDGE_CURVE('',#6954,#6654,#6055,.T.);
#17955=EDGE_CURVE('',#6958,#6660,#6071,.T.);
#17958=EDGE_CURVE('',#6659,#6957,#6083,.T.);
#17969=EDGE_CURVE('',#6960,#6663,#6079,.T.);
#17982=EDGE_CURVE('',#6962,#6661,#6092,.T.);
#18007=EDGE_CURVE('',#6966,#6667,#6108,.T.);
#18010=EDGE_CURVE('',#6666,#6965,#6120,.T.);
#18021=EDGE_CURVE('',#6968,#6670,#6116,.T.);
#18034=EDGE_CURVE('',#6970,#6668,#6129,.T.);
#18059=EDGE_CURVE('',#6671,#6971,#6133,.T.);
#18062=EDGE_CURVE('',#6972,#6672,#6142,.T.);
#18073=EDGE_CURVE('',#6974,#6674,#6158,.T.);
#18098=EDGE_CURVE('',#6675,#6975,#6162,.T.);
#18101=EDGE_CURVE('',#6976,#6676,#6171,.T.);
#18112=EDGE_CURVE('',#6978,#6680,#6187,.T.);
#18125=EDGE_CURVE('',#6980,#6678,#6195,.T.);
#18150=EDGE_CURVE('',#6984,#6684,#6211,.T.);
#18153=EDGE_CURVE('',#6683,#6983,#6223,.T.);
#18164=EDGE_CURVE('',#6986,#6687,#6219,.T.);
#18177=EDGE_CURVE('',#6988,#6685,#6232,.T.);
#18202=EDGE_CURVE('',#6992,#6691,#6248,.T.);
#18205=EDGE_CURVE('',#6690,#6991,#6260,.T.);
#18216=EDGE_CURVE('',#6994,#6694,#6256,.T.);
#18229=EDGE_CURVE('',#6996,#6692,#6269,.T.);
#18254=EDGE_CURVE('',#6998,#6696,#6301,.T.);
#18257=EDGE_CURVE('',#6997,#6695,#6285,.T.);
#18280=EDGE_CURVE('',#7000,#6698,#6333,.T.);
#18283=EDGE_CURVE('',#6999,#6697,#6317,.T.);
#18306=EDGE_CURVE('',#7002,#6700,#6365,.T.);
#18309=EDGE_CURVE('',#7001,#6699,#6349,.T.);
#18332=EDGE_CURVE('',#6709,#6703,#6381,.T.);
#18335=EDGE_CURVE('',#6704,#6711,#6393,.T.);
#18346=EDGE_CURVE('',#6713,#6707,#6389,.T.);
#18359=EDGE_CURVE('',#6715,#6705,#6402,.T.);
#18390=CLOSED_SHELL('',(#8116,#8131,#8495,#8512,#8526,#8538,#8551,#8565,#8580,
#8595,#8625,#8638,#8653,#8665,#8679,#8691,#8705,#8721,#8736,#8748,#8762,#8774,
#8788,#8800,#8814,#8830,#9192,#9207,#9219,#9232,#9248,#9263,#9277,#9292,#9306,
#9318,#9333,#9345,#9357,#9369,#9383,#9398,#9413,#9427,#9439,#9451,#9465,#9480,
#9495,#9509,#9523,#9535,#9548,#9562,#9577,#9592,#9606,#9620,#9632,#9645,#9659,
#9674,#9689,#9703,#9717,#9729,#9742,#9758,#9773,#9787,#9802,#9816,#9828,#9841,
#9857,#9872,#9886,#9901,#9917,#9929,#9944,#9958,#9970,#9982,#9996,#10011,#10026,
#10040,#10054,#10066,#10079,#10093,#10108,#10123,#10137,#10151,#10163,#10176,
#10190,#10205,#10220,#10234,#10248,#10260,#10273,#10287,#10302,#10317,#10331,
#10345,#10357,#10370,#10386,#10404,#10466,#10481,#10497,#10514,#10530,#10544,
#10556,#10569,#10583,#10599,#10613,#10627,#10639,#10652,#10666,#10682,#10696,
#10710,#10722,#10735,#10749,#10765,#10779,#10793,#10805,#10818,#10832,#10848,
#10862,#10874,#10886,#10900,#10916,#10928,#10943,#10959,#10975,#10989,#11001,
#11014,#11030,#11046,#11060,#11072,#11085,#11099,#11115,#11129,#11143,#11155,
#11168,#11182,#11198,#11212,#11226,#11238,#11251,#11265,#11281,#11295,#11307,
#11319,#11333,#11349,#11363,#11375,#11387,#11399,#11415,#11427,#11440,#11455,
#11469,#11483,#11498,#11512,#11526,#11540,#11553,#11566,#11581,#11596,#11610,
#11623,#11635,#11648,#11661,#11676,#11691,#11705,#11719,#11734,#11749,#11763,
#11775,#11789,#11804,#11819,#11832,#11845,#11858,#11873,#11888,#11902,#11916,
#11931,#11946,#11960,#11972,#11985,#11998,#12013,#12028,#12042,#12056,#12071,
#12086,#12100,#12112,#12125,#12138,#12153,#12168,#12182,#12196,#12211,#12226,
#12240,#12252,#12265,#12278,#12293,#12308,#12322,#12336,#12351,#12366,#12380,
#12392,#12405,#12418,#12433,#12448,#12462,#12476,#12491,#12506,#12520,#12532,
#12545,#12558,#12573,#12588,#12602,#12616,#12631,#12646,#12660,#12672,#12686,
#12701,#12716,#12730,#12742,#12755,#12768,#12783,#12798,#12812,#12826,#12841,
#12856,#12870,#12882,#12895,#12908,#12923,#12938,#12952,#12966,#12981,#12996,
#13010,#13022,#13035,#13048,#13063,#13078,#13092,#13106,#13121,#13136,#13150,
#13162,#13175,#13188,#13203,#13218,#13232,#13246,#13261,#13276,#13290,#13302,
#13316,#13330,#13343,#13357,#13371,#13385,#13401,#13417,#13432,#13445,#13458,
#13470,#13485,#13500,#13515,#13528,#13543,#13558,#13572,#13587,#13601,#13615,
#13629,#13645,#13661,#13674,#13685,#13700,#13713,#13726,#13741,#13756,#13770,
#13784,#13799,#13814,#13828,#13842,#13857,#13872,#13886,#13900,#13912,#13924,
#13939,#13954,#13969,#13982,#13997,#14012,#14026,#14039,#14052,#14067,#14082,
#14096,#14109,#14122,#14137,#14152,#14166,#14179,#14192,#14205,#14217,#14230,
#14243,#14258,#14273,#14287,#14301,#14316,#14331,#14345,#14359,#14374,#14389,
#14403,#14417,#14432,#14447,#14461,#14475,#14490,#14505,#14519,#14533,#14545,
#14557,#14572,#14587,#14602,#14615,#14630,#14645,#14659,#14672,#14685,#14700,
#14715,#14729,#14742,#14755,#14770,#14785,#14799,#14812,#14825,#14838,#14850,
#14863,#14876,#14891,#14906,#14920,#14934,#14949,#14964,#14978,#14992,#15007,
#15022,#15036,#15050,#15065,#15080,#15094,#15108,#15120,#15133,#15148,#15163,
#15177,#15189,#15202,#15215,#15227,#15242,#15257,#15272,#15285,#15300,#15315,
#15329,#15342,#15355,#15370,#15385,#15399,#15412,#15425,#15438,#15450,#15462,
#15476,#15489,#15502,#15517,#15532,#15546,#15560,#15575,#15590,#15604,#15618,
#15633,#15648,#15662,#15676,#15688,#15700,#15715,#15730,#15745,#15758,#15773,
#15788,#15802,#15815,#15828,#15842,#15855,#15867,#15880,#15893,#15908,#15923,
#15937,#15951,#15966,#15981,#15995,#16009,#16024,#16039,#16053,#16067,#16079,
#16091,#16106,#16121,#16136,#16149,#16164,#16179,#16193,#16206,#16219,#16232,
#16244,#16257,#16270,#16285,#16300,#16314,#16328,#16343,#16358,#16372,#16386,
#16401,#16416,#16430,#16444,#16456,#16468,#16483,#16498,#16513,#16526,#16541,
#16555,#16569,#16582,#16595,#16608,#16620,#16632,#16645,#16657,#16670,#16685,
#16700,#16714,#16726,#16739,#16752,#16764,#16776,#16789,#16804,#16819,#16833,
#16845,#16858,#16871,#16883,#16895,#16908,#16923,#16938,#16952,#16964,#16977,
#16990,#17002,#17014,#17026,#17038,#17050,#17063,#17078,#17093,#17107,#17119,
#17132,#17145,#17157,#17169,#17181,#17193,#17205,#17217,#17228,#17242,#17255,
#17266,#17279,#17291,#17302,#17314,#17327,#17338,#17351,#17362,#17375,#17388,
#17401,#17414,#17427,#17440,#17453,#17468,#17480,#17494,#17507,#17520,#17532,
#17546,#17559,#17572,#17584,#17598,#17611,#17624,#17636,#17650,#17663,#17676,
#17688,#17702,#17715,#17728,#17740,#17754,#17767,#17780,#17792,#17806,#17819,
#17832,#17844,#17858,#17871,#17884,#17896,#17910,#17923,#17936,#17948,#17962,
#17975,#17988,#18000,#18014,#18027,#18040,#18052,#18066,#18079,#18091,#18105,
#18118,#18131,#18143,#18157,#18170,#18183,#18195,#18209,#18222,#18235,#18247,
#18261,#18273,#18287,#18299,#18313,#18325,#18339,#18352,#18365,#18377,#18389));
#18391=MANIFOLD_SOLID_BREP('',#18390);
#18392=(LENGTH_UNIT()NAMED_UNIT(*)SI_UNIT(.MILLI.,.METRE.));
#18394=(NAMED_UNIT(*)PLANE_ANGLE_UNIT()SI_UNIT($,.RADIAN.));
#18397=(NAMED_UNIT(*)SI_UNIT($,.STERADIAN.)SOLID_ANGLE_UNIT());
#18400=ADVANCED_BREP_SHAPE_REPRESENTATION('',(#18391),#18399);
#18407=PRODUCT_DEFINITION('design','',#18406,#18403);
#18408=PRODUCT_DEFINITION_SHAPE('','SHAPE FOR 332000195.',#18407);
#18409=SHAPE_DEFINITION_REPRESENTATION(#18408,#18400);
ENDSEC;
END-ISO-10303-21;
