ISO-10303-21;
HEADER;
FILE_DESCRIPTION((''),'2;1');
FILE_NAME('1-RAIL-BASE-2_3','2026-09-15T11:08:16',('EDY'),(''),
'CREO PARAMETRIC BY PTC INC, 2021284','CREO PARAMETRIC BY PTC INC, 2021284','');
FILE_SCHEMA(('CONFIG_CONTROL_DESIGN'));
ENDSEC;
DATA;
#1=DIRECTION('',(4.253408980350E-13,0.E0,1.E0));
#2=VECTOR('',#1,4.245222445319E0);
#3=CARTESIAN_POINT('',(4.65E0,-1.571E2,-1.252E2));
#4=LINE('',#3,#2);
#5=CARTESIAN_POINT('',(0.E0,-1.571E2,-1.445E2));
#6=DIRECTION('',(0.E0,1.E0,0.E0));
#7=DIRECTION('',(1.9375E-1,0.E0,9.810509352220E-1));
#8=AXIS2_PLACEMENT_3D('',#5,#6,#7);
#10=DIRECTION('',(-4.249224613424E-13,0.E0,1.E0));
#11=VECTOR('',#10,4.245222445319E0);
#12=CARTESIAN_POINT('',(4.650000000002E0,-1.571E2,-1.680452224453E2));
#13=LINE('',#12,#11);
#14=DIRECTION('',(6.419570120504E-13,0.E0,-1.E0));
#15=VECTOR('',#14,4.221205326272E0);
#16=CARTESIAN_POINT('',(-4.77E0,-1.571E2,-1.638E2));
#17=LINE('',#16,#15);
#18=CARTESIAN_POINT('',(0.E0,-1.571E2,-1.445E2));
#19=DIRECTION('',(0.E0,1.E0,0.E0));
#20=DIRECTION('',(-1.9875E-1,0.E0,-9.800502219274E-1));
#21=AXIS2_PLACEMENT_3D('',#18,#19,#20);
#23=DIRECTION('',(-6.419570120504E-13,0.E0,-1.E0));
#24=VECTOR('',#23,4.221205326273E0);
#25=CARTESIAN_POINT('',(-4.769999999997E0,-1.571E2,-1.209787946737E2));
#26=LINE('',#25,#24);
#27=CARTESIAN_POINT('',(8.E1,-1.571E2,-1.445E2));
#28=DIRECTION('',(0.E0,1.E0,0.E0));
#29=DIRECTION('',(0.E0,0.E0,1.E0));
#30=AXIS2_PLACEMENT_3D('',#27,#28,#29);
#32=CARTESIAN_POINT('',(8.E1,-1.571E2,-1.445E2));
#33=DIRECTION('',(0.E0,1.E0,0.E0));
#34=DIRECTION('',(0.E0,0.E0,-1.E0));
#35=AXIS2_PLACEMENT_3D('',#32,#33,#34);
#37=CARTESIAN_POINT('',(6.E1,-1.571E2,-1.445E2));
#38=DIRECTION('',(0.E0,1.E0,0.E0));
#39=DIRECTION('',(0.E0,0.E0,1.E0));
#40=AXIS2_PLACEMENT_3D('',#37,#38,#39);
#42=CARTESIAN_POINT('',(6.E1,-1.571E2,-1.445E2));
#43=DIRECTION('',(0.E0,1.E0,0.E0));
#44=DIRECTION('',(0.E0,0.E0,-1.E0));
#45=AXIS2_PLACEMENT_3D('',#42,#43,#44);
#47=CARTESIAN_POINT('',(4.E1,-1.571E2,-1.445E2));
#48=DIRECTION('',(0.E0,1.E0,0.E0));
#49=DIRECTION('',(0.E0,0.E0,1.E0));
#50=AXIS2_PLACEMENT_3D('',#47,#48,#49);
#52=CARTESIAN_POINT('',(4.E1,-1.571E2,-1.445E2));
#53=DIRECTION('',(0.E0,1.E0,0.E0));
#54=DIRECTION('',(0.E0,0.E0,-1.E0));
#55=AXIS2_PLACEMENT_3D('',#52,#53,#54);
#57=CARTESIAN_POINT('',(-4.E1,-1.571E2,-1.445E2));
#58=DIRECTION('',(0.E0,1.E0,0.E0));
#59=DIRECTION('',(0.E0,0.E0,1.E0));
#60=AXIS2_PLACEMENT_3D('',#57,#58,#59);
#62=CARTESIAN_POINT('',(-4.E1,-1.571E2,-1.445E2));
#63=DIRECTION('',(0.E0,1.E0,0.E0));
#64=DIRECTION('',(0.E0,0.E0,-1.E0));
#65=AXIS2_PLACEMENT_3D('',#62,#63,#64);
#67=CARTESIAN_POINT('',(-6.E1,-1.571E2,-1.445E2));
#68=DIRECTION('',(0.E0,1.E0,0.E0));
#69=DIRECTION('',(0.E0,0.E0,1.E0));
#70=AXIS2_PLACEMENT_3D('',#67,#68,#69);
#72=CARTESIAN_POINT('',(-6.E1,-1.571E2,-1.445E2));
#73=DIRECTION('',(0.E0,1.E0,0.E0));
#74=DIRECTION('',(0.E0,0.E0,-1.E0));
#75=AXIS2_PLACEMENT_3D('',#72,#73,#74);
#77=CARTESIAN_POINT('',(-8.E1,-1.571E2,-1.445E2));
#78=DIRECTION('',(0.E0,1.E0,0.E0));
#79=DIRECTION('',(0.E0,0.E0,1.E0));
#80=AXIS2_PLACEMENT_3D('',#77,#78,#79);
#82=CARTESIAN_POINT('',(-8.E1,-1.571E2,-1.445E2));
#83=DIRECTION('',(0.E0,1.E0,0.E0));
#84=DIRECTION('',(0.E0,0.E0,-1.E0));
#85=AXIS2_PLACEMENT_3D('',#82,#83,#84);
#87=CARTESIAN_POINT('',(-1.1E1,-1.571E2,-1.145E2));
#88=DIRECTION('',(0.E0,1.E0,0.E0));
#89=DIRECTION('',(1.E0,0.E0,0.E0));
#90=AXIS2_PLACEMENT_3D('',#87,#88,#89);
#92=CARTESIAN_POINT('',(-1.1E1,-1.571E2,-1.145E2));
#93=DIRECTION('',(0.E0,1.E0,0.E0));
#94=DIRECTION('',(-1.E0,0.E0,0.E0));
#95=AXIS2_PLACEMENT_3D('',#92,#93,#94);
#97=CARTESIAN_POINT('',(1.1E1,-1.571E2,-1.145E2));
#98=DIRECTION('',(0.E0,1.E0,0.E0));
#99=DIRECTION('',(1.E0,0.E0,0.E0));
#100=AXIS2_PLACEMENT_3D('',#97,#98,#99);
#102=CARTESIAN_POINT('',(1.1E1,-1.571E2,-1.145E2));
#103=DIRECTION('',(0.E0,1.E0,0.E0));
#104=DIRECTION('',(-1.E0,0.E0,0.E0));
#105=AXIS2_PLACEMENT_3D('',#102,#103,#104);
#107=CARTESIAN_POINT('',(-1.1E1,-1.571E2,-1.745E2));
#108=DIRECTION('',(0.E0,1.E0,0.E0));
#109=DIRECTION('',(1.E0,0.E0,0.E0));
#110=AXIS2_PLACEMENT_3D('',#107,#108,#109);
#112=CARTESIAN_POINT('',(-1.1E1,-1.571E2,-1.745E2));
#113=DIRECTION('',(0.E0,1.E0,0.E0));
#114=DIRECTION('',(-1.E0,0.E0,0.E0));
#115=AXIS2_PLACEMENT_3D('',#112,#113,#114);
#117=CARTESIAN_POINT('',(1.1E1,-1.571E2,-1.745E2));
#118=DIRECTION('',(0.E0,1.E0,0.E0));
#119=DIRECTION('',(1.E0,0.E0,0.E0));
#120=AXIS2_PLACEMENT_3D('',#117,#118,#119);
#122=CARTESIAN_POINT('',(1.1E1,-1.571E2,-1.745E2));
#123=DIRECTION('',(0.E0,1.E0,0.E0));
#124=DIRECTION('',(-1.E0,0.E0,0.E0));
#125=AXIS2_PLACEMENT_3D('',#122,#123,#124);
#127=DIRECTION('',(-1.E0,0.E0,0.E0));
#128=VECTOR('',#127,5.5E0);
#129=CARTESIAN_POINT('',(-7.97E1,-1.571E2,-1.598E2));
#130=LINE('',#129,#128);
#131=CARTESIAN_POINT('',(-6.330790018147E1,-1.571E2,-1.664775042897E2));
#132=DIRECTION('',(0.E0,-1.E0,0.E0));
#133=DIRECTION('',(-5.040111969066E-2,0.E0,9.987290559175E-1));
#134=AXIS2_PLACEMENT_3D('',#131,#132,#133);
#136=CARTESIAN_POINT('',(-4.039801975345E1,-1.571E2,-1.665E2));
#137=DIRECTION('',(0.E0,1.E0,0.E0));
#138=DIRECTION('',(0.E0,0.E0,1.E0));
#139=AXIS2_PLACEMENT_3D('',#136,#137,#138);
#141=CARTESIAN_POINT('',(0.E0,-1.571E2,-1.445E2));
#142=DIRECTION('',(0.E0,-1.E0,0.E0));
#143=DIRECTION('',(-8.782178207259E-1,0.E0,-4.782608695674E-1));
#144=AXIS2_PLACEMENT_3D('',#141,#142,#143);
#146=CARTESIAN_POINT('',(-1.25E1,-1.571E2,-1.762332416321E2));
#147=DIRECTION('',(0.E0,-1.E0,0.E0));
#148=DIRECTION('',(-1.E0,0.E0,0.E0));
#149=AXIS2_PLACEMENT_3D('',#146,#147,#148);
#151=DIRECTION('',(1.E0,0.E0,0.E0));
#152=VECTOR('',#151,2.5E1);
#153=CARTESIAN_POINT('',(-1.25E1,-1.571E2,-1.785332416321E2));
#154=LINE('',#153,#152);
#155=CARTESIAN_POINT('',(1.25E1,-1.571E2,-1.762332416321E2));
#156=DIRECTION('',(0.E0,-1.E0,0.E0));
#157=DIRECTION('',(7.800523512149E-14,0.E0,-1.E0));
#158=AXIS2_PLACEMENT_3D('',#155,#156,#157);
#160=CARTESIAN_POINT('',(0.E0,-1.571E2,-1.445E2));
#161=DIRECTION('',(0.E0,-1.E0,0.E0));
#162=DIRECTION('',(5.229681978799E-1,0.E0,-8.523521948152E-1));
#163=AXIS2_PLACEMENT_3D('',#160,#161,#162);
#165=CARTESIAN_POINT('',(4.039801975345E1,-1.571E2,-1.665E2));
#166=DIRECTION('',(0.E0,1.E0,0.E0));
#167=DIRECTION('',(-8.782178207286E-1,0.E0,4.782608695625E-1));
#168=AXIS2_PLACEMENT_3D('',#165,#166,#167);
#170=CARTESIAN_POINT('',(6.330790018147E1,-1.571E2,-1.664775042897E2));
#171=DIRECTION('',(0.E0,-1.E0,0.E0));
#172=DIRECTION('',(9.261073343800E-1,0.E0,3.772601293639E-1));
#173=AXIS2_PLACEMENT_3D('',#170,#171,#172);
#175=DIRECTION('',(-1.E0,0.E0,0.E0));
#176=VECTOR('',#175,5.5E0);
#177=CARTESIAN_POINT('',(8.52E1,-1.571E2,-1.598E2));
#178=LINE('',#177,#176);
#179=DIRECTION('',(1.E0,0.E0,0.E0));
#180=VECTOR('',#179,5.5E0);
#181=CARTESIAN_POINT('',(7.97E1,-1.571E2,-1.292E2));
#182=LINE('',#181,#180);
#183=CARTESIAN_POINT('',(6.330790018147E1,-1.571E2,-1.225224957103E2));
#184=DIRECTION('',(0.E0,-1.E0,0.E0));
#185=DIRECTION('',(5.040111969069E-2,0.E0,-9.987290559175E-1));
#186=AXIS2_PLACEMENT_3D('',#183,#184,#185);
#188=CARTESIAN_POINT('',(4.039801975345E1,-1.571E2,-1.225E2));
#189=DIRECTION('',(0.E0,1.E0,0.E0));
#190=DIRECTION('',(0.E0,0.E0,-1.E0));
#191=AXIS2_PLACEMENT_3D('',#188,#189,#190);
#193=CARTESIAN_POINT('',(0.E0,-1.571E2,-1.445E2));
#194=DIRECTION('',(0.E0,-1.E0,0.E0));
#195=DIRECTION('',(8.782178207259E-1,0.E0,4.782608695674E-1));
#196=AXIS2_PLACEMENT_3D('',#193,#194,#195);
#198=CARTESIAN_POINT('',(1.25E1,-1.571E2,-1.127667583679E2));
#199=DIRECTION('',(0.E0,-1.E0,0.E0));
#200=DIRECTION('',(1.E0,0.E0,0.E0));
#201=AXIS2_PLACEMENT_3D('',#198,#199,#200);
#203=DIRECTION('',(-1.E0,0.E0,0.E0));
#204=VECTOR('',#203,2.5E1);
#205=CARTESIAN_POINT('',(1.25E1,-1.571E2,-1.104667583679E2));
#206=LINE('',#205,#204);
#207=CARTESIAN_POINT('',(-1.25E1,-1.571E2,-1.127667583679E2));
#208=DIRECTION('',(0.E0,-1.E0,0.E0));
#209=DIRECTION('',(0.E0,0.E0,1.E0));
#210=AXIS2_PLACEMENT_3D('',#207,#208,#209);
#212=CARTESIAN_POINT('',(0.E0,-1.571E2,-1.445E2));
#213=DIRECTION('',(0.E0,-1.E0,0.E0));
#214=DIRECTION('',(-5.229681978799E-1,0.E0,8.523521948152E-1));
#215=AXIS2_PLACEMENT_3D('',#212,#213,#214);
#217=CARTESIAN_POINT('',(-4.039801975345E1,-1.571E2,-1.225E2));
#218=DIRECTION('',(0.E0,1.E0,0.E0));
#219=DIRECTION('',(8.782178207286E-1,0.E0,-4.782608695625E-1));
#220=AXIS2_PLACEMENT_3D('',#217,#218,#219);
#222=CARTESIAN_POINT('',(-6.330790018147E1,-1.571E2,-1.225224957103E2));
#223=DIRECTION('',(0.E0,-1.E0,0.E0));
#224=DIRECTION('',(-9.261073343800E-1,0.E0,-3.772601293639E-1));
#225=AXIS2_PLACEMENT_3D('',#222,#223,#224);
#227=DIRECTION('',(1.E0,0.E0,0.E0));
#228=VECTOR('',#227,5.5E0);
#229=CARTESIAN_POINT('',(-8.52E1,-1.571E2,-1.292E2));
#230=LINE('',#229,#228);
#231=DIRECTION('',(0.E0,-1.E0,0.E0));
#232=VECTOR('',#231,1.71E1);
#233=CARTESIAN_POINT('',(4.65E0,-1.571E2,-1.252E2));
#234=LINE('',#233,#232);
#235=DIRECTION('',(0.E0,0.E0,1.E0));
#236=VECTOR('',#235,4.821567113300E0);
#237=CARTESIAN_POINT('',(4.65E0,-1.742E2,-1.252E2));
#238=LINE('',#237,#236);
#239=DIRECTION('',(0.E0,-1.E0,0.E0));
#240=VECTOR('',#239,1.71E1);
#241=CARTESIAN_POINT('',(-4.77E0,-1.571E2,-1.252E2));
#242=LINE('',#241,#240);
#243=DIRECTION('',(1.E0,0.E0,0.E0));
#244=VECTOR('',#243,9.42E0);
#245=CARTESIAN_POINT('',(-4.77E0,-1.742E2,-1.252E2));
#246=LINE('',#245,#244);
#247=DIRECTION('',(-1.E0,0.E0,0.E0));
#248=VECTOR('',#247,9.42E0);
#249=CARTESIAN_POINT('',(4.65E0,-1.571E2,-1.252E2));
#250=LINE('',#249,#248);
#251=DIRECTION('',(0.E0,0.E0,-1.E0));
#252=VECTOR('',#251,4.821567113300E0);
#253=CARTESIAN_POINT('',(-4.77E0,-1.742E2,-1.203784328867E2));
#254=LINE('',#253,#252);
#255=DIRECTION('',(0.E0,-1.E0,0.E0));
#256=VECTOR('',#255,9.E0);
#257=CARTESIAN_POINT('',(-4.77E0,-1.652E2,-1.203784328867E2));
#258=LINE('',#257,#256);
#259=DIRECTION('',(-1.E0,0.E0,0.E0));
#260=VECTOR('',#259,1.003E1);
#261=CARTESIAN_POINT('',(-4.77E0,-1.742E2,-1.203784328867E2));
#262=LINE('',#261,#260);
#263=DIRECTION('',(0.E0,0.E0,1.E0));
#264=VECTOR('',#263,7.611674518800E0);
#265=CARTESIAN_POINT('',(-1.48E1,-1.742E2,-1.203784328867E2));
#266=LINE('',#265,#264);
#267=CARTESIAN_POINT('',(-1.25E1,-1.742E2,-1.127667583679E2));
#268=DIRECTION('',(0.E0,1.E0,0.E0));
#269=DIRECTION('',(-1.E0,0.E0,0.E0));
#270=AXIS2_PLACEMENT_3D('',#267,#268,#269);
#272=DIRECTION('',(1.E0,0.E0,0.E0));
#273=VECTOR('',#272,2.5E1);
#274=CARTESIAN_POINT('',(-1.25E1,-1.742E2,-1.104667583679E2));
#275=LINE('',#274,#273);
#276=CARTESIAN_POINT('',(1.25E1,-1.742E2,-1.127667583679E2));
#277=DIRECTION('',(0.E0,1.E0,0.E0));
#278=DIRECTION('',(0.E0,0.E0,1.E0));
#279=AXIS2_PLACEMENT_3D('',#276,#277,#278);
#281=DIRECTION('',(0.E0,0.E0,-1.E0));
#282=VECTOR('',#281,7.611674518800E0);
#283=CARTESIAN_POINT('',(1.48E1,-1.742E2,-1.127667583679E2));
#284=LINE('',#283,#282);
#285=DIRECTION('',(-1.E0,0.E0,0.E0));
#286=VECTOR('',#285,1.015E1);
#287=CARTESIAN_POINT('',(1.48E1,-1.742E2,-1.203784328867E2));
#288=LINE('',#287,#286);
#289=CARTESIAN_POINT('',(1.1E1,-1.742E2,-1.145E2));
#290=DIRECTION('',(0.E0,1.E0,0.E0));
#291=DIRECTION('',(1.E0,0.E0,0.E0));
#292=AXIS2_PLACEMENT_3D('',#289,#290,#291);
#294=CARTESIAN_POINT('',(1.1E1,-1.742E2,-1.145E2));
#295=DIRECTION('',(0.E0,1.E0,0.E0));
#296=DIRECTION('',(-1.E0,0.E0,0.E0));
#297=AXIS2_PLACEMENT_3D('',#294,#295,#296);
#299=CARTESIAN_POINT('',(-1.1E1,-1.742E2,-1.145E2));
#300=DIRECTION('',(0.E0,1.E0,0.E0));
#301=DIRECTION('',(-1.E0,0.E0,0.E0));
#302=AXIS2_PLACEMENT_3D('',#299,#300,#301);
#304=CARTESIAN_POINT('',(-1.1E1,-1.742E2,-1.145E2));
#305=DIRECTION('',(0.E0,1.E0,0.E0));
#306=DIRECTION('',(1.E0,0.E0,0.E0));
#307=AXIS2_PLACEMENT_3D('',#304,#305,#306);
#309=DIRECTION('',(-1.E0,0.E0,-5.412309572497E-13));
#310=VECTOR('',#309,1.002999999999E1);
#311=CARTESIAN_POINT('',(-4.77E0,-1.652E2,-1.203784328867E2));
#312=LINE('',#311,#310);
#313=DIRECTION('',(4.513665621396E-12,0.E0,-1.E0));
#314=VECTOR('',#313,6.003617870273E-1);
#315=CARTESIAN_POINT('',(-4.77E0,-1.652E2,-1.203784328867E2));
#316=LINE('',#315,#314);
#317=CARTESIAN_POINT('',(0.E0,-1.652E2,-1.445E2));
#318=DIRECTION('',(0.E0,-1.E0,0.E0));
#319=DIRECTION('',(-1.9875E-1,0.E0,9.800502219274E-1));
#320=AXIS2_PLACEMENT_3D('',#317,#318,#319);
#322=CARTESIAN_POINT('',(0.E0,-1.652E2,-1.445E2));
#323=DIRECTION('',(0.E0,-1.E0,0.E0));
#324=DIRECTION('',(-1.E0,0.E0,0.E0));
#325=AXIS2_PLACEMENT_3D('',#322,#323,#324);
#327=DIRECTION('',(-4.513665621395E-12,0.E0,-1.E0));
#328=VECTOR('',#327,6.003617870275E-1);
#329=CARTESIAN_POINT('',(-4.769999999997E0,-1.652E2,-1.680212053263E2));
#330=LINE('',#329,#328);
#331=CARTESIAN_POINT('',(0.E0,-1.652E2,-1.445E2));
#332=DIRECTION('',(0.E0,1.E0,0.E0));
#333=DIRECTION('',(-5.229681978783E-1,0.E0,-8.523521948162E-1));
#334=AXIS2_PLACEMENT_3D('',#331,#332,#333);
#336=CARTESIAN_POINT('',(-4.039801975345E1,-1.652E2,-1.665E2));
#337=DIRECTION('',(0.E0,-1.E0,0.E0));
#338=DIRECTION('',(8.782178207291E-1,0.E0,4.782608695616E-1));
#339=AXIS2_PLACEMENT_3D('',#336,#337,#338);
#341=DIRECTION('',(-1.E0,0.E0,0.E0));
#342=VECTOR('',#341,1.541001000910E1);
#343=CARTESIAN_POINT('',(-2.498800974435E1,-1.652E2,-1.402E2));
#344=LINE('',#343,#342);
#345=CARTESIAN_POINT('',(-4.039801975345E1,-1.652E2,-1.225E2));
#346=DIRECTION('',(0.E0,-1.E0,0.E0));
#347=DIRECTION('',(0.E0,0.E0,-1.E0));
#348=AXIS2_PLACEMENT_3D('',#345,#346,#347);
#350=CARTESIAN_POINT('',(0.E0,-1.652E2,-1.445E2));
#351=DIRECTION('',(0.E0,1.E0,0.E0));
#352=DIRECTION('',(-8.782178207262E-1,0.E0,4.782608695669E-1));
#353=AXIS2_PLACEMENT_3D('',#350,#351,#352);
#355=DIRECTION('',(0.E0,1.E0,0.E0));
#356=VECTOR('',#355,8.1E0);
#357=CARTESIAN_POINT('',(-4.769999999997E0,-1.652E2,-1.209787946737E2));
#358=LINE('',#357,#356);
#359=DIRECTION('',(0.E0,-1.E0,0.E0));
#360=VECTOR('',#359,8.1E0);
#361=CARTESIAN_POINT('',(-4.769999999997E0,-1.571E2,-1.680212053263E2));
#362=LINE('',#361,#360);
#363=DIRECTION('',(0.E0,-1.E0,0.E0));
#364=VECTOR('',#363,1.71E1);
#365=CARTESIAN_POINT('',(-4.77E0,-1.571E2,-1.638E2));
#366=LINE('',#365,#364);
#367=DIRECTION('',(0.E0,0.E0,-1.E0));
#368=VECTOR('',#367,4.821567113300E0);
#369=CARTESIAN_POINT('',(-4.77E0,-1.742E2,-1.638E2));
#370=LINE('',#369,#368);
#371=DIRECTION('',(0.E0,-1.E0,0.E0));
#372=VECTOR('',#371,1.71E1);
#373=CARTESIAN_POINT('',(4.65E0,-1.571E2,-1.638E2));
#374=LINE('',#373,#372);
#375=DIRECTION('',(-1.E0,0.E0,0.E0));
#376=VECTOR('',#375,9.42E0);
#377=CARTESIAN_POINT('',(4.65E0,-1.742E2,-1.638E2));
#378=LINE('',#377,#376);
#379=DIRECTION('',(1.E0,0.E0,0.E0));
#380=VECTOR('',#379,9.42E0);
#381=CARTESIAN_POINT('',(-4.77E0,-1.571E2,-1.638E2));
#382=LINE('',#381,#380);
#383=DIRECTION('',(0.E0,0.E0,1.E0));
#384=VECTOR('',#383,4.821567113300E0);
#385=CARTESIAN_POINT('',(4.65E0,-1.742E2,-1.686215671133E2));
#386=LINE('',#385,#384);
#387=DIRECTION('',(0.E0,-1.E0,0.E0));
#388=VECTOR('',#387,9.E0);
#389=CARTESIAN_POINT('',(4.65E0,-1.652E2,-1.686215671133E2));
#390=LINE('',#389,#388);
#391=DIRECTION('',(1.E0,0.E0,0.E0));
#392=VECTOR('',#391,1.015E1);
#393=CARTESIAN_POINT('',(4.65E0,-1.742E2,-1.686215671133E2));
#394=LINE('',#393,#392);
#395=DIRECTION('',(0.E0,0.E0,-1.E0));
#396=VECTOR('',#395,7.611674518800E0);
#397=CARTESIAN_POINT('',(1.48E1,-1.742E2,-1.686215671133E2));
#398=LINE('',#397,#396);
#399=CARTESIAN_POINT('',(1.25E1,-1.742E2,-1.762332416321E2));
#400=DIRECTION('',(0.E0,1.E0,0.E0));
#401=DIRECTION('',(1.E0,0.E0,0.E0));
#402=AXIS2_PLACEMENT_3D('',#399,#400,#401);
#404=DIRECTION('',(-1.E0,0.E0,0.E0));
#405=VECTOR('',#404,2.5E1);
#406=CARTESIAN_POINT('',(1.25E1,-1.742E2,-1.785332416321E2));
#407=LINE('',#406,#405);
#408=CARTESIAN_POINT('',(-1.25E1,-1.742E2,-1.762332416321E2));
#409=DIRECTION('',(0.E0,1.E0,0.E0));
#410=DIRECTION('',(-7.800523512149E-14,0.E0,-1.E0));
#411=AXIS2_PLACEMENT_3D('',#408,#409,#410);
#413=DIRECTION('',(0.E0,0.E0,1.E0));
#414=VECTOR('',#413,7.611674518800E0);
#415=CARTESIAN_POINT('',(-1.48E1,-1.742E2,-1.762332416321E2));
#416=LINE('',#415,#414);
#417=DIRECTION('',(1.E0,0.E0,0.E0));
#418=VECTOR('',#417,1.003E1);
#419=CARTESIAN_POINT('',(-1.48E1,-1.742E2,-1.686215671133E2));
#420=LINE('',#419,#418);
#421=CARTESIAN_POINT('',(1.1E1,-1.742E2,-1.745E2));
#422=DIRECTION('',(0.E0,1.E0,0.E0));
#423=DIRECTION('',(1.E0,0.E0,0.E0));
#424=AXIS2_PLACEMENT_3D('',#421,#422,#423);
#426=CARTESIAN_POINT('',(1.1E1,-1.742E2,-1.745E2));
#427=DIRECTION('',(0.E0,1.E0,0.E0));
#428=DIRECTION('',(-1.E0,0.E0,0.E0));
#429=AXIS2_PLACEMENT_3D('',#426,#427,#428);
#431=CARTESIAN_POINT('',(-1.1E1,-1.742E2,-1.745E2));
#432=DIRECTION('',(0.E0,1.E0,0.E0));
#433=DIRECTION('',(-1.E0,0.E0,0.E0));
#434=AXIS2_PLACEMENT_3D('',#431,#432,#433);
#436=CARTESIAN_POINT('',(-1.1E1,-1.742E2,-1.745E2));
#437=DIRECTION('',(0.E0,1.E0,0.E0));
#438=DIRECTION('',(1.E0,0.E0,0.E0));
#439=AXIS2_PLACEMENT_3D('',#436,#437,#438);
#441=DIRECTION('',(1.E0,0.E0,5.320319991906E-13));
#442=VECTOR('',#441,1.014999999999E1);
#443=CARTESIAN_POINT('',(4.65E0,-1.652E2,-1.686215671133E2));
#444=LINE('',#443,#442);
#445=CARTESIAN_POINT('',(0.E0,-1.652E2,-1.445E2));
#446=DIRECTION('',(0.E0,-1.E0,0.E0));
#447=DIRECTION('',(1.9375E-1,0.E0,-9.810509352220E-1));
#448=AXIS2_PLACEMENT_3D('',#445,#446,#447);
#450=CARTESIAN_POINT('',(0.E0,-1.652E2,-1.445E2));
#451=DIRECTION('',(0.E0,-1.E0,0.E0));
#452=DIRECTION('',(1.E0,0.E0,0.E0));
#453=AXIS2_PLACEMENT_3D('',#450,#451,#452);
#455=DIRECTION('',(-3.132963359537E-12,0.E0,1.E0));
#456=VECTOR('',#455,5.763446679814E-1);
#457=CARTESIAN_POINT('',(4.650000000002E0,-1.652E2,-1.209547775547E2));
#458=LINE('',#457,#456);
#459=CARTESIAN_POINT('',(0.E0,-1.652E2,-1.445E2));
#460=DIRECTION('',(0.E0,1.E0,0.E0));
#461=DIRECTION('',(5.229681978783E-1,0.E0,8.523521948162E-1));
#462=AXIS2_PLACEMENT_3D('',#459,#460,#461);
#464=CARTESIAN_POINT('',(4.039801975345E1,-1.652E2,-1.225E2));
#465=DIRECTION('',(0.E0,-1.E0,0.E0));
#466=DIRECTION('',(-8.782178207291E-1,0.E0,-4.782608695616E-1));
#467=AXIS2_PLACEMENT_3D('',#464,#465,#466);
#469=DIRECTION('',(1.E0,0.E0,0.E0));
#470=VECTOR('',#469,1.541001000910E1);
#471=CARTESIAN_POINT('',(2.498800974435E1,-1.652E2,-1.488E2));
#472=LINE('',#471,#470);
#473=CARTESIAN_POINT('',(4.039801975345E1,-1.652E2,-1.665E2));
#474=DIRECTION('',(0.E0,-1.E0,0.E0));
#475=DIRECTION('',(0.E0,0.E0,1.E0));
#476=AXIS2_PLACEMENT_3D('',#473,#474,#475);
#478=CARTESIAN_POINT('',(0.E0,-1.652E2,-1.445E2));
#479=DIRECTION('',(0.E0,1.E0,0.E0));
#480=DIRECTION('',(8.782178207262E-1,0.E0,-4.782608695669E-1));
#481=AXIS2_PLACEMENT_3D('',#478,#479,#480);
#483=DIRECTION('',(3.131422305254E-12,0.E0,1.E0));
#484=VECTOR('',#483,5.763446679812E-1);
#485=CARTESIAN_POINT('',(4.65E0,-1.652E2,-1.686215671133E2));
#486=LINE('',#485,#484);
#487=DIRECTION('',(0.E0,-1.E0,-2.105311809660E-14));
#488=VECTOR('',#487,8.1E0);
#489=CARTESIAN_POINT('',(4.650000000002E0,-1.571E2,-1.209547775547E2));
#490=LINE('',#489,#488);
#491=DIRECTION('',(0.E0,1.E0,1.754426508050E-14));
#492=VECTOR('',#491,8.1E0);
#493=CARTESIAN_POINT('',(4.650000000002E0,-1.652E2,-1.680452224453E2));
#494=LINE('',#493,#492);
#495=DIRECTION('',(-1.E0,0.E0,5.348321676074E-13));
#496=VECTOR('',#495,1.014999999999E1);
#497=CARTESIAN_POINT('',(1.479999999999E1,-1.652E2,-1.203784328867E2));
#498=LINE('',#497,#496);
#499=DIRECTION('',(0.E0,-1.E0,0.E0));
#500=VECTOR('',#499,9.E0);
#501=CARTESIAN_POINT('',(4.65E0,-1.652E2,-1.203784328867E2));
#502=LINE('',#501,#500);
#503=DIRECTION('',(-1.586878776531E-12,1.E0,-6.015928496102E-13));
#504=VECTOR('',#503,9.E0);
#505=CARTESIAN_POINT('',(1.48E1,-1.742E2,-1.203784328867E2));
#506=LINE('',#505,#504);
#507=DIRECTION('',(-5.813313320225E-13,0.E0,-1.E0));
#508=VECTOR('',#507,7.611674518818E0);
#509=CARTESIAN_POINT('',(1.48E1,-1.571E2,-1.127667583679E2));
#510=LINE('',#509,#508);
#511=DIRECTION('',(1.216914086646E-12,1.E0,-1.496525811366E-12));
#512=VECTOR('',#511,8.1E0);
#513=CARTESIAN_POINT('',(1.479999999999E1,-1.652E2,-1.203784328867E2));
#514=LINE('',#513,#512);
#515=DIRECTION('',(0.E0,1.E0,0.E0));
#516=VECTOR('',#515,8.1E0);
#517=CARTESIAN_POINT('',(2.485356432656E1,-1.652E2,-1.309652173913E2));
#518=LINE('',#517,#516);
#519=DIRECTION('',(0.E0,-1.E0,0.E0));
#520=VECTOR('',#519,8.1E0);
#521=CARTESIAN_POINT('',(4.039801975345E1,-1.571E2,-1.402E2));
#522=LINE('',#521,#520);
#523=DIRECTION('',(0.E0,-1.E0,0.E0));
#524=VECTOR('',#523,1.15E1);
#525=CARTESIAN_POINT('',(7.77E1,-1.652E2,-1.402E2));
#526=LINE('',#525,#524);
#527=DIRECTION('',(0.E0,1.E0,1.730017095764E-14));
#528=VECTOR('',#527,1.15E1);
#529=CARTESIAN_POINT('',(2.498800974435E1,-1.767E2,-1.402E2));
#530=LINE('',#529,#528);
#531=DIRECTION('',(1.E0,0.E0,0.E0));
#532=VECTOR('',#531,1.541001000910E1);
#533=CARTESIAN_POINT('',(2.498800974435E1,-1.652E2,-1.402E2));
#534=LINE('',#533,#532);
#535=DIRECTION('',(1.E0,0.E0,0.E0));
#536=VECTOR('',#535,2.380198024655E1);
#537=CARTESIAN_POINT('',(4.039801975345E1,-1.571E2,-1.402E2));
#538=LINE('',#537,#536);
#539=DIRECTION('',(0.E0,1.E0,0.E0));
#540=VECTOR('',#539,8.1E0);
#541=CARTESIAN_POINT('',(6.42E1,-1.652E2,-1.402E2));
#542=LINE('',#541,#540);
#543=DIRECTION('',(-1.E0,0.E0,0.E0));
#544=VECTOR('',#543,1.35E1);
#545=CARTESIAN_POINT('',(7.77E1,-1.652E2,-1.402E2));
#546=LINE('',#545,#544);
#547=DIRECTION('',(-7.071067811865E-1,0.E0,-7.071067811865E-1));
#548=VECTOR('',#547,2.828427124746E0);
#549=CARTESIAN_POINT('',(7.97E1,-1.767E2,-1.382E2));
#550=LINE('',#549,#548);
#551=DIRECTION('',(7.071067811865E-1,0.E0,-7.071067811865E-1));
#552=VECTOR('',#551,2.828427124746E0);
#553=CARTESIAN_POINT('',(-7.97E1,-1.652E2,-1.382E2));
#554=LINE('',#553,#552);
#555=CARTESIAN_POINT('',(-6.330790018147E1,-1.652E2,-1.225224957103E2));
#556=DIRECTION('',(0.E0,-1.E0,0.E0));
#557=DIRECTION('',(-9.261073343800E-1,0.E0,-3.772601293639E-1));
#558=AXIS2_PLACEMENT_3D('',#555,#556,#557);
#560=DIRECTION('',(-7.071067811865E-1,0.E0,-7.071067811865E-1));
#561=VECTOR('',#560,2.828427124746E0);
#562=CARTESIAN_POINT('',(-7.77E1,-1.652E2,-1.488E2));
#563=LINE('',#562,#561);
#564=CARTESIAN_POINT('',(-6.330790018147E1,-1.652E2,-1.664775042897E2));
#565=DIRECTION('',(0.E0,-1.E0,0.E0));
#566=DIRECTION('',(-5.040111969066E-2,0.E0,9.987290559175E-1));
#567=AXIS2_PLACEMENT_3D('',#564,#565,#566);
#569=DIRECTION('',(-7.071067811865E-1,0.E0,7.071067811865E-1));
#570=VECTOR('',#569,2.828427124746E0);
#571=CARTESIAN_POINT('',(7.97E1,-1.652E2,-1.508E2));
#572=LINE('',#571,#570);
#573=CARTESIAN_POINT('',(6.330790018147E1,-1.652E2,-1.664775042897E2));
#574=DIRECTION('',(0.E0,-1.E0,0.E0));
#575=DIRECTION('',(9.261073343800E-1,0.E0,3.772601293639E-1));
#576=AXIS2_PLACEMENT_3D('',#573,#574,#575);
#578=DIRECTION('',(7.071067811865E-1,0.E0,7.071067811865E-1));
#579=VECTOR('',#578,2.828427124746E0);
#580=CARTESIAN_POINT('',(7.77E1,-1.652E2,-1.402E2));
#581=LINE('',#580,#579);
#582=CARTESIAN_POINT('',(6.330790018147E1,-1.652E2,-1.225224957103E2));
#583=DIRECTION('',(0.E0,-1.E0,0.E0));
#584=DIRECTION('',(5.040111969069E-2,0.E0,-9.987290559175E-1));
#585=AXIS2_PLACEMENT_3D('',#582,#583,#584);
#587=DIRECTION('',(-7.071067811865E-1,0.E0,7.071067811865E-1));
#588=VECTOR('',#587,2.828427124746E0);
#589=CARTESIAN_POINT('',(-7.77E1,-1.767E2,-1.402E2));
#590=LINE('',#589,#588);
#591=DIRECTION('',(0.E0,1.E0,0.E0));
#592=VECTOR('',#591,1.15E1);
#593=CARTESIAN_POINT('',(-7.77E1,-1.767E2,-1.402E2));
#594=LINE('',#593,#592);
#595=DIRECTION('',(-1.E0,0.E0,0.E0));
#596=VECTOR('',#595,1.35E1);
#597=CARTESIAN_POINT('',(-6.42E1,-1.652E2,-1.402E2));
#598=LINE('',#597,#596);
#599=DIRECTION('',(0.E0,1.E0,0.E0));
#600=VECTOR('',#599,8.1E0);
#601=CARTESIAN_POINT('',(-6.42E1,-1.652E2,-1.402E2));
#602=LINE('',#601,#600);
#603=DIRECTION('',(1.E0,0.E0,0.E0));
#604=VECTOR('',#603,2.380198024655E1);
#605=CARTESIAN_POINT('',(-6.42E1,-1.571E2,-1.402E2));
#606=LINE('',#605,#604);
#607=DIRECTION('',(0.E0,-1.E0,0.E0));
#608=VECTOR('',#607,8.1E0);
#609=CARTESIAN_POINT('',(-7.97E1,-1.571E2,-1.292E2));
#610=LINE('',#609,#608);
#611=DIRECTION('',(0.E0,1.E0,0.E0));
#612=VECTOR('',#611,3.E1);
#613=CARTESIAN_POINT('',(-8.823475891462E1,-1.841E2,-1.292E2));
#614=LINE('',#613,#612);
#615=DIRECTION('',(0.E0,1.E0,0.E0));
#616=VECTOR('',#615,1.15E1);
#617=CARTESIAN_POINT('',(-7.97E1,-1.767E2,-1.292E2));
#618=LINE('',#617,#616);
#619=CARTESIAN_POINT('',(-8.823475891462E1,-1.541E2,-1.315E2));
#620=DIRECTION('',(0.E0,1.E0,0.E0));
#621=DIRECTION('',(-1.E0,0.E0,1.235726496974E-14));
#622=AXIS2_PLACEMENT_3D('',#619,#620,#621);
#624=DIRECTION('',(0.E0,0.E0,-1.E0));
#625=VECTOR('',#624,2.6E1);
#626=CARTESIAN_POINT('',(-9.053475891462E1,-1.541E2,-1.315E2));
#627=LINE('',#626,#625);
#628=CARTESIAN_POINT('',(-8.823475891462E1,-1.541E2,-1.575E2));
#629=DIRECTION('',(0.E0,1.E0,0.E0));
#630=DIRECTION('',(0.E0,0.E0,-1.E0));
#631=AXIS2_PLACEMENT_3D('',#628,#629,#630);
#633=DIRECTION('',(1.E0,0.E0,0.E0));
#634=VECTOR('',#633,3.034758914620E0);
#635=CARTESIAN_POINT('',(-8.823475891462E1,-1.541E2,-1.598E2));
#636=LINE('',#635,#634);
#637=DIRECTION('',(0.E0,0.E0,1.E0));
#638=VECTOR('',#637,1.06E1);
#639=CARTESIAN_POINT('',(-8.52E1,-1.541E2,-1.598E2));
#640=LINE('',#639,#638);
#641=DIRECTION('',(-1.E0,0.E0,0.E0));
#642=VECTOR('',#641,3.142494558940E0);
#643=CARTESIAN_POINT('',(-8.52E1,-1.541E2,-1.492E2));
#644=LINE('',#643,#642);
#645=DIRECTION('',(0.E0,0.E0,1.E0));
#646=VECTOR('',#645,9.4E0);
#647=CARTESIAN_POINT('',(-8.834249455894E1,-1.541E2,-1.492E2));
#648=LINE('',#647,#646);
#649=DIRECTION('',(1.E0,0.E0,0.E0));
#650=VECTOR('',#649,3.142494558940E0);
#651=CARTESIAN_POINT('',(-8.834249455894E1,-1.541E2,-1.398E2));
#652=LINE('',#651,#650);
#653=DIRECTION('',(0.E0,0.E0,1.E0));
#654=VECTOR('',#653,1.06E1);
#655=CARTESIAN_POINT('',(-8.52E1,-1.541E2,-1.398E2));
#656=LINE('',#655,#654);
#657=DIRECTION('',(-1.E0,0.E0,0.E0));
#658=VECTOR('',#657,3.034758914620E0);
#659=CARTESIAN_POINT('',(-8.52E1,-1.541E2,-1.292E2));
#660=LINE('',#659,#658);
#661=DIRECTION('',(0.E0,1.E0,0.E0));
#662=VECTOR('',#661,3.E1);
#663=CARTESIAN_POINT('',(-9.053475891462E1,-1.841E2,-1.315E2));
#664=LINE('',#663,#662);
#665=DIRECTION('',(0.E0,1.E0,0.E0));
#666=VECTOR('',#665,3.E1);
#667=CARTESIAN_POINT('',(-9.053475891462E1,-1.841E2,-1.575E2));
#668=LINE('',#667,#666);
#669=CARTESIAN_POINT('',(-8.823475891462E1,-1.841E2,-1.315E2));
#670=DIRECTION('',(0.E0,-1.E0,0.E0));
#671=DIRECTION('',(0.E0,0.E0,1.E0));
#672=AXIS2_PLACEMENT_3D('',#669,#670,#671);
#674=DIRECTION('',(1.E0,0.E0,0.E0));
#675=VECTOR('',#674,3.034758914620E0);
#676=CARTESIAN_POINT('',(-8.823475891462E1,-1.841E2,-1.292E2));
#677=LINE('',#676,#675);
#678=DIRECTION('',(0.E0,0.E0,-1.E0));
#679=VECTOR('',#678,1.055E1);
#680=CARTESIAN_POINT('',(-8.52E1,-1.841E2,-1.292E2));
#681=LINE('',#680,#679);
#682=DIRECTION('',(0.E0,0.E0,-1.E0));
#683=VECTOR('',#682,1.055E1);
#684=CARTESIAN_POINT('',(-8.52E1,-1.841E2,-1.4925E2));
#685=LINE('',#684,#683);
#686=DIRECTION('',(-1.E0,0.E0,0.E0));
#687=VECTOR('',#686,3.034758914620E0);
#688=CARTESIAN_POINT('',(-8.52E1,-1.841E2,-1.598E2));
#689=LINE('',#688,#687);
#690=CARTESIAN_POINT('',(-8.823475891462E1,-1.841E2,-1.575E2));
#691=DIRECTION('',(0.E0,-1.E0,0.E0));
#692=DIRECTION('',(-1.E0,0.E0,0.E0));
#693=AXIS2_PLACEMENT_3D('',#690,#691,#692);
#695=DIRECTION('',(0.E0,0.E0,1.E0));
#696=VECTOR('',#695,2.6E1);
#697=CARTESIAN_POINT('',(-9.053475891462E1,-1.841E2,-1.575E2));
#698=LINE('',#697,#696);
#699=DIRECTION('',(0.E0,0.E0,1.E0));
#700=VECTOR('',#699,1.055E1);
#701=CARTESIAN_POINT('',(-8.52E1,-1.767E2,-1.3975E2));
#702=LINE('',#701,#700);
#703=DIRECTION('',(0.E0,-1.E0,0.E0));
#704=VECTOR('',#703,7.4E0);
#705=CARTESIAN_POINT('',(-8.52E1,-1.767E2,-1.3975E2));
#706=LINE('',#705,#704);
#707=DIRECTION('',(0.E0,1.E0,0.E0));
#708=VECTOR('',#707,7.4E0);
#709=CARTESIAN_POINT('',(-8.52E1,-1.841E2,-1.292E2));
#710=LINE('',#709,#708);
#711=DIRECTION('',(0.E0,0.E0,1.E0));
#712=VECTOR('',#711,1.06E1);
#713=CARTESIAN_POINT('',(-8.52E1,-1.571E2,-1.398E2));
#714=LINE('',#713,#712);
#715=DIRECTION('',(0.E0,1.E0,0.E0));
#716=VECTOR('',#715,3.E0);
#717=CARTESIAN_POINT('',(-8.52E1,-1.571E2,-1.292E2));
#718=LINE('',#717,#716);
#719=DIRECTION('',(0.E0,-1.E0,0.E0));
#720=VECTOR('',#719,3.E0);
#721=CARTESIAN_POINT('',(-8.52E1,-1.541E2,-1.398E2));
#722=LINE('',#721,#720);
#723=CARTESIAN_POINT('',(4.E1,-1.767E2,-1.445E2));
#724=DIRECTION('',(0.E0,-1.E0,0.E0));
#725=DIRECTION('',(0.E0,0.E0,-1.E0));
#726=AXIS2_PLACEMENT_3D('',#723,#724,#725);
#728=CARTESIAN_POINT('',(4.E1,-1.767E2,-1.445E2));
#729=DIRECTION('',(0.E0,-1.E0,0.E0));
#730=DIRECTION('',(0.E0,0.E0,1.E0));
#731=AXIS2_PLACEMENT_3D('',#728,#729,#730);
#733=CARTESIAN_POINT('',(6.E1,-1.767E2,-1.445E2));
#734=DIRECTION('',(0.E0,-1.E0,0.E0));
#735=DIRECTION('',(0.E0,0.E0,-1.E0));
#736=AXIS2_PLACEMENT_3D('',#733,#734,#735);
#738=CARTESIAN_POINT('',(6.E1,-1.767E2,-1.445E2));
#739=DIRECTION('',(0.E0,-1.E0,0.E0));
#740=DIRECTION('',(0.E0,0.E0,1.E0));
#741=AXIS2_PLACEMENT_3D('',#738,#739,#740);
#743=CARTESIAN_POINT('',(8.E1,-1.767E2,-1.445E2));
#744=DIRECTION('',(0.E0,-1.E0,0.E0));
#745=DIRECTION('',(0.E0,0.E0,-1.E0));
#746=AXIS2_PLACEMENT_3D('',#743,#744,#745);
#748=CARTESIAN_POINT('',(8.E1,-1.767E2,-1.445E2));
#749=DIRECTION('',(0.E0,-1.E0,0.E0));
#750=DIRECTION('',(0.E0,0.E0,1.E0));
#751=AXIS2_PLACEMENT_3D('',#748,#749,#750);
#753=CARTESIAN_POINT('',(-4.E1,-1.767E2,-1.445E2));
#754=DIRECTION('',(0.E0,-1.E0,0.E0));
#755=DIRECTION('',(0.E0,0.E0,-1.E0));
#756=AXIS2_PLACEMENT_3D('',#753,#754,#755);
#758=CARTESIAN_POINT('',(-4.E1,-1.767E2,-1.445E2));
#759=DIRECTION('',(0.E0,-1.E0,0.E0));
#760=DIRECTION('',(0.E0,0.E0,1.E0));
#761=AXIS2_PLACEMENT_3D('',#758,#759,#760);
#763=CARTESIAN_POINT('',(-6.E1,-1.767E2,-1.445E2));
#764=DIRECTION('',(0.E0,-1.E0,0.E0));
#765=DIRECTION('',(0.E0,0.E0,-1.E0));
#766=AXIS2_PLACEMENT_3D('',#763,#764,#765);
#768=CARTESIAN_POINT('',(-6.E1,-1.767E2,-1.445E2));
#769=DIRECTION('',(0.E0,-1.E0,0.E0));
#770=DIRECTION('',(0.E0,0.E0,1.E0));
#771=AXIS2_PLACEMENT_3D('',#768,#769,#770);
#773=CARTESIAN_POINT('',(-8.E1,-1.767E2,-1.445E2));
#774=DIRECTION('',(0.E0,-1.E0,0.E0));
#775=DIRECTION('',(0.E0,0.E0,-1.E0));
#776=AXIS2_PLACEMENT_3D('',#773,#774,#775);
#778=CARTESIAN_POINT('',(-8.E1,-1.767E2,-1.445E2));
#779=DIRECTION('',(0.E0,-1.E0,0.E0));
#780=DIRECTION('',(0.E0,0.E0,1.E0));
#781=AXIS2_PLACEMENT_3D('',#778,#779,#780);
#783=DIRECTION('',(-1.E0,0.E0,0.E0));
#784=VECTOR('',#783,5.271199025565E1);
#785=CARTESIAN_POINT('',(-2.498800974435E1,-1.767E2,-1.488E2));
#786=LINE('',#785,#784);
#787=DIRECTION('',(0.E0,0.E0,1.E0));
#788=VECTOR('',#787,9.E0);
#789=CARTESIAN_POINT('',(-7.97E1,-1.767E2,-1.598E2));
#790=LINE('',#789,#788);
#791=DIRECTION('',(1.E0,0.E0,0.E0));
#792=VECTOR('',#791,5.5E0);
#793=CARTESIAN_POINT('',(-8.52E1,-1.767E2,-1.598E2));
#794=LINE('',#793,#792);
#795=DIRECTION('',(-1.E0,0.E0,0.E0));
#796=VECTOR('',#795,1.E0);
#797=CARTESIAN_POINT('',(-8.52E1,-1.767E2,-1.4925E2));
#798=LINE('',#797,#796);
#799=DIRECTION('',(0.E0,0.E0,1.E0));
#800=VECTOR('',#799,9.5E0);
#801=CARTESIAN_POINT('',(-8.62E1,-1.767E2,-1.4925E2));
#802=LINE('',#801,#800);
#803=DIRECTION('',(1.E0,0.E0,0.E0));
#804=VECTOR('',#803,1.E0);
#805=CARTESIAN_POINT('',(-8.62E1,-1.767E2,-1.3975E2));
#806=LINE('',#805,#804);
#807=DIRECTION('',(-1.E0,0.E0,0.E0));
#808=VECTOR('',#807,5.5E0);
#809=CARTESIAN_POINT('',(-7.97E1,-1.767E2,-1.292E2));
#810=LINE('',#809,#808);
#811=DIRECTION('',(0.E0,0.E0,1.E0));
#812=VECTOR('',#811,9.E0);
#813=CARTESIAN_POINT('',(-7.97E1,-1.767E2,-1.382E2));
#814=LINE('',#813,#812);
#815=DIRECTION('',(1.E0,0.E0,0.E0));
#816=VECTOR('',#815,5.271199025565E1);
#817=CARTESIAN_POINT('',(-7.77E1,-1.767E2,-1.402E2));
#818=LINE('',#817,#816);
#819=DIRECTION('',(0.E0,0.E0,-1.E0));
#820=VECTOR('',#819,8.6E0);
#821=CARTESIAN_POINT('',(-2.498800974435E1,-1.767E2,-1.402E2));
#822=LINE('',#821,#820);
#823=DIRECTION('',(0.E0,0.E0,-1.E0));
#824=VECTOR('',#823,9.E0);
#825=CARTESIAN_POINT('',(7.97E1,-1.767E2,-1.508E2));
#826=LINE('',#825,#824);
#827=DIRECTION('',(-1.E0,0.E0,0.E0));
#828=VECTOR('',#827,5.271199025565E1);
#829=CARTESIAN_POINT('',(7.77E1,-1.767E2,-1.488E2));
#830=LINE('',#829,#828);
#831=DIRECTION('',(0.E0,0.E0,1.E0));
#832=VECTOR('',#831,8.6E0);
#833=CARTESIAN_POINT('',(2.498800974435E1,-1.767E2,-1.488E2));
#834=LINE('',#833,#832);
#835=DIRECTION('',(1.E0,0.E0,0.E0));
#836=VECTOR('',#835,5.271199025565E1);
#837=CARTESIAN_POINT('',(2.498800974435E1,-1.767E2,-1.402E2));
#838=LINE('',#837,#836);
#839=DIRECTION('',(0.E0,0.E0,-1.E0));
#840=VECTOR('',#839,9.E0);
#841=CARTESIAN_POINT('',(7.97E1,-1.767E2,-1.292E2));
#842=LINE('',#841,#840);
#843=DIRECTION('',(-1.E0,0.E0,0.E0));
#844=VECTOR('',#843,5.5E0);
#845=CARTESIAN_POINT('',(8.52E1,-1.767E2,-1.292E2));
#846=LINE('',#845,#844);
#847=DIRECTION('',(1.E0,0.E0,0.E0));
#848=VECTOR('',#847,1.E0);
#849=CARTESIAN_POINT('',(8.52E1,-1.767E2,-1.3975E2));
#850=LINE('',#849,#848);
#851=DIRECTION('',(0.E0,0.E0,-1.E0));
#852=VECTOR('',#851,9.5E0);
#853=CARTESIAN_POINT('',(8.62E1,-1.767E2,-1.3975E2));
#854=LINE('',#853,#852);
#855=DIRECTION('',(-1.E0,0.E0,0.E0));
#856=VECTOR('',#855,1.E0);
#857=CARTESIAN_POINT('',(8.62E1,-1.767E2,-1.4925E2));
#858=LINE('',#857,#856);
#859=DIRECTION('',(1.E0,0.E0,0.E0));
#860=VECTOR('',#859,5.5E0);
#861=CARTESIAN_POINT('',(7.97E1,-1.767E2,-1.598E2));
#862=LINE('',#861,#860);
#863=DIRECTION('',(0.E0,-1.E0,0.E0));
#864=VECTOR('',#863,1.96E1);
#865=CARTESIAN_POINT('',(4.E1,-1.571E2,-1.4275E2));
#866=LINE('',#865,#864);
#867=DIRECTION('',(0.E0,-1.E0,0.E0));
#868=VECTOR('',#867,1.96E1);
#869=CARTESIAN_POINT('',(4.E1,-1.571E2,-1.4625E2));
#870=LINE('',#869,#868);
#871=DIRECTION('',(0.E0,-1.E0,0.E0));
#872=VECTOR('',#871,1.96E1);
#873=CARTESIAN_POINT('',(6.E1,-1.571E2,-1.4275E2));
#874=LINE('',#873,#872);
#875=DIRECTION('',(0.E0,-1.E0,0.E0));
#876=VECTOR('',#875,1.96E1);
#877=CARTESIAN_POINT('',(6.E1,-1.571E2,-1.4625E2));
#878=LINE('',#877,#876);
#879=DIRECTION('',(0.E0,-1.E0,0.E0));
#880=VECTOR('',#879,1.96E1);
#881=CARTESIAN_POINT('',(8.E1,-1.571E2,-1.4275E2));
#882=LINE('',#881,#880);
#883=DIRECTION('',(0.E0,-1.E0,0.E0));
#884=VECTOR('',#883,1.96E1);
#885=CARTESIAN_POINT('',(8.E1,-1.571E2,-1.4625E2));
#886=LINE('',#885,#884);
#887=DIRECTION('',(0.E0,-1.E0,0.E0));
#888=VECTOR('',#887,1.96E1);
#889=CARTESIAN_POINT('',(-4.E1,-1.571E2,-1.4275E2));
#890=LINE('',#889,#888);
#891=DIRECTION('',(0.E0,-1.E0,0.E0));
#892=VECTOR('',#891,1.96E1);
#893=CARTESIAN_POINT('',(-4.E1,-1.571E2,-1.4625E2));
#894=LINE('',#893,#892);
#895=DIRECTION('',(0.E0,-1.E0,0.E0));
#896=VECTOR('',#895,1.96E1);
#897=CARTESIAN_POINT('',(-6.E1,-1.571E2,-1.4275E2));
#898=LINE('',#897,#896);
#899=DIRECTION('',(0.E0,-1.E0,0.E0));
#900=VECTOR('',#899,1.96E1);
#901=CARTESIAN_POINT('',(-6.E1,-1.571E2,-1.4625E2));
#902=LINE('',#901,#900);
#903=DIRECTION('',(0.E0,-1.E0,0.E0));
#904=VECTOR('',#903,1.96E1);
#905=CARTESIAN_POINT('',(-8.E1,-1.571E2,-1.4275E2));
#906=LINE('',#905,#904);
#907=DIRECTION('',(0.E0,-1.E0,0.E0));
#908=VECTOR('',#907,1.96E1);
#909=CARTESIAN_POINT('',(-8.E1,-1.571E2,-1.4625E2));
#910=LINE('',#909,#908);
#911=DIRECTION('',(0.E0,-1.E0,0.E0));
#912=VECTOR('',#911,1.15E1);
#913=CARTESIAN_POINT('',(-7.77E1,-1.652E2,-1.488E2));
#914=LINE('',#913,#912);
#915=DIRECTION('',(0.E0,1.E0,-1.977162395159E-14));
#916=VECTOR('',#915,1.15E1);
#917=CARTESIAN_POINT('',(-2.498800974435E1,-1.767E2,-1.488E2));
#918=LINE('',#917,#916);
#919=DIRECTION('',(-1.E0,0.E0,0.E0));
#920=VECTOR('',#919,1.541001000910E1);
#921=CARTESIAN_POINT('',(-2.498800974435E1,-1.652E2,-1.488E2));
#922=LINE('',#921,#920);
#923=DIRECTION('',(-1.E0,0.E0,0.E0));
#924=VECTOR('',#923,2.380198024655E1);
#925=CARTESIAN_POINT('',(-4.039801975345E1,-1.571E2,-1.488E2));
#926=LINE('',#925,#924);
#927=DIRECTION('',(0.E0,1.E0,0.E0));
#928=VECTOR('',#927,8.1E0);
#929=CARTESIAN_POINT('',(-6.42E1,-1.652E2,-1.488E2));
#930=LINE('',#929,#928);
#931=DIRECTION('',(1.E0,0.E0,0.E0));
#932=VECTOR('',#931,1.35E1);
#933=CARTESIAN_POINT('',(-7.77E1,-1.652E2,-1.488E2));
#934=LINE('',#933,#932);
#935=DIRECTION('',(7.071067811865E-1,0.E0,7.071067811865E-1));
#936=VECTOR('',#935,2.828427124746E0);
#937=CARTESIAN_POINT('',(-7.97E1,-1.767E2,-1.508E2));
#938=LINE('',#937,#936);
#939=DIRECTION('',(0.E0,-1.E0,0.E0));
#940=VECTOR('',#939,1.15E1);
#941=CARTESIAN_POINT('',(-7.97E1,-1.652E2,-1.508E2));
#942=LINE('',#941,#940);
#943=DIRECTION('',(0.E0,0.E0,1.E0));
#944=VECTOR('',#943,9.E0);
#945=CARTESIAN_POINT('',(-7.97E1,-1.652E2,-1.598E2));
#946=LINE('',#945,#944);
#947=DIRECTION('',(0.E0,1.E0,0.E0));
#948=VECTOR('',#947,1.15E1);
#949=CARTESIAN_POINT('',(-7.97E1,-1.767E2,-1.598E2));
#950=LINE('',#949,#948);
#951=DIRECTION('',(0.E0,1.E0,0.E0));
#952=VECTOR('',#951,3.E1);
#953=CARTESIAN_POINT('',(-8.823475891462E1,-1.841E2,-1.598E2));
#954=LINE('',#953,#952);
#955=DIRECTION('',(0.E0,-1.E0,0.E0));
#956=VECTOR('',#955,8.1E0);
#957=CARTESIAN_POINT('',(-7.97E1,-1.571E2,-1.598E2));
#958=LINE('',#957,#956);
#959=DIRECTION('',(0.E0,0.E0,1.E0));
#960=VECTOR('',#959,1.055E1);
#961=CARTESIAN_POINT('',(-8.52E1,-1.767E2,-1.598E2));
#962=LINE('',#961,#960);
#963=DIRECTION('',(0.E0,-1.E0,0.E0));
#964=VECTOR('',#963,7.4E0);
#965=CARTESIAN_POINT('',(-8.52E1,-1.767E2,-1.598E2));
#966=LINE('',#965,#964);
#967=DIRECTION('',(0.E0,0.E0,1.E0));
#968=VECTOR('',#967,1.06E1);
#969=CARTESIAN_POINT('',(-8.52E1,-1.571E2,-1.598E2));
#970=LINE('',#969,#968);
#971=DIRECTION('',(0.E0,-1.E0,0.E0));
#972=VECTOR('',#971,3.E0);
#973=CARTESIAN_POINT('',(-8.52E1,-1.541E2,-1.598E2));
#974=LINE('',#973,#972);
#975=DIRECTION('',(0.E0,-1.E0,0.E0));
#976=VECTOR('',#975,7.4E0);
#977=CARTESIAN_POINT('',(-8.52E1,-1.767E2,-1.4925E2));
#978=LINE('',#977,#976);
#979=DIRECTION('',(-1.E0,0.E0,0.E0));
#980=VECTOR('',#979,1.E0);
#981=CARTESIAN_POINT('',(-8.52E1,-1.841E2,-1.4925E2));
#982=LINE('',#981,#980);
#983=DIRECTION('',(0.E0,1.E0,0.E0));
#984=VECTOR('',#983,7.4E0);
#985=CARTESIAN_POINT('',(-8.62E1,-1.841E2,-1.4925E2));
#986=LINE('',#985,#984);
#987=DIRECTION('',(0.E0,0.E0,1.E0));
#988=VECTOR('',#987,9.5E0);
#989=CARTESIAN_POINT('',(-8.62E1,-1.841E2,-1.4925E2));
#990=LINE('',#989,#988);
#991=DIRECTION('',(0.E0,1.E0,0.E0));
#992=VECTOR('',#991,7.4E0);
#993=CARTESIAN_POINT('',(-8.62E1,-1.841E2,-1.3975E2));
#994=LINE('',#993,#992);
#995=DIRECTION('',(1.E0,0.E0,0.E0));
#996=VECTOR('',#995,1.E0);
#997=CARTESIAN_POINT('',(-8.62E1,-1.841E2,-1.3975E2));
#998=LINE('',#997,#996);
#999=DIRECTION('',(-1.E0,0.E0,0.E0));
#1000=VECTOR('',#999,3.142494558940E0);
#1001=CARTESIAN_POINT('',(-8.52E1,-1.571E2,-1.492E2));
#1002=LINE('',#1001,#1000);
#1003=DIRECTION('',(0.E0,-1.E0,0.E0));
#1004=VECTOR('',#1003,3.E0);
#1005=CARTESIAN_POINT('',(-8.52E1,-1.541E2,-1.492E2));
#1006=LINE('',#1005,#1004);
#1007=DIRECTION('',(0.E0,0.E0,1.E0));
#1008=VECTOR('',#1007,9.4E0);
#1009=CARTESIAN_POINT('',(-8.834249455894E1,-1.571E2,-1.492E2));
#1010=LINE('',#1009,#1008);
#1011=DIRECTION('',(0.E0,-1.E0,0.E0));
#1012=VECTOR('',#1011,3.E0);
#1013=CARTESIAN_POINT('',(-8.834249455894E1,-1.541E2,-1.492E2));
#1014=LINE('',#1013,#1012);
#1015=DIRECTION('',(1.E0,0.E0,0.E0));
#1016=VECTOR('',#1015,3.142494558940E0);
#1017=CARTESIAN_POINT('',(-8.834249455894E1,-1.571E2,-1.398E2));
#1018=LINE('',#1017,#1016);
#1019=DIRECTION('',(0.E0,-1.E0,0.E0));
#1020=VECTOR('',#1019,3.E0);
#1021=CARTESIAN_POINT('',(-8.834249455894E1,-1.541E2,-1.398E2));
#1022=LINE('',#1021,#1020);
#1023=DIRECTION('',(0.E0,1.E0,1.977162395159E-14));
#1024=VECTOR('',#1023,1.15E1);
#1025=CARTESIAN_POINT('',(-2.498800974435E1,-1.767E2,-1.402E2));
#1026=LINE('',#1025,#1024);
#1027=DIRECTION('',(0.E0,0.E0,-1.E0));
#1028=VECTOR('',#1027,8.6E0);
#1029=CARTESIAN_POINT('',(-2.498800974435E1,-1.652E2,-1.402E2));
#1030=LINE('',#1029,#1028);
#1031=DIRECTION('',(0.E0,1.E0,0.E0));
#1032=VECTOR('',#1031,8.1E0);
#1033=CARTESIAN_POINT('',(-2.485356432656E1,-1.652E2,-1.580347826087E2));
#1034=LINE('',#1033,#1032);
#1035=DIRECTION('',(0.E0,-1.E0,0.E0));
#1036=VECTOR('',#1035,8.1E0);
#1037=CARTESIAN_POINT('',(-4.039801975345E1,-1.571E2,-1.488E2));
#1038=LINE('',#1037,#1036);
#1039=DIRECTION('',(-1.216036873392E-12,1.E0,1.501789090890E-12));
#1040=VECTOR('',#1039,8.1E0);
#1041=CARTESIAN_POINT('',(-1.479999999999E1,-1.652E2,-1.686215671133E2));
#1042=LINE('',#1041,#1040);
#1043=DIRECTION('',(5.803978413248E-13,0.E0,1.E0));
#1044=VECTOR('',#1043,7.611674518818E0);
#1045=CARTESIAN_POINT('',(-1.48E1,-1.571E2,-1.762332416321E2));
#1046=LINE('',#1045,#1044);
#1047=DIRECTION('',(1.E0,0.E0,-5.383972873165E-13));
#1048=VECTOR('',#1047,1.002999999999E1);
#1049=CARTESIAN_POINT('',(-1.479999999999E1,-1.652E2,-1.686215671133E2));
#1050=LINE('',#1049,#1048);
#1051=DIRECTION('',(0.E0,-1.E0,0.E0));
#1052=VECTOR('',#1051,9.E0);
#1053=CARTESIAN_POINT('',(-4.77E0,-1.652E2,-1.686215671133E2));
#1054=LINE('',#1053,#1052);
#1055=DIRECTION('',(1.585694538638E-12,1.E0,6.000138657530E-13));
#1056=VECTOR('',#1055,9.E0);
#1057=CARTESIAN_POINT('',(-1.48E1,-1.742E2,-1.686215671133E2));
#1058=LINE('',#1057,#1056);
#1059=DIRECTION('',(0.E0,-1.E0,0.E0));
#1060=VECTOR('',#1059,1.71E1);
#1061=CARTESIAN_POINT('',(-1.48E1,-1.571E2,-1.762332416321E2));
#1062=LINE('',#1061,#1060);
#1063=DIRECTION('',(0.E0,1.E0,0.E0));
#1064=VECTOR('',#1063,1.71E1);
#1065=CARTESIAN_POINT('',(-1.25E1,-1.742E2,-1.785332416321E2));
#1066=LINE('',#1065,#1064);
#1067=DIRECTION('',(0.E0,-1.E0,0.E0));
#1068=VECTOR('',#1067,1.71E1);
#1069=CARTESIAN_POINT('',(1.25E1,-1.571E2,-1.785332416321E2));
#1070=LINE('',#1069,#1068);
#1071=DIRECTION('',(0.E0,1.E0,0.E0));
#1072=VECTOR('',#1071,1.71E1);
#1073=CARTESIAN_POINT('',(1.48E1,-1.742E2,-1.762332416321E2));
#1074=LINE('',#1073,#1072);
#1075=DIRECTION('',(-1.533785444331E-12,1.E0,6.000138657530E-13));
#1076=VECTOR('',#1075,9.E0);
#1077=CARTESIAN_POINT('',(1.48E1,-1.742E2,-1.686215671133E2));
#1078=LINE('',#1077,#1076);
#1079=DIRECTION('',(5.808645866737E-13,0.E0,-1.E0));
#1080=VECTOR('',#1079,7.611674518817E0);
#1081=CARTESIAN_POINT('',(1.48E1,-1.571E2,-1.686215671133E2));
#1082=LINE('',#1081,#1080);
#1083=DIRECTION('',(0.E0,1.E0,0.E0));
#1084=VECTOR('',#1083,8.1E0);
#1085=CARTESIAN_POINT('',(2.485356432657E1,-1.652E2,-1.580347826087E2));
#1086=LINE('',#1085,#1084);
#1087=DIRECTION('',(-1.158360101940E-12,-1.E0,-1.445647442633E-12));
#1088=VECTOR('',#1087,8.1E0);
#1089=CARTESIAN_POINT('',(1.48E1,-1.571E2,-1.686215671133E2));
#1090=LINE('',#1089,#1088);
#1091=DIRECTION('',(0.E0,1.E0,0.E0));
#1092=VECTOR('',#1091,8.1E0);
#1093=CARTESIAN_POINT('',(4.039801975345E1,-1.652E2,-1.488E2));
#1094=LINE('',#1093,#1092);
#1095=DIRECTION('',(0.E0,1.E0,0.E0));
#1096=VECTOR('',#1095,1.15E1);
#1097=CARTESIAN_POINT('',(7.77E1,-1.767E2,-1.488E2));
#1098=LINE('',#1097,#1096);
#1099=DIRECTION('',(1.E0,0.E0,0.E0));
#1100=VECTOR('',#1099,1.35E1);
#1101=CARTESIAN_POINT('',(6.42E1,-1.652E2,-1.488E2));
#1102=LINE('',#1101,#1100);
#1103=DIRECTION('',(0.E0,1.E0,0.E0));
#1104=VECTOR('',#1103,8.1E0);
#1105=CARTESIAN_POINT('',(6.42E1,-1.652E2,-1.488E2));
#1106=LINE('',#1105,#1104);
#1107=DIRECTION('',(-1.E0,0.E0,0.E0));
#1108=VECTOR('',#1107,2.380198024655E1);
#1109=CARTESIAN_POINT('',(6.42E1,-1.571E2,-1.488E2));
#1110=LINE('',#1109,#1108);
#1111=DIRECTION('',(7.071067811865E-1,0.E0,-7.071067811865E-1));
#1112=VECTOR('',#1111,2.828427124746E0);
#1113=CARTESIAN_POINT('',(7.77E1,-1.767E2,-1.488E2));
#1114=LINE('',#1113,#1112);
#1115=DIRECTION('',(0.E0,1.E0,0.E0));
#1116=VECTOR('',#1115,1.15E1);
#1117=CARTESIAN_POINT('',(7.97E1,-1.767E2,-1.508E2));
#1118=LINE('',#1117,#1116);
#1119=DIRECTION('',(0.E0,0.E0,-1.E0));
#1120=VECTOR('',#1119,9.E0);
#1121=CARTESIAN_POINT('',(7.97E1,-1.652E2,-1.508E2));
#1122=LINE('',#1121,#1120);
#1123=DIRECTION('',(0.E0,1.E0,0.E0));
#1124=VECTOR('',#1123,3.E1);
#1125=CARTESIAN_POINT('',(8.823475891462E1,-1.841E2,-1.598E2));
#1126=LINE('',#1125,#1124);
#1127=DIRECTION('',(0.E0,1.E0,0.E0));
#1128=VECTOR('',#1127,1.15E1);
#1129=CARTESIAN_POINT('',(7.97E1,-1.767E2,-1.598E2));
#1130=LINE('',#1129,#1128);
#1131=CARTESIAN_POINT('',(8.823475891462E1,-1.541E2,-1.315E2));
#1132=DIRECTION('',(0.E0,1.E0,0.E0));
#1133=DIRECTION('',(0.E0,0.E0,1.E0));
#1134=AXIS2_PLACEMENT_3D('',#1131,#1132,#1133);
#1136=DIRECTION('',(-1.E0,0.E0,0.E0));
#1137=VECTOR('',#1136,3.034758914620E0);
#1138=CARTESIAN_POINT('',(8.823475891462E1,-1.541E2,-1.292E2));
#1139=LINE('',#1138,#1137);
#1140=DIRECTION('',(0.E0,0.E0,-1.E0));
#1141=VECTOR('',#1140,1.06E1);
#1142=CARTESIAN_POINT('',(8.52E1,-1.541E2,-1.292E2));
#1143=LINE('',#1142,#1141);
#1144=DIRECTION('',(1.E0,0.E0,0.E0));
#1145=VECTOR('',#1144,3.142494558940E0);
#1146=CARTESIAN_POINT('',(8.52E1,-1.541E2,-1.398E2));
#1147=LINE('',#1146,#1145);
#1148=DIRECTION('',(0.E0,0.E0,-1.E0));
#1149=VECTOR('',#1148,9.4E0);
#1150=CARTESIAN_POINT('',(8.834249455894E1,-1.541E2,-1.398E2));
#1151=LINE('',#1150,#1149);
#1152=DIRECTION('',(-1.E0,0.E0,0.E0));
#1153=VECTOR('',#1152,3.142494558940E0);
#1154=CARTESIAN_POINT('',(8.834249455894E1,-1.541E2,-1.492E2));
#1155=LINE('',#1154,#1153);
#1156=DIRECTION('',(0.E0,0.E0,-1.E0));
#1157=VECTOR('',#1156,1.06E1);
#1158=CARTESIAN_POINT('',(8.52E1,-1.541E2,-1.492E2));
#1159=LINE('',#1158,#1157);
#1160=DIRECTION('',(1.E0,0.E0,0.E0));
#1161=VECTOR('',#1160,3.034758914620E0);
#1162=CARTESIAN_POINT('',(8.52E1,-1.541E2,-1.598E2));
#1163=LINE('',#1162,#1161);
#1164=CARTESIAN_POINT('',(8.823475891462E1,-1.541E2,-1.575E2));
#1165=DIRECTION('',(0.E0,1.E0,0.E0));
#1166=DIRECTION('',(1.E0,0.E0,-1.235726496974E-14));
#1167=AXIS2_PLACEMENT_3D('',#1164,#1165,#1166);
#1169=DIRECTION('',(0.E0,0.E0,1.E0));
#1170=VECTOR('',#1169,2.6E1);
#1171=CARTESIAN_POINT('',(9.053475891462E1,-1.541E2,-1.575E2));
#1172=LINE('',#1171,#1170);
#1173=DIRECTION('',(0.E0,1.E0,0.E0));
#1174=VECTOR('',#1173,3.E1);
#1175=CARTESIAN_POINT('',(9.053475891462E1,-1.841E2,-1.315E2));
#1176=LINE('',#1175,#1174);
#1177=DIRECTION('',(0.E0,1.E0,0.E0));
#1178=VECTOR('',#1177,3.E1);
#1179=CARTESIAN_POINT('',(9.053475891462E1,-1.841E2,-1.575E2));
#1180=LINE('',#1179,#1178);
#1181=CARTESIAN_POINT('',(8.823475891462E1,-1.841E2,-1.315E2));
#1182=DIRECTION('',(0.E0,-1.E0,0.E0));
#1183=DIRECTION('',(1.E0,0.E0,0.E0));
#1184=AXIS2_PLACEMENT_3D('',#1181,#1182,#1183);
#1186=DIRECTION('',(0.E0,0.E0,-1.E0));
#1187=VECTOR('',#1186,2.6E1);
#1188=CARTESIAN_POINT('',(9.053475891462E1,-1.841E2,-1.315E2));
#1189=LINE('',#1188,#1187);
#1190=CARTESIAN_POINT('',(8.823475891462E1,-1.841E2,-1.575E2));
#1191=DIRECTION('',(0.E0,-1.E0,0.E0));
#1192=DIRECTION('',(0.E0,0.E0,-1.E0));
#1193=AXIS2_PLACEMENT_3D('',#1190,#1191,#1192);
#1195=DIRECTION('',(-1.E0,0.E0,0.E0));
#1196=VECTOR('',#1195,3.034758914620E0);
#1197=CARTESIAN_POINT('',(8.823475891462E1,-1.841E2,-1.598E2));
#1198=LINE('',#1197,#1196);
#1199=DIRECTION('',(0.E0,0.E0,1.E0));
#1200=VECTOR('',#1199,1.055E1);
#1201=CARTESIAN_POINT('',(8.52E1,-1.841E2,-1.598E2));
#1202=LINE('',#1201,#1200);
#1203=DIRECTION('',(0.E0,0.E0,1.E0));
#1204=VECTOR('',#1203,1.055E1);
#1205=CARTESIAN_POINT('',(8.52E1,-1.841E2,-1.3975E2));
#1206=LINE('',#1205,#1204);
#1207=DIRECTION('',(1.E0,0.E0,0.E0));
#1208=VECTOR('',#1207,3.034758914620E0);
#1209=CARTESIAN_POINT('',(8.52E1,-1.841E2,-1.292E2));
#1210=LINE('',#1209,#1208);
#1211=DIRECTION('',(0.E0,0.E0,-1.E0));
#1212=VECTOR('',#1211,1.055E1);
#1213=CARTESIAN_POINT('',(8.52E1,-1.767E2,-1.4925E2));
#1214=LINE('',#1213,#1212);
#1215=DIRECTION('',(0.E0,-1.E0,0.E0));
#1216=VECTOR('',#1215,7.4E0);
#1217=CARTESIAN_POINT('',(8.52E1,-1.767E2,-1.4925E2));
#1218=LINE('',#1217,#1216);
#1219=DIRECTION('',(0.E0,1.E0,0.E0));
#1220=VECTOR('',#1219,7.4E0);
#1221=CARTESIAN_POINT('',(8.52E1,-1.841E2,-1.598E2));
#1222=LINE('',#1221,#1220);
#1223=DIRECTION('',(0.E0,0.E0,-1.E0));
#1224=VECTOR('',#1223,1.06E1);
#1225=CARTESIAN_POINT('',(8.52E1,-1.571E2,-1.492E2));
#1226=LINE('',#1225,#1224);
#1227=DIRECTION('',(0.E0,1.E0,0.E0));
#1228=VECTOR('',#1227,3.E0);
#1229=CARTESIAN_POINT('',(8.52E1,-1.571E2,-1.598E2));
#1230=LINE('',#1229,#1228);
#1231=DIRECTION('',(0.E0,-1.E0,0.E0));
#1232=VECTOR('',#1231,3.E0);
#1233=CARTESIAN_POINT('',(8.52E1,-1.541E2,-1.492E2));
#1234=LINE('',#1233,#1232);
#1235=DIRECTION('',(-1.E0,0.E0,0.E0));
#1236=VECTOR('',#1235,1.E0);
#1237=CARTESIAN_POINT('',(8.62E1,-1.841E2,-1.4925E2));
#1238=LINE('',#1237,#1236);
#1239=DIRECTION('',(0.E0,0.E0,-1.E0));
#1240=VECTOR('',#1239,9.5E0);
#1241=CARTESIAN_POINT('',(8.62E1,-1.841E2,-1.3975E2));
#1242=LINE('',#1241,#1240);
#1243=DIRECTION('',(0.E0,1.E0,0.E0));
#1244=VECTOR('',#1243,7.4E0);
#1245=CARTESIAN_POINT('',(8.62E1,-1.841E2,-1.4925E2));
#1246=LINE('',#1245,#1244);
#1247=DIRECTION('',(0.E0,-1.E0,0.E0));
#1248=VECTOR('',#1247,7.4E0);
#1249=CARTESIAN_POINT('',(8.52E1,-1.767E2,-1.3975E2));
#1250=LINE('',#1249,#1248);
#1251=DIRECTION('',(1.E0,0.E0,0.E0));
#1252=VECTOR('',#1251,1.E0);
#1253=CARTESIAN_POINT('',(8.52E1,-1.841E2,-1.3975E2));
#1254=LINE('',#1253,#1252);
#1255=DIRECTION('',(0.E0,1.E0,0.E0));
#1256=VECTOR('',#1255,7.4E0);
#1257=CARTESIAN_POINT('',(8.62E1,-1.841E2,-1.3975E2));
#1258=LINE('',#1257,#1256);
#1259=DIRECTION('',(0.E0,0.E0,-1.E0));
#1260=VECTOR('',#1259,1.055E1);
#1261=CARTESIAN_POINT('',(8.52E1,-1.767E2,-1.292E2));
#1262=LINE('',#1261,#1260);
#1263=DIRECTION('',(0.E0,-1.E0,0.E0));
#1264=VECTOR('',#1263,7.4E0);
#1265=CARTESIAN_POINT('',(8.52E1,-1.767E2,-1.292E2));
#1266=LINE('',#1265,#1264);
#1267=DIRECTION('',(0.E0,0.E0,-1.E0));
#1268=VECTOR('',#1267,1.06E1);
#1269=CARTESIAN_POINT('',(8.52E1,-1.571E2,-1.292E2));
#1270=LINE('',#1269,#1268);
#1271=DIRECTION('',(0.E0,-1.E0,0.E0));
#1272=VECTOR('',#1271,3.E0);
#1273=CARTESIAN_POINT('',(8.52E1,-1.541E2,-1.292E2));
#1274=LINE('',#1273,#1272);
#1275=DIRECTION('',(0.E0,1.E0,0.E0));
#1276=VECTOR('',#1275,3.E1);
#1277=CARTESIAN_POINT('',(8.823475891462E1,-1.841E2,-1.292E2));
#1278=LINE('',#1277,#1276);
#1279=DIRECTION('',(0.E0,-1.E0,0.E0));
#1280=VECTOR('',#1279,8.1E0);
#1281=CARTESIAN_POINT('',(7.97E1,-1.571E2,-1.292E2));
#1282=LINE('',#1281,#1280);
#1283=DIRECTION('',(0.E0,-1.E0,0.E0));
#1284=VECTOR('',#1283,1.15E1);
#1285=CARTESIAN_POINT('',(7.97E1,-1.652E2,-1.382E2));
#1286=LINE('',#1285,#1284);
#1287=DIRECTION('',(0.E0,0.E0,-1.E0));
#1288=VECTOR('',#1287,9.E0);
#1289=CARTESIAN_POINT('',(7.97E1,-1.652E2,-1.292E2));
#1290=LINE('',#1289,#1288);
#1291=DIRECTION('',(0.E0,1.E0,0.E0));
#1292=VECTOR('',#1291,1.15E1);
#1293=CARTESIAN_POINT('',(7.97E1,-1.767E2,-1.292E2));
#1294=LINE('',#1293,#1292);
#1295=DIRECTION('',(1.E0,0.E0,0.E0));
#1296=VECTOR('',#1295,3.142494558940E0);
#1297=CARTESIAN_POINT('',(8.52E1,-1.571E2,-1.398E2));
#1298=LINE('',#1297,#1296);
#1299=DIRECTION('',(0.E0,-1.E0,0.E0));
#1300=VECTOR('',#1299,3.E0);
#1301=CARTESIAN_POINT('',(8.52E1,-1.541E2,-1.398E2));
#1302=LINE('',#1301,#1300);
#1303=DIRECTION('',(0.E0,0.E0,-1.E0));
#1304=VECTOR('',#1303,9.4E0);
#1305=CARTESIAN_POINT('',(8.834249455894E1,-1.571E2,-1.398E2));
#1306=LINE('',#1305,#1304);
#1307=DIRECTION('',(0.E0,-1.E0,0.E0));
#1308=VECTOR('',#1307,3.E0);
#1309=CARTESIAN_POINT('',(8.834249455894E1,-1.541E2,-1.398E2));
#1310=LINE('',#1309,#1308);
#1311=DIRECTION('',(-1.E0,0.E0,0.E0));
#1312=VECTOR('',#1311,3.142494558940E0);
#1313=CARTESIAN_POINT('',(8.834249455894E1,-1.571E2,-1.492E2));
#1314=LINE('',#1313,#1312);
#1315=DIRECTION('',(0.E0,-1.E0,0.E0));
#1316=VECTOR('',#1315,3.E0);
#1317=CARTESIAN_POINT('',(8.834249455894E1,-1.541E2,-1.492E2));
#1318=LINE('',#1317,#1316);
#1319=DIRECTION('',(0.E0,-1.E0,0.E0));
#1320=VECTOR('',#1319,8.1E0);
#1321=CARTESIAN_POINT('',(7.97E1,-1.571E2,-1.598E2));
#1322=LINE('',#1321,#1320);
#1323=DIRECTION('',(0.E0,1.E0,-2.224307694553E-14));
#1324=VECTOR('',#1323,1.15E1);
#1325=CARTESIAN_POINT('',(2.498800974435E1,-1.767E2,-1.488E2));
#1326=LINE('',#1325,#1324);
#1327=DIRECTION('',(0.E0,0.E0,1.E0));
#1328=VECTOR('',#1327,8.6E0);
#1329=CARTESIAN_POINT('',(2.498800974435E1,-1.652E2,-1.488E2));
#1330=LINE('',#1329,#1328);
#1331=DIRECTION('',(0.E0,1.E0,0.E0));
#1332=VECTOR('',#1331,1.15E1);
#1333=CARTESIAN_POINT('',(-7.97E1,-1.767E2,-1.382E2));
#1334=LINE('',#1333,#1332);
#1335=DIRECTION('',(0.E0,0.E0,1.E0));
#1336=VECTOR('',#1335,9.E0);
#1337=CARTESIAN_POINT('',(-7.97E1,-1.652E2,-1.382E2));
#1338=LINE('',#1337,#1336);
#1339=DIRECTION('',(0.E0,1.E0,0.E0));
#1340=VECTOR('',#1339,8.1E0);
#1341=CARTESIAN_POINT('',(-4.039801975345E1,-1.652E2,-1.402E2));
#1342=LINE('',#1341,#1340);
#1343=DIRECTION('',(0.E0,1.E0,0.E0));
#1344=VECTOR('',#1343,8.1E0);
#1345=CARTESIAN_POINT('',(-2.485356432657E1,-1.652E2,-1.309652173913E2));
#1346=LINE('',#1345,#1344);
#1347=DIRECTION('',(1.158798708567E-12,-1.E0,1.442138589617E-12));
#1348=VECTOR('',#1347,8.1E0);
#1349=CARTESIAN_POINT('',(-1.48E1,-1.571E2,-1.203784328867E2));
#1350=LINE('',#1349,#1348);
#1351=DIRECTION('',(1.534772309242E-12,1.E0,-6.031718334675E-13));
#1352=VECTOR('',#1351,9.E0);
#1353=CARTESIAN_POINT('',(-1.48E1,-1.742E2,-1.203784328867E2));
#1354=LINE('',#1353,#1352);
#1355=DIRECTION('',(-5.813313320225E-13,0.E0,1.E0));
#1356=VECTOR('',#1355,7.611674518817E0);
#1357=CARTESIAN_POINT('',(-1.48E1,-1.571E2,-1.203784328867E2));
#1358=LINE('',#1357,#1356);
#1359=DIRECTION('',(0.E0,-1.E0,0.E0));
#1360=VECTOR('',#1359,1.71E1);
#1361=CARTESIAN_POINT('',(-1.25E1,-1.571E2,-1.104667583679E2));
#1362=LINE('',#1361,#1360);
#1363=DIRECTION('',(0.E0,1.E0,0.E0));
#1364=VECTOR('',#1363,1.71E1);
#1365=CARTESIAN_POINT('',(-1.48E1,-1.742E2,-1.127667583679E2));
#1366=LINE('',#1365,#1364);
#1367=DIRECTION('',(0.E0,-1.E0,0.E0));
#1368=VECTOR('',#1367,1.71E1);
#1369=CARTESIAN_POINT('',(1.48E1,-1.571E2,-1.127667583679E2));
#1370=LINE('',#1369,#1368);
#1371=DIRECTION('',(0.E0,1.E0,0.E0));
#1372=VECTOR('',#1371,1.71E1);
#1373=CARTESIAN_POINT('',(1.25E1,-1.742E2,-1.104667583679E2));
#1374=LINE('',#1373,#1372);
#1375=DIRECTION('',(0.E0,-1.E0,0.E0));
#1376=VECTOR('',#1375,1.71E1);
#1377=CARTESIAN_POINT('',(9.65E0,-1.571E2,-1.745E2));
#1378=LINE('',#1377,#1376);
#1379=DIRECTION('',(0.E0,1.E0,0.E0));
#1380=VECTOR('',#1379,1.71E1);
#1381=CARTESIAN_POINT('',(1.235E1,-1.742E2,-1.745E2));
#1382=LINE('',#1381,#1380);
#1383=DIRECTION('',(0.E0,-1.E0,0.E0));
#1384=VECTOR('',#1383,1.71E1);
#1385=CARTESIAN_POINT('',(-9.65E0,-1.571E2,-1.745E2));
#1386=LINE('',#1385,#1384);
#1387=DIRECTION('',(0.E0,1.E0,0.E0));
#1388=VECTOR('',#1387,1.71E1);
#1389=CARTESIAN_POINT('',(-1.235E1,-1.742E2,-1.745E2));
#1390=LINE('',#1389,#1388);
#1391=DIRECTION('',(0.E0,-1.E0,0.E0));
#1392=VECTOR('',#1391,1.71E1);
#1393=CARTESIAN_POINT('',(9.65E0,-1.571E2,-1.145E2));
#1394=LINE('',#1393,#1392);
#1395=DIRECTION('',(0.E0,1.E0,0.E0));
#1396=VECTOR('',#1395,1.71E1);
#1397=CARTESIAN_POINT('',(1.235E1,-1.742E2,-1.145E2));
#1398=LINE('',#1397,#1396);
#1399=DIRECTION('',(0.E0,-1.E0,0.E0));
#1400=VECTOR('',#1399,1.71E1);
#1401=CARTESIAN_POINT('',(-9.65E0,-1.571E2,-1.145E2));
#1402=LINE('',#1401,#1400);
#1403=DIRECTION('',(0.E0,1.E0,0.E0));
#1404=VECTOR('',#1403,1.71E1);
#1405=CARTESIAN_POINT('',(-1.235E1,-1.742E2,-1.145E2));
#1406=LINE('',#1405,#1404);
#1407=CARTESIAN_POINT('',(8.834249455894E1,-1.571E2,-1.398E2));
#1408=CARTESIAN_POINT('',(8.834249455894E1,-1.571E2,-1.492E2));
#1409=VERTEX_POINT('',#1407);
#1410=VERTEX_POINT('',#1408);
#1411=CARTESIAN_POINT('',(4.039801975345E1,-1.571E2,-1.402E2));
#1412=CARTESIAN_POINT('',(2.485356432655E1,-1.571E2,-1.309652173912E2));
#1413=VERTEX_POINT('',#1411);
#1414=VERTEX_POINT('',#1412);
#1415=CARTESIAN_POINT('',(1.48E1,-1.571E2,-1.203784328867E2));
#1416=VERTEX_POINT('',#1415);
#1417=CARTESIAN_POINT('',(1.48E1,-1.571E2,-1.127667583679E2));
#1418=VERTEX_POINT('',#1417);
#1419=CARTESIAN_POINT('',(1.25E1,-1.571E2,-1.104667583679E2));
#1420=VERTEX_POINT('',#1419);
#1421=CARTESIAN_POINT('',(-1.25E1,-1.571E2,-1.104667583679E2));
#1422=VERTEX_POINT('',#1421);
#1423=CARTESIAN_POINT('',(-1.48E1,-1.571E2,-1.127667583679E2));
#1424=VERTEX_POINT('',#1423);
#1425=CARTESIAN_POINT('',(-1.48E1,-1.571E2,-1.203784328867E2));
#1426=VERTEX_POINT('',#1425);
#1427=CARTESIAN_POINT('',(-2.485356432655E1,-1.571E2,-1.309652173913E2));
#1428=VERTEX_POINT('',#1427);
#1429=CARTESIAN_POINT('',(-4.039801975345E1,-1.571E2,-1.402E2));
#1430=VERTEX_POINT('',#1429);
#1431=CARTESIAN_POINT('',(-8.834249455894E1,-1.571E2,-1.492E2));
#1432=CARTESIAN_POINT('',(-8.834249455894E1,-1.571E2,-1.398E2));
#1433=VERTEX_POINT('',#1431);
#1434=VERTEX_POINT('',#1432);
#1435=CARTESIAN_POINT('',(-4.039801975345E1,-1.571E2,-1.488E2));
#1436=CARTESIAN_POINT('',(-2.485356432655E1,-1.571E2,-1.580347826088E2));
#1437=VERTEX_POINT('',#1435);
#1438=VERTEX_POINT('',#1436);
#1439=CARTESIAN_POINT('',(-1.48E1,-1.571E2,-1.686215671133E2));
#1440=VERTEX_POINT('',#1439);
#1441=CARTESIAN_POINT('',(-1.48E1,-1.571E2,-1.762332416321E2));
#1442=VERTEX_POINT('',#1441);
#1443=CARTESIAN_POINT('',(-1.25E1,-1.571E2,-1.785332416321E2));
#1444=VERTEX_POINT('',#1443);
#1445=CARTESIAN_POINT('',(1.25E1,-1.571E2,-1.785332416321E2));
#1446=VERTEX_POINT('',#1445);
#1447=CARTESIAN_POINT('',(1.48E1,-1.571E2,-1.762332416321E2));
#1448=VERTEX_POINT('',#1447);
#1449=CARTESIAN_POINT('',(1.48E1,-1.571E2,-1.686215671133E2));
#1450=VERTEX_POINT('',#1449);
#1451=CARTESIAN_POINT('',(2.485356432655E1,-1.571E2,-1.580347826087E2));
#1452=VERTEX_POINT('',#1451);
#1453=CARTESIAN_POINT('',(4.039801975345E1,-1.571E2,-1.488E2));
#1454=VERTEX_POINT('',#1453);
#1455=CARTESIAN_POINT('',(4.65E0,-1.571E2,-1.252E2));
#1456=CARTESIAN_POINT('',(4.650000000002E0,-1.571E2,-1.209547775547E2));
#1457=VERTEX_POINT('',#1455);
#1458=VERTEX_POINT('',#1456);
#1459=CARTESIAN_POINT('',(4.650000000002E0,-1.571E2,-1.680452224453E2));
#1460=CARTESIAN_POINT('',(4.65E0,-1.571E2,-1.638E2));
#1461=VERTEX_POINT('',#1459);
#1462=VERTEX_POINT('',#1460);
#1463=CARTESIAN_POINT('',(-4.77E0,-1.571E2,-1.638E2));
#1464=VERTEX_POINT('',#1463);
#1465=CARTESIAN_POINT('',(-4.769999999997E0,-1.571E2,-1.680212053263E2));
#1466=VERTEX_POINT('',#1465);
#1467=CARTESIAN_POINT('',(-4.769999999997E0,-1.571E2,-1.209787946737E2));
#1468=CARTESIAN_POINT('',(-4.77E0,-1.571E2,-1.252E2));
#1469=VERTEX_POINT('',#1467);
#1470=VERTEX_POINT('',#1468);
#1471=CARTESIAN_POINT('',(8.E1,-1.571E2,-1.4275E2));
#1472=CARTESIAN_POINT('',(8.E1,-1.571E2,-1.4625E2));
#1473=VERTEX_POINT('',#1471);
#1474=VERTEX_POINT('',#1472);
#1475=CARTESIAN_POINT('',(6.E1,-1.571E2,-1.4275E2));
#1476=CARTESIAN_POINT('',(6.E1,-1.571E2,-1.4625E2));
#1477=VERTEX_POINT('',#1475);
#1478=VERTEX_POINT('',#1476);
#1479=CARTESIAN_POINT('',(4.E1,-1.571E2,-1.4275E2));
#1480=CARTESIAN_POINT('',(4.E1,-1.571E2,-1.4625E2));
#1481=VERTEX_POINT('',#1479);
#1482=VERTEX_POINT('',#1480);
#1483=CARTESIAN_POINT('',(-4.E1,-1.571E2,-1.4275E2));
#1484=CARTESIAN_POINT('',(-4.E1,-1.571E2,-1.4625E2));
#1485=VERTEX_POINT('',#1483);
#1486=VERTEX_POINT('',#1484);
#1487=CARTESIAN_POINT('',(-6.E1,-1.571E2,-1.4275E2));
#1488=CARTESIAN_POINT('',(-6.E1,-1.571E2,-1.4625E2));
#1489=VERTEX_POINT('',#1487);
#1490=VERTEX_POINT('',#1488);
#1491=CARTESIAN_POINT('',(-8.E1,-1.571E2,-1.4275E2));
#1492=CARTESIAN_POINT('',(-8.E1,-1.571E2,-1.4625E2));
#1493=VERTEX_POINT('',#1491);
#1494=VERTEX_POINT('',#1492);
#1495=CARTESIAN_POINT('',(-9.65E0,-1.571E2,-1.145E2));
#1496=CARTESIAN_POINT('',(-1.235E1,-1.571E2,-1.145E2));
#1497=VERTEX_POINT('',#1495);
#1498=VERTEX_POINT('',#1496);
#1499=CARTESIAN_POINT('',(1.235E1,-1.571E2,-1.145E2));
#1500=CARTESIAN_POINT('',(9.65E0,-1.571E2,-1.145E2));
#1501=VERTEX_POINT('',#1499);
#1502=VERTEX_POINT('',#1500);
#1503=CARTESIAN_POINT('',(-9.65E0,-1.571E2,-1.745E2));
#1504=CARTESIAN_POINT('',(-1.235E1,-1.571E2,-1.745E2));
#1505=VERTEX_POINT('',#1503);
#1506=VERTEX_POINT('',#1504);
#1507=CARTESIAN_POINT('',(1.235E1,-1.571E2,-1.745E2));
#1508=CARTESIAN_POINT('',(9.65E0,-1.571E2,-1.745E2));
#1509=VERTEX_POINT('',#1507);
#1510=VERTEX_POINT('',#1508);
#1511=CARTESIAN_POINT('',(4.65E0,-1.742E2,-1.252E2));
#1512=VERTEX_POINT('',#1511);
#1513=CARTESIAN_POINT('',(4.65E0,-1.742E2,-1.203784328867E2));
#1514=VERTEX_POINT('',#1513);
#1515=CARTESIAN_POINT('',(4.65E0,-1.652E2,-1.203784328867E2));
#1516=VERTEX_POINT('',#1515);
#1517=CARTESIAN_POINT('',(4.650000000002E0,-1.652E2,-1.209547775547E2));
#1518=VERTEX_POINT('',#1517);
#1519=CARTESIAN_POINT('',(-4.77E0,-1.742E2,-1.252E2));
#1520=VERTEX_POINT('',#1519);
#1521=CARTESIAN_POINT('',(-4.77E0,-1.742E2,-1.203784328867E2));
#1522=VERTEX_POINT('',#1521);
#1523=CARTESIAN_POINT('',(-4.769999999997E0,-1.652E2,-1.209787946737E2));
#1524=VERTEX_POINT('',#1523);
#1525=CARTESIAN_POINT('',(-4.77E0,-1.652E2,-1.203784328867E2));
#1526=VERTEX_POINT('',#1525);
#1527=CARTESIAN_POINT('',(-1.48E1,-1.742E2,-1.203784328867E2));
#1528=VERTEX_POINT('',#1527);
#1529=CARTESIAN_POINT('',(-1.48E1,-1.742E2,-1.127667583679E2));
#1530=VERTEX_POINT('',#1529);
#1531=CARTESIAN_POINT('',(-1.25E1,-1.742E2,-1.104667583679E2));
#1532=VERTEX_POINT('',#1531);
#1533=CARTESIAN_POINT('',(1.25E1,-1.742E2,-1.104667583679E2));
#1534=VERTEX_POINT('',#1533);
#1535=CARTESIAN_POINT('',(1.48E1,-1.742E2,-1.127667583679E2));
#1536=VERTEX_POINT('',#1535);
#1537=CARTESIAN_POINT('',(1.48E1,-1.742E2,-1.203784328867E2));
#1538=VERTEX_POINT('',#1537);
#1539=CARTESIAN_POINT('',(-4.77E0,-1.742E2,-1.638E2));
#1540=CARTESIAN_POINT('',(-4.77E0,-1.742E2,-1.686215671133E2));
#1541=VERTEX_POINT('',#1539);
#1542=VERTEX_POINT('',#1540);
#1543=CARTESIAN_POINT('',(4.65E0,-1.742E2,-1.638E2));
#1544=VERTEX_POINT('',#1543);
#1545=CARTESIAN_POINT('',(4.65E0,-1.742E2,-1.686215671133E2));
#1546=VERTEX_POINT('',#1545);
#1547=CARTESIAN_POINT('',(1.48E1,-1.742E2,-1.686215671133E2));
#1548=VERTEX_POINT('',#1547);
#1549=CARTESIAN_POINT('',(1.48E1,-1.742E2,-1.762332416321E2));
#1550=VERTEX_POINT('',#1549);
#1551=CARTESIAN_POINT('',(1.25E1,-1.742E2,-1.785332416321E2));
#1552=VERTEX_POINT('',#1551);
#1553=CARTESIAN_POINT('',(-1.25E1,-1.742E2,-1.785332416321E2));
#1554=VERTEX_POINT('',#1553);
#1555=CARTESIAN_POINT('',(-1.48E1,-1.742E2,-1.762332416321E2));
#1556=VERTEX_POINT('',#1555);
#1557=CARTESIAN_POINT('',(-1.48E1,-1.742E2,-1.686215671133E2));
#1558=VERTEX_POINT('',#1557);
#1559=CARTESIAN_POINT('',(-1.479999999999E1,-1.652E2,-1.203784328867E2));
#1560=VERTEX_POINT('',#1559);
#1561=CARTESIAN_POINT('',(2.4E1,-1.652E2,-1.445E2));
#1562=VERTEX_POINT('',#1561);
#1563=CARTESIAN_POINT('',(4.65E0,-1.652E2,-1.680452224453E2));
#1564=VERTEX_POINT('',#1563);
#1565=CARTESIAN_POINT('',(1.479999999999E1,-1.652E2,-1.203784328867E2));
#1566=VERTEX_POINT('',#1565);
#1567=CARTESIAN_POINT('',(2.485356432654E1,-1.652E2,-1.309652173912E2));
#1568=VERTEX_POINT('',#1567);
#1569=CARTESIAN_POINT('',(4.039801975345E1,-1.652E2,-1.402E2));
#1570=VERTEX_POINT('',#1569);
#1571=CARTESIAN_POINT('',(2.498800974435E1,-1.652E2,-1.402E2));
#1572=VERTEX_POINT('',#1571);
#1573=CARTESIAN_POINT('',(2.498800974435E1,-1.652E2,-1.488E2));
#1574=VERTEX_POINT('',#1573);
#1575=CARTESIAN_POINT('',(4.039801975345E1,-1.652E2,-1.488E2));
#1576=VERTEX_POINT('',#1575);
#1577=CARTESIAN_POINT('',(2.485356432655E1,-1.652E2,-1.580347826087E2));
#1578=VERTEX_POINT('',#1577);
#1579=CARTESIAN_POINT('',(1.479999999996E1,-1.652E2,-1.686215671133E2));
#1580=VERTEX_POINT('',#1579);
#1581=CARTESIAN_POINT('',(4.65E0,-1.652E2,-1.686215671133E2));
#1582=VERTEX_POINT('',#1581);
#1583=CARTESIAN_POINT('',(-2.4E1,-1.652E2,-1.445E2));
#1584=VERTEX_POINT('',#1583);
#1585=CARTESIAN_POINT('',(-4.77E0,-1.652E2,-1.680212053263E2));
#1586=VERTEX_POINT('',#1585);
#1587=CARTESIAN_POINT('',(-4.77E0,-1.652E2,-1.686215671133E2));
#1588=VERTEX_POINT('',#1587);
#1589=CARTESIAN_POINT('',(-1.479999999999E1,-1.652E2,-1.686215671133E2));
#1590=VERTEX_POINT('',#1589);
#1591=CARTESIAN_POINT('',(-2.485356432654E1,-1.652E2,-1.580347826088E2));
#1592=VERTEX_POINT('',#1591);
#1593=CARTESIAN_POINT('',(-4.039801975345E1,-1.652E2,-1.488E2));
#1594=VERTEX_POINT('',#1593);
#1595=CARTESIAN_POINT('',(-2.498800974435E1,-1.652E2,-1.488E2));
#1596=VERTEX_POINT('',#1595);
#1597=CARTESIAN_POINT('',(-2.498800974435E1,-1.652E2,-1.402E2));
#1598=VERTEX_POINT('',#1597);
#1599=CARTESIAN_POINT('',(-4.039801975345E1,-1.652E2,-1.402E2));
#1600=VERTEX_POINT('',#1599);
#1601=CARTESIAN_POINT('',(-2.485356432655E1,-1.652E2,-1.309652173913E2));
#1602=VERTEX_POINT('',#1601);
#1603=CARTESIAN_POINT('',(-2.498800974435E1,-1.767E2,-1.488E2));
#1604=VERTEX_POINT('',#1603);
#1605=CARTESIAN_POINT('',(-8.62E1,-1.767E2,-1.4925E2));
#1606=CARTESIAN_POINT('',(-8.62E1,-1.767E2,-1.3975E2));
#1607=VERTEX_POINT('',#1605);
#1608=VERTEX_POINT('',#1606);
#1609=CARTESIAN_POINT('',(-2.498800974435E1,-1.767E2,-1.402E2));
#1610=VERTEX_POINT('',#1609);
#1611=CARTESIAN_POINT('',(-4.E1,-1.767E2,-1.4625E2));
#1612=CARTESIAN_POINT('',(-4.E1,-1.767E2,-1.4275E2));
#1613=VERTEX_POINT('',#1611);
#1614=VERTEX_POINT('',#1612);
#1615=CARTESIAN_POINT('',(-6.E1,-1.767E2,-1.4625E2));
#1616=CARTESIAN_POINT('',(-6.E1,-1.767E2,-1.4275E2));
#1617=VERTEX_POINT('',#1615);
#1618=VERTEX_POINT('',#1616);
#1619=CARTESIAN_POINT('',(-8.E1,-1.767E2,-1.4625E2));
#1620=CARTESIAN_POINT('',(-8.E1,-1.767E2,-1.4275E2));
#1621=VERTEX_POINT('',#1619);
#1622=VERTEX_POINT('',#1620);
#1623=CARTESIAN_POINT('',(8.62E1,-1.767E2,-1.3975E2));
#1624=CARTESIAN_POINT('',(8.62E1,-1.767E2,-1.4925E2));
#1625=VERTEX_POINT('',#1623);
#1626=VERTEX_POINT('',#1624);
#1627=CARTESIAN_POINT('',(2.498800974435E1,-1.767E2,-1.488E2));
#1628=CARTESIAN_POINT('',(2.498800974435E1,-1.767E2,-1.402E2));
#1629=VERTEX_POINT('',#1627);
#1630=VERTEX_POINT('',#1628);
#1631=CARTESIAN_POINT('',(8.E1,-1.767E2,-1.4625E2));
#1632=CARTESIAN_POINT('',(8.E1,-1.767E2,-1.4275E2));
#1633=VERTEX_POINT('',#1631);
#1634=VERTEX_POINT('',#1632);
#1635=CARTESIAN_POINT('',(6.E1,-1.767E2,-1.4625E2));
#1636=CARTESIAN_POINT('',(6.E1,-1.767E2,-1.4275E2));
#1637=VERTEX_POINT('',#1635);
#1638=VERTEX_POINT('',#1636);
#1639=CARTESIAN_POINT('',(4.E1,-1.767E2,-1.4625E2));
#1640=CARTESIAN_POINT('',(4.E1,-1.767E2,-1.4275E2));
#1641=VERTEX_POINT('',#1639);
#1642=VERTEX_POINT('',#1640);
#1643=CARTESIAN_POINT('',(-8.834249455894E1,-1.541E2,-1.492E2));
#1644=VERTEX_POINT('',#1643);
#1645=CARTESIAN_POINT('',(-8.52E1,-1.541E2,-1.492E2));
#1646=VERTEX_POINT('',#1645);
#1647=CARTESIAN_POINT('',(-8.834249455894E1,-1.541E2,-1.398E2));
#1648=VERTEX_POINT('',#1647);
#1649=CARTESIAN_POINT('',(-8.52E1,-1.541E2,-1.398E2));
#1650=VERTEX_POINT('',#1649);
#1651=CARTESIAN_POINT('',(8.834249455894E1,-1.541E2,-1.492E2));
#1652=CARTESIAN_POINT('',(8.52E1,-1.541E2,-1.492E2));
#1653=VERTEX_POINT('',#1651);
#1654=VERTEX_POINT('',#1652);
#1655=CARTESIAN_POINT('',(8.52E1,-1.541E2,-1.398E2));
#1656=CARTESIAN_POINT('',(8.834249455894E1,-1.541E2,-1.398E2));
#1657=VERTEX_POINT('',#1655);
#1658=VERTEX_POINT('',#1656);
#1659=CARTESIAN_POINT('',(8.62E1,-1.841E2,-1.4925E2));
#1660=VERTEX_POINT('',#1659);
#1661=CARTESIAN_POINT('',(8.52E1,-1.841E2,-1.4925E2));
#1662=VERTEX_POINT('',#1661);
#1663=CARTESIAN_POINT('',(8.62E1,-1.841E2,-1.3975E2));
#1664=VERTEX_POINT('',#1663);
#1665=CARTESIAN_POINT('',(-8.62E1,-1.841E2,-1.3975E2));
#1666=CARTESIAN_POINT('',(-8.52E1,-1.841E2,-1.3975E2));
#1667=VERTEX_POINT('',#1665);
#1668=VERTEX_POINT('',#1666);
#1669=CARTESIAN_POINT('',(-8.62E1,-1.841E2,-1.4925E2));
#1670=VERTEX_POINT('',#1669);
#1671=CARTESIAN_POINT('',(-8.52E1,-1.841E2,-1.4925E2));
#1672=VERTEX_POINT('',#1671);
#1673=CARTESIAN_POINT('',(8.52E1,-1.841E2,-1.3975E2));
#1674=VERTEX_POINT('',#1673);
#1675=CARTESIAN_POINT('',(1.235E1,-1.742E2,-1.145E2));
#1676=CARTESIAN_POINT('',(9.65E0,-1.742E2,-1.145E2));
#1677=VERTEX_POINT('',#1675);
#1678=VERTEX_POINT('',#1676);
#1679=CARTESIAN_POINT('',(-1.235E1,-1.742E2,-1.145E2));
#1680=CARTESIAN_POINT('',(-9.65E0,-1.742E2,-1.145E2));
#1681=VERTEX_POINT('',#1679);
#1682=VERTEX_POINT('',#1680);
#1683=CARTESIAN_POINT('',(1.235E1,-1.742E2,-1.745E2));
#1684=CARTESIAN_POINT('',(9.65E0,-1.742E2,-1.745E2));
#1685=VERTEX_POINT('',#1683);
#1686=VERTEX_POINT('',#1684);
#1687=CARTESIAN_POINT('',(-1.235E1,-1.742E2,-1.745E2));
#1688=CARTESIAN_POINT('',(-9.65E0,-1.742E2,-1.745E2));
#1689=VERTEX_POINT('',#1687);
#1690=VERTEX_POINT('',#1688);
#1691=CARTESIAN_POINT('',(-8.52E1,-1.767E2,-1.4925E2));
#1692=VERTEX_POINT('',#1691);
#1693=CARTESIAN_POINT('',(-8.52E1,-1.767E2,-1.3975E2));
#1694=VERTEX_POINT('',#1693);
#1695=CARTESIAN_POINT('',(8.52E1,-1.767E2,-1.3975E2));
#1696=VERTEX_POINT('',#1695);
#1697=CARTESIAN_POINT('',(8.52E1,-1.767E2,-1.4925E2));
#1698=VERTEX_POINT('',#1697);
#1699=CARTESIAN_POINT('',(-8.52E1,-1.767E2,-1.598E2));
#1700=CARTESIAN_POINT('',(-8.52E1,-1.841E2,-1.598E2));
#1701=VERTEX_POINT('',#1699);
#1702=VERTEX_POINT('',#1700);
#1703=CARTESIAN_POINT('',(-8.52E1,-1.841E2,-1.292E2));
#1704=CARTESIAN_POINT('',(-8.52E1,-1.767E2,-1.292E2));
#1705=VERTEX_POINT('',#1703);
#1706=VERTEX_POINT('',#1704);
#1707=CARTESIAN_POINT('',(8.52E1,-1.841E2,-1.598E2));
#1708=CARTESIAN_POINT('',(8.52E1,-1.767E2,-1.598E2));
#1709=VERTEX_POINT('',#1707);
#1710=VERTEX_POINT('',#1708);
#1711=CARTESIAN_POINT('',(8.52E1,-1.767E2,-1.292E2));
#1712=CARTESIAN_POINT('',(8.52E1,-1.841E2,-1.292E2));
#1713=VERTEX_POINT('',#1711);
#1714=VERTEX_POINT('',#1712);
#1715=CARTESIAN_POINT('',(-7.97E1,-1.767E2,-1.292E2));
#1716=VERTEX_POINT('',#1715);
#1717=CARTESIAN_POINT('',(-7.97E1,-1.767E2,-1.598E2));
#1718=VERTEX_POINT('',#1717);
#1719=CARTESIAN_POINT('',(7.97E1,-1.767E2,-1.292E2));
#1720=VERTEX_POINT('',#1719);
#1721=CARTESIAN_POINT('',(7.97E1,-1.767E2,-1.598E2));
#1722=VERTEX_POINT('',#1721);
#1723=CARTESIAN_POINT('',(-8.52E1,-1.541E2,-1.598E2));
#1724=VERTEX_POINT('',#1723);
#1725=CARTESIAN_POINT('',(-8.52E1,-1.541E2,-1.292E2));
#1726=VERTEX_POINT('',#1725);
#1727=CARTESIAN_POINT('',(8.52E1,-1.541E2,-1.598E2));
#1728=VERTEX_POINT('',#1727);
#1729=CARTESIAN_POINT('',(8.52E1,-1.541E2,-1.292E2));
#1730=VERTEX_POINT('',#1729);
#1731=CARTESIAN_POINT('',(-8.52E1,-1.571E2,-1.598E2));
#1732=CARTESIAN_POINT('',(-8.52E1,-1.571E2,-1.492E2));
#1733=VERTEX_POINT('',#1731);
#1734=VERTEX_POINT('',#1732);
#1735=CARTESIAN_POINT('',(-8.52E1,-1.571E2,-1.398E2));
#1736=CARTESIAN_POINT('',(-8.52E1,-1.571E2,-1.292E2));
#1737=VERTEX_POINT('',#1735);
#1738=VERTEX_POINT('',#1736);
#1739=CARTESIAN_POINT('',(8.52E1,-1.571E2,-1.492E2));
#1740=CARTESIAN_POINT('',(8.52E1,-1.571E2,-1.598E2));
#1741=VERTEX_POINT('',#1739);
#1742=VERTEX_POINT('',#1740);
#1743=CARTESIAN_POINT('',(8.52E1,-1.571E2,-1.292E2));
#1744=CARTESIAN_POINT('',(8.52E1,-1.571E2,-1.398E2));
#1745=VERTEX_POINT('',#1743);
#1746=VERTEX_POINT('',#1744);
#1747=CARTESIAN_POINT('',(6.42E1,-1.571E2,-1.402E2));
#1748=VERTEX_POINT('',#1747);
#1749=CARTESIAN_POINT('',(-6.42E1,-1.571E2,-1.402E2));
#1750=VERTEX_POINT('',#1749);
#1751=CARTESIAN_POINT('',(-6.42E1,-1.571E2,-1.488E2));
#1752=VERTEX_POINT('',#1751);
#1753=CARTESIAN_POINT('',(6.42E1,-1.571E2,-1.488E2));
#1754=VERTEX_POINT('',#1753);
#1755=CARTESIAN_POINT('',(-7.97E1,-1.652E2,-1.292E2));
#1756=VERTEX_POINT('',#1755);
#1757=CARTESIAN_POINT('',(-7.97E1,-1.652E2,-1.598E2));
#1758=VERTEX_POINT('',#1757);
#1759=CARTESIAN_POINT('',(7.97E1,-1.652E2,-1.292E2));
#1760=VERTEX_POINT('',#1759);
#1761=CARTESIAN_POINT('',(7.97E1,-1.652E2,-1.598E2));
#1762=VERTEX_POINT('',#1761);
#1763=CARTESIAN_POINT('',(7.97E1,-1.571E2,-1.292E2));
#1764=VERTEX_POINT('',#1763);
#1765=CARTESIAN_POINT('',(6.42E1,-1.652E2,-1.402E2));
#1766=VERTEX_POINT('',#1765);
#1767=CARTESIAN_POINT('',(-6.42E1,-1.652E2,-1.488E2));
#1768=VERTEX_POINT('',#1767);
#1769=CARTESIAN_POINT('',(6.42E1,-1.652E2,-1.488E2));
#1770=VERTEX_POINT('',#1769);
#1771=CARTESIAN_POINT('',(-6.42E1,-1.652E2,-1.402E2));
#1772=VERTEX_POINT('',#1771);
#1773=CARTESIAN_POINT('',(7.97E1,-1.571E2,-1.598E2));
#1774=VERTEX_POINT('',#1773);
#1775=CARTESIAN_POINT('',(-7.97E1,-1.571E2,-1.292E2));
#1776=VERTEX_POINT('',#1775);
#1777=CARTESIAN_POINT('',(-7.97E1,-1.571E2,-1.598E2));
#1778=VERTEX_POINT('',#1777);
#1779=CARTESIAN_POINT('',(-7.97E1,-1.652E2,-1.382E2));
#1780=CARTESIAN_POINT('',(-7.77E1,-1.652E2,-1.402E2));
#1781=VERTEX_POINT('',#1779);
#1782=VERTEX_POINT('',#1780);
#1783=CARTESIAN_POINT('',(-7.77E1,-1.767E2,-1.402E2));
#1784=VERTEX_POINT('',#1783);
#1785=CARTESIAN_POINT('',(-7.97E1,-1.767E2,-1.382E2));
#1786=VERTEX_POINT('',#1785);
#1787=CARTESIAN_POINT('',(-7.77E1,-1.652E2,-1.488E2));
#1788=CARTESIAN_POINT('',(-7.77E1,-1.767E2,-1.488E2));
#1789=VERTEX_POINT('',#1787);
#1790=VERTEX_POINT('',#1788);
#1791=CARTESIAN_POINT('',(-7.97E1,-1.652E2,-1.508E2));
#1792=VERTEX_POINT('',#1791);
#1793=CARTESIAN_POINT('',(-7.97E1,-1.767E2,-1.508E2));
#1794=VERTEX_POINT('',#1793);
#1795=CARTESIAN_POINT('',(7.97E1,-1.652E2,-1.508E2));
#1796=CARTESIAN_POINT('',(7.77E1,-1.652E2,-1.488E2));
#1797=VERTEX_POINT('',#1795);
#1798=VERTEX_POINT('',#1796);
#1799=CARTESIAN_POINT('',(7.77E1,-1.767E2,-1.488E2));
#1800=VERTEX_POINT('',#1799);
#1801=CARTESIAN_POINT('',(7.97E1,-1.767E2,-1.508E2));
#1802=VERTEX_POINT('',#1801);
#1803=CARTESIAN_POINT('',(7.77E1,-1.652E2,-1.402E2));
#1804=CARTESIAN_POINT('',(7.77E1,-1.767E2,-1.402E2));
#1805=VERTEX_POINT('',#1803);
#1806=VERTEX_POINT('',#1804);
#1807=CARTESIAN_POINT('',(7.97E1,-1.652E2,-1.382E2));
#1808=VERTEX_POINT('',#1807);
#1809=CARTESIAN_POINT('',(7.97E1,-1.767E2,-1.382E2));
#1810=VERTEX_POINT('',#1809);
#1811=CARTESIAN_POINT('',(-9.053475891462E1,-1.541E2,-1.315E2));
#1812=CARTESIAN_POINT('',(-8.823475891462E1,-1.541E2,-1.292E2));
#1813=VERTEX_POINT('',#1811);
#1814=VERTEX_POINT('',#1812);
#1815=CARTESIAN_POINT('',(-8.823475891462E1,-1.841E2,-1.292E2));
#1816=VERTEX_POINT('',#1815);
#1817=CARTESIAN_POINT('',(-9.053475891462E1,-1.841E2,-1.315E2));
#1818=VERTEX_POINT('',#1817);
#1819=CARTESIAN_POINT('',(-8.823475891462E1,-1.541E2,-1.598E2));
#1820=CARTESIAN_POINT('',(-9.053475891462E1,-1.541E2,-1.575E2));
#1821=VERTEX_POINT('',#1819);
#1822=VERTEX_POINT('',#1820);
#1823=CARTESIAN_POINT('',(-9.053475891462E1,-1.841E2,-1.575E2));
#1824=VERTEX_POINT('',#1823);
#1825=CARTESIAN_POINT('',(-8.823475891462E1,-1.841E2,-1.598E2));
#1826=VERTEX_POINT('',#1825);
#1827=CARTESIAN_POINT('',(8.823475891462E1,-1.541E2,-1.292E2));
#1828=CARTESIAN_POINT('',(9.053475891462E1,-1.541E2,-1.315E2));
#1829=VERTEX_POINT('',#1827);
#1830=VERTEX_POINT('',#1828);
#1831=CARTESIAN_POINT('',(9.053475891462E1,-1.841E2,-1.315E2));
#1832=VERTEX_POINT('',#1831);
#1833=CARTESIAN_POINT('',(8.823475891462E1,-1.841E2,-1.292E2));
#1834=VERTEX_POINT('',#1833);
#1835=CARTESIAN_POINT('',(9.053475891462E1,-1.541E2,-1.575E2));
#1836=CARTESIAN_POINT('',(8.823475891462E1,-1.541E2,-1.598E2));
#1837=VERTEX_POINT('',#1835);
#1838=VERTEX_POINT('',#1836);
#1839=CARTESIAN_POINT('',(8.823475891462E1,-1.841E2,-1.598E2));
#1840=VERTEX_POINT('',#1839);
#1841=CARTESIAN_POINT('',(9.053475891462E1,-1.841E2,-1.575E2));
#1842=VERTEX_POINT('',#1841);
#1843=CARTESIAN_POINT('',(0.E0,-1.571E2,0.E0));
#1844=DIRECTION('',(0.E0,-1.E0,0.E0));
#1845=DIRECTION('',(1.E0,0.E0,0.E0));
#1846=AXIS2_PLACEMENT_3D('',#1843,#1844,#1845);
#1847=PLANE('',#1846);
#1849=ORIENTED_EDGE('',*,*,#1848,.F.);
#1851=ORIENTED_EDGE('',*,*,#1850,.F.);
#1853=ORIENTED_EDGE('',*,*,#1852,.F.);
#1855=ORIENTED_EDGE('',*,*,#1854,.F.);
#1857=ORIENTED_EDGE('',*,*,#1856,.F.);
#1859=ORIENTED_EDGE('',*,*,#1858,.T.);
#1861=ORIENTED_EDGE('',*,*,#1860,.T.);
#1863=ORIENTED_EDGE('',*,*,#1862,.F.);
#1865=ORIENTED_EDGE('',*,*,#1864,.T.);
#1867=ORIENTED_EDGE('',*,*,#1866,.T.);
#1869=ORIENTED_EDGE('',*,*,#1868,.T.);
#1871=ORIENTED_EDGE('',*,*,#1870,.F.);
#1873=ORIENTED_EDGE('',*,*,#1872,.T.);
#1875=ORIENTED_EDGE('',*,*,#1874,.T.);
#1877=ORIENTED_EDGE('',*,*,#1876,.F.);
#1879=ORIENTED_EDGE('',*,*,#1878,.F.);
#1881=ORIENTED_EDGE('',*,*,#1880,.F.);
#1883=ORIENTED_EDGE('',*,*,#1882,.F.);
#1885=ORIENTED_EDGE('',*,*,#1884,.F.);
#1887=ORIENTED_EDGE('',*,*,#1886,.F.);
#1889=ORIENTED_EDGE('',*,*,#1888,.F.);
#1891=ORIENTED_EDGE('',*,*,#1890,.F.);
#1893=ORIENTED_EDGE('',*,*,#1892,.F.);
#1895=ORIENTED_EDGE('',*,*,#1894,.F.);
#1897=ORIENTED_EDGE('',*,*,#1896,.F.);
#1899=ORIENTED_EDGE('',*,*,#1898,.T.);
#1901=ORIENTED_EDGE('',*,*,#1900,.T.);
#1903=ORIENTED_EDGE('',*,*,#1902,.F.);
#1905=ORIENTED_EDGE('',*,*,#1904,.T.);
#1907=ORIENTED_EDGE('',*,*,#1906,.T.);
#1909=ORIENTED_EDGE('',*,*,#1908,.T.);
#1911=ORIENTED_EDGE('',*,*,#1910,.F.);
#1913=ORIENTED_EDGE('',*,*,#1912,.T.);
#1915=ORIENTED_EDGE('',*,*,#1914,.T.);
#1917=ORIENTED_EDGE('',*,*,#1916,.F.);
#1919=ORIENTED_EDGE('',*,*,#1918,.F.);
#1921=ORIENTED_EDGE('',*,*,#1920,.F.);
#1923=ORIENTED_EDGE('',*,*,#1922,.F.);
#1925=ORIENTED_EDGE('',*,*,#1924,.F.);
#1927=ORIENTED_EDGE('',*,*,#1926,.F.);
#1928=EDGE_LOOP('',(#1849,#1851,#1853,#1855,#1857,#1859,#1861,#1863,#1865,#1867,
#1869,#1871,#1873,#1875,#1877,#1879,#1881,#1883,#1885,#1887,#1889,#1891,#1893,
#1895,#1897,#1899,#1901,#1903,#1905,#1907,#1909,#1911,#1913,#1915,#1917,#1919,
#1921,#1923,#1925,#1927));
#1929=FACE_OUTER_BOUND('',#1928,.F.);
#1931=ORIENTED_EDGE('',*,*,#1930,.T.);
#1933=ORIENTED_EDGE('',*,*,#1932,.T.);
#1934=EDGE_LOOP('',(#1931,#1933));
#1935=FACE_BOUND('',#1934,.F.);
#1937=ORIENTED_EDGE('',*,*,#1936,.T.);
#1939=ORIENTED_EDGE('',*,*,#1938,.T.);
#1940=EDGE_LOOP('',(#1937,#1939));
#1941=FACE_BOUND('',#1940,.F.);
#1943=ORIENTED_EDGE('',*,*,#1942,.T.);
#1945=ORIENTED_EDGE('',*,*,#1944,.T.);
#1946=EDGE_LOOP('',(#1943,#1945));
#1947=FACE_BOUND('',#1946,.F.);
#1949=ORIENTED_EDGE('',*,*,#1948,.T.);
#1951=ORIENTED_EDGE('',*,*,#1950,.T.);
#1952=EDGE_LOOP('',(#1949,#1951));
#1953=FACE_BOUND('',#1952,.F.);
#1955=ORIENTED_EDGE('',*,*,#1954,.T.);
#1957=ORIENTED_EDGE('',*,*,#1956,.T.);
#1958=EDGE_LOOP('',(#1955,#1957));
#1959=FACE_BOUND('',#1958,.F.);
#1961=ORIENTED_EDGE('',*,*,#1960,.T.);
#1963=ORIENTED_EDGE('',*,*,#1962,.T.);
#1964=EDGE_LOOP('',(#1961,#1963));
#1965=FACE_BOUND('',#1964,.F.);
#1967=ORIENTED_EDGE('',*,*,#1966,.T.);
#1969=ORIENTED_EDGE('',*,*,#1968,.T.);
#1970=EDGE_LOOP('',(#1967,#1969));
#1971=FACE_BOUND('',#1970,.F.);
#1973=ORIENTED_EDGE('',*,*,#1972,.T.);
#1975=ORIENTED_EDGE('',*,*,#1974,.T.);
#1976=EDGE_LOOP('',(#1973,#1975));
#1977=FACE_BOUND('',#1976,.F.);
#1979=ORIENTED_EDGE('',*,*,#1978,.T.);
#1981=ORIENTED_EDGE('',*,*,#1980,.T.);
#1982=EDGE_LOOP('',(#1979,#1981));
#1983=FACE_BOUND('',#1982,.F.);
#1985=ORIENTED_EDGE('',*,*,#1984,.T.);
#1987=ORIENTED_EDGE('',*,*,#1986,.T.);
#1988=EDGE_LOOP('',(#1985,#1987));
#1989=FACE_BOUND('',#1988,.F.);
#1991=ORIENTED_EDGE('',*,*,#1990,.T.);
#1993=ORIENTED_EDGE('',*,*,#1992,.T.);
#1995=ORIENTED_EDGE('',*,*,#1994,.T.);
#1997=ORIENTED_EDGE('',*,*,#1996,.F.);
#1999=ORIENTED_EDGE('',*,*,#1998,.T.);
#2001=ORIENTED_EDGE('',*,*,#2000,.T.);
#2003=ORIENTED_EDGE('',*,*,#2002,.T.);
#2005=ORIENTED_EDGE('',*,*,#2004,.F.);
#2006=EDGE_LOOP('',(#1991,#1993,#1995,#1997,#1999,#2001,#2003,#2005));
#2007=FACE_BOUND('',#2006,.F.);
#2008=ADVANCED_FACE('',(#1929,#1935,#1941,#1947,#1953,#1959,#1965,#1971,#1977,
#1983,#1989,#2007),#1847,.F.);
#2009=CARTESIAN_POINT('',(4.65E0,-1.752E2,-1.203784328867E2));
#2010=DIRECTION('',(-1.E0,0.E0,0.E0));
#2011=DIRECTION('',(0.E0,0.E0,-1.E0));
#2012=AXIS2_PLACEMENT_3D('',#2009,#2010,#2011);
#2013=PLANE('',#2012);
#2015=ORIENTED_EDGE('',*,*,#2014,.T.);
#2017=ORIENTED_EDGE('',*,*,#2016,.T.);
#2019=ORIENTED_EDGE('',*,*,#2018,.F.);
#2021=ORIENTED_EDGE('',*,*,#2020,.F.);
#2023=ORIENTED_EDGE('',*,*,#2022,.F.);
#2024=ORIENTED_EDGE('',*,*,#1990,.F.);
#2025=EDGE_LOOP('',(#2015,#2017,#2019,#2021,#2023,#2024));
#2026=FACE_OUTER_BOUND('',#2025,.F.);
#2027=ADVANCED_FACE('',(#2026),#2013,.F.);
#2028=CARTESIAN_POINT('',(-5.E0,-1.571E2,-1.252E2));
#2029=DIRECTION('',(0.E0,0.E0,-1.E0));
#2030=DIRECTION('',(1.E0,0.E0,0.E0));
#2031=AXIS2_PLACEMENT_3D('',#2028,#2029,#2030);
#2032=PLANE('',#2031);
#2034=ORIENTED_EDGE('',*,*,#2033,.T.);
#2036=ORIENTED_EDGE('',*,*,#2035,.T.);
#2037=ORIENTED_EDGE('',*,*,#2014,.F.);
#2038=ORIENTED_EDGE('',*,*,#2004,.T.);
#2039=EDGE_LOOP('',(#2034,#2036,#2037,#2038));
#2040=FACE_OUTER_BOUND('',#2039,.F.);
#2041=ADVANCED_FACE('',(#2040),#2032,.T.);
#2042=CARTESIAN_POINT('',(-4.77E0,-1.752E2,-1.256986418402E2));
#2043=DIRECTION('',(1.E0,0.E0,0.E0));
#2044=DIRECTION('',(0.E0,0.E0,1.E0));
#2045=AXIS2_PLACEMENT_3D('',#2042,#2043,#2044);
#2046=PLANE('',#2045);
#2048=ORIENTED_EDGE('',*,*,#2047,.T.);
#2049=ORIENTED_EDGE('',*,*,#2033,.F.);
#2050=ORIENTED_EDGE('',*,*,#2002,.F.);
#2052=ORIENTED_EDGE('',*,*,#2051,.F.);
#2054=ORIENTED_EDGE('',*,*,#2053,.F.);
#2056=ORIENTED_EDGE('',*,*,#2055,.T.);
#2057=EDGE_LOOP('',(#2048,#2049,#2050,#2052,#2054,#2056));
#2058=FACE_OUTER_BOUND('',#2057,.F.);
#2059=ADVANCED_FACE('',(#2058),#2046,.F.);
#2060=CARTESIAN_POINT('',(0.E0,-1.742E2,0.E0));
#2061=DIRECTION('',(0.E0,-1.E0,0.E0));
#2062=DIRECTION('',(-1.E0,0.E0,0.E0));
#2063=AXIS2_PLACEMENT_3D('',#2060,#2061,#2062);
#2064=PLANE('',#2063);
#2065=ORIENTED_EDGE('',*,*,#2016,.F.);
#2066=ORIENTED_EDGE('',*,*,#2035,.F.);
#2067=ORIENTED_EDGE('',*,*,#2047,.F.);
#2069=ORIENTED_EDGE('',*,*,#2068,.T.);
#2071=ORIENTED_EDGE('',*,*,#2070,.T.);
#2073=ORIENTED_EDGE('',*,*,#2072,.T.);
#2075=ORIENTED_EDGE('',*,*,#2074,.T.);
#2077=ORIENTED_EDGE('',*,*,#2076,.T.);
#2079=ORIENTED_EDGE('',*,*,#2078,.T.);
#2081=ORIENTED_EDGE('',*,*,#2080,.T.);
#2082=EDGE_LOOP('',(#2065,#2066,#2067,#2069,#2071,#2073,#2075,#2077,#2079,
#2081));
#2083=FACE_OUTER_BOUND('',#2082,.F.);
#2085=ORIENTED_EDGE('',*,*,#2084,.F.);
#2087=ORIENTED_EDGE('',*,*,#2086,.F.);
#2088=EDGE_LOOP('',(#2085,#2087));
#2089=FACE_BOUND('',#2088,.F.);
#2091=ORIENTED_EDGE('',*,*,#2090,.F.);
#2093=ORIENTED_EDGE('',*,*,#2092,.F.);
#2094=EDGE_LOOP('',(#2091,#2093));
#2095=FACE_BOUND('',#2094,.F.);
#2096=ADVANCED_FACE('',(#2083,#2089,#2095),#2064,.T.);
#2097=CARTESIAN_POINT('',(-1.48E1,-1.652E2,-1.203784328867E2));
#2098=DIRECTION('',(0.E0,0.E0,-1.E0));
#2099=DIRECTION('',(1.E0,0.E0,0.E0));
#2100=AXIS2_PLACEMENT_3D('',#2097,#2098,#2099);
#2101=PLANE('',#2100);
#2103=ORIENTED_EDGE('',*,*,#2102,.T.);
#2105=ORIENTED_EDGE('',*,*,#2104,.F.);
#2106=ORIENTED_EDGE('',*,*,#2068,.F.);
#2107=ORIENTED_EDGE('',*,*,#2055,.F.);
#2108=EDGE_LOOP('',(#2103,#2105,#2106,#2107));
#2109=FACE_OUTER_BOUND('',#2108,.F.);
#2110=ADVANCED_FACE('',(#2109),#2101,.T.);
#2111=CARTESIAN_POINT('',(0.E0,-1.652E2,0.E0));
#2112=DIRECTION('',(0.E0,-1.E0,0.E0));
#2113=DIRECTION('',(1.E0,0.E0,0.E0));
#2114=AXIS2_PLACEMENT_3D('',#2111,#2112,#2113);
#2115=PLANE('',#2114);
#2116=ORIENTED_EDGE('',*,*,#2102,.F.);
#2117=ORIENTED_EDGE('',*,*,#2053,.T.);
#2119=ORIENTED_EDGE('',*,*,#2118,.T.);
#2121=ORIENTED_EDGE('',*,*,#2120,.T.);
#2123=ORIENTED_EDGE('',*,*,#2122,.T.);
#2125=ORIENTED_EDGE('',*,*,#2124,.F.);
#2127=ORIENTED_EDGE('',*,*,#2126,.T.);
#2129=ORIENTED_EDGE('',*,*,#2128,.T.);
#2131=ORIENTED_EDGE('',*,*,#2130,.F.);
#2133=ORIENTED_EDGE('',*,*,#2132,.F.);
#2135=ORIENTED_EDGE('',*,*,#2134,.T.);
#2137=ORIENTED_EDGE('',*,*,#2136,.T.);
#2139=ORIENTED_EDGE('',*,*,#2138,.T.);
#2140=EDGE_LOOP('',(#2116,#2117,#2119,#2121,#2123,#2125,#2127,#2129,#2131,#2133,
#2135,#2137,#2139));
#2141=FACE_OUTER_BOUND('',#2140,.F.);
#2142=ADVANCED_FACE('',(#2141),#2115,.T.);
#2143=CARTESIAN_POINT('',(0.E0,-1.571E2,-1.445E2));
#2144=DIRECTION('',(0.E0,-1.E0,0.E0));
#2145=DIRECTION('',(1.E0,0.E0,0.E0));
#2146=AXIS2_PLACEMENT_3D('',#2143,#2144,#2145);
#2147=CYLINDRICAL_SURFACE('',#2146,2.4E1);
#2148=ORIENTED_EDGE('',*,*,#2120,.F.);
#2149=ORIENTED_EDGE('',*,*,#2118,.F.);
#2150=ORIENTED_EDGE('',*,*,#2051,.T.);
#2151=ORIENTED_EDGE('',*,*,#2000,.F.);
#2153=ORIENTED_EDGE('',*,*,#2152,.T.);
#2154=EDGE_LOOP('',(#2148,#2149,#2150,#2151,#2153));
#2155=FACE_OUTER_BOUND('',#2154,.F.);
#2156=ADVANCED_FACE('',(#2155),#2147,.F.);
#2157=CARTESIAN_POINT('',(-4.77E0,-1.752E2,-1.686215671133E2));
#2158=DIRECTION('',(1.E0,0.E0,0.E0));
#2159=DIRECTION('',(0.E0,0.E0,1.E0));
#2160=AXIS2_PLACEMENT_3D('',#2157,#2158,#2159);
#2161=PLANE('',#2160);
#2163=ORIENTED_EDGE('',*,*,#2162,.T.);
#2165=ORIENTED_EDGE('',*,*,#2164,.T.);
#2167=ORIENTED_EDGE('',*,*,#2166,.F.);
#2168=ORIENTED_EDGE('',*,*,#2122,.F.);
#2169=ORIENTED_EDGE('',*,*,#2152,.F.);
#2170=ORIENTED_EDGE('',*,*,#1998,.F.);
#2171=EDGE_LOOP('',(#2163,#2165,#2167,#2168,#2169,#2170));
#2172=FACE_OUTER_BOUND('',#2171,.F.);
#2173=ADVANCED_FACE('',(#2172),#2161,.F.);
#2174=CARTESIAN_POINT('',(5.E0,-1.571E2,-1.638E2));
#2175=DIRECTION('',(0.E0,0.E0,1.E0));
#2176=DIRECTION('',(-1.E0,0.E0,0.E0));
#2177=AXIS2_PLACEMENT_3D('',#2174,#2175,#2176);
#2178=PLANE('',#2177);
#2180=ORIENTED_EDGE('',*,*,#2179,.T.);
#2182=ORIENTED_EDGE('',*,*,#2181,.T.);
#2183=ORIENTED_EDGE('',*,*,#2162,.F.);
#2184=ORIENTED_EDGE('',*,*,#1996,.T.);
#2185=EDGE_LOOP('',(#2180,#2182,#2183,#2184));
#2186=FACE_OUTER_BOUND('',#2185,.F.);
#2187=ADVANCED_FACE('',(#2186),#2178,.T.);
#2188=CARTESIAN_POINT('',(4.65E0,-1.752E2,-1.633013581598E2));
#2189=DIRECTION('',(-1.E0,0.E0,0.E0));
#2190=DIRECTION('',(0.E0,0.E0,-1.E0));
#2191=AXIS2_PLACEMENT_3D('',#2188,#2189,#2190);
#2192=PLANE('',#2191);
#2194=ORIENTED_EDGE('',*,*,#2193,.T.);
#2195=ORIENTED_EDGE('',*,*,#2179,.F.);
#2196=ORIENTED_EDGE('',*,*,#1994,.F.);
#2198=ORIENTED_EDGE('',*,*,#2197,.F.);
#2200=ORIENTED_EDGE('',*,*,#2199,.F.);
#2202=ORIENTED_EDGE('',*,*,#2201,.T.);
#2203=EDGE_LOOP('',(#2194,#2195,#2196,#2198,#2200,#2202));
#2204=FACE_OUTER_BOUND('',#2203,.F.);
#2205=ADVANCED_FACE('',(#2204),#2192,.F.);
#2206=CARTESIAN_POINT('',(0.E0,-1.742E2,0.E0));
#2207=DIRECTION('',(0.E0,-1.E0,0.E0));
#2208=DIRECTION('',(-1.E0,0.E0,0.E0));
#2209=AXIS2_PLACEMENT_3D('',#2206,#2207,#2208);
#2210=PLANE('',#2209);
#2211=ORIENTED_EDGE('',*,*,#2164,.F.);
#2212=ORIENTED_EDGE('',*,*,#2181,.F.);
#2213=ORIENTED_EDGE('',*,*,#2193,.F.);
#2215=ORIENTED_EDGE('',*,*,#2214,.T.);
#2217=ORIENTED_EDGE('',*,*,#2216,.T.);
#2219=ORIENTED_EDGE('',*,*,#2218,.T.);
#2221=ORIENTED_EDGE('',*,*,#2220,.T.);
#2223=ORIENTED_EDGE('',*,*,#2222,.T.);
#2225=ORIENTED_EDGE('',*,*,#2224,.T.);
#2227=ORIENTED_EDGE('',*,*,#2226,.T.);
#2228=EDGE_LOOP('',(#2211,#2212,#2213,#2215,#2217,#2219,#2221,#2223,#2225,
#2227));
#2229=FACE_OUTER_BOUND('',#2228,.F.);
#2231=ORIENTED_EDGE('',*,*,#2230,.F.);
#2233=ORIENTED_EDGE('',*,*,#2232,.F.);
#2234=EDGE_LOOP('',(#2231,#2233));
#2235=FACE_BOUND('',#2234,.F.);
#2237=ORIENTED_EDGE('',*,*,#2236,.F.);
#2239=ORIENTED_EDGE('',*,*,#2238,.F.);
#2240=EDGE_LOOP('',(#2237,#2239));
#2241=FACE_BOUND('',#2240,.F.);
#2242=ADVANCED_FACE('',(#2229,#2235,#2241),#2210,.T.);
#2243=CARTESIAN_POINT('',(1.48E1,-1.652E2,-1.686215671133E2));
#2244=DIRECTION('',(0.E0,0.E0,1.E0));
#2245=DIRECTION('',(-1.E0,0.E0,0.E0));
#2246=AXIS2_PLACEMENT_3D('',#2243,#2244,#2245);
#2247=PLANE('',#2246);
#2249=ORIENTED_EDGE('',*,*,#2248,.T.);
#2251=ORIENTED_EDGE('',*,*,#2250,.F.);
#2252=ORIENTED_EDGE('',*,*,#2214,.F.);
#2253=ORIENTED_EDGE('',*,*,#2201,.F.);
#2254=EDGE_LOOP('',(#2249,#2251,#2252,#2253));
#2255=FACE_OUTER_BOUND('',#2254,.F.);
#2256=ADVANCED_FACE('',(#2255),#2247,.T.);
#2257=CARTESIAN_POINT('',(0.E0,-1.652E2,0.E0));
#2258=DIRECTION('',(0.E0,-1.E0,0.E0));
#2259=DIRECTION('',(1.E0,0.E0,0.E0));
#2260=AXIS2_PLACEMENT_3D('',#2257,#2258,#2259);
#2261=PLANE('',#2260);
#2263=ORIENTED_EDGE('',*,*,#2262,.T.);
#2265=ORIENTED_EDGE('',*,*,#2264,.T.);
#2266=ORIENTED_EDGE('',*,*,#2020,.T.);
#2268=ORIENTED_EDGE('',*,*,#2267,.F.);
#2270=ORIENTED_EDGE('',*,*,#2269,.T.);
#2272=ORIENTED_EDGE('',*,*,#2271,.T.);
#2274=ORIENTED_EDGE('',*,*,#2273,.F.);
#2276=ORIENTED_EDGE('',*,*,#2275,.F.);
#2278=ORIENTED_EDGE('',*,*,#2277,.T.);
#2280=ORIENTED_EDGE('',*,*,#2279,.T.);
#2282=ORIENTED_EDGE('',*,*,#2281,.T.);
#2283=ORIENTED_EDGE('',*,*,#2248,.F.);
#2284=ORIENTED_EDGE('',*,*,#2199,.T.);
#2285=EDGE_LOOP('',(#2263,#2265,#2266,#2268,#2270,#2272,#2274,#2276,#2278,#2280,
#2282,#2283,#2284));
#2286=FACE_OUTER_BOUND('',#2285,.F.);
#2287=ADVANCED_FACE('',(#2286),#2261,.T.);
#2288=CARTESIAN_POINT('',(0.E0,-1.571E2,-1.445E2));
#2289=DIRECTION('',(0.E0,-1.E0,0.E0));
#2290=DIRECTION('',(1.E0,0.E0,0.E0));
#2291=AXIS2_PLACEMENT_3D('',#2288,#2289,#2290);
#2292=CYLINDRICAL_SURFACE('',#2291,2.4E1);
#2293=ORIENTED_EDGE('',*,*,#1992,.F.);
#2294=ORIENTED_EDGE('',*,*,#2022,.T.);
#2295=ORIENTED_EDGE('',*,*,#2264,.F.);
#2296=ORIENTED_EDGE('',*,*,#2262,.F.);
#2297=ORIENTED_EDGE('',*,*,#2197,.T.);
#2298=EDGE_LOOP('',(#2293,#2294,#2295,#2296,#2297));
#2299=FACE_OUTER_BOUND('',#2298,.F.);
#2300=ADVANCED_FACE('',(#2299),#2292,.F.);
#2301=CARTESIAN_POINT('',(5.E0,-1.652E2,-1.203784328867E2));
#2302=DIRECTION('',(0.E0,0.E0,-1.E0));
#2303=DIRECTION('',(1.E0,0.E0,0.E0));
#2304=AXIS2_PLACEMENT_3D('',#2301,#2302,#2303);
#2305=PLANE('',#2304);
#2306=ORIENTED_EDGE('',*,*,#2267,.T.);
#2307=ORIENTED_EDGE('',*,*,#2018,.T.);
#2308=ORIENTED_EDGE('',*,*,#2080,.F.);
#2310=ORIENTED_EDGE('',*,*,#2309,.T.);
#2311=EDGE_LOOP('',(#2306,#2307,#2308,#2310));
#2312=FACE_OUTER_BOUND('',#2311,.F.);
#2313=ADVANCED_FACE('',(#2312),#2305,.T.);
#2314=CARTESIAN_POINT('',(1.48E1,-1.571E2,-1.203784328867E2));
#2315=DIRECTION('',(1.E0,0.E0,0.E0));
#2316=DIRECTION('',(0.E0,0.E0,1.E0));
#2317=AXIS2_PLACEMENT_3D('',#2314,#2315,#2316);
#2318=PLANE('',#2317);
#2320=ORIENTED_EDGE('',*,*,#2319,.F.);
#2321=ORIENTED_EDGE('',*,*,#2309,.F.);
#2322=ORIENTED_EDGE('',*,*,#2078,.F.);
#2324=ORIENTED_EDGE('',*,*,#2323,.F.);
#2325=ORIENTED_EDGE('',*,*,#1902,.T.);
#2326=EDGE_LOOP('',(#2320,#2321,#2322,#2324,#2325));
#2327=FACE_OUTER_BOUND('',#2326,.F.);
#2328=ADVANCED_FACE('',(#2327),#2318,.T.);
#2329=CARTESIAN_POINT('',(0.E0,-1.571E2,-1.445E2));
#2330=DIRECTION('',(0.E0,-1.E0,0.E0));
#2331=DIRECTION('',(1.E0,0.E0,0.E0));
#2332=AXIS2_PLACEMENT_3D('',#2329,#2330,#2331);
#2333=CYLINDRICAL_SURFACE('',#2332,2.83E1);
#2334=ORIENTED_EDGE('',*,*,#2269,.F.);
#2335=ORIENTED_EDGE('',*,*,#2319,.T.);
#2336=ORIENTED_EDGE('',*,*,#1900,.F.);
#2338=ORIENTED_EDGE('',*,*,#2337,.F.);
#2339=EDGE_LOOP('',(#2334,#2335,#2336,#2338));
#2340=FACE_OUTER_BOUND('',#2339,.F.);
#2341=ADVANCED_FACE('',(#2340),#2333,.T.);
#2342=CARTESIAN_POINT('',(4.039801975345E1,-1.571E2,-1.225E2));
#2343=DIRECTION('',(0.E0,-1.E0,0.E0));
#2344=DIRECTION('',(1.E0,0.E0,0.E0));
#2345=AXIS2_PLACEMENT_3D('',#2342,#2343,#2344);
#2346=CYLINDRICAL_SURFACE('',#2345,1.77E1);
#2347=ORIENTED_EDGE('',*,*,#2271,.F.);
#2348=ORIENTED_EDGE('',*,*,#2337,.T.);
#2349=ORIENTED_EDGE('',*,*,#1898,.F.);
#2351=ORIENTED_EDGE('',*,*,#2350,.T.);
#2352=EDGE_LOOP('',(#2347,#2348,#2349,#2351));
#2353=FACE_OUTER_BOUND('',#2352,.F.);
#2354=ADVANCED_FACE('',(#2353),#2346,.F.);
#2355=CARTESIAN_POINT('',(8.794249455894E1,-1.571E2,-1.402E2));
#2356=DIRECTION('',(0.E0,0.E0,1.E0));
#2357=DIRECTION('',(-1.E0,0.E0,0.E0));
#2358=AXIS2_PLACEMENT_3D('',#2355,#2356,#2357);
#2359=PLANE('',#2358);
#2361=ORIENTED_EDGE('',*,*,#2360,.T.);
#2363=ORIENTED_EDGE('',*,*,#2362,.F.);
#2365=ORIENTED_EDGE('',*,*,#2364,.T.);
#2366=ORIENTED_EDGE('',*,*,#2273,.T.);
#2367=ORIENTED_EDGE('',*,*,#2350,.F.);
#2368=ORIENTED_EDGE('',*,*,#1896,.T.);
#2370=ORIENTED_EDGE('',*,*,#2369,.F.);
#2372=ORIENTED_EDGE('',*,*,#2371,.F.);
#2373=EDGE_LOOP('',(#2361,#2363,#2365,#2366,#2367,#2368,#2370,#2372));
#2374=FACE_OUTER_BOUND('',#2373,.F.);
#2375=ADVANCED_FACE('',(#2374),#2359,.T.);
#2376=CARTESIAN_POINT('',(7.87E1,-1.7095E2,-1.392E2));
#2377=DIRECTION('',(-7.071067811865E-1,0.E0,7.071067811865E-1));
#2378=DIRECTION('',(-7.071067811865E-1,0.E0,-7.071067811865E-1));
#2379=AXIS2_PLACEMENT_3D('',#2376,#2377,#2378);
#2380=PLANE('',#2379);
#2381=ORIENTED_EDGE('',*,*,#2360,.F.);
#2383=ORIENTED_EDGE('',*,*,#2382,.T.);
#2385=ORIENTED_EDGE('',*,*,#2384,.T.);
#2387=ORIENTED_EDGE('',*,*,#2386,.T.);
#2388=EDGE_LOOP('',(#2381,#2383,#2385,#2387));
#2389=FACE_OUTER_BOUND('',#2388,.F.);
#2390=ADVANCED_FACE('',(#2389),#2380,.T.);
#2391=CARTESIAN_POINT('',(0.E0,-1.652E2,0.E0));
#2392=DIRECTION('',(0.E0,-1.E0,0.E0));
#2393=DIRECTION('',(1.E0,0.E0,0.E0));
#2394=AXIS2_PLACEMENT_3D('',#2391,#2392,#2393);
#2395=PLANE('',#2394);
#2397=ORIENTED_EDGE('',*,*,#2396,.F.);
#2399=ORIENTED_EDGE('',*,*,#2398,.T.);
#2401=ORIENTED_EDGE('',*,*,#2400,.T.);
#2403=ORIENTED_EDGE('',*,*,#2402,.T.);
#2404=EDGE_LOOP('',(#2397,#2399,#2401,#2403));
#2405=FACE_OUTER_BOUND('',#2404,.F.);
#2406=ADVANCED_FACE('',(#2405),#2395,.T.);
#2407=CARTESIAN_POINT('',(0.E0,-1.652E2,0.E0));
#2408=DIRECTION('',(0.E0,-1.E0,0.E0));
#2409=DIRECTION('',(1.E0,0.E0,0.E0));
#2410=AXIS2_PLACEMENT_3D('',#2407,#2408,#2409);
#2411=PLANE('',#2410);
#2413=ORIENTED_EDGE('',*,*,#2412,.F.);
#2415=ORIENTED_EDGE('',*,*,#2414,.T.);
#2417=ORIENTED_EDGE('',*,*,#2416,.T.);
#2419=ORIENTED_EDGE('',*,*,#2418,.T.);
#2420=EDGE_LOOP('',(#2413,#2415,#2417,#2419));
#2421=FACE_OUTER_BOUND('',#2420,.F.);
#2422=ADVANCED_FACE('',(#2421),#2411,.T.);
#2423=CARTESIAN_POINT('',(0.E0,-1.652E2,0.E0));
#2424=DIRECTION('',(0.E0,-1.E0,0.E0));
#2425=DIRECTION('',(1.E0,0.E0,0.E0));
#2426=AXIS2_PLACEMENT_3D('',#2423,#2424,#2425);
#2427=PLANE('',#2426);
#2429=ORIENTED_EDGE('',*,*,#2428,.F.);
#2431=ORIENTED_EDGE('',*,*,#2430,.T.);
#2433=ORIENTED_EDGE('',*,*,#2432,.T.);
#2435=ORIENTED_EDGE('',*,*,#2434,.T.);
#2436=EDGE_LOOP('',(#2429,#2431,#2433,#2435));
#2437=FACE_OUTER_BOUND('',#2436,.F.);
#2438=ADVANCED_FACE('',(#2437),#2427,.T.);
#2439=CARTESIAN_POINT('',(0.E0,-1.652E2,0.E0));
#2440=DIRECTION('',(0.E0,-1.E0,0.E0));
#2441=DIRECTION('',(1.E0,0.E0,0.E0));
#2442=AXIS2_PLACEMENT_3D('',#2439,#2440,#2441);
#2443=PLANE('',#2442);
#2444=ORIENTED_EDGE('',*,*,#2382,.F.);
#2445=ORIENTED_EDGE('',*,*,#2371,.T.);
#2447=ORIENTED_EDGE('',*,*,#2446,.T.);
#2449=ORIENTED_EDGE('',*,*,#2448,.T.);
#2450=EDGE_LOOP('',(#2444,#2445,#2447,#2449));
#2451=FACE_OUTER_BOUND('',#2450,.F.);
#2452=ADVANCED_FACE('',(#2451),#2443,.T.);
#2453=CARTESIAN_POINT('',(-7.87E1,-1.7095E2,-1.392E2));
#2454=DIRECTION('',(7.071067811865E-1,0.E0,7.071067811865E-1));
#2455=DIRECTION('',(7.071067811865E-1,0.E0,-7.071067811865E-1));
#2456=AXIS2_PLACEMENT_3D('',#2453,#2454,#2455);
#2457=PLANE('',#2456);
#2458=ORIENTED_EDGE('',*,*,#2396,.T.);
#2460=ORIENTED_EDGE('',*,*,#2459,.F.);
#2462=ORIENTED_EDGE('',*,*,#2461,.T.);
#2464=ORIENTED_EDGE('',*,*,#2463,.T.);
#2465=EDGE_LOOP('',(#2458,#2460,#2462,#2464));
#2466=FACE_OUTER_BOUND('',#2465,.F.);
#2467=ADVANCED_FACE('',(#2466),#2457,.T.);
#2468=CARTESIAN_POINT('',(-4.039801975345E1,-1.571E2,-1.402E2));
#2469=DIRECTION('',(0.E0,0.E0,1.E0));
#2470=DIRECTION('',(-1.E0,0.E0,0.E0));
#2471=AXIS2_PLACEMENT_3D('',#2468,#2469,#2470);
#2472=PLANE('',#2471);
#2473=ORIENTED_EDGE('',*,*,#2459,.T.);
#2474=ORIENTED_EDGE('',*,*,#2402,.F.);
#2476=ORIENTED_EDGE('',*,*,#2475,.T.);
#2477=ORIENTED_EDGE('',*,*,#1916,.T.);
#2479=ORIENTED_EDGE('',*,*,#2478,.F.);
#2480=ORIENTED_EDGE('',*,*,#2134,.F.);
#2482=ORIENTED_EDGE('',*,*,#2481,.F.);
#2484=ORIENTED_EDGE('',*,*,#2483,.F.);
#2485=EDGE_LOOP('',(#2473,#2474,#2476,#2477,#2479,#2480,#2482,#2484));
#2486=FACE_OUTER_BOUND('',#2485,.F.);
#2487=ADVANCED_FACE('',(#2486),#2472,.T.);
#2488=CARTESIAN_POINT('',(-6.330790018147E1,-1.571E2,-1.225224957103E2));
#2489=DIRECTION('',(0.E0,1.E0,0.E0));
#2490=DIRECTION('',(-1.E0,0.E0,0.E0));
#2491=AXIS2_PLACEMENT_3D('',#2488,#2489,#2490);
#2492=CYLINDRICAL_SURFACE('',#2491,1.77E1);
#2493=ORIENTED_EDGE('',*,*,#2475,.F.);
#2494=ORIENTED_EDGE('',*,*,#2400,.F.);
#2496=ORIENTED_EDGE('',*,*,#2495,.F.);
#2497=ORIENTED_EDGE('',*,*,#1918,.T.);
#2498=EDGE_LOOP('',(#2493,#2494,#2496,#2497));
#2499=FACE_OUTER_BOUND('',#2498,.F.);
#2500=ADVANCED_FACE('',(#2499),#2492,.F.);
#2501=CARTESIAN_POINT('',(-8.52E1,-1.571E2,-1.292E2));
#2502=DIRECTION('',(0.E0,0.E0,1.E0));
#2503=DIRECTION('',(-1.E0,0.E0,0.E0));
#2504=AXIS2_PLACEMENT_3D('',#2501,#2502,#2503);
#2505=PLANE('',#2504);
#2507=ORIENTED_EDGE('',*,*,#2506,.T.);
#2509=ORIENTED_EDGE('',*,*,#2508,.F.);
#2511=ORIENTED_EDGE('',*,*,#2510,.F.);
#2512=ORIENTED_EDGE('',*,*,#1920,.T.);
#2513=ORIENTED_EDGE('',*,*,#2495,.T.);
#2515=ORIENTED_EDGE('',*,*,#2514,.F.);
#2517=ORIENTED_EDGE('',*,*,#2516,.T.);
#2519=ORIENTED_EDGE('',*,*,#2518,.F.);
#2521=ORIENTED_EDGE('',*,*,#2520,.F.);
#2522=EDGE_LOOP('',(#2507,#2509,#2511,#2512,#2513,#2515,#2517,#2519,#2521));
#2523=FACE_OUTER_BOUND('',#2522,.F.);
#2524=ADVANCED_FACE('',(#2523),#2505,.T.);
#2525=CARTESIAN_POINT('',(-8.823475891462E1,-2.23208E2,-1.315E2));
#2526=DIRECTION('',(0.E0,1.E0,0.E0));
#2527=DIRECTION('',(-1.E0,0.E0,1.235726496974E-14));
#2528=AXIS2_PLACEMENT_3D('',#2525,#2526,#2527);
#2529=CYLINDRICAL_SURFACE('',#2528,2.3E0);
#2531=ORIENTED_EDGE('',*,*,#2530,.T.);
#2532=ORIENTED_EDGE('',*,*,#2506,.F.);
#2534=ORIENTED_EDGE('',*,*,#2533,.T.);
#2536=ORIENTED_EDGE('',*,*,#2535,.T.);
#2537=EDGE_LOOP('',(#2531,#2532,#2534,#2536));
#2538=FACE_OUTER_BOUND('',#2537,.F.);
#2539=ADVANCED_FACE('',(#2538),#2529,.T.);
#2540=CARTESIAN_POINT('',(0.E0,-1.541E2,0.E0));
#2541=DIRECTION('',(0.E0,1.E0,0.E0));
#2542=DIRECTION('',(0.E0,0.E0,1.E0));
#2543=AXIS2_PLACEMENT_3D('',#2540,#2541,#2542);
#2544=PLANE('',#2543);
#2545=ORIENTED_EDGE('',*,*,#2530,.F.);
#2547=ORIENTED_EDGE('',*,*,#2546,.T.);
#2549=ORIENTED_EDGE('',*,*,#2548,.F.);
#2551=ORIENTED_EDGE('',*,*,#2550,.T.);
#2553=ORIENTED_EDGE('',*,*,#2552,.T.);
#2555=ORIENTED_EDGE('',*,*,#2554,.T.);
#2557=ORIENTED_EDGE('',*,*,#2556,.T.);
#2559=ORIENTED_EDGE('',*,*,#2558,.T.);
#2561=ORIENTED_EDGE('',*,*,#2560,.T.);
#2562=ORIENTED_EDGE('',*,*,#2508,.T.);
#2563=EDGE_LOOP('',(#2545,#2547,#2549,#2551,#2553,#2555,#2557,#2559,#2561,
#2562));
#2564=FACE_OUTER_BOUND('',#2563,.F.);
#2565=ADVANCED_FACE('',(#2564),#2544,.T.);
#2566=CARTESIAN_POINT('',(-9.053475891462E1,-1.571E2,-1.342E2));
#2567=DIRECTION('',(-1.E0,0.E0,0.E0));
#2568=DIRECTION('',(0.E0,0.E0,-1.E0));
#2569=AXIS2_PLACEMENT_3D('',#2566,#2567,#2568);
#2570=PLANE('',#2569);
#2571=ORIENTED_EDGE('',*,*,#2535,.F.);
#2573=ORIENTED_EDGE('',*,*,#2572,.F.);
#2575=ORIENTED_EDGE('',*,*,#2574,.T.);
#2576=ORIENTED_EDGE('',*,*,#2546,.F.);
#2577=EDGE_LOOP('',(#2571,#2573,#2575,#2576));
#2578=FACE_OUTER_BOUND('',#2577,.F.);
#2579=ADVANCED_FACE('',(#2578),#2570,.T.);
#2580=CARTESIAN_POINT('',(0.E0,-1.841E2,0.E0));
#2581=DIRECTION('',(0.E0,-1.E0,0.E0));
#2582=DIRECTION('',(1.E0,0.E0,0.E0));
#2583=AXIS2_PLACEMENT_3D('',#2580,#2581,#2582);
#2584=PLANE('',#2583);
#2585=ORIENTED_EDGE('',*,*,#2533,.F.);
#2586=ORIENTED_EDGE('',*,*,#2520,.T.);
#2588=ORIENTED_EDGE('',*,*,#2587,.T.);
#2590=ORIENTED_EDGE('',*,*,#2589,.F.);
#2592=ORIENTED_EDGE('',*,*,#2591,.F.);
#2594=ORIENTED_EDGE('',*,*,#2593,.F.);
#2596=ORIENTED_EDGE('',*,*,#2595,.T.);
#2598=ORIENTED_EDGE('',*,*,#2597,.T.);
#2600=ORIENTED_EDGE('',*,*,#2599,.F.);
#2601=ORIENTED_EDGE('',*,*,#2572,.T.);
#2602=EDGE_LOOP('',(#2585,#2586,#2588,#2590,#2592,#2594,#2596,#2598,#2600,
#2601));
#2603=FACE_OUTER_BOUND('',#2602,.F.);
#2604=ADVANCED_FACE('',(#2603),#2584,.T.);
#2605=CARTESIAN_POINT('',(-8.52E1,-1.571E2,-1.548E2));
#2606=DIRECTION('',(1.E0,0.E0,0.E0));
#2607=DIRECTION('',(0.E0,0.E0,1.E0));
#2608=AXIS2_PLACEMENT_3D('',#2605,#2606,#2607);
#2609=PLANE('',#2608);
#2611=ORIENTED_EDGE('',*,*,#2610,.F.);
#2613=ORIENTED_EDGE('',*,*,#2612,.T.);
#2614=ORIENTED_EDGE('',*,*,#2587,.F.);
#2615=ORIENTED_EDGE('',*,*,#2518,.T.);
#2616=EDGE_LOOP('',(#2611,#2613,#2614,#2615));
#2617=FACE_OUTER_BOUND('',#2616,.F.);
#2618=ADVANCED_FACE('',(#2617),#2609,.T.);
#2619=CARTESIAN_POINT('',(-8.52E1,-1.571E2,-1.548E2));
#2620=DIRECTION('',(1.E0,0.E0,0.E0));
#2621=DIRECTION('',(0.E0,0.E0,1.E0));
#2622=AXIS2_PLACEMENT_3D('',#2619,#2620,#2621);
#2623=PLANE('',#2622);
#2624=ORIENTED_EDGE('',*,*,#1922,.T.);
#2625=ORIENTED_EDGE('',*,*,#2510,.T.);
#2626=ORIENTED_EDGE('',*,*,#2560,.F.);
#2628=ORIENTED_EDGE('',*,*,#2627,.T.);
#2629=EDGE_LOOP('',(#2624,#2625,#2626,#2628));
#2630=FACE_OUTER_BOUND('',#2629,.F.);
#2631=ADVANCED_FACE('',(#2630),#2623,.T.);
#2632=CARTESIAN_POINT('',(0.E0,-1.767E2,0.E0));
#2633=DIRECTION('',(0.E0,-1.E0,0.E0));
#2634=DIRECTION('',(1.E0,0.E0,0.E0));
#2635=AXIS2_PLACEMENT_3D('',#2632,#2633,#2634);
#2636=PLANE('',#2635);
#2638=ORIENTED_EDGE('',*,*,#2637,.T.);
#2640=ORIENTED_EDGE('',*,*,#2639,.F.);
#2642=ORIENTED_EDGE('',*,*,#2641,.F.);
#2644=ORIENTED_EDGE('',*,*,#2643,.F.);
#2646=ORIENTED_EDGE('',*,*,#2645,.T.);
#2648=ORIENTED_EDGE('',*,*,#2647,.T.);
#2650=ORIENTED_EDGE('',*,*,#2649,.T.);
#2652=ORIENTED_EDGE('',*,*,#2651,.T.);
#2653=ORIENTED_EDGE('',*,*,#2610,.T.);
#2654=ORIENTED_EDGE('',*,*,#2516,.F.);
#2656=ORIENTED_EDGE('',*,*,#2655,.F.);
#2657=ORIENTED_EDGE('',*,*,#2461,.F.);
#2658=ORIENTED_EDGE('',*,*,#2483,.T.);
#2660=ORIENTED_EDGE('',*,*,#2659,.T.);
#2661=EDGE_LOOP('',(#2638,#2640,#2642,#2644,#2646,#2648,#2650,#2652,#2653,#2654,
#2656,#2657,#2658,#2660));
#2662=FACE_OUTER_BOUND('',#2661,.F.);
#2664=ORIENTED_EDGE('',*,*,#2663,.T.);
#2666=ORIENTED_EDGE('',*,*,#2665,.T.);
#2667=EDGE_LOOP('',(#2664,#2666));
#2668=FACE_BOUND('',#2667,.F.);
#2670=ORIENTED_EDGE('',*,*,#2669,.T.);
#2672=ORIENTED_EDGE('',*,*,#2671,.T.);
#2673=EDGE_LOOP('',(#2670,#2672));
#2674=FACE_BOUND('',#2673,.F.);
#2676=ORIENTED_EDGE('',*,*,#2675,.T.);
#2678=ORIENTED_EDGE('',*,*,#2677,.T.);
#2679=EDGE_LOOP('',(#2676,#2678));
#2680=FACE_BOUND('',#2679,.F.);
#2681=ADVANCED_FACE('',(#2662,#2668,#2674,#2680),#2636,.T.);
#2682=CARTESIAN_POINT('',(0.E0,-1.767E2,0.E0));
#2683=DIRECTION('',(0.E0,-1.E0,0.E0));
#2684=DIRECTION('',(1.E0,0.E0,0.E0));
#2685=AXIS2_PLACEMENT_3D('',#2682,#2683,#2684);
#2686=PLANE('',#2685);
#2688=ORIENTED_EDGE('',*,*,#2687,.F.);
#2690=ORIENTED_EDGE('',*,*,#2689,.F.);
#2692=ORIENTED_EDGE('',*,*,#2691,.T.);
#2694=ORIENTED_EDGE('',*,*,#2693,.T.);
#2695=ORIENTED_EDGE('',*,*,#2362,.T.);
#2696=ORIENTED_EDGE('',*,*,#2386,.F.);
#2698=ORIENTED_EDGE('',*,*,#2697,.F.);
#2700=ORIENTED_EDGE('',*,*,#2699,.F.);
#2702=ORIENTED_EDGE('',*,*,#2701,.T.);
#2704=ORIENTED_EDGE('',*,*,#2703,.T.);
#2706=ORIENTED_EDGE('',*,*,#2705,.T.);
#2708=ORIENTED_EDGE('',*,*,#2707,.T.);
#2710=ORIENTED_EDGE('',*,*,#2709,.T.);
#2712=ORIENTED_EDGE('',*,*,#2711,.F.);
#2713=EDGE_LOOP('',(#2688,#2690,#2692,#2694,#2695,#2696,#2698,#2700,#2702,#2704,
#2706,#2708,#2710,#2712));
#2714=FACE_OUTER_BOUND('',#2713,.F.);
#2716=ORIENTED_EDGE('',*,*,#2715,.T.);
#2718=ORIENTED_EDGE('',*,*,#2717,.T.);
#2719=EDGE_LOOP('',(#2716,#2718));
#2720=FACE_BOUND('',#2719,.F.);
#2722=ORIENTED_EDGE('',*,*,#2721,.T.);
#2724=ORIENTED_EDGE('',*,*,#2723,.T.);
#2725=EDGE_LOOP('',(#2722,#2724));
#2726=FACE_BOUND('',#2725,.F.);
#2728=ORIENTED_EDGE('',*,*,#2727,.T.);
#2730=ORIENTED_EDGE('',*,*,#2729,.T.);
#2731=EDGE_LOOP('',(#2728,#2730));
#2732=FACE_BOUND('',#2731,.F.);
#2733=ADVANCED_FACE('',(#2714,#2720,#2726,#2732),#2686,.T.);
#2734=CARTESIAN_POINT('',(4.E1,-1.747E2,-1.445E2));
#2735=DIRECTION('',(0.E0,-1.E0,0.E0));
#2736=DIRECTION('',(0.E0,0.E0,-1.E0));
#2737=AXIS2_PLACEMENT_3D('',#2734,#2735,#2736);
#2738=CYLINDRICAL_SURFACE('',#2737,1.75E0);
#2739=ORIENTED_EDGE('',*,*,#1942,.F.);
#2741=ORIENTED_EDGE('',*,*,#2740,.T.);
#2742=ORIENTED_EDGE('',*,*,#2715,.F.);
#2744=ORIENTED_EDGE('',*,*,#2743,.F.);
#2745=EDGE_LOOP('',(#2739,#2741,#2742,#2744));
#2746=FACE_OUTER_BOUND('',#2745,.F.);
#2747=ADVANCED_FACE('',(#2746),#2738,.F.);
#2748=CARTESIAN_POINT('',(4.E1,-1.747E2,-1.445E2));
#2749=DIRECTION('',(0.E0,-1.E0,0.E0));
#2750=DIRECTION('',(0.E0,0.E0,-1.E0));
#2751=AXIS2_PLACEMENT_3D('',#2748,#2749,#2750);
#2752=CYLINDRICAL_SURFACE('',#2751,1.75E0);
#2753=ORIENTED_EDGE('',*,*,#1944,.F.);
#2754=ORIENTED_EDGE('',*,*,#2743,.T.);
#2755=ORIENTED_EDGE('',*,*,#2717,.F.);
#2756=ORIENTED_EDGE('',*,*,#2740,.F.);
#2757=EDGE_LOOP('',(#2753,#2754,#2755,#2756));
#2758=FACE_OUTER_BOUND('',#2757,.F.);
#2759=ADVANCED_FACE('',(#2758),#2752,.F.);
#2760=CARTESIAN_POINT('',(6.E1,-1.747E2,-1.445E2));
#2761=DIRECTION('',(0.E0,-1.E0,0.E0));
#2762=DIRECTION('',(0.E0,0.E0,-1.E0));
#2763=AXIS2_PLACEMENT_3D('',#2760,#2761,#2762);
#2764=CYLINDRICAL_SURFACE('',#2763,1.75E0);
#2765=ORIENTED_EDGE('',*,*,#1936,.F.);
#2767=ORIENTED_EDGE('',*,*,#2766,.T.);
#2768=ORIENTED_EDGE('',*,*,#2721,.F.);
#2770=ORIENTED_EDGE('',*,*,#2769,.F.);
#2771=EDGE_LOOP('',(#2765,#2767,#2768,#2770));
#2772=FACE_OUTER_BOUND('',#2771,.F.);
#2773=ADVANCED_FACE('',(#2772),#2764,.F.);
#2774=CARTESIAN_POINT('',(6.E1,-1.747E2,-1.445E2));
#2775=DIRECTION('',(0.E0,-1.E0,0.E0));
#2776=DIRECTION('',(0.E0,0.E0,-1.E0));
#2777=AXIS2_PLACEMENT_3D('',#2774,#2775,#2776);
#2778=CYLINDRICAL_SURFACE('',#2777,1.75E0);
#2779=ORIENTED_EDGE('',*,*,#1938,.F.);
#2780=ORIENTED_EDGE('',*,*,#2769,.T.);
#2781=ORIENTED_EDGE('',*,*,#2723,.F.);
#2782=ORIENTED_EDGE('',*,*,#2766,.F.);
#2783=EDGE_LOOP('',(#2779,#2780,#2781,#2782));
#2784=FACE_OUTER_BOUND('',#2783,.F.);
#2785=ADVANCED_FACE('',(#2784),#2778,.F.);
#2786=CARTESIAN_POINT('',(8.E1,-1.747E2,-1.445E2));
#2787=DIRECTION('',(0.E0,-1.E0,0.E0));
#2788=DIRECTION('',(0.E0,0.E0,-1.E0));
#2789=AXIS2_PLACEMENT_3D('',#2786,#2787,#2788);
#2790=CYLINDRICAL_SURFACE('',#2789,1.75E0);
#2791=ORIENTED_EDGE('',*,*,#1930,.F.);
#2793=ORIENTED_EDGE('',*,*,#2792,.T.);
#2794=ORIENTED_EDGE('',*,*,#2727,.F.);
#2796=ORIENTED_EDGE('',*,*,#2795,.F.);
#2797=EDGE_LOOP('',(#2791,#2793,#2794,#2796));
#2798=FACE_OUTER_BOUND('',#2797,.F.);
#2799=ADVANCED_FACE('',(#2798),#2790,.F.);
#2800=CARTESIAN_POINT('',(8.E1,-1.747E2,-1.445E2));
#2801=DIRECTION('',(0.E0,-1.E0,0.E0));
#2802=DIRECTION('',(0.E0,0.E0,-1.E0));
#2803=AXIS2_PLACEMENT_3D('',#2800,#2801,#2802);
#2804=CYLINDRICAL_SURFACE('',#2803,1.75E0);
#2805=ORIENTED_EDGE('',*,*,#1932,.F.);
#2806=ORIENTED_EDGE('',*,*,#2795,.T.);
#2807=ORIENTED_EDGE('',*,*,#2729,.F.);
#2808=ORIENTED_EDGE('',*,*,#2792,.F.);
#2809=EDGE_LOOP('',(#2805,#2806,#2807,#2808));
#2810=FACE_OUTER_BOUND('',#2809,.F.);
#2811=ADVANCED_FACE('',(#2810),#2804,.F.);
#2812=CARTESIAN_POINT('',(-4.E1,-1.747E2,-1.445E2));
#2813=DIRECTION('',(0.E0,-1.E0,0.E0));
#2814=DIRECTION('',(0.E0,0.E0,-1.E0));
#2815=AXIS2_PLACEMENT_3D('',#2812,#2813,#2814);
#2816=CYLINDRICAL_SURFACE('',#2815,1.75E0);
#2817=ORIENTED_EDGE('',*,*,#1948,.F.);
#2819=ORIENTED_EDGE('',*,*,#2818,.T.);
#2820=ORIENTED_EDGE('',*,*,#2663,.F.);
#2822=ORIENTED_EDGE('',*,*,#2821,.F.);
#2823=EDGE_LOOP('',(#2817,#2819,#2820,#2822));
#2824=FACE_OUTER_BOUND('',#2823,.F.);
#2825=ADVANCED_FACE('',(#2824),#2816,.F.);
#2826=CARTESIAN_POINT('',(-4.E1,-1.747E2,-1.445E2));
#2827=DIRECTION('',(0.E0,-1.E0,0.E0));
#2828=DIRECTION('',(0.E0,0.E0,-1.E0));
#2829=AXIS2_PLACEMENT_3D('',#2826,#2827,#2828);
#2830=CYLINDRICAL_SURFACE('',#2829,1.75E0);
#2831=ORIENTED_EDGE('',*,*,#1950,.F.);
#2832=ORIENTED_EDGE('',*,*,#2821,.T.);
#2833=ORIENTED_EDGE('',*,*,#2665,.F.);
#2834=ORIENTED_EDGE('',*,*,#2818,.F.);
#2835=EDGE_LOOP('',(#2831,#2832,#2833,#2834));
#2836=FACE_OUTER_BOUND('',#2835,.F.);
#2837=ADVANCED_FACE('',(#2836),#2830,.F.);
#2838=CARTESIAN_POINT('',(-6.E1,-1.747E2,-1.445E2));
#2839=DIRECTION('',(0.E0,-1.E0,0.E0));
#2840=DIRECTION('',(0.E0,0.E0,-1.E0));
#2841=AXIS2_PLACEMENT_3D('',#2838,#2839,#2840);
#2842=CYLINDRICAL_SURFACE('',#2841,1.75E0);
#2843=ORIENTED_EDGE('',*,*,#1954,.F.);
#2845=ORIENTED_EDGE('',*,*,#2844,.T.);
#2846=ORIENTED_EDGE('',*,*,#2669,.F.);
#2848=ORIENTED_EDGE('',*,*,#2847,.F.);
#2849=EDGE_LOOP('',(#2843,#2845,#2846,#2848));
#2850=FACE_OUTER_BOUND('',#2849,.F.);
#2851=ADVANCED_FACE('',(#2850),#2842,.F.);
#2852=CARTESIAN_POINT('',(-6.E1,-1.747E2,-1.445E2));
#2853=DIRECTION('',(0.E0,-1.E0,0.E0));
#2854=DIRECTION('',(0.E0,0.E0,-1.E0));
#2855=AXIS2_PLACEMENT_3D('',#2852,#2853,#2854);
#2856=CYLINDRICAL_SURFACE('',#2855,1.75E0);
#2857=ORIENTED_EDGE('',*,*,#1956,.F.);
#2858=ORIENTED_EDGE('',*,*,#2847,.T.);
#2859=ORIENTED_EDGE('',*,*,#2671,.F.);
#2860=ORIENTED_EDGE('',*,*,#2844,.F.);
#2861=EDGE_LOOP('',(#2857,#2858,#2859,#2860));
#2862=FACE_OUTER_BOUND('',#2861,.F.);
#2863=ADVANCED_FACE('',(#2862),#2856,.F.);
#2864=CARTESIAN_POINT('',(-8.E1,-1.747E2,-1.445E2));
#2865=DIRECTION('',(0.E0,-1.E0,0.E0));
#2866=DIRECTION('',(0.E0,0.E0,-1.E0));
#2867=AXIS2_PLACEMENT_3D('',#2864,#2865,#2866);
#2868=CYLINDRICAL_SURFACE('',#2867,1.75E0);
#2869=ORIENTED_EDGE('',*,*,#1960,.F.);
#2871=ORIENTED_EDGE('',*,*,#2870,.T.);
#2872=ORIENTED_EDGE('',*,*,#2675,.F.);
#2874=ORIENTED_EDGE('',*,*,#2873,.F.);
#2875=EDGE_LOOP('',(#2869,#2871,#2872,#2874));
#2876=FACE_OUTER_BOUND('',#2875,.F.);
#2877=ADVANCED_FACE('',(#2876),#2868,.F.);
#2878=CARTESIAN_POINT('',(-8.E1,-1.747E2,-1.445E2));
#2879=DIRECTION('',(0.E0,-1.E0,0.E0));
#2880=DIRECTION('',(0.E0,0.E0,-1.E0));
#2881=AXIS2_PLACEMENT_3D('',#2878,#2879,#2880);
#2882=CYLINDRICAL_SURFACE('',#2881,1.75E0);
#2883=ORIENTED_EDGE('',*,*,#1962,.F.);
#2884=ORIENTED_EDGE('',*,*,#2873,.T.);
#2885=ORIENTED_EDGE('',*,*,#2677,.F.);
#2886=ORIENTED_EDGE('',*,*,#2870,.F.);
#2887=EDGE_LOOP('',(#2883,#2884,#2885,#2886));
#2888=FACE_OUTER_BOUND('',#2887,.F.);
#2889=ADVANCED_FACE('',(#2888),#2882,.F.);
#2890=CARTESIAN_POINT('',(-8.794249455894E1,-1.571E2,-1.488E2));
#2891=DIRECTION('',(0.E0,0.E0,-1.E0));
#2892=DIRECTION('',(1.E0,0.E0,0.E0));
#2893=AXIS2_PLACEMENT_3D('',#2890,#2891,#2892);
#2894=PLANE('',#2893);
#2896=ORIENTED_EDGE('',*,*,#2895,.T.);
#2897=ORIENTED_EDGE('',*,*,#2637,.F.);
#2899=ORIENTED_EDGE('',*,*,#2898,.T.);
#2900=ORIENTED_EDGE('',*,*,#2130,.T.);
#2902=ORIENTED_EDGE('',*,*,#2901,.F.);
#2903=ORIENTED_EDGE('',*,*,#1856,.T.);
#2905=ORIENTED_EDGE('',*,*,#2904,.F.);
#2906=ORIENTED_EDGE('',*,*,#2414,.F.);
#2907=EDGE_LOOP('',(#2896,#2897,#2899,#2900,#2902,#2903,#2905,#2906));
#2908=FACE_OUTER_BOUND('',#2907,.F.);
#2909=ADVANCED_FACE('',(#2908),#2894,.T.);
#2910=CARTESIAN_POINT('',(-7.87E1,-1.7095E2,-1.498E2));
#2911=DIRECTION('',(7.071067811865E-1,0.E0,-7.071067811865E-1));
#2912=DIRECTION('',(7.071067811865E-1,0.E0,7.071067811865E-1));
#2913=AXIS2_PLACEMENT_3D('',#2910,#2911,#2912);
#2914=PLANE('',#2913);
#2915=ORIENTED_EDGE('',*,*,#2895,.F.);
#2916=ORIENTED_EDGE('',*,*,#2412,.T.);
#2918=ORIENTED_EDGE('',*,*,#2917,.T.);
#2919=ORIENTED_EDGE('',*,*,#2639,.T.);
#2920=EDGE_LOOP('',(#2915,#2916,#2918,#2919));
#2921=FACE_OUTER_BOUND('',#2920,.F.);
#2922=ADVANCED_FACE('',(#2921),#2914,.T.);
#2923=CARTESIAN_POINT('',(-7.97E1,-1.767E2,-1.548E2));
#2924=DIRECTION('',(1.E0,0.E0,0.E0));
#2925=DIRECTION('',(0.E0,0.E0,1.E0));
#2926=AXIS2_PLACEMENT_3D('',#2923,#2924,#2925);
#2927=PLANE('',#2926);
#2928=ORIENTED_EDGE('',*,*,#2917,.F.);
#2929=ORIENTED_EDGE('',*,*,#2418,.F.);
#2931=ORIENTED_EDGE('',*,*,#2930,.F.);
#2932=ORIENTED_EDGE('',*,*,#2641,.T.);
#2933=EDGE_LOOP('',(#2928,#2929,#2931,#2932));
#2934=FACE_OUTER_BOUND('',#2933,.F.);
#2935=ADVANCED_FACE('',(#2934),#2927,.T.);
#2936=CARTESIAN_POINT('',(-9.203475891462E1,-1.571E2,-1.598E2));
#2937=DIRECTION('',(0.E0,0.E0,-1.E0));
#2938=DIRECTION('',(1.E0,0.E0,0.E0));
#2939=AXIS2_PLACEMENT_3D('',#2936,#2937,#2938);
#2940=PLANE('',#2939);
#2942=ORIENTED_EDGE('',*,*,#2941,.F.);
#2943=ORIENTED_EDGE('',*,*,#2597,.F.);
#2945=ORIENTED_EDGE('',*,*,#2944,.F.);
#2946=ORIENTED_EDGE('',*,*,#2643,.T.);
#2947=ORIENTED_EDGE('',*,*,#2930,.T.);
#2949=ORIENTED_EDGE('',*,*,#2948,.F.);
#2950=ORIENTED_EDGE('',*,*,#1852,.T.);
#2952=ORIENTED_EDGE('',*,*,#2951,.F.);
#2953=ORIENTED_EDGE('',*,*,#2550,.F.);
#2954=EDGE_LOOP('',(#2942,#2943,#2945,#2946,#2947,#2949,#2950,#2952,#2953));
#2955=FACE_OUTER_BOUND('',#2954,.F.);
#2956=ADVANCED_FACE('',(#2955),#2940,.T.);
#2957=CARTESIAN_POINT('',(-8.823475891462E1,-2.23208E2,-1.575E2));
#2958=DIRECTION('',(0.E0,1.E0,0.E0));
#2959=DIRECTION('',(0.E0,0.E0,-1.E0));
#2960=AXIS2_PLACEMENT_3D('',#2957,#2958,#2959);
#2961=CYLINDRICAL_SURFACE('',#2960,2.3E0);
#2962=ORIENTED_EDGE('',*,*,#2548,.T.);
#2963=ORIENTED_EDGE('',*,*,#2574,.F.);
#2964=ORIENTED_EDGE('',*,*,#2599,.T.);
#2965=ORIENTED_EDGE('',*,*,#2941,.T.);
#2966=EDGE_LOOP('',(#2962,#2963,#2964,#2965));
#2967=FACE_OUTER_BOUND('',#2966,.F.);
#2968=ADVANCED_FACE('',(#2967),#2961,.T.);
#2969=CARTESIAN_POINT('',(-8.52E1,-1.571E2,-1.548E2));
#2970=DIRECTION('',(1.E0,0.E0,0.E0));
#2971=DIRECTION('',(0.E0,0.E0,1.E0));
#2972=AXIS2_PLACEMENT_3D('',#2969,#2970,#2971);
#2973=PLANE('',#2972);
#2974=ORIENTED_EDGE('',*,*,#2645,.F.);
#2975=ORIENTED_EDGE('',*,*,#2944,.T.);
#2976=ORIENTED_EDGE('',*,*,#2595,.F.);
#2978=ORIENTED_EDGE('',*,*,#2977,.F.);
#2979=EDGE_LOOP('',(#2974,#2975,#2976,#2978));
#2980=FACE_OUTER_BOUND('',#2979,.F.);
#2981=ADVANCED_FACE('',(#2980),#2973,.T.);
#2982=CARTESIAN_POINT('',(-8.52E1,-1.571E2,-1.548E2));
#2983=DIRECTION('',(1.E0,0.E0,0.E0));
#2984=DIRECTION('',(0.E0,0.E0,1.E0));
#2985=AXIS2_PLACEMENT_3D('',#2982,#2983,#2984);
#2986=PLANE('',#2985);
#2987=ORIENTED_EDGE('',*,*,#1850,.T.);
#2989=ORIENTED_EDGE('',*,*,#2988,.F.);
#2990=ORIENTED_EDGE('',*,*,#2552,.F.);
#2991=ORIENTED_EDGE('',*,*,#2951,.T.);
#2992=EDGE_LOOP('',(#2987,#2989,#2990,#2991));
#2993=FACE_OUTER_BOUND('',#2992,.F.);
#2994=ADVANCED_FACE('',(#2993),#2986,.T.);
#2995=CARTESIAN_POINT('',(-8.62E1,-1.767E2,-1.4925E2));
#2996=DIRECTION('',(0.E0,0.E0,-1.E0));
#2997=DIRECTION('',(1.E0,0.E0,0.E0));
#2998=AXIS2_PLACEMENT_3D('',#2995,#2996,#2997);
#2999=PLANE('',#2998);
#3000=ORIENTED_EDGE('',*,*,#2647,.F.);
#3001=ORIENTED_EDGE('',*,*,#2977,.T.);
#3002=ORIENTED_EDGE('',*,*,#2593,.T.);
#3004=ORIENTED_EDGE('',*,*,#3003,.T.);
#3005=EDGE_LOOP('',(#3000,#3001,#3002,#3004));
#3006=FACE_OUTER_BOUND('',#3005,.F.);
#3007=ADVANCED_FACE('',(#3006),#2999,.F.);
#3008=CARTESIAN_POINT('',(-8.62E1,-1.767E2,-1.3975E2));
#3009=DIRECTION('',(-1.E0,0.E0,0.E0));
#3010=DIRECTION('',(0.E0,0.E0,-1.E0));
#3011=AXIS2_PLACEMENT_3D('',#3008,#3009,#3010);
#3012=PLANE('',#3011);
#3013=ORIENTED_EDGE('',*,*,#2591,.T.);
#3015=ORIENTED_EDGE('',*,*,#3014,.T.);
#3016=ORIENTED_EDGE('',*,*,#2649,.F.);
#3017=ORIENTED_EDGE('',*,*,#3003,.F.);
#3018=EDGE_LOOP('',(#3013,#3015,#3016,#3017));
#3019=FACE_OUTER_BOUND('',#3018,.F.);
#3020=ADVANCED_FACE('',(#3019),#3012,.F.);
#3021=CARTESIAN_POINT('',(-8.52E1,-1.767E2,-1.3975E2));
#3022=DIRECTION('',(0.E0,0.E0,1.E0));
#3023=DIRECTION('',(-1.E0,0.E0,0.E0));
#3024=AXIS2_PLACEMENT_3D('',#3021,#3022,#3023);
#3025=PLANE('',#3024);
#3026=ORIENTED_EDGE('',*,*,#2651,.F.);
#3027=ORIENTED_EDGE('',*,*,#3014,.F.);
#3028=ORIENTED_EDGE('',*,*,#2589,.T.);
#3029=ORIENTED_EDGE('',*,*,#2612,.F.);
#3030=EDGE_LOOP('',(#3026,#3027,#3028,#3029));
#3031=FACE_OUTER_BOUND('',#3030,.F.);
#3032=ADVANCED_FACE('',(#3031),#3025,.F.);
#3033=CARTESIAN_POINT('',(-8.834249455894E1,-1.571E2,-1.492E2));
#3034=DIRECTION('',(0.E0,0.E0,1.E0));
#3035=DIRECTION('',(1.E0,0.E0,0.E0));
#3036=AXIS2_PLACEMENT_3D('',#3033,#3034,#3035);
#3037=PLANE('',#3036);
#3038=ORIENTED_EDGE('',*,*,#1848,.T.);
#3040=ORIENTED_EDGE('',*,*,#3039,.F.);
#3041=ORIENTED_EDGE('',*,*,#2554,.F.);
#3042=ORIENTED_EDGE('',*,*,#2988,.T.);
#3043=EDGE_LOOP('',(#3038,#3040,#3041,#3042));
#3044=FACE_OUTER_BOUND('',#3043,.F.);
#3045=ADVANCED_FACE('',(#3044),#3037,.T.);
#3046=CARTESIAN_POINT('',(-8.834249455894E1,-1.571E2,-1.398E2));
#3047=DIRECTION('',(1.E0,0.E0,0.E0));
#3048=DIRECTION('',(0.E0,0.E0,-1.E0));
#3049=AXIS2_PLACEMENT_3D('',#3046,#3047,#3048);
#3050=PLANE('',#3049);
#3051=ORIENTED_EDGE('',*,*,#1926,.T.);
#3053=ORIENTED_EDGE('',*,*,#3052,.F.);
#3054=ORIENTED_EDGE('',*,*,#2556,.F.);
#3055=ORIENTED_EDGE('',*,*,#3039,.T.);
#3056=EDGE_LOOP('',(#3051,#3053,#3054,#3055));
#3057=FACE_OUTER_BOUND('',#3056,.F.);
#3058=ADVANCED_FACE('',(#3057),#3050,.T.);
#3059=CARTESIAN_POINT('',(-8.52E1,-1.571E2,-1.398E2));
#3060=DIRECTION('',(0.E0,0.E0,-1.E0));
#3061=DIRECTION('',(-1.E0,0.E0,0.E0));
#3062=AXIS2_PLACEMENT_3D('',#3059,#3060,#3061);
#3063=PLANE('',#3062);
#3064=ORIENTED_EDGE('',*,*,#1924,.T.);
#3065=ORIENTED_EDGE('',*,*,#2627,.F.);
#3066=ORIENTED_EDGE('',*,*,#2558,.F.);
#3067=ORIENTED_EDGE('',*,*,#3052,.T.);
#3068=EDGE_LOOP('',(#3064,#3065,#3066,#3067));
#3069=FACE_OUTER_BOUND('',#3068,.F.);
#3070=ADVANCED_FACE('',(#3069),#3063,.T.);
#3071=CARTESIAN_POINT('',(-6.330790018147E1,-1.571E2,-1.664775042897E2));
#3072=DIRECTION('',(0.E0,1.E0,0.E0));
#3073=DIRECTION('',(-1.E0,0.E0,0.E0));
#3074=AXIS2_PLACEMENT_3D('',#3071,#3072,#3073);
#3075=CYLINDRICAL_SURFACE('',#3074,1.77E1);
#3076=ORIENTED_EDGE('',*,*,#2904,.T.);
#3077=ORIENTED_EDGE('',*,*,#1854,.T.);
#3078=ORIENTED_EDGE('',*,*,#2948,.T.);
#3079=ORIENTED_EDGE('',*,*,#2416,.F.);
#3080=EDGE_LOOP('',(#3076,#3077,#3078,#3079));
#3081=FACE_OUTER_BOUND('',#3080,.F.);
#3082=ADVANCED_FACE('',(#3081),#3075,.F.);
#3083=CARTESIAN_POINT('',(-2.498800974435E1,-1.652E2,-1.488E2));
#3084=DIRECTION('',(1.E0,0.E0,0.E0));
#3085=DIRECTION('',(0.E0,0.E0,1.E0));
#3086=AXIS2_PLACEMENT_3D('',#3083,#3084,#3085);
#3087=PLANE('',#3086);
#3088=ORIENTED_EDGE('',*,*,#2898,.F.);
#3089=ORIENTED_EDGE('',*,*,#2659,.F.);
#3090=ORIENTED_EDGE('',*,*,#2481,.T.);
#3091=ORIENTED_EDGE('',*,*,#2132,.T.);
#3092=EDGE_LOOP('',(#3088,#3089,#3090,#3091));
#3093=FACE_OUTER_BOUND('',#3092,.F.);
#3094=ADVANCED_FACE('',(#3093),#3087,.T.);
#3095=CARTESIAN_POINT('',(-4.039801975345E1,-1.571E2,-1.665E2));
#3096=DIRECTION('',(0.E0,-1.E0,0.E0));
#3097=DIRECTION('',(1.E0,0.E0,0.E0));
#3098=AXIS2_PLACEMENT_3D('',#3095,#3096,#3097);
#3099=CYLINDRICAL_SURFACE('',#3098,1.77E1);
#3100=ORIENTED_EDGE('',*,*,#2128,.F.);
#3102=ORIENTED_EDGE('',*,*,#3101,.T.);
#3103=ORIENTED_EDGE('',*,*,#1858,.F.);
#3104=ORIENTED_EDGE('',*,*,#2901,.T.);
#3105=EDGE_LOOP('',(#3100,#3102,#3103,#3104));
#3106=FACE_OUTER_BOUND('',#3105,.F.);
#3107=ADVANCED_FACE('',(#3106),#3099,.F.);
#3108=CARTESIAN_POINT('',(0.E0,-1.571E2,-1.445E2));
#3109=DIRECTION('',(0.E0,-1.E0,0.E0));
#3110=DIRECTION('',(1.E0,0.E0,0.E0));
#3111=AXIS2_PLACEMENT_3D('',#3108,#3109,#3110);
#3112=CYLINDRICAL_SURFACE('',#3111,2.83E1);
#3113=ORIENTED_EDGE('',*,*,#2126,.F.);
#3115=ORIENTED_EDGE('',*,*,#3114,.T.);
#3116=ORIENTED_EDGE('',*,*,#1860,.F.);
#3117=ORIENTED_EDGE('',*,*,#3101,.F.);
#3118=EDGE_LOOP('',(#3113,#3115,#3116,#3117));
#3119=FACE_OUTER_BOUND('',#3118,.F.);
#3120=ADVANCED_FACE('',(#3119),#3112,.T.);
#3121=CARTESIAN_POINT('',(-1.48E1,-1.571E2,-1.686215671133E2));
#3122=DIRECTION('',(-1.E0,0.E0,0.E0));
#3123=DIRECTION('',(0.E0,0.E0,-1.E0));
#3124=AXIS2_PLACEMENT_3D('',#3121,#3122,#3123);
#3125=PLANE('',#3124);
#3126=ORIENTED_EDGE('',*,*,#3114,.F.);
#3128=ORIENTED_EDGE('',*,*,#3127,.F.);
#3129=ORIENTED_EDGE('',*,*,#2224,.F.);
#3131=ORIENTED_EDGE('',*,*,#3130,.F.);
#3132=ORIENTED_EDGE('',*,*,#1862,.T.);
#3133=EDGE_LOOP('',(#3126,#3128,#3129,#3131,#3132));
#3134=FACE_OUTER_BOUND('',#3133,.F.);
#3135=ADVANCED_FACE('',(#3134),#3125,.T.);
#3136=CARTESIAN_POINT('',(-5.E0,-1.652E2,-1.686215671133E2));
#3137=DIRECTION('',(0.E0,0.E0,1.E0));
#3138=DIRECTION('',(-1.E0,0.E0,0.E0));
#3139=AXIS2_PLACEMENT_3D('',#3136,#3137,#3138);
#3140=PLANE('',#3139);
#3141=ORIENTED_EDGE('',*,*,#2124,.T.);
#3142=ORIENTED_EDGE('',*,*,#2166,.T.);
#3143=ORIENTED_EDGE('',*,*,#2226,.F.);
#3144=ORIENTED_EDGE('',*,*,#3127,.T.);
#3145=EDGE_LOOP('',(#3141,#3142,#3143,#3144));
#3146=FACE_OUTER_BOUND('',#3145,.F.);
#3147=ADVANCED_FACE('',(#3146),#3140,.T.);
#3148=CARTESIAN_POINT('',(-1.25E1,-1.571E2,-1.762332416321E2));
#3149=DIRECTION('',(0.E0,-1.E0,0.E0));
#3150=DIRECTION('',(1.E0,0.E0,0.E0));
#3151=AXIS2_PLACEMENT_3D('',#3148,#3149,#3150);
#3152=CYLINDRICAL_SURFACE('',#3151,2.3E0);
#3153=ORIENTED_EDGE('',*,*,#3130,.T.);
#3154=ORIENTED_EDGE('',*,*,#2222,.F.);
#3156=ORIENTED_EDGE('',*,*,#3155,.T.);
#3157=ORIENTED_EDGE('',*,*,#1864,.F.);
#3158=EDGE_LOOP('',(#3153,#3154,#3156,#3157));
#3159=FACE_OUTER_BOUND('',#3158,.F.);
#3160=ADVANCED_FACE('',(#3159),#3152,.T.);
#3161=CARTESIAN_POINT('',(-1.25E1,-1.571E2,-1.785332416321E2));
#3162=DIRECTION('',(0.E0,0.E0,-1.E0));
#3163=DIRECTION('',(1.E0,0.E0,0.E0));
#3164=AXIS2_PLACEMENT_3D('',#3161,#3162,#3163);
#3165=PLANE('',#3164);
#3167=ORIENTED_EDGE('',*,*,#3166,.F.);
#3168=ORIENTED_EDGE('',*,*,#1866,.F.);
#3169=ORIENTED_EDGE('',*,*,#3155,.F.);
#3170=ORIENTED_EDGE('',*,*,#2220,.F.);
#3171=EDGE_LOOP('',(#3167,#3168,#3169,#3170));
#3172=FACE_OUTER_BOUND('',#3171,.F.);
#3173=ADVANCED_FACE('',(#3172),#3165,.T.);
#3174=CARTESIAN_POINT('',(1.25E1,-1.571E2,-1.762332416321E2));
#3175=DIRECTION('',(0.E0,-1.E0,0.E0));
#3176=DIRECTION('',(1.E0,0.E0,0.E0));
#3177=AXIS2_PLACEMENT_3D('',#3174,#3175,#3176);
#3178=CYLINDRICAL_SURFACE('',#3177,2.3E0);
#3179=ORIENTED_EDGE('',*,*,#3166,.T.);
#3180=ORIENTED_EDGE('',*,*,#2218,.F.);
#3182=ORIENTED_EDGE('',*,*,#3181,.T.);
#3183=ORIENTED_EDGE('',*,*,#1868,.F.);
#3184=EDGE_LOOP('',(#3179,#3180,#3182,#3183));
#3185=FACE_OUTER_BOUND('',#3184,.F.);
#3186=ADVANCED_FACE('',(#3185),#3178,.T.);
#3187=CARTESIAN_POINT('',(1.48E1,-1.571E2,-1.762332416321E2));
#3188=DIRECTION('',(1.E0,0.E0,0.E0));
#3189=DIRECTION('',(0.E0,0.E0,1.E0));
#3190=AXIS2_PLACEMENT_3D('',#3187,#3188,#3189);
#3191=PLANE('',#3190);
#3192=ORIENTED_EDGE('',*,*,#3181,.F.);
#3193=ORIENTED_EDGE('',*,*,#2216,.F.);
#3194=ORIENTED_EDGE('',*,*,#2250,.T.);
#3196=ORIENTED_EDGE('',*,*,#3195,.F.);
#3197=ORIENTED_EDGE('',*,*,#1870,.T.);
#3198=EDGE_LOOP('',(#3192,#3193,#3194,#3196,#3197));
#3199=FACE_OUTER_BOUND('',#3198,.F.);
#3200=ADVANCED_FACE('',(#3199),#3191,.T.);
#3201=CARTESIAN_POINT('',(0.E0,-1.571E2,-1.445E2));
#3202=DIRECTION('',(0.E0,-1.E0,0.E0));
#3203=DIRECTION('',(1.E0,0.E0,0.E0));
#3204=AXIS2_PLACEMENT_3D('',#3201,#3202,#3203);
#3205=CYLINDRICAL_SURFACE('',#3204,2.83E1);
#3206=ORIENTED_EDGE('',*,*,#2281,.F.);
#3208=ORIENTED_EDGE('',*,*,#3207,.T.);
#3209=ORIENTED_EDGE('',*,*,#1872,.F.);
#3210=ORIENTED_EDGE('',*,*,#3195,.T.);
#3211=EDGE_LOOP('',(#3206,#3208,#3209,#3210));
#3212=FACE_OUTER_BOUND('',#3211,.F.);
#3213=ADVANCED_FACE('',(#3212),#3205,.T.);
#3214=CARTESIAN_POINT('',(4.039801975345E1,-1.571E2,-1.665E2));
#3215=DIRECTION('',(0.E0,-1.E0,0.E0));
#3216=DIRECTION('',(1.E0,0.E0,0.E0));
#3217=AXIS2_PLACEMENT_3D('',#3214,#3215,#3216);
#3218=CYLINDRICAL_SURFACE('',#3217,1.77E1);
#3219=ORIENTED_EDGE('',*,*,#2279,.F.);
#3221=ORIENTED_EDGE('',*,*,#3220,.T.);
#3222=ORIENTED_EDGE('',*,*,#1874,.F.);
#3223=ORIENTED_EDGE('',*,*,#3207,.F.);
#3224=EDGE_LOOP('',(#3219,#3221,#3222,#3223));
#3225=FACE_OUTER_BOUND('',#3224,.F.);
#3226=ADVANCED_FACE('',(#3225),#3218,.F.);
#3227=CARTESIAN_POINT('',(4.039801975345E1,-1.571E2,-1.488E2));
#3228=DIRECTION('',(0.E0,0.E0,-1.E0));
#3229=DIRECTION('',(1.E0,0.E0,0.E0));
#3230=AXIS2_PLACEMENT_3D('',#3227,#3228,#3229);
#3231=PLANE('',#3230);
#3233=ORIENTED_EDGE('',*,*,#3232,.T.);
#3234=ORIENTED_EDGE('',*,*,#2434,.F.);
#3236=ORIENTED_EDGE('',*,*,#3235,.T.);
#3237=ORIENTED_EDGE('',*,*,#1876,.T.);
#3238=ORIENTED_EDGE('',*,*,#3220,.F.);
#3239=ORIENTED_EDGE('',*,*,#2277,.F.);
#3241=ORIENTED_EDGE('',*,*,#3240,.F.);
#3242=ORIENTED_EDGE('',*,*,#2691,.F.);
#3243=EDGE_LOOP('',(#3233,#3234,#3236,#3237,#3238,#3239,#3241,#3242));
#3244=FACE_OUTER_BOUND('',#3243,.F.);
#3245=ADVANCED_FACE('',(#3244),#3231,.T.);
#3246=CARTESIAN_POINT('',(7.87E1,-1.7095E2,-1.498E2));
#3247=DIRECTION('',(-7.071067811865E-1,0.E0,-7.071067811865E-1));
#3248=DIRECTION('',(-7.071067811865E-1,0.E0,7.071067811865E-1));
#3249=AXIS2_PLACEMENT_3D('',#3246,#3247,#3248);
#3250=PLANE('',#3249);
#3251=ORIENTED_EDGE('',*,*,#2428,.T.);
#3252=ORIENTED_EDGE('',*,*,#3232,.F.);
#3253=ORIENTED_EDGE('',*,*,#2689,.T.);
#3255=ORIENTED_EDGE('',*,*,#3254,.T.);
#3256=EDGE_LOOP('',(#3251,#3252,#3253,#3255));
#3257=FACE_OUTER_BOUND('',#3256,.F.);
#3258=ADVANCED_FACE('',(#3257),#3250,.T.);
#3259=CARTESIAN_POINT('',(7.97E1,-1.767E2,-1.488E2));
#3260=DIRECTION('',(-1.E0,0.E0,0.E0));
#3261=DIRECTION('',(0.E0,0.E0,-1.E0));
#3262=AXIS2_PLACEMENT_3D('',#3259,#3260,#3261);
#3263=PLANE('',#3262);
#3264=ORIENTED_EDGE('',*,*,#3254,.F.);
#3265=ORIENTED_EDGE('',*,*,#2687,.T.);
#3267=ORIENTED_EDGE('',*,*,#3266,.T.);
#3268=ORIENTED_EDGE('',*,*,#2430,.F.);
#3269=EDGE_LOOP('',(#3264,#3265,#3267,#3268));
#3270=FACE_OUTER_BOUND('',#3269,.F.);
#3271=ADVANCED_FACE('',(#3270),#3263,.T.);
#3272=CARTESIAN_POINT('',(8.52E1,-1.571E2,-1.598E2));
#3273=DIRECTION('',(0.E0,0.E0,-1.E0));
#3274=DIRECTION('',(1.E0,0.E0,0.E0));
#3275=AXIS2_PLACEMENT_3D('',#3272,#3273,#3274);
#3276=PLANE('',#3275);
#3278=ORIENTED_EDGE('',*,*,#3277,.T.);
#3280=ORIENTED_EDGE('',*,*,#3279,.F.);
#3282=ORIENTED_EDGE('',*,*,#3281,.F.);
#3283=ORIENTED_EDGE('',*,*,#1880,.T.);
#3285=ORIENTED_EDGE('',*,*,#3284,.T.);
#3286=ORIENTED_EDGE('',*,*,#3266,.F.);
#3287=ORIENTED_EDGE('',*,*,#2711,.T.);
#3289=ORIENTED_EDGE('',*,*,#3288,.F.);
#3291=ORIENTED_EDGE('',*,*,#3290,.F.);
#3292=EDGE_LOOP('',(#3278,#3280,#3282,#3283,#3285,#3286,#3287,#3289,#3291));
#3293=FACE_OUTER_BOUND('',#3292,.F.);
#3294=ADVANCED_FACE('',(#3293),#3276,.T.);
#3295=CARTESIAN_POINT('',(8.823475891462E1,-2.23208E2,-1.575E2));
#3296=DIRECTION('',(0.E0,1.E0,0.E0));
#3297=DIRECTION('',(1.E0,0.E0,-1.235726496974E-14));
#3298=AXIS2_PLACEMENT_3D('',#3295,#3296,#3297);
#3299=CYLINDRICAL_SURFACE('',#3298,2.3E0);
#3301=ORIENTED_EDGE('',*,*,#3300,.T.);
#3302=ORIENTED_EDGE('',*,*,#3277,.F.);
#3304=ORIENTED_EDGE('',*,*,#3303,.T.);
#3306=ORIENTED_EDGE('',*,*,#3305,.T.);
#3307=EDGE_LOOP('',(#3301,#3302,#3304,#3306));
#3308=FACE_OUTER_BOUND('',#3307,.F.);
#3309=ADVANCED_FACE('',(#3308),#3299,.T.);
#3310=CARTESIAN_POINT('',(0.E0,-1.541E2,0.E0));
#3311=DIRECTION('',(0.E0,1.E0,0.E0));
#3312=DIRECTION('',(0.E0,0.E0,1.E0));
#3313=AXIS2_PLACEMENT_3D('',#3310,#3311,#3312);
#3314=PLANE('',#3313);
#3316=ORIENTED_EDGE('',*,*,#3315,.F.);
#3318=ORIENTED_EDGE('',*,*,#3317,.T.);
#3320=ORIENTED_EDGE('',*,*,#3319,.T.);
#3322=ORIENTED_EDGE('',*,*,#3321,.T.);
#3324=ORIENTED_EDGE('',*,*,#3323,.T.);
#3326=ORIENTED_EDGE('',*,*,#3325,.T.);
#3328=ORIENTED_EDGE('',*,*,#3327,.T.);
#3329=ORIENTED_EDGE('',*,*,#3279,.T.);
#3330=ORIENTED_EDGE('',*,*,#3300,.F.);
#3332=ORIENTED_EDGE('',*,*,#3331,.T.);
#3333=EDGE_LOOP('',(#3316,#3318,#3320,#3322,#3324,#3326,#3328,#3329,#3330,
#3332));
#3334=FACE_OUTER_BOUND('',#3333,.F.);
#3335=ADVANCED_FACE('',(#3334),#3314,.T.);
#3336=CARTESIAN_POINT('',(8.823475891462E1,-2.23208E2,-1.315E2));
#3337=DIRECTION('',(0.E0,1.E0,0.E0));
#3338=DIRECTION('',(0.E0,0.E0,1.E0));
#3339=AXIS2_PLACEMENT_3D('',#3336,#3337,#3338);
#3340=CYLINDRICAL_SURFACE('',#3339,2.3E0);
#3341=ORIENTED_EDGE('',*,*,#3315,.T.);
#3343=ORIENTED_EDGE('',*,*,#3342,.F.);
#3345=ORIENTED_EDGE('',*,*,#3344,.T.);
#3347=ORIENTED_EDGE('',*,*,#3346,.T.);
#3348=EDGE_LOOP('',(#3341,#3343,#3345,#3347));
#3349=FACE_OUTER_BOUND('',#3348,.F.);
#3350=ADVANCED_FACE('',(#3349),#3340,.T.);
#3351=CARTESIAN_POINT('',(9.053475891462E1,-1.571E2,-1.548E2));
#3352=DIRECTION('',(1.E0,0.E0,0.E0));
#3353=DIRECTION('',(0.E0,0.E0,1.E0));
#3354=AXIS2_PLACEMENT_3D('',#3351,#3352,#3353);
#3355=PLANE('',#3354);
#3356=ORIENTED_EDGE('',*,*,#3342,.T.);
#3357=ORIENTED_EDGE('',*,*,#3331,.F.);
#3358=ORIENTED_EDGE('',*,*,#3305,.F.);
#3360=ORIENTED_EDGE('',*,*,#3359,.F.);
#3361=EDGE_LOOP('',(#3356,#3357,#3358,#3360));
#3362=FACE_OUTER_BOUND('',#3361,.F.);
#3363=ADVANCED_FACE('',(#3362),#3355,.T.);
#3364=CARTESIAN_POINT('',(0.E0,-1.841E2,0.E0));
#3365=DIRECTION('',(0.E0,-1.E0,0.E0));
#3366=DIRECTION('',(1.E0,0.E0,0.E0));
#3367=AXIS2_PLACEMENT_3D('',#3364,#3365,#3366);
#3368=PLANE('',#3367);
#3369=ORIENTED_EDGE('',*,*,#3344,.F.);
#3370=ORIENTED_EDGE('',*,*,#3359,.T.);
#3371=ORIENTED_EDGE('',*,*,#3303,.F.);
#3372=ORIENTED_EDGE('',*,*,#3290,.T.);
#3374=ORIENTED_EDGE('',*,*,#3373,.T.);
#3376=ORIENTED_EDGE('',*,*,#3375,.F.);
#3378=ORIENTED_EDGE('',*,*,#3377,.F.);
#3380=ORIENTED_EDGE('',*,*,#3379,.F.);
#3382=ORIENTED_EDGE('',*,*,#3381,.T.);
#3384=ORIENTED_EDGE('',*,*,#3383,.T.);
#3385=EDGE_LOOP('',(#3369,#3370,#3371,#3372,#3374,#3376,#3378,#3380,#3382,
#3384));
#3386=FACE_OUTER_BOUND('',#3385,.F.);
#3387=ADVANCED_FACE('',(#3386),#3368,.T.);
#3388=CARTESIAN_POINT('',(8.52E1,-1.571E2,-1.488E2));
#3389=DIRECTION('',(-1.E0,0.E0,0.E0));
#3390=DIRECTION('',(0.E0,0.E0,-1.E0));
#3391=AXIS2_PLACEMENT_3D('',#3388,#3389,#3390);
#3392=PLANE('',#3391);
#3393=ORIENTED_EDGE('',*,*,#2709,.F.);
#3395=ORIENTED_EDGE('',*,*,#3394,.T.);
#3396=ORIENTED_EDGE('',*,*,#3373,.F.);
#3397=ORIENTED_EDGE('',*,*,#3288,.T.);
#3398=EDGE_LOOP('',(#3393,#3395,#3396,#3397));
#3399=FACE_OUTER_BOUND('',#3398,.F.);
#3400=ADVANCED_FACE('',(#3399),#3392,.T.);
#3401=CARTESIAN_POINT('',(8.52E1,-1.571E2,-1.488E2));
#3402=DIRECTION('',(-1.E0,0.E0,0.E0));
#3403=DIRECTION('',(0.E0,0.E0,-1.E0));
#3404=AXIS2_PLACEMENT_3D('',#3401,#3402,#3403);
#3405=PLANE('',#3404);
#3406=ORIENTED_EDGE('',*,*,#1882,.T.);
#3407=ORIENTED_EDGE('',*,*,#3281,.T.);
#3408=ORIENTED_EDGE('',*,*,#3327,.F.);
#3410=ORIENTED_EDGE('',*,*,#3409,.T.);
#3411=EDGE_LOOP('',(#3406,#3407,#3408,#3410));
#3412=FACE_OUTER_BOUND('',#3411,.F.);
#3413=ADVANCED_FACE('',(#3412),#3405,.T.);
#3414=CARTESIAN_POINT('',(8.52E1,-1.767E2,-1.4925E2));
#3415=DIRECTION('',(0.E0,0.E0,-1.E0));
#3416=DIRECTION('',(1.E0,0.E0,0.E0));
#3417=AXIS2_PLACEMENT_3D('',#3414,#3415,#3416);
#3418=PLANE('',#3417);
#3419=ORIENTED_EDGE('',*,*,#2707,.F.);
#3421=ORIENTED_EDGE('',*,*,#3420,.F.);
#3422=ORIENTED_EDGE('',*,*,#3375,.T.);
#3423=ORIENTED_EDGE('',*,*,#3394,.F.);
#3424=EDGE_LOOP('',(#3419,#3421,#3422,#3423));
#3425=FACE_OUTER_BOUND('',#3424,.F.);
#3426=ADVANCED_FACE('',(#3425),#3418,.F.);
#3427=CARTESIAN_POINT('',(8.62E1,-1.767E2,-1.4925E2));
#3428=DIRECTION('',(1.E0,0.E0,0.E0));
#3429=DIRECTION('',(0.E0,0.E0,1.E0));
#3430=AXIS2_PLACEMENT_3D('',#3427,#3428,#3429);
#3431=PLANE('',#3430);
#3432=ORIENTED_EDGE('',*,*,#3377,.T.);
#3433=ORIENTED_EDGE('',*,*,#3420,.T.);
#3434=ORIENTED_EDGE('',*,*,#2705,.F.);
#3436=ORIENTED_EDGE('',*,*,#3435,.F.);
#3437=EDGE_LOOP('',(#3432,#3433,#3434,#3436));
#3438=FACE_OUTER_BOUND('',#3437,.F.);
#3439=ADVANCED_FACE('',(#3438),#3431,.F.);
#3440=CARTESIAN_POINT('',(8.62E1,-1.767E2,-1.3975E2));
#3441=DIRECTION('',(0.E0,0.E0,1.E0));
#3442=DIRECTION('',(-1.E0,0.E0,0.E0));
#3443=AXIS2_PLACEMENT_3D('',#3440,#3441,#3442);
#3444=PLANE('',#3443);
#3445=ORIENTED_EDGE('',*,*,#2703,.F.);
#3447=ORIENTED_EDGE('',*,*,#3446,.T.);
#3448=ORIENTED_EDGE('',*,*,#3379,.T.);
#3449=ORIENTED_EDGE('',*,*,#3435,.T.);
#3450=EDGE_LOOP('',(#3445,#3447,#3448,#3449));
#3451=FACE_OUTER_BOUND('',#3450,.F.);
#3452=ADVANCED_FACE('',(#3451),#3444,.F.);
#3453=CARTESIAN_POINT('',(8.52E1,-1.571E2,-1.488E2));
#3454=DIRECTION('',(-1.E0,0.E0,0.E0));
#3455=DIRECTION('',(0.E0,0.E0,-1.E0));
#3456=AXIS2_PLACEMENT_3D('',#3453,#3454,#3455);
#3457=PLANE('',#3456);
#3458=ORIENTED_EDGE('',*,*,#2701,.F.);
#3460=ORIENTED_EDGE('',*,*,#3459,.T.);
#3461=ORIENTED_EDGE('',*,*,#3381,.F.);
#3462=ORIENTED_EDGE('',*,*,#3446,.F.);
#3463=EDGE_LOOP('',(#3458,#3460,#3461,#3462));
#3464=FACE_OUTER_BOUND('',#3463,.F.);
#3465=ADVANCED_FACE('',(#3464),#3457,.T.);
#3466=CARTESIAN_POINT('',(8.52E1,-1.571E2,-1.488E2));
#3467=DIRECTION('',(-1.E0,0.E0,0.E0));
#3468=DIRECTION('',(0.E0,0.E0,-1.E0));
#3469=AXIS2_PLACEMENT_3D('',#3466,#3467,#3468);
#3470=PLANE('',#3469);
#3471=ORIENTED_EDGE('',*,*,#1890,.T.);
#3473=ORIENTED_EDGE('',*,*,#3472,.F.);
#3474=ORIENTED_EDGE('',*,*,#3319,.F.);
#3476=ORIENTED_EDGE('',*,*,#3475,.T.);
#3477=EDGE_LOOP('',(#3471,#3473,#3474,#3476));
#3478=FACE_OUTER_BOUND('',#3477,.F.);
#3479=ADVANCED_FACE('',(#3478),#3470,.T.);
#3480=CARTESIAN_POINT('',(9.203475891462E1,-1.571E2,-1.292E2));
#3481=DIRECTION('',(0.E0,0.E0,1.E0));
#3482=DIRECTION('',(-1.E0,0.E0,0.E0));
#3483=AXIS2_PLACEMENT_3D('',#3480,#3481,#3482);
#3484=PLANE('',#3483);
#3485=ORIENTED_EDGE('',*,*,#3346,.F.);
#3486=ORIENTED_EDGE('',*,*,#3383,.F.);
#3487=ORIENTED_EDGE('',*,*,#3459,.F.);
#3488=ORIENTED_EDGE('',*,*,#2699,.T.);
#3490=ORIENTED_EDGE('',*,*,#3489,.T.);
#3492=ORIENTED_EDGE('',*,*,#3491,.F.);
#3493=ORIENTED_EDGE('',*,*,#1892,.T.);
#3494=ORIENTED_EDGE('',*,*,#3475,.F.);
#3495=ORIENTED_EDGE('',*,*,#3317,.F.);
#3496=EDGE_LOOP('',(#3485,#3486,#3487,#3488,#3490,#3492,#3493,#3494,#3495));
#3497=FACE_OUTER_BOUND('',#3496,.F.);
#3498=ADVANCED_FACE('',(#3497),#3484,.T.);
#3499=CARTESIAN_POINT('',(7.97E1,-1.767E2,-1.342E2));
#3500=DIRECTION('',(-1.E0,0.E0,0.E0));
#3501=DIRECTION('',(0.E0,0.E0,-1.E0));
#3502=AXIS2_PLACEMENT_3D('',#3499,#3500,#3501);
#3503=PLANE('',#3502);
#3504=ORIENTED_EDGE('',*,*,#2384,.F.);
#3505=ORIENTED_EDGE('',*,*,#2448,.F.);
#3506=ORIENTED_EDGE('',*,*,#3489,.F.);
#3507=ORIENTED_EDGE('',*,*,#2697,.T.);
#3508=EDGE_LOOP('',(#3504,#3505,#3506,#3507));
#3509=FACE_OUTER_BOUND('',#3508,.F.);
#3510=ADVANCED_FACE('',(#3509),#3503,.T.);
#3511=CARTESIAN_POINT('',(6.330790018147E1,-1.571E2,-1.225224957103E2));
#3512=DIRECTION('',(0.E0,1.E0,0.E0));
#3513=DIRECTION('',(-1.E0,0.E0,0.E0));
#3514=AXIS2_PLACEMENT_3D('',#3511,#3512,#3513);
#3515=CYLINDRICAL_SURFACE('',#3514,1.77E1);
#3516=ORIENTED_EDGE('',*,*,#2369,.T.);
#3517=ORIENTED_EDGE('',*,*,#1894,.T.);
#3518=ORIENTED_EDGE('',*,*,#3491,.T.);
#3519=ORIENTED_EDGE('',*,*,#2446,.F.);
#3520=EDGE_LOOP('',(#3516,#3517,#3518,#3519));
#3521=FACE_OUTER_BOUND('',#3520,.F.);
#3522=ADVANCED_FACE('',(#3521),#3515,.F.);
#3523=CARTESIAN_POINT('',(8.834249455894E1,-1.571E2,-1.398E2));
#3524=DIRECTION('',(0.E0,0.E0,-1.E0));
#3525=DIRECTION('',(-1.E0,0.E0,0.E0));
#3526=AXIS2_PLACEMENT_3D('',#3523,#3524,#3525);
#3527=PLANE('',#3526);
#3528=ORIENTED_EDGE('',*,*,#1888,.T.);
#3530=ORIENTED_EDGE('',*,*,#3529,.F.);
#3531=ORIENTED_EDGE('',*,*,#3321,.F.);
#3532=ORIENTED_EDGE('',*,*,#3472,.T.);
#3533=EDGE_LOOP('',(#3528,#3530,#3531,#3532));
#3534=FACE_OUTER_BOUND('',#3533,.F.);
#3535=ADVANCED_FACE('',(#3534),#3527,.T.);
#3536=CARTESIAN_POINT('',(8.834249455894E1,-1.571E2,-1.492E2));
#3537=DIRECTION('',(-1.E0,0.E0,0.E0));
#3538=DIRECTION('',(0.E0,0.E0,1.E0));
#3539=AXIS2_PLACEMENT_3D('',#3536,#3537,#3538);
#3540=PLANE('',#3539);
#3541=ORIENTED_EDGE('',*,*,#1886,.T.);
#3543=ORIENTED_EDGE('',*,*,#3542,.F.);
#3544=ORIENTED_EDGE('',*,*,#3323,.F.);
#3545=ORIENTED_EDGE('',*,*,#3529,.T.);
#3546=EDGE_LOOP('',(#3541,#3543,#3544,#3545));
#3547=FACE_OUTER_BOUND('',#3546,.F.);
#3548=ADVANCED_FACE('',(#3547),#3540,.T.);
#3549=CARTESIAN_POINT('',(8.52E1,-1.571E2,-1.492E2));
#3550=DIRECTION('',(0.E0,0.E0,1.E0));
#3551=DIRECTION('',(1.E0,0.E0,0.E0));
#3552=AXIS2_PLACEMENT_3D('',#3549,#3550,#3551);
#3553=PLANE('',#3552);
#3554=ORIENTED_EDGE('',*,*,#1884,.T.);
#3555=ORIENTED_EDGE('',*,*,#3409,.F.);
#3556=ORIENTED_EDGE('',*,*,#3325,.F.);
#3557=ORIENTED_EDGE('',*,*,#3542,.T.);
#3558=EDGE_LOOP('',(#3554,#3555,#3556,#3557));
#3559=FACE_OUTER_BOUND('',#3558,.F.);
#3560=ADVANCED_FACE('',(#3559),#3553,.T.);
#3561=CARTESIAN_POINT('',(6.330790018147E1,-1.571E2,-1.664775042897E2));
#3562=DIRECTION('',(0.E0,1.E0,0.E0));
#3563=DIRECTION('',(-1.E0,0.E0,0.E0));
#3564=AXIS2_PLACEMENT_3D('',#3561,#3562,#3563);
#3565=CYLINDRICAL_SURFACE('',#3564,1.77E1);
#3566=ORIENTED_EDGE('',*,*,#3235,.F.);
#3567=ORIENTED_EDGE('',*,*,#2432,.F.);
#3568=ORIENTED_EDGE('',*,*,#3284,.F.);
#3569=ORIENTED_EDGE('',*,*,#1878,.T.);
#3570=EDGE_LOOP('',(#3566,#3567,#3568,#3569));
#3571=FACE_OUTER_BOUND('',#3570,.F.);
#3572=ADVANCED_FACE('',(#3571),#3565,.F.);
#3573=CARTESIAN_POINT('',(2.498800974435E1,-1.652E2,-1.402E2));
#3574=DIRECTION('',(-1.E0,0.E0,0.E0));
#3575=DIRECTION('',(0.E0,0.E0,-1.E0));
#3576=AXIS2_PLACEMENT_3D('',#3573,#3574,#3575);
#3577=PLANE('',#3576);
#3578=ORIENTED_EDGE('',*,*,#2364,.F.);
#3579=ORIENTED_EDGE('',*,*,#2693,.F.);
#3580=ORIENTED_EDGE('',*,*,#3240,.T.);
#3581=ORIENTED_EDGE('',*,*,#2275,.T.);
#3582=EDGE_LOOP('',(#3578,#3579,#3580,#3581));
#3583=FACE_OUTER_BOUND('',#3582,.F.);
#3584=ADVANCED_FACE('',(#3583),#3577,.T.);
#3585=CARTESIAN_POINT('',(-7.97E1,-1.767E2,-1.402E2));
#3586=DIRECTION('',(1.E0,0.E0,0.E0));
#3587=DIRECTION('',(0.E0,0.E0,1.E0));
#3588=AXIS2_PLACEMENT_3D('',#3585,#3586,#3587);
#3589=PLANE('',#3588);
#3590=ORIENTED_EDGE('',*,*,#2463,.F.);
#3591=ORIENTED_EDGE('',*,*,#2655,.T.);
#3592=ORIENTED_EDGE('',*,*,#2514,.T.);
#3593=ORIENTED_EDGE('',*,*,#2398,.F.);
#3594=EDGE_LOOP('',(#3590,#3591,#3592,#3593));
#3595=FACE_OUTER_BOUND('',#3594,.F.);
#3596=ADVANCED_FACE('',(#3595),#3589,.T.);
#3597=CARTESIAN_POINT('',(-4.039801975345E1,-1.571E2,-1.225E2));
#3598=DIRECTION('',(0.E0,-1.E0,0.E0));
#3599=DIRECTION('',(1.E0,0.E0,0.E0));
#3600=AXIS2_PLACEMENT_3D('',#3597,#3598,#3599);
#3601=CYLINDRICAL_SURFACE('',#3600,1.77E1);
#3602=ORIENTED_EDGE('',*,*,#2136,.F.);
#3603=ORIENTED_EDGE('',*,*,#2478,.T.);
#3604=ORIENTED_EDGE('',*,*,#1914,.F.);
#3606=ORIENTED_EDGE('',*,*,#3605,.F.);
#3607=EDGE_LOOP('',(#3602,#3603,#3604,#3606));
#3608=FACE_OUTER_BOUND('',#3607,.F.);
#3609=ADVANCED_FACE('',(#3608),#3601,.F.);
#3610=CARTESIAN_POINT('',(0.E0,-1.571E2,-1.445E2));
#3611=DIRECTION('',(0.E0,-1.E0,0.E0));
#3612=DIRECTION('',(1.E0,0.E0,0.E0));
#3613=AXIS2_PLACEMENT_3D('',#3610,#3611,#3612);
#3614=CYLINDRICAL_SURFACE('',#3613,2.83E1);
#3615=ORIENTED_EDGE('',*,*,#2138,.F.);
#3616=ORIENTED_EDGE('',*,*,#3605,.T.);
#3617=ORIENTED_EDGE('',*,*,#1912,.F.);
#3619=ORIENTED_EDGE('',*,*,#3618,.T.);
#3620=EDGE_LOOP('',(#3615,#3616,#3617,#3619));
#3621=FACE_OUTER_BOUND('',#3620,.F.);
#3622=ADVANCED_FACE('',(#3621),#3614,.T.);
#3623=CARTESIAN_POINT('',(-1.48E1,-1.571E2,-1.127667583679E2));
#3624=DIRECTION('',(-1.E0,0.E0,0.E0));
#3625=DIRECTION('',(0.E0,0.E0,-1.E0));
#3626=AXIS2_PLACEMENT_3D('',#3623,#3624,#3625);
#3627=PLANE('',#3626);
#3629=ORIENTED_EDGE('',*,*,#3628,.F.);
#3630=ORIENTED_EDGE('',*,*,#2070,.F.);
#3631=ORIENTED_EDGE('',*,*,#2104,.T.);
#3632=ORIENTED_EDGE('',*,*,#3618,.F.);
#3633=ORIENTED_EDGE('',*,*,#1910,.T.);
#3634=EDGE_LOOP('',(#3629,#3630,#3631,#3632,#3633));
#3635=FACE_OUTER_BOUND('',#3634,.F.);
#3636=ADVANCED_FACE('',(#3635),#3627,.T.);
#3637=CARTESIAN_POINT('',(-1.25E1,-1.571E2,-1.127667583679E2));
#3638=DIRECTION('',(0.E0,-1.E0,0.E0));
#3639=DIRECTION('',(1.E0,0.E0,0.E0));
#3640=AXIS2_PLACEMENT_3D('',#3637,#3638,#3639);
#3641=CYLINDRICAL_SURFACE('',#3640,2.3E0);
#3643=ORIENTED_EDGE('',*,*,#3642,.T.);
#3644=ORIENTED_EDGE('',*,*,#2072,.F.);
#3645=ORIENTED_EDGE('',*,*,#3628,.T.);
#3646=ORIENTED_EDGE('',*,*,#1908,.F.);
#3647=EDGE_LOOP('',(#3643,#3644,#3645,#3646));
#3648=FACE_OUTER_BOUND('',#3647,.F.);
#3649=ADVANCED_FACE('',(#3648),#3641,.T.);
#3650=CARTESIAN_POINT('',(1.25E1,-1.571E2,-1.104667583679E2));
#3651=DIRECTION('',(0.E0,0.E0,1.E0));
#3652=DIRECTION('',(-1.E0,0.E0,0.E0));
#3653=AXIS2_PLACEMENT_3D('',#3650,#3651,#3652);
#3654=PLANE('',#3653);
#3655=ORIENTED_EDGE('',*,*,#3642,.F.);
#3656=ORIENTED_EDGE('',*,*,#1906,.F.);
#3658=ORIENTED_EDGE('',*,*,#3657,.F.);
#3659=ORIENTED_EDGE('',*,*,#2074,.F.);
#3660=EDGE_LOOP('',(#3655,#3656,#3658,#3659));
#3661=FACE_OUTER_BOUND('',#3660,.F.);
#3662=ADVANCED_FACE('',(#3661),#3654,.T.);
#3663=CARTESIAN_POINT('',(1.25E1,-1.571E2,-1.127667583679E2));
#3664=DIRECTION('',(0.E0,-1.E0,0.E0));
#3665=DIRECTION('',(1.E0,0.E0,0.E0));
#3666=AXIS2_PLACEMENT_3D('',#3663,#3664,#3665);
#3667=CYLINDRICAL_SURFACE('',#3666,2.3E0);
#3668=ORIENTED_EDGE('',*,*,#2323,.T.);
#3669=ORIENTED_EDGE('',*,*,#2076,.F.);
#3670=ORIENTED_EDGE('',*,*,#3657,.T.);
#3671=ORIENTED_EDGE('',*,*,#1904,.F.);
#3672=EDGE_LOOP('',(#3668,#3669,#3670,#3671));
#3673=FACE_OUTER_BOUND('',#3672,.F.);
#3674=ADVANCED_FACE('',(#3673),#3667,.T.);
#3675=CARTESIAN_POINT('',(1.1E1,-1.571E2,-1.745E2));
#3676=DIRECTION('',(0.E0,1.E0,0.E0));
#3677=DIRECTION('',(1.E0,0.E0,0.E0));
#3678=AXIS2_PLACEMENT_3D('',#3675,#3676,#3677);
#3679=CYLINDRICAL_SURFACE('',#3678,1.35E0);
#3681=ORIENTED_EDGE('',*,*,#3680,.F.);
#3682=ORIENTED_EDGE('',*,*,#2230,.T.);
#3684=ORIENTED_EDGE('',*,*,#3683,.F.);
#3685=ORIENTED_EDGE('',*,*,#1984,.F.);
#3686=EDGE_LOOP('',(#3681,#3682,#3684,#3685));
#3687=FACE_OUTER_BOUND('',#3686,.F.);
#3688=ADVANCED_FACE('',(#3687),#3679,.F.);
#3689=CARTESIAN_POINT('',(1.1E1,-1.571E2,-1.745E2));
#3690=DIRECTION('',(0.E0,1.E0,0.E0));
#3691=DIRECTION('',(1.E0,0.E0,0.E0));
#3692=AXIS2_PLACEMENT_3D('',#3689,#3690,#3691);
#3693=CYLINDRICAL_SURFACE('',#3692,1.35E0);
#3694=ORIENTED_EDGE('',*,*,#3683,.T.);
#3695=ORIENTED_EDGE('',*,*,#2232,.T.);
#3696=ORIENTED_EDGE('',*,*,#3680,.T.);
#3697=ORIENTED_EDGE('',*,*,#1986,.F.);
#3698=EDGE_LOOP('',(#3694,#3695,#3696,#3697));
#3699=FACE_OUTER_BOUND('',#3698,.F.);
#3700=ADVANCED_FACE('',(#3699),#3693,.F.);
#3701=CARTESIAN_POINT('',(-1.1E1,-1.571E2,-1.745E2));
#3702=DIRECTION('',(0.E0,1.E0,0.E0));
#3703=DIRECTION('',(1.E0,0.E0,0.E0));
#3704=AXIS2_PLACEMENT_3D('',#3701,#3702,#3703);
#3705=CYLINDRICAL_SURFACE('',#3704,1.35E0);
#3707=ORIENTED_EDGE('',*,*,#3706,.F.);
#3708=ORIENTED_EDGE('',*,*,#2236,.T.);
#3710=ORIENTED_EDGE('',*,*,#3709,.F.);
#3711=ORIENTED_EDGE('',*,*,#1980,.F.);
#3712=EDGE_LOOP('',(#3707,#3708,#3710,#3711));
#3713=FACE_OUTER_BOUND('',#3712,.F.);
#3714=ADVANCED_FACE('',(#3713),#3705,.F.);
#3715=CARTESIAN_POINT('',(-1.1E1,-1.571E2,-1.745E2));
#3716=DIRECTION('',(0.E0,1.E0,0.E0));
#3717=DIRECTION('',(1.E0,0.E0,0.E0));
#3718=AXIS2_PLACEMENT_3D('',#3715,#3716,#3717);
#3719=CYLINDRICAL_SURFACE('',#3718,1.35E0);
#3720=ORIENTED_EDGE('',*,*,#3709,.T.);
#3721=ORIENTED_EDGE('',*,*,#2238,.T.);
#3722=ORIENTED_EDGE('',*,*,#3706,.T.);
#3723=ORIENTED_EDGE('',*,*,#1978,.F.);
#3724=EDGE_LOOP('',(#3720,#3721,#3722,#3723));
#3725=FACE_OUTER_BOUND('',#3724,.F.);
#3726=ADVANCED_FACE('',(#3725),#3719,.F.);
#3727=CARTESIAN_POINT('',(1.1E1,-1.571E2,-1.145E2));
#3728=DIRECTION('',(0.E0,1.E0,0.E0));
#3729=DIRECTION('',(1.E0,0.E0,0.E0));
#3730=AXIS2_PLACEMENT_3D('',#3727,#3728,#3729);
#3731=CYLINDRICAL_SURFACE('',#3730,1.35E0);
#3733=ORIENTED_EDGE('',*,*,#3732,.F.);
#3734=ORIENTED_EDGE('',*,*,#2084,.T.);
#3736=ORIENTED_EDGE('',*,*,#3735,.F.);
#3737=ORIENTED_EDGE('',*,*,#1972,.F.);
#3738=EDGE_LOOP('',(#3733,#3734,#3736,#3737));
#3739=FACE_OUTER_BOUND('',#3738,.F.);
#3740=ADVANCED_FACE('',(#3739),#3731,.F.);
#3741=CARTESIAN_POINT('',(1.1E1,-1.571E2,-1.145E2));
#3742=DIRECTION('',(0.E0,1.E0,0.E0));
#3743=DIRECTION('',(1.E0,0.E0,0.E0));
#3744=AXIS2_PLACEMENT_3D('',#3741,#3742,#3743);
#3745=CYLINDRICAL_SURFACE('',#3744,1.35E0);
#3746=ORIENTED_EDGE('',*,*,#3735,.T.);
#3747=ORIENTED_EDGE('',*,*,#2086,.T.);
#3748=ORIENTED_EDGE('',*,*,#3732,.T.);
#3749=ORIENTED_EDGE('',*,*,#1974,.F.);
#3750=EDGE_LOOP('',(#3746,#3747,#3748,#3749));
#3751=FACE_OUTER_BOUND('',#3750,.F.);
#3752=ADVANCED_FACE('',(#3751),#3745,.F.);
#3753=CARTESIAN_POINT('',(-1.1E1,-1.571E2,-1.145E2));
#3754=DIRECTION('',(0.E0,1.E0,0.E0));
#3755=DIRECTION('',(1.E0,0.E0,0.E0));
#3756=AXIS2_PLACEMENT_3D('',#3753,#3754,#3755);
#3757=CYLINDRICAL_SURFACE('',#3756,1.35E0);
#3759=ORIENTED_EDGE('',*,*,#3758,.F.);
#3760=ORIENTED_EDGE('',*,*,#2090,.T.);
#3762=ORIENTED_EDGE('',*,*,#3761,.F.);
#3763=ORIENTED_EDGE('',*,*,#1968,.F.);
#3764=EDGE_LOOP('',(#3759,#3760,#3762,#3763));
#3765=FACE_OUTER_BOUND('',#3764,.F.);
#3766=ADVANCED_FACE('',(#3765),#3757,.F.);
#3767=CARTESIAN_POINT('',(-1.1E1,-1.571E2,-1.145E2));
#3768=DIRECTION('',(0.E0,1.E0,0.E0));
#3769=DIRECTION('',(1.E0,0.E0,0.E0));
#3770=AXIS2_PLACEMENT_3D('',#3767,#3768,#3769);
#3771=CYLINDRICAL_SURFACE('',#3770,1.35E0);
#3772=ORIENTED_EDGE('',*,*,#3761,.T.);
#3773=ORIENTED_EDGE('',*,*,#2092,.T.);
#3774=ORIENTED_EDGE('',*,*,#3758,.T.);
#3775=ORIENTED_EDGE('',*,*,#1966,.F.);
#3776=EDGE_LOOP('',(#3772,#3773,#3774,#3775));
#3777=FACE_OUTER_BOUND('',#3776,.F.);
#3778=ADVANCED_FACE('',(#3777),#3771,.F.);
#3782=DIMENSIONAL_EXPONENTS(0.E0,0.E0,0.E0,0.E0,0.E0,0.E0,0.E0);
#3784=PLANE_ANGLE_MEASURE_WITH_UNIT(PLANE_ANGLE_MEASURE(1.745329251994E-2),
#3783);
#3785=(CONVERSION_BASED_UNIT('DEGREE',#3784)NAMED_UNIT(*)PLANE_ANGLE_UNIT());
#3787=UNCERTAINTY_MEASURE_WITH_UNIT(LENGTH_MEASURE(1.985232490925E-2),#3781,
'closure',
'Maximum model space distance between geometric entities at asserted connectivities');
#3788=(GEOMETRIC_REPRESENTATION_CONTEXT(3)GLOBAL_UNCERTAINTY_ASSIGNED_CONTEXT((
#3787))GLOBAL_UNIT_ASSIGNED_CONTEXT((#3781,#3785,#3786))REPRESENTATION_CONTEXT(
'ID1','3'));
#3790=APPLICATION_CONTEXT(
'CONFIGURATION CONTROLLED 3D DESIGNS OF MECHANICAL PARTS AND ASSEMBLIES');
#3791=APPLICATION_PROTOCOL_DEFINITION('international standard',
'config_control_design',1994,#3790);
#3792=DESIGN_CONTEXT('',#3790,'design');
#3793=MECHANICAL_CONTEXT('',#3790,'mechanical');
#3794=PRODUCT('1-RAIL-BASE-2_3','1-RAIL-BASE-2_3','NOT SPECIFIED',(#3793));
#3795=PRODUCT_DEFINITION_FORMATION_WITH_SPECIFIED_SOURCE('1','LAST_VERSION',
#3794,.MADE.);
#3799=PRODUCT_CATEGORY('part','');
#3800=PRODUCT_RELATED_PRODUCT_CATEGORY('detail','',(#3794));
#3801=PRODUCT_CATEGORY_RELATIONSHIP('','',#3799,#3800);
#3802=SECURITY_CLASSIFICATION_LEVEL('unclassified');
#3803=SECURITY_CLASSIFICATION('','',#3802);
#3804=CC_DESIGN_SECURITY_CLASSIFICATION(#3803,(#3795));
#3805=APPROVAL_STATUS('approved');
#3806=APPROVAL(#3805,'');
#3807=CC_DESIGN_APPROVAL(#3806,(#3803,#3795,#3796));
#3808=CALENDAR_DATE(126,15,9);
#3809=COORDINATED_UNIVERSAL_TIME_OFFSET(8,0,.AHEAD.);
#3810=LOCAL_TIME(11,8,1.6E1,#3809);
#3811=DATE_AND_TIME(#3808,#3810);
#3812=APPROVAL_DATE_TIME(#3811,#3806);
#3813=DATE_TIME_ROLE('creation_date');
#3814=CC_DESIGN_DATE_AND_TIME_ASSIGNMENT(#3811,#3813,(#3796));
#3815=DATE_TIME_ROLE('classification_date');
#3816=CC_DESIGN_DATE_AND_TIME_ASSIGNMENT(#3811,#3815,(#3803));
#3817=PERSON('UNSPECIFIED','UNSPECIFIED',$,$,$,$);
#3818=ORGANIZATION('UNSPECIFIED','UNSPECIFIED','UNSPECIFIED');
#3819=PERSON_AND_ORGANIZATION(#3817,#3818);
#3820=APPROVAL_ROLE('approver');
#3821=APPROVAL_PERSON_ORGANIZATION(#3819,#3806,#3820);
#3822=PERSON_AND_ORGANIZATION_ROLE('creator');
#3823=CC_DESIGN_PERSON_AND_ORGANIZATION_ASSIGNMENT(#3819,#3822,(#3795,#3796));
#3824=PERSON_AND_ORGANIZATION_ROLE('design_supplier');
#3825=CC_DESIGN_PERSON_AND_ORGANIZATION_ASSIGNMENT(#3819,#3824,(#3795));
#3826=PERSON_AND_ORGANIZATION_ROLE('classification_officer');
#3827=CC_DESIGN_PERSON_AND_ORGANIZATION_ASSIGNMENT(#3819,#3826,(#3803));
#3828=PERSON_AND_ORGANIZATION_ROLE('design_owner');
#3829=CC_DESIGN_PERSON_AND_ORGANIZATION_ASSIGNMENT(#3819,#3828,(#3794));
#9=CIRCLE('',#8,2.4E1);
#22=CIRCLE('',#21,2.4E1);
#31=CIRCLE('',#30,1.75E0);
#36=CIRCLE('',#35,1.75E0);
#41=CIRCLE('',#40,1.75E0);
#46=CIRCLE('',#45,1.75E0);
#51=CIRCLE('',#50,1.75E0);
#56=CIRCLE('',#55,1.75E0);
#61=CIRCLE('',#60,1.75E0);
#66=CIRCLE('',#65,1.75E0);
#71=CIRCLE('',#70,1.75E0);
#76=CIRCLE('',#75,1.75E0);
#81=CIRCLE('',#80,1.75E0);
#86=CIRCLE('',#85,1.75E0);
#91=CIRCLE('',#90,1.35E0);
#96=CIRCLE('',#95,1.35E0);
#101=CIRCLE('',#100,1.35E0);
#106=CIRCLE('',#105,1.35E0);
#111=CIRCLE('',#110,1.35E0);
#116=CIRCLE('',#115,1.35E0);
#121=CIRCLE('',#120,1.35E0);
#126=CIRCLE('',#125,1.35E0);
#135=CIRCLE('',#134,1.77E1);
#140=CIRCLE('',#139,1.77E1);
#145=CIRCLE('',#144,2.83E1);
#150=CIRCLE('',#149,2.3E0);
#159=CIRCLE('',#158,2.3E0);
#164=CIRCLE('',#163,2.83E1);
#169=CIRCLE('',#168,1.77E1);
#174=CIRCLE('',#173,1.77E1);
#187=CIRCLE('',#186,1.77E1);
#192=CIRCLE('',#191,1.77E1);
#197=CIRCLE('',#196,2.83E1);
#202=CIRCLE('',#201,2.3E0);
#211=CIRCLE('',#210,2.3E0);
#216=CIRCLE('',#215,2.83E1);
#221=CIRCLE('',#220,1.77E1);
#226=CIRCLE('',#225,1.77E1);
#271=CIRCLE('',#270,2.3E0);
#280=CIRCLE('',#279,2.3E0);
#293=CIRCLE('',#292,1.35E0);
#298=CIRCLE('',#297,1.35E0);
#303=CIRCLE('',#302,1.35E0);
#308=CIRCLE('',#307,1.35E0);
#321=CIRCLE('',#320,2.4E1);
#326=CIRCLE('',#325,2.4E1);
#335=CIRCLE('',#334,2.83E1);
#340=CIRCLE('',#339,1.77E1);
#349=CIRCLE('',#348,1.77E1);
#354=CIRCLE('',#353,2.83E1);
#403=CIRCLE('',#402,2.3E0);
#412=CIRCLE('',#411,2.3E0);
#425=CIRCLE('',#424,1.35E0);
#430=CIRCLE('',#429,1.35E0);
#435=CIRCLE('',#434,1.35E0);
#440=CIRCLE('',#439,1.35E0);
#449=CIRCLE('',#448,2.4E1);
#454=CIRCLE('',#453,2.4E1);
#463=CIRCLE('',#462,2.83E1);
#468=CIRCLE('',#467,1.77E1);
#477=CIRCLE('',#476,1.77E1);
#482=CIRCLE('',#481,2.83E1);
#559=CIRCLE('',#558,1.77E1);
#568=CIRCLE('',#567,1.77E1);
#577=CIRCLE('',#576,1.77E1);
#586=CIRCLE('',#585,1.77E1);
#623=CIRCLE('',#622,2.3E0);
#632=CIRCLE('',#631,2.3E0);
#673=CIRCLE('',#672,2.3E0);
#694=CIRCLE('',#693,2.3E0);
#727=CIRCLE('',#726,1.75E0);
#732=CIRCLE('',#731,1.75E0);
#737=CIRCLE('',#736,1.75E0);
#742=CIRCLE('',#741,1.75E0);
#747=CIRCLE('',#746,1.75E0);
#752=CIRCLE('',#751,1.75E0);
#757=CIRCLE('',#756,1.75E0);
#762=CIRCLE('',#761,1.75E0);
#767=CIRCLE('',#766,1.75E0);
#772=CIRCLE('',#771,1.75E0);
#777=CIRCLE('',#776,1.75E0);
#782=CIRCLE('',#781,1.75E0);
#1135=CIRCLE('',#1134,2.3E0);
#1168=CIRCLE('',#1167,2.3E0);
#1185=CIRCLE('',#1184,2.3E0);
#1194=CIRCLE('',#1193,2.3E0);
#1848=EDGE_CURVE('',#1734,#1433,#1002,.T.);
#1850=EDGE_CURVE('',#1733,#1734,#970,.T.);
#1852=EDGE_CURVE('',#1778,#1733,#130,.T.);
#1854=EDGE_CURVE('',#1752,#1778,#135,.T.);
#1856=EDGE_CURVE('',#1437,#1752,#926,.T.);
#1858=EDGE_CURVE('',#1437,#1438,#140,.T.);
#1860=EDGE_CURVE('',#1438,#1440,#145,.T.);
#1862=EDGE_CURVE('',#1442,#1440,#1046,.T.);
#1864=EDGE_CURVE('',#1442,#1444,#150,.T.);
#1866=EDGE_CURVE('',#1444,#1446,#154,.T.);
#1868=EDGE_CURVE('',#1446,#1448,#159,.T.);
#1870=EDGE_CURVE('',#1450,#1448,#1082,.T.);
#1872=EDGE_CURVE('',#1450,#1452,#164,.T.);
#1874=EDGE_CURVE('',#1452,#1454,#169,.T.);
#1876=EDGE_CURVE('',#1754,#1454,#1110,.T.);
#1878=EDGE_CURVE('',#1774,#1754,#174,.T.);
#1880=EDGE_CURVE('',#1742,#1774,#178,.T.);
#1882=EDGE_CURVE('',#1741,#1742,#1226,.T.);
#1884=EDGE_CURVE('',#1410,#1741,#1314,.T.);
#1886=EDGE_CURVE('',#1409,#1410,#1306,.T.);
#1888=EDGE_CURVE('',#1746,#1409,#1298,.T.);
#1890=EDGE_CURVE('',#1745,#1746,#1270,.T.);
#1892=EDGE_CURVE('',#1764,#1745,#182,.T.);
#1894=EDGE_CURVE('',#1748,#1764,#187,.T.);
#1896=EDGE_CURVE('',#1413,#1748,#538,.T.);
#1898=EDGE_CURVE('',#1413,#1414,#192,.T.);
#1900=EDGE_CURVE('',#1414,#1416,#197,.T.);
#1902=EDGE_CURVE('',#1418,#1416,#510,.T.);
#1904=EDGE_CURVE('',#1418,#1420,#202,.T.);
#1906=EDGE_CURVE('',#1420,#1422,#206,.T.);
#1908=EDGE_CURVE('',#1422,#1424,#211,.T.);
#1910=EDGE_CURVE('',#1426,#1424,#1358,.T.);
#1912=EDGE_CURVE('',#1426,#1428,#216,.T.);
#1914=EDGE_CURVE('',#1428,#1430,#221,.T.);
#1916=EDGE_CURVE('',#1750,#1430,#606,.T.);
#1918=EDGE_CURVE('',#1776,#1750,#226,.T.);
#1920=EDGE_CURVE('',#1738,#1776,#230,.T.);
#1922=EDGE_CURVE('',#1737,#1738,#714,.T.);
#1924=EDGE_CURVE('',#1434,#1737,#1018,.T.);
#1926=EDGE_CURVE('',#1433,#1434,#1010,.T.);
#1930=EDGE_CURVE('',#1473,#1474,#31,.T.);
#1932=EDGE_CURVE('',#1474,#1473,#36,.T.);
#1936=EDGE_CURVE('',#1477,#1478,#41,.T.);
#1938=EDGE_CURVE('',#1478,#1477,#46,.T.);
#1942=EDGE_CURVE('',#1481,#1482,#51,.T.);
#1944=EDGE_CURVE('',#1482,#1481,#56,.T.);
#1948=EDGE_CURVE('',#1485,#1486,#61,.T.);
#1950=EDGE_CURVE('',#1486,#1485,#66,.T.);
#1954=EDGE_CURVE('',#1489,#1490,#71,.T.);
#1956=EDGE_CURVE('',#1490,#1489,#76,.T.);
#1960=EDGE_CURVE('',#1493,#1494,#81,.T.);
#1962=EDGE_CURVE('',#1494,#1493,#86,.T.);
#1966=EDGE_CURVE('',#1497,#1498,#91,.T.);
#1968=EDGE_CURVE('',#1498,#1497,#96,.T.);
#1972=EDGE_CURVE('',#1501,#1502,#101,.T.);
#1974=EDGE_CURVE('',#1502,#1501,#106,.T.);
#1978=EDGE_CURVE('',#1505,#1506,#111,.T.);
#1980=EDGE_CURVE('',#1506,#1505,#116,.T.);
#1984=EDGE_CURVE('',#1509,#1510,#121,.T.);
#1986=EDGE_CURVE('',#1510,#1509,#126,.T.);
#1990=EDGE_CURVE('',#1457,#1458,#4,.T.);
#1992=EDGE_CURVE('',#1458,#1461,#9,.T.);
#1994=EDGE_CURVE('',#1461,#1462,#13,.T.);
#1996=EDGE_CURVE('',#1464,#1462,#382,.T.);
#1998=EDGE_CURVE('',#1464,#1466,#17,.T.);
#2000=EDGE_CURVE('',#1466,#1469,#22,.T.);
#2002=EDGE_CURVE('',#1469,#1470,#26,.T.);
#2004=EDGE_CURVE('',#1457,#1470,#250,.T.);
#2014=EDGE_CURVE('',#1457,#1512,#234,.T.);
#2016=EDGE_CURVE('',#1512,#1514,#238,.T.);
#2018=EDGE_CURVE('',#1516,#1514,#502,.T.);
#2020=EDGE_CURVE('',#1518,#1516,#458,.T.);
#2022=EDGE_CURVE('',#1458,#1518,#490,.T.);
#2033=EDGE_CURVE('',#1470,#1520,#242,.T.);
#2035=EDGE_CURVE('',#1520,#1512,#246,.T.);
#2047=EDGE_CURVE('',#1522,#1520,#254,.T.);
#2051=EDGE_CURVE('',#1524,#1469,#358,.T.);
#2053=EDGE_CURVE('',#1526,#1524,#316,.T.);
#2055=EDGE_CURVE('',#1526,#1522,#258,.T.);
#2068=EDGE_CURVE('',#1522,#1528,#262,.T.);
#2070=EDGE_CURVE('',#1528,#1530,#266,.T.);
#2072=EDGE_CURVE('',#1530,#1532,#271,.T.);
#2074=EDGE_CURVE('',#1532,#1534,#275,.T.);
#2076=EDGE_CURVE('',#1534,#1536,#280,.T.);
#2078=EDGE_CURVE('',#1536,#1538,#284,.T.);
#2080=EDGE_CURVE('',#1538,#1514,#288,.T.);
#2084=EDGE_CURVE('',#1677,#1678,#293,.T.);
#2086=EDGE_CURVE('',#1678,#1677,#298,.T.);
#2090=EDGE_CURVE('',#1681,#1682,#303,.T.);
#2092=EDGE_CURVE('',#1682,#1681,#308,.T.);
#2102=EDGE_CURVE('',#1526,#1560,#312,.T.);
#2104=EDGE_CURVE('',#1528,#1560,#1354,.T.);
#2118=EDGE_CURVE('',#1524,#1584,#321,.T.);
#2120=EDGE_CURVE('',#1584,#1586,#326,.T.);
#2122=EDGE_CURVE('',#1586,#1588,#330,.T.);
#2124=EDGE_CURVE('',#1590,#1588,#1050,.T.);
#2126=EDGE_CURVE('',#1590,#1592,#335,.T.);
#2128=EDGE_CURVE('',#1592,#1594,#340,.T.);
#2130=EDGE_CURVE('',#1596,#1594,#922,.T.);
#2132=EDGE_CURVE('',#1598,#1596,#1030,.T.);
#2134=EDGE_CURVE('',#1598,#1600,#344,.T.);
#2136=EDGE_CURVE('',#1600,#1602,#349,.T.);
#2138=EDGE_CURVE('',#1602,#1560,#354,.T.);
#2152=EDGE_CURVE('',#1466,#1586,#362,.T.);
#2162=EDGE_CURVE('',#1464,#1541,#366,.T.);
#2164=EDGE_CURVE('',#1541,#1542,#370,.T.);
#2166=EDGE_CURVE('',#1588,#1542,#1054,.T.);
#2179=EDGE_CURVE('',#1462,#1544,#374,.T.);
#2181=EDGE_CURVE('',#1544,#1541,#378,.T.);
#2193=EDGE_CURVE('',#1546,#1544,#386,.T.);
#2197=EDGE_CURVE('',#1564,#1461,#494,.T.);
#2199=EDGE_CURVE('',#1582,#1564,#486,.T.);
#2201=EDGE_CURVE('',#1582,#1546,#390,.T.);
#2214=EDGE_CURVE('',#1546,#1548,#394,.T.);
#2216=EDGE_CURVE('',#1548,#1550,#398,.T.);
#2218=EDGE_CURVE('',#1550,#1552,#403,.T.);
#2220=EDGE_CURVE('',#1552,#1554,#407,.T.);
#2222=EDGE_CURVE('',#1554,#1556,#412,.T.);
#2224=EDGE_CURVE('',#1556,#1558,#416,.T.);
#2226=EDGE_CURVE('',#1558,#1542,#420,.T.);
#2230=EDGE_CURVE('',#1685,#1686,#425,.T.);
#2232=EDGE_CURVE('',#1686,#1685,#430,.T.);
#2236=EDGE_CURVE('',#1689,#1690,#435,.T.);
#2238=EDGE_CURVE('',#1690,#1689,#440,.T.);
#2248=EDGE_CURVE('',#1582,#1580,#444,.T.);
#2250=EDGE_CURVE('',#1548,#1580,#1078,.T.);
#2262=EDGE_CURVE('',#1564,#1562,#449,.T.);
#2264=EDGE_CURVE('',#1562,#1518,#454,.T.);
#2267=EDGE_CURVE('',#1566,#1516,#498,.T.);
#2269=EDGE_CURVE('',#1566,#1568,#463,.T.);
#2271=EDGE_CURVE('',#1568,#1570,#468,.T.);
#2273=EDGE_CURVE('',#1572,#1570,#534,.T.);
#2275=EDGE_CURVE('',#1574,#1572,#1330,.T.);
#2277=EDGE_CURVE('',#1574,#1576,#472,.T.);
#2279=EDGE_CURVE('',#1576,#1578,#477,.T.);
#2281=EDGE_CURVE('',#1578,#1580,#482,.T.);
#2309=EDGE_CURVE('',#1538,#1566,#506,.T.);
#2319=EDGE_CURVE('',#1566,#1416,#514,.T.);
#2323=EDGE_CURVE('',#1418,#1536,#1370,.T.);
#2337=EDGE_CURVE('',#1568,#1414,#518,.T.);
#2350=EDGE_CURVE('',#1413,#1570,#522,.T.);
#2360=EDGE_CURVE('',#1805,#1806,#526,.T.);
#2362=EDGE_CURVE('',#1630,#1806,#838,.T.);
#2364=EDGE_CURVE('',#1630,#1572,#530,.T.);
#2369=EDGE_CURVE('',#1766,#1748,#542,.T.);
#2371=EDGE_CURVE('',#1805,#1766,#546,.T.);
#2382=EDGE_CURVE('',#1805,#1808,#581,.T.);
#2384=EDGE_CURVE('',#1808,#1810,#1286,.T.);
#2386=EDGE_CURVE('',#1810,#1806,#550,.T.);
#2396=EDGE_CURVE('',#1781,#1782,#554,.T.);
#2398=EDGE_CURVE('',#1781,#1756,#1338,.T.);
#2400=EDGE_CURVE('',#1756,#1772,#559,.T.);
#2402=EDGE_CURVE('',#1772,#1782,#598,.T.);
#2412=EDGE_CURVE('',#1789,#1792,#563,.T.);
#2414=EDGE_CURVE('',#1789,#1768,#934,.T.);
#2416=EDGE_CURVE('',#1768,#1758,#568,.T.);
#2418=EDGE_CURVE('',#1758,#1792,#946,.T.);
#2428=EDGE_CURVE('',#1797,#1798,#572,.T.);
#2430=EDGE_CURVE('',#1797,#1762,#1122,.T.);
#2432=EDGE_CURVE('',#1762,#1770,#577,.T.);
#2434=EDGE_CURVE('',#1770,#1798,#1102,.T.);
#2446=EDGE_CURVE('',#1766,#1760,#586,.T.);
#2448=EDGE_CURVE('',#1760,#1808,#1290,.T.);
#2459=EDGE_CURVE('',#1784,#1782,#594,.T.);
#2461=EDGE_CURVE('',#1784,#1786,#590,.T.);
#2463=EDGE_CURVE('',#1786,#1781,#1334,.T.);
#2475=EDGE_CURVE('',#1772,#1750,#602,.T.);
#2478=EDGE_CURVE('',#1600,#1430,#1342,.T.);
#2481=EDGE_CURVE('',#1610,#1598,#1026,.T.);
#2483=EDGE_CURVE('',#1784,#1610,#818,.T.);
#2495=EDGE_CURVE('',#1776,#1756,#610,.T.);
#2506=EDGE_CURVE('',#1816,#1814,#614,.T.);
#2508=EDGE_CURVE('',#1726,#1814,#660,.T.);
#2510=EDGE_CURVE('',#1738,#1726,#718,.T.);
#2514=EDGE_CURVE('',#1716,#1756,#618,.T.);
#2516=EDGE_CURVE('',#1716,#1706,#810,.T.);
#2518=EDGE_CURVE('',#1705,#1706,#710,.T.);
#2520=EDGE_CURVE('',#1816,#1705,#677,.T.);
#2530=EDGE_CURVE('',#1813,#1814,#623,.T.);
#2533=EDGE_CURVE('',#1816,#1818,#673,.T.);
#2535=EDGE_CURVE('',#1818,#1813,#664,.T.);
#2546=EDGE_CURVE('',#1813,#1822,#627,.T.);
#2548=EDGE_CURVE('',#1821,#1822,#632,.T.);
#2550=EDGE_CURVE('',#1821,#1724,#636,.T.);
#2552=EDGE_CURVE('',#1724,#1646,#640,.T.);
#2554=EDGE_CURVE('',#1646,#1644,#644,.T.);
#2556=EDGE_CURVE('',#1644,#1648,#648,.T.);
#2558=EDGE_CURVE('',#1648,#1650,#652,.T.);
#2560=EDGE_CURVE('',#1650,#1726,#656,.T.);
#2572=EDGE_CURVE('',#1824,#1818,#698,.T.);
#2574=EDGE_CURVE('',#1824,#1822,#668,.T.);
#2587=EDGE_CURVE('',#1705,#1668,#681,.T.);
#2589=EDGE_CURVE('',#1667,#1668,#998,.T.);
#2591=EDGE_CURVE('',#1670,#1667,#990,.T.);
#2593=EDGE_CURVE('',#1672,#1670,#982,.T.);
#2595=EDGE_CURVE('',#1672,#1702,#685,.T.);
#2597=EDGE_CURVE('',#1702,#1826,#689,.T.);
#2599=EDGE_CURVE('',#1824,#1826,#694,.T.);
#2610=EDGE_CURVE('',#1694,#1706,#702,.T.);
#2612=EDGE_CURVE('',#1694,#1668,#706,.T.);
#2627=EDGE_CURVE('',#1650,#1737,#722,.T.);
#2637=EDGE_CURVE('',#1604,#1790,#786,.T.);
#2639=EDGE_CURVE('',#1794,#1790,#938,.T.);
#2641=EDGE_CURVE('',#1718,#1794,#790,.T.);
#2643=EDGE_CURVE('',#1701,#1718,#794,.T.);
#2645=EDGE_CURVE('',#1701,#1692,#962,.T.);
#2647=EDGE_CURVE('',#1692,#1607,#798,.T.);
#2649=EDGE_CURVE('',#1607,#1608,#802,.T.);
#2651=EDGE_CURVE('',#1608,#1694,#806,.T.);
#2655=EDGE_CURVE('',#1786,#1716,#814,.T.);
#2659=EDGE_CURVE('',#1610,#1604,#822,.T.);
#2663=EDGE_CURVE('',#1613,#1614,#757,.T.);
#2665=EDGE_CURVE('',#1614,#1613,#762,.T.);
#2669=EDGE_CURVE('',#1617,#1618,#767,.T.);
#2671=EDGE_CURVE('',#1618,#1617,#772,.T.);
#2675=EDGE_CURVE('',#1621,#1622,#777,.T.);
#2677=EDGE_CURVE('',#1622,#1621,#782,.T.);
#2687=EDGE_CURVE('',#1802,#1722,#826,.T.);
#2689=EDGE_CURVE('',#1800,#1802,#1114,.T.);
#2691=EDGE_CURVE('',#1800,#1629,#830,.T.);
#2693=EDGE_CURVE('',#1629,#1630,#834,.T.);
#2697=EDGE_CURVE('',#1720,#1810,#842,.T.);
#2699=EDGE_CURVE('',#1713,#1720,#846,.T.);
#2701=EDGE_CURVE('',#1713,#1696,#1262,.T.);
#2703=EDGE_CURVE('',#1696,#1625,#850,.T.);
#2705=EDGE_CURVE('',#1625,#1626,#854,.T.);
#2707=EDGE_CURVE('',#1626,#1698,#858,.T.);
#2709=EDGE_CURVE('',#1698,#1710,#1214,.T.);
#2711=EDGE_CURVE('',#1722,#1710,#862,.T.);
#2715=EDGE_CURVE('',#1641,#1642,#727,.T.);
#2717=EDGE_CURVE('',#1642,#1641,#732,.T.);
#2721=EDGE_CURVE('',#1637,#1638,#737,.T.);
#2723=EDGE_CURVE('',#1638,#1637,#742,.T.);
#2727=EDGE_CURVE('',#1633,#1634,#747,.T.);
#2729=EDGE_CURVE('',#1634,#1633,#752,.T.);
#2740=EDGE_CURVE('',#1481,#1642,#866,.T.);
#2743=EDGE_CURVE('',#1482,#1641,#870,.T.);
#2766=EDGE_CURVE('',#1477,#1638,#874,.T.);
#2769=EDGE_CURVE('',#1478,#1637,#878,.T.);
#2792=EDGE_CURVE('',#1473,#1634,#882,.T.);
#2795=EDGE_CURVE('',#1474,#1633,#886,.T.);
#2818=EDGE_CURVE('',#1485,#1614,#890,.T.);
#2821=EDGE_CURVE('',#1486,#1613,#894,.T.);
#2844=EDGE_CURVE('',#1489,#1618,#898,.T.);
#2847=EDGE_CURVE('',#1490,#1617,#902,.T.);
#2870=EDGE_CURVE('',#1493,#1622,#906,.T.);
#2873=EDGE_CURVE('',#1494,#1621,#910,.T.);
#2895=EDGE_CURVE('',#1789,#1790,#914,.T.);
#2898=EDGE_CURVE('',#1604,#1596,#918,.T.);
#2901=EDGE_CURVE('',#1437,#1594,#1038,.T.);
#2904=EDGE_CURVE('',#1768,#1752,#930,.T.);
#2917=EDGE_CURVE('',#1792,#1794,#942,.T.);
#2930=EDGE_CURVE('',#1718,#1758,#950,.T.);
#2941=EDGE_CURVE('',#1826,#1821,#954,.T.);
#2944=EDGE_CURVE('',#1701,#1702,#966,.T.);
#2948=EDGE_CURVE('',#1778,#1758,#958,.T.);
#2951=EDGE_CURVE('',#1724,#1733,#974,.T.);
#2977=EDGE_CURVE('',#1692,#1672,#978,.T.);
#2988=EDGE_CURVE('',#1646,#1734,#1006,.T.);
#3003=EDGE_CURVE('',#1670,#1607,#986,.T.);
#3014=EDGE_CURVE('',#1667,#1608,#994,.T.);
#3039=EDGE_CURVE('',#1644,#1433,#1014,.T.);
#3052=EDGE_CURVE('',#1648,#1434,#1022,.T.);
#3101=EDGE_CURVE('',#1592,#1438,#1034,.T.);
#3114=EDGE_CURVE('',#1590,#1440,#1042,.T.);
#3127=EDGE_CURVE('',#1558,#1590,#1058,.T.);
#3130=EDGE_CURVE('',#1442,#1556,#1062,.T.);
#3155=EDGE_CURVE('',#1554,#1444,#1066,.T.);
#3166=EDGE_CURVE('',#1446,#1552,#1070,.T.);
#3181=EDGE_CURVE('',#1550,#1448,#1074,.T.);
#3195=EDGE_CURVE('',#1450,#1580,#1090,.T.);
#3207=EDGE_CURVE('',#1578,#1452,#1086,.T.);
#3220=EDGE_CURVE('',#1576,#1454,#1094,.T.);
#3232=EDGE_CURVE('',#1800,#1798,#1098,.T.);
#3235=EDGE_CURVE('',#1770,#1754,#1106,.T.);
#3240=EDGE_CURVE('',#1629,#1574,#1326,.T.);
#3254=EDGE_CURVE('',#1802,#1797,#1118,.T.);
#3266=EDGE_CURVE('',#1722,#1762,#1130,.T.);
#3277=EDGE_CURVE('',#1840,#1838,#1126,.T.);
#3279=EDGE_CURVE('',#1728,#1838,#1163,.T.);
#3281=EDGE_CURVE('',#1742,#1728,#1230,.T.);
#3284=EDGE_CURVE('',#1774,#1762,#1322,.T.);
#3288=EDGE_CURVE('',#1709,#1710,#1222,.T.);
#3290=EDGE_CURVE('',#1840,#1709,#1198,.T.);
#3300=EDGE_CURVE('',#1837,#1838,#1168,.T.);
#3303=EDGE_CURVE('',#1840,#1842,#1194,.T.);
#3305=EDGE_CURVE('',#1842,#1837,#1180,.T.);
#3315=EDGE_CURVE('',#1829,#1830,#1135,.T.);
#3317=EDGE_CURVE('',#1829,#1730,#1139,.T.);
#3319=EDGE_CURVE('',#1730,#1657,#1143,.T.);
#3321=EDGE_CURVE('',#1657,#1658,#1147,.T.);
#3323=EDGE_CURVE('',#1658,#1653,#1151,.T.);
#3325=EDGE_CURVE('',#1653,#1654,#1155,.T.);
#3327=EDGE_CURVE('',#1654,#1728,#1159,.T.);
#3331=EDGE_CURVE('',#1837,#1830,#1172,.T.);
#3342=EDGE_CURVE('',#1832,#1830,#1176,.T.);
#3344=EDGE_CURVE('',#1832,#1834,#1185,.T.);
#3346=EDGE_CURVE('',#1834,#1829,#1278,.T.);
#3359=EDGE_CURVE('',#1832,#1842,#1189,.T.);
#3373=EDGE_CURVE('',#1709,#1662,#1202,.T.);
#3375=EDGE_CURVE('',#1660,#1662,#1238,.T.);
#3377=EDGE_CURVE('',#1664,#1660,#1242,.T.);
#3379=EDGE_CURVE('',#1674,#1664,#1254,.T.);
#3381=EDGE_CURVE('',#1674,#1714,#1206,.T.);
#3383=EDGE_CURVE('',#1714,#1834,#1210,.T.);
#3394=EDGE_CURVE('',#1698,#1662,#1218,.T.);
#3409=EDGE_CURVE('',#1654,#1741,#1234,.T.);
#3420=EDGE_CURVE('',#1660,#1626,#1246,.T.);
#3435=EDGE_CURVE('',#1664,#1625,#1258,.T.);
#3446=EDGE_CURVE('',#1696,#1674,#1250,.T.);
#3459=EDGE_CURVE('',#1713,#1714,#1266,.T.);
#3472=EDGE_CURVE('',#1657,#1746,#1302,.T.);
#3475=EDGE_CURVE('',#1730,#1745,#1274,.T.);
#3489=EDGE_CURVE('',#1720,#1760,#1294,.T.);
#3491=EDGE_CURVE('',#1764,#1760,#1282,.T.);
#3529=EDGE_CURVE('',#1658,#1409,#1310,.T.);
#3542=EDGE_CURVE('',#1653,#1410,#1318,.T.);
#3605=EDGE_CURVE('',#1602,#1428,#1346,.T.);
#3618=EDGE_CURVE('',#1426,#1560,#1350,.T.);
#3628=EDGE_CURVE('',#1530,#1424,#1366,.T.);
#3642=EDGE_CURVE('',#1422,#1532,#1362,.T.);
#3657=EDGE_CURVE('',#1534,#1420,#1374,.T.);
#3680=EDGE_CURVE('',#1685,#1509,#1382,.T.);
#3683=EDGE_CURVE('',#1510,#1686,#1378,.T.);
#3706=EDGE_CURVE('',#1689,#1506,#1390,.T.);
#3709=EDGE_CURVE('',#1505,#1690,#1386,.T.);
#3732=EDGE_CURVE('',#1677,#1501,#1398,.T.);
#3735=EDGE_CURVE('',#1502,#1678,#1394,.T.);
#3758=EDGE_CURVE('',#1681,#1498,#1406,.T.);
#3761=EDGE_CURVE('',#1497,#1682,#1402,.T.);
#3779=CLOSED_SHELL('',(#2008,#2027,#2041,#2059,#2096,#2110,#2142,#2156,#2173,
#2187,#2205,#2242,#2256,#2287,#2300,#2313,#2328,#2341,#2354,#2375,#2390,#2406,
#2422,#2438,#2452,#2467,#2487,#2500,#2524,#2539,#2565,#2579,#2604,#2618,#2631,
#2681,#2733,#2747,#2759,#2773,#2785,#2799,#2811,#2825,#2837,#2851,#2863,#2877,
#2889,#2909,#2922,#2935,#2956,#2968,#2981,#2994,#3007,#3020,#3032,#3045,#3058,
#3070,#3082,#3094,#3107,#3120,#3135,#3147,#3160,#3173,#3186,#3200,#3213,#3226,
#3245,#3258,#3271,#3294,#3309,#3335,#3350,#3363,#3387,#3400,#3413,#3426,#3439,
#3452,#3465,#3479,#3498,#3510,#3522,#3535,#3548,#3560,#3572,#3584,#3596,#3609,
#3622,#3636,#3649,#3662,#3674,#3688,#3700,#3714,#3726,#3740,#3752,#3766,#3778));
#3780=MANIFOLD_SOLID_BREP('',#3779);
#3781=(LENGTH_UNIT()NAMED_UNIT(*)SI_UNIT(.MILLI.,.METRE.));
#3783=(NAMED_UNIT(*)PLANE_ANGLE_UNIT()SI_UNIT($,.RADIAN.));
#3786=(NAMED_UNIT(*)SI_UNIT($,.STERADIAN.)SOLID_ANGLE_UNIT());
#3789=ADVANCED_BREP_SHAPE_REPRESENTATION('',(#3780),#3788);
#3796=PRODUCT_DEFINITION('design','',#3795,#3792);
#3797=PRODUCT_DEFINITION_SHAPE('','SHAPE FOR 1-RAIL-BASE-2_3.',#3796);
#3798=SHAPE_DEFINITION_REPRESENTATION(#3797,#3789);
ENDSEC;
END-ISO-10303-21;
